step,loss,acc,eos_acc,gnorm,lr,n_tok
1,7.377356052398682,0.0,0.0,528.0,5.999999999999999e-06,2719
2,7.017020225524902,0.04221995174884796,0.0,480.0,8.969999999999999e-06,2937
3,6.812074661254883,0.09670531004667282,0.0,532.0,1.194e-05,3278
4,6.353156566619873,0.12825194001197815,0.0,452.0,1.4909999999999996e-05,2191
5,6.307899475097656,0.11055276542901993,0.0,332.0,1.7879999999999998e-05,1592
6,5.883825778961182,0.14253562688827515,0.0,260.0,2.085e-05,1333
7,5.407194137573242,0.16282369196414948,0.0,197.0,2.382e-05,2819
8,5.586413383483887,0.13659605383872986,0.0,171.0,2.679e-05,1369
9,5.463189601898193,0.1288004368543625,0.0,212.0,2.9759999999999996e-05,1809
10,5.550368309020996,0.11994355916976929,0.0,166.0,3.273e-05,2126
11,5.189425468444824,0.20137862861156464,0.0,165.0,3.57e-05,2031
12,5.229775905609131,0.18009641766548157,0.0,105.5,3.867e-05,2904
13,5.175832271575928,0.1572580635547638,0.0,130.0,4.163999999999999e-05,744
14,5.281404972076416,0.1411042958498001,0.0,104.5,4.460999999999999e-05,2934
15,4.94706916809082,0.20099255442619324,0.0,69.5,4.7579999999999995e-05,2821
16,4.924417495727539,0.1520131528377533,0.0,92.0,5.054999999999999e-05,2434
17,4.9843316078186035,0.1257108598947525,0.0,141.0,5.351999999999999e-05,3341
18,5.152763366699219,0.12733644247055054,0.0,65.5,5.648999999999998e-05,1712
19,5.364965915679932,0.13883231580257416,0.0,92.5,5.945999999999999e-05,2946
20,4.773227691650391,0.19589364528656006,0.25,53.75,6.242999999999998e-05,2971
21,4.749039173126221,0.17493897676467896,0.0,51.25,6.539999999999999e-05,1229
22,4.857881546020508,0.1527385711669922,0.0,81.0,6.837e-05,3542
23,5.159389019012451,0.1690976470708847,0.0,85.5,7.133999999999999e-05,4045
24,4.706237316131592,0.18284200131893158,0.0,43.75,7.430999999999998e-05,3019
25,5.434762954711914,0.12465526908636093,0.0,46.0,7.727999999999999e-05,1813
26,4.959566116333008,0.16270922124385834,0.0,40.0,8.025e-05,5138
27,5.2157511711120605,0.1317330151796341,0.0,53.25,8.321999999999999e-05,1708
28,4.623339653015137,0.14574898779392242,0.0,62.25,8.618999999999999e-05,4940
29,5.006186008453369,0.12491396814584732,0.0,38.25,8.916e-05,2906
30,5.101560115814209,0.15585960447788239,0.0,35.75,9.213e-05,1681
31,4.587995529174805,0.15966549515724182,0.0,36.25,9.51e-05,5142
32,4.612864017486572,0.167120099067688,0.0,29.25,9.807e-05,2573
33,5.053683280944824,0.1239495798945427,0.0,28.875,0.00010103999999999998,1904
34,4.491552352905273,0.16338515281677246,0.0,27.875,0.00010400999999999999,2895
35,4.503352165222168,0.1713540107011795,0.0,49.75,0.00010697999999999998,3449
36,4.583062171936035,0.19121085107326508,0.25,25.375,0.00010994999999999999,2139
37,4.331851005554199,0.18358778953552246,0.0,42.0,0.00011292,5240
38,4.762049674987793,0.16133567690849304,0.25,31.25,0.00011589,2845
39,4.7375946044921875,0.18636693060398102,0.0,41.75,0.00011885999999999998,2758
40,4.165841102600098,0.23878437280654907,0.0,21.375,0.00012182999999999999,2764
41,4.551752090454102,0.18653126060962677,0.0,36.5,0.0001248,3742
42,4.496799945831299,0.23004059493541718,0.5,35.25,0.00012776999999999998,2956
43,4.681746959686279,0.1095162183046341,0.5,25.375,0.00013073999999999998,1881
44,4.436673164367676,0.14799588918685913,0.0,21.25,0.00013371,2919
45,4.414480686187744,0.15150250494480133,0.25,21.375,0.00013668,2396
46,4.451223373413086,0.18299445509910583,0.0,20.625,0.00013964999999999998,2705
47,4.590198516845703,0.14941176772117615,0.0,23.375,0.00014261999999999999,2550
48,4.335331916809082,0.1571139544248581,0.0,17.375,0.00014559,1483
49,4.587896823883057,0.14250370860099792,0.0,20.625,0.00014855999999999997,2021
50,3.8053760528564453,0.2730318307876587,0.0,24.625,0.00015152999999999998,2388
51,4.023608207702637,0.22198952734470367,0.0,14.875,0.0001545,2865
52,3.9153335094451904,0.2227332442998886,0.0,13.9375,0.00015747,3044
53,4.2448296546936035,0.15592387318611145,0.0,17.125,0.00016043999999999997,1629
54,3.9940831661224365,0.1954365074634552,0.25,16.25,0.00016340999999999998,2016
55,4.004749774932861,0.16671441495418549,0.0,24.875,0.00016638,3491
56,3.9604406356811523,0.22117432951927185,0.0,13.4375,0.00016935,3287
57,4.223827362060547,0.17599186301231384,0.0,17.25,0.00017232,983
58,4.047646999359131,0.2251165360212326,0.0,30.25,0.00017528999999999998,3647
59,4.1406145095825195,0.15223880112171173,0.25,20.125,0.00017826,1340
60,3.911965847015381,0.2155074179172516,0.0,16.875,0.00018122999999999997,1754
61,3.7136709690093994,0.2199999988079071,0.0,13.5625,0.00018419999999999998,1200
62,3.6295530796051025,0.22923408448696136,0.5,11.25,0.00018716999999999999,1854
63,4.153578758239746,0.17699114978313446,0.25,25.25,0.00019014,2712
64,3.730699300765991,0.24934929609298706,1.0,27.0,0.00019310999999999997,1921
65,3.465480327606201,0.3020527958869934,0.75,18.0,0.00019607999999999998,2387
66,3.74688458442688,0.21329279243946075,0.75,24.625,0.00019905,4604
67,4.1833038330078125,0.1759558618068695,0.0,18.625,0.00020202,5257
68,3.737009048461914,0.19761371612548828,0.0,11.875,0.00020499,1341
69,4.073937892913818,0.2017841935157776,0.25,13.875,0.00020795999999999995,2354
70,3.8154473304748535,0.19396881759166718,0.0,17.375,0.00021093,3913
71,3.1130082607269287,0.3925740420818329,1.0,13.75,0.00021389999999999997,2397
72,2.9817872047424316,0.400994211435318,0.75,10.8125,0.00021687,2414
73,3.6531543731689453,0.21409784257411957,0.0,8.4375,0.00021983999999999998,3802
74,3.911388874053955,0.21400626003742218,0.5,13.4375,0.00022281,2556
75,4.1752753257751465,0.13755956292152405,0.25,19.625,0.00022578,4827
76,3.579512357711792,0.2176235020160675,0.5,13.1875,0.00022875,1498
77,3.5292766094207764,0.3379284739494324,0.0,18.125,0.00023171999999999998,2684
78,3.941286325454712,0.2244265377521515,0.0,18.375,0.00023469000000000002,1613
79,3.9640865325927734,0.19752129912376404,0.0,18.625,0.00023765999999999997,2582
80,3.8542897701263428,0.25828132033348083,0.0,11.6875,0.00024062999999999995,2083
81,3.6304924488067627,0.2607044279575348,0.25,12.625,0.00024359999999999999,2896
82,3.279146194458008,0.3225915729999542,0.5,21.125,0.00024657,2948
83,3.569565534591675,0.271768718957901,0.0,12.875,0.00024953999999999997,2940
84,3.527282476425171,0.29255861043930054,0.5,13.875,0.00025250999999999995,1962
85,3.665189743041992,0.19817578792572021,0.0,14.1875,0.00025548,1206
86,2.4093549251556396,0.4788789749145508,0.75,16.375,0.00025844999999999997,2462
87,3.146358013153076,0.3567662537097931,0.5,11.9375,0.00026142,2845
88,2.9581925868988037,0.4105793535709381,0.5,8.875,0.00026439,2779
89,3.250159978866577,0.30890053510665894,0.25,12.4375,0.00026736,2483
90,2.159748077392578,0.5600551962852478,0.25,10.9375,0.00027033,2173
91,3.5055439472198486,0.27686256170272827,0.25,14.75,0.0002733,4067
92,3.736191749572754,0.22791050374507904,0.25,12.125,0.00027627,5274
93,3.314629554748535,0.2567340135574341,0.25,9.875,0.00027924,1188
94,3.28486967086792,0.2564206123352051,0.5,9.75,0.00028220999999999997,4945
95,3.0421197414398193,0.3161202073097229,0.25,10.125,0.00028517999999999995,3660
96,3.182842493057251,0.26414451003074646,0.25,10.0625,0.00028815,2934
97,3.1846959590911865,0.25955265760421753,0.25,10.625,0.00029111999999999996,4292
98,2.029262065887451,0.5298442840576172,0.25,12.3125,0.00029409,2312
99,2.8884952068328857,0.361201673746109,0.0,6.09375,0.00029706,4294
100,2.4785614013671875,0.49547669291496277,0.25,13.75,0.00030002999999999996,2874
101,3.8707056045532227,0.16578947007656097,0.0,14.5,0.000303,1140
102,3.186556577682495,0.33600401878356934,0.25,10.9375,0.0003059699999999999,1997
103,3.173152446746826,0.29129573702812195,0.0,6.625,0.00030894,2022
104,3.439265012741089,0.23852862417697906,0.5,9.75,0.00031191,2637
105,3.024120569229126,0.36662557721138,0.5,9.4375,0.0003148799999999999,2433
106,2.87638783454895,0.4030793607234955,0.5,8.5625,0.00031785,2533
107,3.061925172805786,0.3840000033378601,0.25,7.6875,0.0003208199999999999,3000
108,2.539600372314453,0.47839611768722534,0.75,6.21875,0.00032378999999999996,2893
109,2.9881114959716797,0.3699648082256317,0.5,10.0625,0.00032675999999999994,2557
110,3.2689931392669678,0.2573891580104828,0.75,10.125,0.00032973,1624
111,2.5757791996002197,0.41006168723106384,0.5,8.125,0.00033269999999999996,4214
112,2.771026611328125,0.36604008078575134,0.75,6.28125,0.00033567,4841
113,2.535377264022827,0.42635950446128845,0.75,6.90625,0.00033863999999999997,2648
114,2.654031276702881,0.39789870381355286,1.0,8.75,0.00034161,3712
115,2.4891061782836914,0.43202418088912964,0.75,5.90625,0.00034458,2979
116,2.4263856410980225,0.4265323281288147,1.0,7.40625,0.0003475499999999999,3573
117,2.6906771659851074,0.3481789827346802,1.0,7.5625,0.00035052,4805
118,2.21797513961792,0.4691092073917389,1.0,5.34375,0.0003534899999999999,2784
119,1.9965771436691284,0.5147907733917236,0.5,5.3125,0.00035645999999999996,2772
120,2.5264711380004883,0.44398626685142517,1.0,7.65625,0.00035942999999999994,2910
121,2.4237236976623535,0.46197181940078735,0.5,7.03125,0.00036239999999999997,2485
122,2.2085299491882324,0.5088993906974792,1.0,5.6875,0.00036536999999999995,2753
123,2.803462505340576,0.2783688008785248,1.0,9.1875,0.00036834,1128
124,1.9755936861038208,0.524784505367279,0.75,8.25,0.00037130999999999997,2784
125,2.1092867851257324,0.4992256164550781,0.5,8.125,0.00037428,1937
126,2.7538692951202393,0.30679479241371155,1.0,7.78125,0.00037725,2914
127,2.6741225719451904,0.338243305683136,0.75,7.40625,0.0003802199999999999,1833
128,2.760467052459717,0.28422877192497253,0.75,7.6875,0.00038319,1154
129,2.855170726776123,0.3106482923030853,0.75,12.5,0.0003861599999999999,3409
130,2.1458187103271484,0.47195014357566833,0.5,9.25,0.00038912999999999996,2246
131,2.136589288711548,0.4845510721206665,0.75,11.3125,0.00039209999999999994,2751
132,1.9046684503555298,0.4857975244522095,1.0,4.84375,0.00039506999999999997,2746
133,2.24855375289917,0.41847676038742065,0.75,6.65625,0.00039803999999999995,3637
134,2.80713152885437,0.35298773646354675,0.75,6.15625,0.00040101,2527
135,2.267873525619507,0.4568141996860504,0.75,7.21875,0.00040397999999999996,5129
136,1.9018481969833374,0.540421187877655,1.0,5.8125,0.00040695,2944
137,2.684885263442993,0.3498680591583252,0.25,5.5,0.0004099199999999999,5685
138,2.5983593463897705,0.35686466097831726,0.0,5.75,0.00041289,2054
139,1.9481823444366455,0.503849446773529,0.5,6.59375,0.00041586,3507
140,2.704186201095581,0.33010315895080566,0.25,4.59375,0.0004188299999999999,3199
141,3.1230289936065674,0.2716105580329895,0.75,11.375,0.00042179999999999995,2198
142,2.241501569747925,0.4932432472705841,0.5,5.59375,0.00042477,2220
143,2.406156539916992,0.37962964177131653,1.0,6.03125,0.00042774,2808
144,1.972711443901062,0.5383875370025635,0.5,8.9375,0.00043070999999999995,5197
145,1.7730822563171387,0.5732234120368958,0.5,5.6875,0.00043368,5094
146,2.0174331665039062,0.5401350259780884,0.25,5.625,0.00043665,2666
147,1.9542474746704102,0.5008384585380554,0.25,6.6875,0.00043962,1789
148,1.8162976503372192,0.5568181872367859,0.5,4.8125,0.00044259,3344
149,2.034569501876831,0.4969079792499542,0.5,5.625,0.00044556,2749
150,2.7120933532714844,0.29598307609558105,0.5,5.875,0.00044852999999999994,1419
151,1.8576722145080566,0.5366255044937134,0.25,4.09375,0.00045149999999999997,2430
152,2.2807095050811768,0.40494686365127563,0.5,5.28125,0.00045447,4892
153,1.8922696113586426,0.5048635005950928,0.25,4.21875,0.00045743999999999993,3187
154,2.311519145965576,0.37579113245010376,0.5,4.28125,0.00046040999999999996,1264
155,1.8338035345077515,0.5572153329849243,0.75,7.53125,0.00046338,3548
156,1.904855489730835,0.46876654028892517,0.5,4.25,0.00046635,3778
157,2.204453468322754,0.4088253080844879,0.75,4.125,0.00046931999999999996,4963
158,1.73922598361969,0.5367617607116699,0.5,4.0625,0.00047229,2489
159,2.074042558670044,0.40447762608528137,0.5,4.15625,0.0004752599999999999,4690
160,1.6540251970291138,0.5552669763565063,0.75,3.8125,0.00047822999999999995,3465
161,1.467121958732605,0.6075373888015747,0.5,2.625,0.0004812,3078
162,1.851090908050537,0.5450853109359741,0.25,6.09375,0.0004841699999999999,2462
163,2.2086431980133057,0.4482758641242981,0.5,6.625,0.00048713999999999995,1740
164,1.8822990655899048,0.4522533118724823,0.75,4.15625,0.00049011,5037
165,1.7839618921279907,0.5678938031196594,0.25,5.4375,0.0004930799999999999,1657
166,1.6352041959762573,0.590232253074646,0.75,5.8125,0.0004960499999999999,1679
167,1.4801573753356934,0.6483632326126099,0.5,3.34375,0.00049902,1894
168,2.371678352355957,0.37869521975517273,0.5,5.53125,0.00050199,1962
169,2.202204704284668,0.42112743854522705,0.5,4.65625,0.0005049599999999999,2111
170,1.7043346166610718,0.548624575138092,0.0,6.40625,0.00050793,2581
171,1.5810739994049072,0.5498417615890503,0.25,5.78125,0.0005109,2528
172,2.354146718978882,0.46825653314590454,0.0,7.75,0.0005138699999999999,3103
173,1.8716908693313599,0.5076159834861755,0.0,3.390625,0.00051684,2823
174,2.2710299491882324,0.41281479597091675,0.0,6.125,0.00051981,3137
175,1.7215172052383423,0.6009148359298706,0.0,5.5,0.0005227799999999999,1749
176,1.8654758930206299,0.49975061416625977,0.0,19.25,0.00052575,2005
177,2.1223831176757812,0.4020288288593292,0.5,3.8125,0.00052872,1873
178,1.2263567447662354,0.6868932247161865,0.25,3.578125,0.0005316899999999999,1648
179,2.1600983142852783,0.39363521337509155,0.0,4.125,0.00053466,4682
180,2.44559907913208,0.3362619876861572,0.25,4.46875,0.00053763,1252
181,1.7719933986663818,0.5117405652999878,0.5,3.609375,0.0005405999999999999,2683
182,2.24397349357605,0.45115259289741516,0.5,5.09375,0.00054357,2733
183,1.9985988140106201,0.4951139986515045,0.5,4.5625,0.00054654,2456
184,1.673171043395996,0.5656081438064575,0.25,6.0,0.0005495099999999999,1669
185,1.9687252044677734,0.4357239603996277,0.25,4.1875,0.0005524799999999999,3695
186,2.212064743041992,0.38407960534095764,0.0,4.1875,0.00055545,2010
187,2.179795503616333,0.48905497789382935,0.0,4.46875,0.0005584199999999999,1873
188,1.791368842124939,0.5083013772964478,0.25,3.671875,0.0005613899999999999,3132
189,1.9542427062988281,0.5069330930709839,0.25,3.671875,0.00056436,2452
190,1.5821503400802612,0.5765175223350525,0.5,3.09375,0.0005673299999999999,3509
191,2.0240366458892822,0.4566572308540344,0.25,3.28125,0.0005702999999999999,1765
192,1.6953941583633423,0.5684245824813843,0.25,3.4375,0.00057327,2996
193,1.452526569366455,0.6303252577781677,0.25,4.5,0.0005762399999999999,2183
194,1.9341963529586792,0.41982051730155945,0.5,2.84375,0.0005792099999999999,5126
195,1.3459042310714722,0.683346688747406,0.25,2.75,0.00058218,2498
196,2.573215961456299,0.3252550959587097,1.0,5.40625,0.00058515,2352
197,1.6252745389938354,0.5855384469032288,0.5,5.28125,0.0005881199999999999,3250
198,2.4788460731506348,0.3446808457374573,0.5,4.03125,0.00059109,1410
199,2.166137933731079,0.41196209192276,0.5,4.03125,0.00059406,5066
200,1.9652016162872314,0.426870733499527,0.5,3.578125,0.0005970299999999999,1764
201,1.1895508766174316,0.7124637961387634,0.5,3.375,0.0006,1725
202,1.8612992763519287,0.4457104504108429,0.25,3.046875,0.0005999999212673561,4476
203,1.734815239906311,0.5117382407188416,0.25,4.09375,0.0005999996850694666,4004
204,2.163907766342163,0.439968079328537,0.5,3.71875,0.0005999992914064576,2507
205,1.8034757375717163,0.4793950021266937,0.5,2.6875,0.0005999987402785392,4562
206,1.5954169034957886,0.5820978879928589,0.5,3.34375,0.0005999980316860055,3575
207,1.864342212677002,0.4741169214248657,0.25,2.421875,0.0005999971656292348,3284
208,1.673396110534668,0.4985857605934143,0.5,3.21875,0.0005999961421086894,3889
209,1.468658208847046,0.6021201610565186,0.25,2.921875,0.0005999949611249155,2830
210,1.5133479833602905,0.5622521638870239,0.5,2.234375,0.0005999936226785437,3783
211,1.2905335426330566,0.6523358225822449,0.25,2.609375,0.0005999921267702883,2954
212,2.1555392742156982,0.4329618513584137,0.0,3.8125,0.0005999904734009479,2961
213,1.8460355997085571,0.49248257279396057,0.75,4.84375,0.0005999886625714048,2727
214,1.439602255821228,0.6276595592498779,0.5,3.515625,0.0005999866942826259,1598
215,2.290006160736084,0.4050962030887604,0.5,5.25,0.0005999845685356616,1923
216,1.7352815866470337,0.5242718458175659,0.25,2.703125,0.0005999822853316466,2987
217,1.8572674989700317,0.4908393621444702,1.0,4.75,0.0005999798446717998,2347
218,2.6320912837982178,0.29505136609077454,0.25,3.703125,0.0005999772465574238,1071
219,1.3894857168197632,0.6144813895225525,0.0,3.03125,0.0005999744909899055,5110
220,2.3352959156036377,0.3735159933567047,0.25,4.34375,0.0005999715779707158,1095
221,1.9143314361572266,0.4636015295982361,0.0,4.15625,0.0005999685075014095,2871
222,1.8955979347229004,0.45928338170051575,0.5,4.25,0.0005999652795836256,3070
223,1.8459594249725342,0.5082057118415833,0.75,3.453125,0.0005999618942190872,1828
224,1.8290265798568726,0.4952346086502075,0.0,2.90625,0.0005999583514096013,2728
225,1.6461443901062012,0.5126549601554871,0.0,2.90625,0.0005999546511570588,3872
226,1.4429521560668945,0.581191897392273,0.5,2.203125,0.0005999507934634352,3658
227,2.0127408504486084,0.40844297409057617,0.25,2.71875,0.0005999467783307893,1824
228,1.9718471765518188,0.469696968793869,0.25,4.125,0.0005999426057612644,1386
229,2.1388754844665527,0.3738170266151428,0.75,3.390625,0.0005999382757570879,1268
230,2.0941483974456787,0.4188500642776489,0.5,4.21875,0.0005999337883205709,2748
231,2.006863832473755,0.4270298182964325,0.0,2.4375,0.0005999291434541086,1946
232,1.7389005422592163,0.5039177536964417,0.0,1.9609375,0.0005999243411601808,2042
233,1.8435627222061157,0.4821864366531372,0.75,2.75,0.0005999193814413504,2049
234,1.8853403329849243,0.49268803000450134,0.25,3.328125,0.0005999142643002648,2872
235,1.6737993955612183,0.5304726362228394,0.75,2.921875,0.0005999089897396558,3216
236,2.0394794940948486,0.4352044463157654,0.25,3.25,0.0005999035577623386,1443
237,1.795850157737732,0.5283352732658386,0.0,4.125,0.0005998979683712127,1694
238,2.392496347427368,0.3321201205253601,0.25,4.0625,0.0005998922215692617,2198
239,1.7556430101394653,0.4945915639400482,0.0,3.046875,0.0005998863173595531,2681
240,1.701578140258789,0.5216355919837952,0.25,3.609375,0.0005998802557452384,2519
241,1.6089109182357788,0.5479353666305542,0.0,2.390625,0.0005998740367295532,2785
242,1.959308385848999,0.40023669600486755,0.0,3.234375,0.0005998676603158171,4225
243,1.5423781871795654,0.5642333626747131,0.25,2.5625,0.0005998611265074338,3137
244,1.4093592166900635,0.6229718327522278,0.25,2.9375,0.0005998544353078907,2342
245,2.3774919509887695,0.3538704514503479,0.25,3.03125,0.0005998475867207596,1266
246,1.4852651357650757,0.5580736398696899,0.5,2.65625,0.0005998405807496961,3883
247,1.120235800743103,0.7013064026832581,0.75,2.375,0.0005998334173984398,1684
248,2.109506368637085,0.42070963978767395,0.5,3.28125,0.0005998260966708145,1381
249,2.2472589015960693,0.3921568691730499,0.5,2.875,0.0005998186185707277,1224
250,1.621113657951355,0.5374051332473755,0.75,3.59375,0.0005998109831021712,2767
251,1.3482228517532349,0.6576945781707764,0.5,3.21875,0.0005998031902692205,1709
252,1.4169611930847168,0.560296356678009,0.75,3.875,0.0005997952400760354,3914
253,1.838476300239563,0.4971202313899994,0.75,3.046875,0.0005997871325268597,2778
254,1.5787004232406616,0.5533877015113831,1.0,2.046875,0.0005997788676260205,2819
255,1.393001914024353,0.5614233016967773,1.0,3.1875,0.0005997704453779302,3541
256,1.882686734199524,0.4189762771129608,0.5,2.515625,0.0005997618657870838,4005
257,1.9888931512832642,0.4692757725715637,0.5,2.140625,0.0005997531288580613,2734
258,1.5276470184326172,0.5713698267936707,0.5,2.546875,0.0005997442345955262,2431
259,1.7090587615966797,0.5440758466720581,0.75,2.671875,0.000599735183004226,3165
260,1.5605688095092773,0.576173722743988,0.75,2.515625,0.0005997259740889923,3131
261,1.6743935346603394,0.5307142734527588,0.75,2.453125,0.0005997166078547407,1400
262,1.587312936782837,0.5620468854904175,1.0,5.71875,0.0005997070843064707,2345
263,1.5787066221237183,0.5518739819526672,0.25,2.28125,0.0005996974034492657,1841
264,1.7567745447158813,0.466041624546051,0.25,2.109375,0.0005996875652882933,4373
265,2.0711278915405273,0.3589489459991455,0.5,3.859375,0.0005996775698288048,2017
266,1.3679307699203491,0.5838725566864014,0.25,1.984375,0.0005996674170761357,4018
267,1.8371027708053589,0.4315514862537384,0.25,2.515625,0.000599657107035705,1534
268,1.345915675163269,0.5917999148368835,0.75,1.6796875,0.0005996466397130166,3878
269,1.640236735343933,0.4894525408744812,0.5,1.8125,0.0005996360151136572,3982
270,1.5905684232711792,0.5676677823066711,0.75,2.640625,0.0005996252332432984,2697
271,1.1846400499343872,0.6179121732711792,0.25,2.15625,0.0005996142941076951,3439
272,1.3390175104141235,0.631147563457489,0.5,2.21875,0.0005996031977126865,5124
273,1.3971887826919556,0.6167563199996948,0.5,2.046875,0.0005995919440641955,3533
274,1.1984543800354004,0.6299233436584473,0.25,1.7734375,0.0005995805331682292,3783
275,1.4380191564559937,0.5867098569869995,0.0,2.890625,0.0005995689650308788,2468
276,1.9162991046905518,0.42181816697120667,0.25,2.84375,0.0005995572396583185,1100
277,1.7868406772613525,0.5008715987205505,0.75,2.46875,0.0005995453570568077,1721
278,1.6546833515167236,0.5074087381362915,1.0,2.609375,0.0005995333172326887,2767
279,1.5855263471603394,0.5447856783866882,0.75,2.5,0.0005995211201923883,3126
280,1.6758171319961548,0.5206223130226135,0.0,2.390625,0.0005995087659424169,2764
281,1.504421353340149,0.5563991069793701,0.25,2.078125,0.0005994962544893692,2766
282,2.0154435634613037,0.4001182019710541,1.0,2.4375,0.0005994835858399235,1692
283,1.28566575050354,0.6241253614425659,1.0,3.0625,0.0005994707600008418,3573
284,1.362414002418518,0.6109078526496887,0.5,2.234375,0.0005994577769789707,3007
285,1.9905333518981934,0.5276342034339905,0.0,5.34375,0.00059944463678124,2515
286,1.0576982498168945,0.6884120106697083,0.0,2.328125,0.0005994313394146639,2330
287,2.111563205718994,0.4052339494228363,0.25,2.640625,0.0005994178848863401,1261
288,1.1679569482803345,0.6464776396751404,0.0,2.5625,0.0005994042732034503,2328
289,1.563440203666687,0.5698211193084717,0.0,2.234375,0.0005993905043732603,3466
290,1.446726679801941,0.5811159014701843,0.25,2.640625,0.0005993765784031197,2330
291,1.1195069551467896,0.6742485761642456,0.75,2.734375,0.0005993624953004618,2462
292,1.478776454925537,0.5916856527328491,0.0,3.09375,0.0005993482550728038,1756
293,1.1724010705947876,0.6274755597114563,0.0,2.15625,0.0005993338577277471,3989
294,1.7246308326721191,0.5158064365386963,0.25,2.296875,0.0005993193032729765,3100
295,1.516149640083313,0.5815194845199585,0.5,2.3125,0.000599304591716261,2435
296,2.088749647140503,0.4182389974594116,0.25,3.390625,0.0005992897230654532,1590
297,1.5151792764663696,0.5630979537963867,0.25,2.53125,0.00059927469732849,2195
298,1.3750327825546265,0.5975067019462585,0.0,2.859375,0.0005992595145133916,3369
299,1.7495160102844238,0.48253557085990906,0.25,2.421875,0.0005992441746282623,1546
300,1.2470719814300537,0.6408753395080566,0.0,2.640625,0.0005992286776812904,5118
301,1.4617258310317993,0.5850220322608948,0.0,3.90625,0.0005992130236807476,2270
302,1.4032044410705566,0.6214434504508972,0.5,3.484375,0.00059919721263499,2882
303,1.450539469718933,0.5800954103469849,0.75,2.140625,0.000599181244552457,2934
304,1.5573194026947021,0.5266775488853455,1.0,1.859375,0.0005991651194416722,3055
305,1.7269691228866577,0.5232240557670593,0.5,2.015625,0.0005991488373112429,2196
306,1.2793329954147339,0.6257651448249817,1.0,3.0,0.00059913239816986,3594
307,1.3325132131576538,0.6241715550422668,0.25,3.640625,0.0005991158020262985,2565
308,1.2665441036224365,0.681560754776001,0.5,2.90625,0.0005990990488894171,1589
309,1.8859862089157104,0.43904125690460205,0.75,2.21875,0.0005990821387681583,4339
310,1.7704957723617554,0.45956283807754517,0.5,2.09375,0.0005990650716715483,1830
311,1.8189888000488281,0.4789610505104065,0.75,2.671875,0.0005990478476086974,1925
312,1.404044270515442,0.568143367767334,0.5,1.7421875,0.0005990304665887994,2957
313,1.8459930419921875,0.4722670912742615,0.5,2.59375,0.0005990129286211318,1857
314,1.493786334991455,0.5774533748626709,0.25,1.6328125,0.0005989952337150562,2466
315,2.092341661453247,0.42097631096839905,0.25,2.5625,0.0005989773818800176,4138
316,2.0502772331237793,0.39217081665992737,0.0,2.125,0.0005989593731255451,1405
317,1.5098381042480469,0.5445396900177002,0.0,1.984375,0.0005989412074612516,2683
318,1.270795226097107,0.6224615573883057,0.5,2.171875,0.0005989228848968333,3250
319,1.3688734769821167,0.6718816161155701,0.5,2.390625,0.0005989044054420706,2365
320,1.573467493057251,0.5328913927078247,0.5,2.46875,0.0005988857691068272,1961
321,1.4360510110855103,0.5691710710525513,0.5,2.859375,0.0005988669759010511,3607
322,1.3983033895492554,0.5894839763641357,0.25,2.078125,0.0005988480258347738,3062
323,1.3516108989715576,0.5852410197257996,0.25,1.984375,0.0005988289189181101,3713
324,1.0028363466262817,0.6941614151000977,0.5,1.7109375,0.0005988096551612594,5104
325,1.6893194913864136,0.48773449659347534,0.75,2.34375,0.000598790234574504,2079
326,1.9313756227493286,0.41503962874412537,0.75,2.640625,0.0005987706571682102,5173
327,1.1534618139266968,0.625720739364624,0.75,1.96875,0.0005987509229528282,3989
328,1.077135443687439,0.6998171806335449,0.5,1.8515625,0.0005987310319388917,2735
329,1.7872309684753418,0.47106191515922546,0.75,1.96875,0.000598710984137018,1987
330,1.310341238975525,0.5919603705406189,1.0,1.71875,0.0005986907795579085,1816
331,1.6609028577804565,0.4764088988304138,0.5,1.7265625,0.0005986704182123478,4578
332,1.5727819204330444,0.517632246017456,0.25,1.8828125,0.0005986499001112046,3176
333,1.8506146669387817,0.46957099437713623,0.75,2.28125,0.0005986292252654307,3007
334,1.6191685199737549,0.47704729437828064,0.25,1.8359375,0.0005986083936860622,4335
335,1.5476833581924438,0.5202334523200989,0.5,1.5859375,0.0005985874053842186,2570
336,1.1419936418533325,0.6298499703407288,0.5,1.734375,0.000598566260371103,3866
337,1.3395193815231323,0.605629026889801,0.25,2.140625,0.0005985449586580022,2949
338,1.2019155025482178,0.649818480014801,0.75,2.5,0.0005985235002562865,3581
339,1.159409999847412,0.6559758186340332,1.0,2.0,0.0005985018851774102,3305
340,1.1983377933502197,0.6598702669143677,0.75,2.78125,0.0005984801134329109,2158
341,1.106620192527771,0.6693638563156128,0.5,1.6328125,0.0005984581850344101,3584
342,1.0543676614761353,0.7061152458190918,0.25,1.7578125,0.0005984360999936124,2273
343,1.613455891609192,0.517493486404419,0.5,2.109375,0.0005984138583223068,1915
344,1.796720027923584,0.4509545862674713,0.5,1.953125,0.000598391460032365,4557
345,1.1947072744369507,0.621137797832489,1.0,1.90625,0.0005983689051357432,4078
346,1.805273175239563,0.46581196784973145,0.0,2.25,0.0005983461936444806,1404
347,1.4772614240646362,0.5468378663063049,1.0,1.78125,0.0005983233255707002,2103
348,1.7825744152069092,0.43972277641296387,0.75,1.359375,0.0005983003009266084,5483
349,1.0877348184585571,0.6987149119377136,0.5,2.046875,0.0005982771197244953,2101
350,1.4431045055389404,0.5404411554336548,0.75,1.8515625,0.0005982537819767348,2720
351,0.972791850566864,0.7204776406288147,0.5,1.53125,0.0005982302876957839,2261
352,1.0634671449661255,0.6687697172164917,0.25,1.6953125,0.0005982066368941837,3487
353,1.537749171257019,0.5639567971229553,0.25,2.625,0.0005981828295845581,1759
354,1.4475845098495483,0.5798922777175903,0.25,2.421875,0.0005981588657796153,2228
355,2.120663642883301,0.3978494703769684,0.5,2.359375,0.0005981347454921468,1488
356,1.6847500801086426,0.49803149700164795,0.75,2.203125,0.0005981104687350273,2540
357,1.0514333248138428,0.6897410154342651,0.25,2.203125,0.0005980860355212153,2008
358,1.29713773727417,0.6045287251472473,0.5,1.96875,0.0005980614458637527,1899
359,1.2883025407791138,0.6155668497085571,0.75,1.75,0.0005980366997757653,2955
360,1.480772614479065,0.5600000023841858,0.5,1.8984375,0.0005980117972704617,1575
361,1.2834105491638184,0.6061519980430603,0.75,2.28125,0.0005979867383611347,1658
362,1.0056250095367432,0.7104714512825012,1.0,2.171875,0.0005979615230611601,2397
363,1.5199321508407593,0.5382363796234131,0.5,2.0,0.0005979361513839973,2733
364,1.3903270959854126,0.5460631251335144,0.75,1.625,0.0005979106233431893,3137
365,0.8676036596298218,0.7392638325691223,0.25,1.9375,0.0005978849389523625,1630
366,1.2760807275772095,0.5843212008476257,0.5,1.6640625,0.0005978590982252266,2615
367,1.2384366989135742,0.6413228511810303,0.25,2.1875,0.000597833101175575,2933
368,1.0864111185073853,0.6883091926574707,0.5,1.796875,0.0005978069478172843,5175
369,1.4042032957077026,0.5647961497306824,1.0,1.890625,0.0005977806381643148,2477
370,1.7904413938522339,0.4483136236667633,0.0,2.140625,0.00059775417223071,4566
371,1.7011080980300903,0.4829806685447693,0.5,31.75,0.0005977275500305969,3261
372,0.9104357957839966,0.7232716679573059,0.75,1.9296875,0.000597700771578186,5135
373,1.1775107383728027,0.6274362802505493,0.75,1.25,0.0005976738368877708,2668
374,1.1155115365982056,0.668075442314148,0.25,1.3203125,0.000597646745973729,3076
375,0.9925221800804138,0.7169303297996521,0.5,1.6015625,0.000597619498850521,2971
376,1.5700428485870361,0.4885375499725342,0.5,2.0625,0.0005975920955326907,3795
377,1.9677449464797974,0.40937021374702454,0.5,2.265625,0.0005975645360348654,1302
378,1.6231188774108887,0.5316384434700012,0.75,2.375,0.0005975368203717561,1770
379,1.0172803401947021,0.7310344576835632,0.5,1.90625,0.0005975089485581567,1740
380,1.469133973121643,0.5555961728096008,0.25,2.0625,0.0005974809206089446,2734
381,1.7324687242507935,0.4403388500213623,0.5,1.71875,0.0005974527365390808,5548
382,1.571743130683899,0.5577946901321411,0.5,2.046875,0.0005974243963636091,2630
383,0.9521125555038452,0.7100076079368591,0.5,2.359375,0.000597395900097657,5276
384,0.9771183133125305,0.7036290168762207,0.75,1.8828125,0.0005973672477564355,2480
385,1.2510967254638672,0.5943166613578796,0.75,2.640625,0.0005973384393552386,3695
386,0.8872570395469666,0.7230864763259888,0.75,1.4140625,0.0005973094749094434,3214
387,1.69303297996521,0.4741138517856598,0.5,1.953125,0.0005972803544345108,4655
388,0.9814134836196899,0.7259364724159241,0.75,1.6171875,0.0005972510779459847,2109
389,2.0519542694091797,0.3892720341682434,0.75,2.609375,0.0005972216454594923,1305
390,0.8857135772705078,0.7437325716018677,0.75,1.3828125,0.000597192056990744,2154
391,1.484917402267456,0.5183016061782837,0.5,2.25,0.0005971623125555337,2049
392,2.187133312225342,0.41457587480545044,0.0,4.28125,0.0005971324121697383,837
393,1.5651788711547852,0.47144779562950134,0.0,2.21875,0.0005971023558493183,5201
394,1.0611289739608765,0.6842877864837646,0.25,2.078125,0.0005970721436103168,2043
395,1.6166493892669678,0.47361207008361816,0.25,1.9140625,0.0005970417754688608,1459
396,1.5282799005508423,0.5190615653991699,0.25,1.546875,0.0005970112514411599,1705
397,1.3997483253479004,0.583301842212677,0.0,2.046875,0.0005969805715435076,2647
398,0.6976586580276489,0.7958208918571472,0.25,1.4609375,0.0005969497357922801,1675
399,2.362797975540161,0.3820459246635437,0.0,3.40625,0.0005969187442039369,479
400,1.5492303371429443,0.5656177997589111,0.25,2.765625,0.0005968875967950207,2606
401,0.9461026191711426,0.7117451429367065,0.5,2.546875,0.0005968562935821575,5117
402,1.213365077972412,0.6136303544044495,0.5,2.0625,0.0005968248345820561,3771
403,0.8833597898483276,0.7340558767318726,1.0,1.84375,0.0005967932198115088,2399
404,1.4907525777816772,0.5780960917472839,0.75,1.8515625,0.0005967614492873912,2164
405,1.01055109500885,0.7088706493377686,0.75,1.4921875,0.0005967295230266615,2559
406,1.6596297025680542,0.4668603539466858,0.5,1.6875,0.0005966974410463615,5507
407,1.7353039979934692,0.4582172632217407,0.5,2.65625,0.0005966652033636159,1436
408,1.3828532695770264,0.5810431838035583,0.5,1.7421875,0.0005966328099956324,1783
409,1.0620269775390625,0.6664273142814636,0.75,1.5703125,0.0005966002609597021,2785
410,1.626688003540039,0.5028340220451355,0.5,2.125,0.0005965675562731989,1235
411,0.7245725989341736,0.7952460646629333,0.0,1.6640625,0.0005965346959535802,2398
412,1.1754696369171143,0.6319365501403809,1.0,2.5625,0.0005965016800183859,3532
413,0.9922776818275452,0.6770862936973572,0.25,1.6640625,0.0005964685084852395,3487
414,1.3676979541778564,0.56339031457901,0.0,1.6484375,0.0005964351813718472,1404
415,1.403119683265686,0.5905319452285767,0.5,2.171875,0.0005964016986959985,2049
416,1.057626485824585,0.6808749437332153,0.25,1.640625,0.0005963680604755655,1783
417,0.9089427590370178,0.7255411148071289,0.5,1.8828125,0.000596334266728504,3465
418,1.0839115381240845,0.6546684503555298,0.25,2.484375,0.0005963003174728523,3695
419,1.3149313926696777,0.5895784497261047,0.75,1.859375,0.0005962662127267317,1708
420,1.5525411367416382,0.5213830471038818,0.0,1.9921875,0.0005962319525083467,2198
421,1.5044910907745361,0.5035755634307861,0.25,1.6796875,0.000596197536835985,4335
422,0.9469982385635376,0.6984884738922119,0.75,1.3828125,0.0005961629657280169,3771
423,1.1928662061691284,0.6642369031906128,0.5,1.8046875,0.0005961282392028956,2195
424,1.4197022914886475,0.5959944725036621,0.5,1.8515625,0.0005960933572791577,2896
425,1.7834293842315674,0.4507462680339813,0.5,2.59375,0.0005960583199754222,1340
426,0.8824185729026794,0.7302888631820679,1.0,2.484375,0.0005960231273103916,5124
427,0.8127176761627197,0.7561938762664795,1.0,1.203125,0.0005959877793028511,2785
428,1.1649829149246216,0.6194210052490234,1.0,3.578125,0.0005959522759716685,1658
429,0.9531725645065308,0.7004132270812988,1.0,1.84375,0.0005959166173357949,3872
430,0.7568149566650391,0.7582061290740967,0.75,1.2109375,0.0005958808034142645,5240
431,1.2591187953948975,0.5970764756202698,1.0,2.328125,0.0005958448342261937,2668
432,1.4217031002044678,0.5890249013900757,0.75,1.921875,0.0005958087097907821,2533
433,1.2104796171188354,0.6283474564552307,0.25,1.3984375,0.0005957724301273125,3062
434,1.2688502073287964,0.6022610664367676,0.5,1.796875,0.0005957359952551502,1946
435,1.537550687789917,0.5130499601364136,0.5,2.03125,0.0005956994051937433,1341
436,1.0965404510498047,0.6767411231994629,0.75,1.5234375,0.0005956626599626232,3044
437,0.6537550687789917,0.809841513633728,1.0,1.8359375,0.0005956257595814034,2398
438,0.5635756850242615,0.8475711941719055,1.0,1.3671875,0.0005955887040697809,2388
439,1.55074143409729,0.5180271863937378,0.25,2.40625,0.0005955514934475349,2940
440,1.0113482475280762,0.6735430359840393,1.0,1.9609375,0.000595514127734528,3878
441,1.407029390335083,0.5617021322250366,0.5,1.609375,0.0005954766069507052,3055
442,1.6045141220092773,0.4728994071483612,0.25,1.9453125,0.0005954389311160944,4225
443,0.8577554225921631,0.7039358019828796,0.75,1.5546875,0.0005954011002508061,3989
444,1.5992882251739502,0.48351871967315674,0.5,1.453125,0.0005953631143750339,4945
445,0.9714831113815308,0.7225592732429504,0.75,1.96875,0.0005953249735090537,1813
446,1.0253785848617554,0.7009021639823914,0.0,1.953125,0.0005952866776732245,2882
447,1.0082292556762695,0.7037180662155151,0.5,1.5859375,0.0005952482268879877,2582
448,1.358151912689209,0.5856677293777466,0.25,1.6796875,0.000595209621173868,3070
449,1.4454940557479858,0.5445682406425476,0.5,2.359375,0.0005951708605514718,1436
450,1.3578264713287354,0.6151182651519775,0.75,1.796875,0.0005951319450414892,3466
451,1.2795219421386719,0.6067006587982178,1.0,2.09375,0.0005950928746646924,2746
452,1.411296010017395,0.5612285733222961,1.0,1.6875,0.0005950536494419364,2507
453,1.5595433712005615,0.48490434885025024,0.5,2.125,0.0005950142693941589,4339
454,0.8815515637397766,0.7095569968223572,1.0,2.0,0.0005949747345423803,4018
455,1.1618807315826416,0.633849561214447,1.0,3.1875,0.0005949350449077033,2712
456,1.4826033115386963,0.5132295489311218,0.75,2.46875,0.0005948952005113136,2570
457,1.1019076108932495,0.6490971446037292,0.25,1.7734375,0.0005948552013744794,2049
458,1.0694231986999512,0.7004504799842834,0.25,2.09375,0.0005948150475185514,2220
459,1.3096685409545898,0.5623324513435364,0.5,1.46875,0.0005947747389649631,4476
460,1.5963354110717773,0.5081775784492493,0.75,1.7734375,0.0005947342757352302,1712
461,1.197237491607666,0.6955345273017883,0.25,3.265625,0.0005946936578509513,2956
462,1.3044524192810059,0.5720207095146179,0.5,1.765625,0.0005946528853338074,2895
463,1.5817679166793823,0.5138011574745178,1.0,1.7890625,0.0005946119582055621,3007
464,1.3695329427719116,0.5964187383651733,0.5,1.453125,0.0005945708764880616,2904
465,1.0117824077606201,0.6894694566726685,0.75,2.234375,0.0005945296402032343,3713
466,1.2942500114440918,0.603382408618927,0.25,1.9921875,0.0005944882493730916,1833
467,0.8082578182220459,0.7258558869361877,0.5,1.3828125,0.000594446704019727,3914
468,0.8463122248649597,0.7453896403312683,1.0,2.0,0.0005944050041653165,1681
469,0.7699654698371887,0.7778472900390625,1.0,1.65625,0.0005943631498321188,1598
470,1.4898587465286255,0.5844748616218567,0.25,3.25,0.000594321141042475,1095
471,1.4800405502319336,0.5195881724357605,0.5,1.8984375,0.0005942789778188084,3982
472,1.493129849433899,0.548987865447998,0.5,2.125,0.0005942366601836249,1235
473,1.5753166675567627,0.49594029784202576,0.5,1.4453125,0.0005941941881595132,4557
474,0.9808128476142883,0.7122541666030884,0.5,1.7890625,0.0005941515617691436,3305
475,0.7392801642417908,0.7817080616950989,0.0,1.140625,0.0005941087810352695,5117
476,1.163724422454834,0.651289701461792,1.0,1.9453125,0.0005940658459807264,2016
477,1.5057549476623535,0.5519655346870422,0.5,2.109375,0.000594022756628432,1857
478,0.703792929649353,0.7840766906738281,0.5,2.0,0.0005939795130013868,2399
479,1.5199400186538696,0.5378718376159668,0.75,2.34375,0.0005939361151226733,3261
480,0.9695093035697937,0.7308151125907898,0.0,2.65625,0.0005938925630154565,2515
481,1.0801794528961182,0.6644808650016785,0.75,2.0,0.0005938488567029835,3660
482,0.7601380348205566,0.7599921822547913,1.0,2.25,0.0005938049962085841,5129
483,0.8957358002662659,0.7272727489471436,0.75,1.9765625,0.0005937609815556702,2354
484,1.513749599456787,0.5699588656425476,0.5,2.140625,0.0005937168127677358,2430
485,1.3230915069580078,0.5702328681945801,1.0,1.65625,0.0005936724898683574,2748
486,0.5479193925857544,0.8368129730224609,1.0,1.84375,0.0005936280128811937,2347
487,1.7438526153564453,0.4730392098426819,0.75,2.015625,0.0005935833818299858,1224
488,1.4128559827804565,0.5975039005279541,0.5,2.09375,0.0005935385967385567,1923
489,1.1105884313583374,0.6574307084083557,1.0,1.3203125,0.0005934936576308118,2779
490,1.3629692792892456,0.5474608540534973,0.5,1.609375,0.000593448564530739,4214
491,1.1905193328857422,0.6598107814788818,0.5,2.25,0.0005934033174624079,2431
492,0.7441845536231995,0.7883349061012268,1.0,2.09375,0.0005933579164499704,2126
493,1.629203200340271,0.48657187819480896,0.5,1.9765625,0.0005933123615176609,1266
494,1.265095591545105,0.6027923226356506,1.0,1.5625,0.0005932666526897956,2865
495,1.505436658859253,0.5304304957389832,1.0,1.796875,0.0005932207899907732,2021
496,0.779925525188446,0.7681159377098083,0.5,1.921875,0.000593174773445074,1725
497,0.8943111896514893,0.7112364172935486,0.25,1.7421875,0.000593128603077261,2483
498,0.7098507881164551,0.7860988974571228,0.75,1.8203125,0.000593082278911979,2043
499,1.5216187238693237,0.5098404884338379,1.0,1.6796875,0.0005930358009739548,4827
500,1.1663538217544556,0.6111111044883728,0.5,1.671875,0.0005929891692879976,2934
501,1.3606150150299072,0.6382544636726379,0.0,1.859375,0.0005929423838789984,2452
502,1.1897289752960205,0.6719110012054443,0.5,1.578125,0.0005928954447719304,2606
503,0.591853678226471,0.8285946249961853,1.0,1.1640625,0.0005928483519918487,2462
504,1.462358832359314,0.5420875549316406,0.75,1.96875,0.0005928011055638905,1188
505,0.7369654774665833,0.7929324507713318,1.0,1.7421875,0.0005927537055132753,1613
506,1.3703898191452026,0.5815567970275879,0.25,2.453125,0.000592706151865304,2017
507,1.3434611558914185,0.6167300343513489,0.75,1.8515625,0.00059265844464536,2630
508,0.7296198010444641,0.7987421154975891,0.5,1.2890625,0.0005926105838789084,1749
509,1.6103593111038208,0.488575279712677,0.75,1.9609375,0.0005925625695914962,1488
510,1.0908896923065186,0.6672229766845703,1.0,3.75,0.0005925144018087529,2996
511,0.758415937423706,0.7647773027420044,1.0,1.78125,0.0005924660805563892,4940
512,0.9691030383110046,0.6927932500839233,0.5,1.3359375,0.0005924176058601982,3802
513,1.5778520107269287,0.5044038891792297,0.0,1.34375,0.0005923689777460547,4655
514,1.5804061889648438,0.48076552152633667,0.5,1.171875,0.0005923201962399154,5173
515,1.415061354637146,0.5894660949707031,0.25,1.8203125,0.0005922712613678191,1386
516,1.3313822746276855,0.588557243347168,0.25,1.6796875,0.000592222173155886,2010
517,1.3780083656311035,0.5260599255561829,0.25,1.3203125,0.0005921729316303188,5142
518,0.6927810907363892,0.7802197933197021,0.75,1.1015625,0.0005921235368174012,4004
519,1.5415679216384888,0.48341745138168335,0.0,1.1171875,0.0005920739887434998,5548
520,1.2704881429672241,0.610991358757019,0.75,1.7265625,0.0005920242874350618,2784
521,0.8813939094543457,0.7362862825393677,0.75,1.7265625,0.0005919744329186172,3409
522,1.3521859645843506,0.5443752408027649,0.5,1.171875,0.0005919244252207772,5138
523,1.3249138593673706,0.5690149664878845,0.5,1.2734375,0.0005918742643682349,3137
524,1.0602693557739258,0.6773163080215454,0.75,1.5234375,0.0005918239503877654,2191
525,1.297135591506958,0.5622087717056274,0.0,1.296875,0.0005917734833062252,4292
526,1.1722666025161743,0.6212942004203796,0.5,0.98046875,0.0005917228631505527,3137
527,1.2862313985824585,0.5876436829566956,0.5,1.15625,0.0005916720899477678,2784
528,0.6818276047706604,0.7971264123916626,0.25,1.765625,0.0005916211637249725,1740
529,1.249451756477356,0.6318408250808716,0.75,2.15625,0.00059157008450935,1809
530,1.2737399339675903,0.6053584218025208,1.0,1.9921875,0.0005915188523281655,1381
531,1.3300288915634155,0.5973847508430481,0.75,1.8828125,0.0005914674672087656,2906
532,1.0864157676696777,0.6757095456123352,0.75,1.3984375,0.0005914159291785791,2396
533,1.2461771965026855,0.6269993782043457,0.75,1.4921875,0.0005913642382651156,3126
534,0.8270959258079529,0.7441184520721436,0.75,1.5546875,0.0005913123944959668,3783
535,1.1082239151000977,0.6346284747123718,1.0,1.8671875,0.0005912603978988059,2934
536,1.4479800462722778,0.5325530171394348,0.5,1.8125,0.0005912082485013878,2734
537,0.8447302579879761,0.7481481432914734,0.5,1.515625,0.0005911559463315487,2565
538,1.0674703121185303,0.6789758801460266,0.75,1.8125,0.0005911034914172066,2031
539,1.4767261743545532,0.5141345858573914,0.75,1.7890625,0.0005910508837863608,5483
540,0.5932596921920776,0.8315877914428711,1.0,2.03125,0.0005909981234670923,2387
541,0.729758620262146,0.7712924480438232,0.25,2.03125,0.0005909452104875635,1679
542,0.4488362669944763,0.8753106594085693,1.0,1.0078125,0.0005908921448760184,2414
543,1.2178449630737305,0.6500545740127563,0.5,1.4765625,0.0005908389266607823,2749
544,1.3492083549499512,0.5622950792312622,1.0,1.9296875,0.0005907855558702622,1830
545,1.2768234014511108,0.5856974124908447,0.75,1.59375,0.000590732032532946,1692
546,0.9790407419204712,0.6990869641304016,0.5,1.359375,0.0005906783566774041,2519
547,1.4413400888442993,0.5338078141212463,0.0,1.859375,0.000590624528332287,1405
548,0.5696951746940613,0.8333333134651184,0.5,1.3203125,0.0005905705475263275,1740
549,1.2939848899841309,0.6083672046661377,0.25,2.21875,0.0005905164142883394,1721
550,0.7347806692123413,0.781946063041687,0.75,1.625,0.0005904621286472182,5118
551,0.950272798538208,0.7293097376823425,0.75,1.640625,0.0005904076906319403,2767
552,1.0687320232391357,0.681176483631134,1.0,1.8125,0.0005903531002715639,2550
553,0.8288214206695557,0.7508854866027832,0.25,2.71875,0.0005902983575952279,1694
554,0.8476669788360596,0.7399193644523621,1.0,1.6875,0.0005902434626321532,2480
555,0.8910781145095825,0.7163848280906677,0.75,1.421875,0.0005901884154116416,3607
556,1.2186768054962158,0.5825908184051514,0.5,2.359375,0.0005901332159630762,1459
557,1.264464020729065,0.6230959892272949,1.0,1.453125,0.0005900778643159213,2823
558,0.623924970626831,0.8093835711479187,0.5,1.328125,0.0005900223604997227,5094
559,1.196921944618225,0.6257920265197754,0.5,1.703125,0.0005899667045441071,2683
560,1.2724025249481201,0.6261085271835327,1.0,1.8203125,0.0005899108964787828,2819
561,1.2950230836868286,0.5814717411994934,0.5,1.5390625,0.0005898549363335389,4566
562,1.0125274658203125,0.7022058963775635,0.75,1.4765625,0.0005897988241382459,1904
563,0.9533753991127014,0.7017880082130432,0.75,1.671875,0.0005897425599228553,3132
564,1.0793191194534302,0.6640084981918335,0.75,1.4140625,0.0005896861437174,1881
565,1.078633427619934,0.6697004437446594,0.5,1.515625,0.0005896295755519939,2637
566,1.0882240533828735,0.6435483694076538,1.0,1.2734375,0.0005895728554568318,3100
567,0.647144079208374,0.8051742315292358,1.0,1.59375,0.0005895159834621898,1894
568,1.4801851511001587,0.539810061454773,0.75,1.8359375,0.0005894589595984253,1369
569,1.654801845550537,0.5218579173088074,0.0,1.984375,0.0005894017838959764,2196
570,1.3619786500930786,0.5449287295341492,0.25,1.4453125,0.0005893444563853622,4841
571,1.3878389596939087,0.5404658317565918,0.25,1.1328125,0.0005892869770971834,5066
572,0.7559618353843689,0.7705118060112,0.25,1.21875,0.0005892293460621209,2462
573,0.9777891039848328,0.6911704540252686,0.25,1.3984375,0.0005891715633109375,2435
574,1.0627833604812622,0.6407487392425537,0.5,1.78125,0.0005891136288744761,2778
575,1.401986002922058,0.558922529220581,0.25,2.65625,0.0005890555427836612,2079
576,1.8827711343765259,0.431384801864624,0.0,2.40625,0.0005889973050694979,3199
577,1.1696845293045044,0.6309639811515808,0.0,1.53125,0.0005889389157630725,2054
578,1.128993034362793,0.6265742778778076,0.5,1.0703125,0.0005888803748955521,3176
579,0.58558589220047,0.8169575929641724,0.0,1.28125,0.0005888216824981845,2005
580,1.0755279064178467,0.6635859608650208,1.0,1.7734375,0.0005887628386022987,2164
581,0.7783177495002747,0.7683615684509277,1.0,2.140625,0.0005887038432393044,1770
582,1.255683183670044,0.6189990043640137,0.75,1.96875,0.0005886446964406923,2937
583,1.359229326248169,0.585106372833252,0.75,2.015625,0.0005885853982380335,1128
584,0.5793684720993042,0.818965494632721,1.0,1.40625,0.0005885259486629805,5104
585,0.8133997321128845,0.7508971095085144,1.0,1.359375,0.0005884663477472663,3344
586,1.3789217472076416,0.5581395626068115,0.5,1.7109375,0.0005884065955227046,1333
587,1.1816116571426392,0.6187456250190735,1.0,1.5390625,0.0005883466920211901,1419
588,0.9639269709587097,0.7164584398269653,0.75,1.484375,0.0005882866372746981,1841
589,0.9643959403038025,0.7145922780036926,0.75,1.28125,0.0005882264313152847,2330
590,0.6303001642227173,0.8005600571632385,0.5,1.328125,0.0005881660741750865,3214
591,1.1473981142044067,0.6314708590507507,0.75,1.8203125,0.0005881055658863212,2434
592,0.7339261770248413,0.7722799181938171,1.0,1.234375,0.0005880449064812868,3658
593,1.0520573854446411,0.6786941289901733,0.75,1.4765625,0.0005879840959923621,2910
594,1.1660077571868896,0.6248565912246704,1.0,1.40625,0.0005879231344520068,2615
595,1.0953395366668701,0.6451078057289124,1.0,2.28125,0.0005878620218927607,1206
596,1.1900919675827026,0.6267982125282288,0.75,3.234375,0.0005878007583472447,2433
597,0.9863417148590088,0.6886666417121887,0.5,2.015625,0.0005877393438481599,3000
598,0.578845202922821,0.8228075504302979,1.0,1.4140625,0.0005876777784282883,3341
599,1.3036283254623413,0.5647940039634705,0.75,1.5546875,0.0005876160621204924,4005
600,1.2132890224456787,0.6306373476982117,0.75,1.5625,0.000587554194957715,2683
601,1.21080482006073,0.6139652729034424,0.5,1.953125,0.0005874921769729797,2764
602,0.517919659614563,0.8391990065574646,1.0,1.3984375,0.0005874300081993904,1648
603,0.816096305847168,0.7237885594367981,1.0,1.96875,0.0005873676886701318,2270
604,0.8748868107795715,0.7247430682182312,1.0,1.53125,0.0005873052184184686,3989
605,1.3189066648483276,0.5562012195587158,1.0,1.3125,0.0005872425974777464,5507
606,1.033366322517395,0.6885644793510437,0.5,1.4453125,0.0005871798258813909,2466
607,1.5546107292175293,0.5663082599639893,0.5,3.5,0.0005871169036629085,837
608,0.7574503421783447,0.7604790329933167,0.75,1.15625,0.0005870538308558859,3507
609,0.9620272517204285,0.6983349919319153,0.5,1.5234375,0.0005869906074939898,2042
610,0.4959298372268677,0.8525589108467102,1.0,1.3984375,0.000586927233610968,2462
611,0.7418324947357178,0.7536417245864868,0.5,1.0078125,0.0005868637092406481,3913
612,1.541097640991211,0.5224999785423279,1.0,2.109375,0.0005868000344169382,1200
613,1.1617162227630615,0.6138497591018677,0.75,1.8359375,0.0005867362091738266,2556
614,0.8259937167167664,0.7337133288383484,1.0,1.3828125,0.000586672233545382,2456
615,0.7404205799102783,0.7571132779121399,1.0,1.0625,0.0005866081075657535,3866
616,0.9967249631881714,0.6876888275146484,1.0,1.1484375,0.0005865438312691702,2648
617,0.938880205154419,0.7119815945625305,1.0,1.6953125,0.0005864794046899415,1302
618,1.0658124685287476,0.6850053668022156,1.0,1.6796875,0.0005864148278624571,1854
619,1.1199924945831299,0.6466012597084045,0.75,1.40625,0.0005863501008211869,2957
620,0.9670401811599731,0.7033175230026245,0.5,1.5078125,0.0005862852236006809,3165
621,0.40035340189933777,0.8887858986854553,0.25,1.203125,0.0005862201962355693,2158
622,0.6015710234642029,0.8133295774459839,1.0,1.1484375,0.0005861550187605625,3541
623,1.5587046146392822,0.5594989657402039,0.25,3.21875,0.0005860896912104509,479
624,0.27505913376808167,0.9324155449867249,1.0,0.70703125,0.0005860242136201051,2397
625,1.4638599157333374,0.5304744839668274,0.5,1.59375,0.0005859585860244758,5037
626,0.7315427660942078,0.7835094928741455,0.5,1.890625,0.0005858928084585938,2365
627,0.6190017461776733,0.8080623149871826,0.0,1.109375,0.0005858268809575697,2183
628,1.3761252164840698,0.5350960493087769,0.5,1.109375,0.0005857608035565945,5257
629,0.8164882063865662,0.7509198784828186,1.0,1.15625,0.000585694576290939,3533
630,1.0053718090057373,0.6887344717979431,0.75,1.3359375,0.0005856281991959539,2734
631,0.7304052114486694,0.7745042443275452,0.75,1.625,0.0005855616723070702,1765
632,0.6459144353866577,0.78647780418396,1.0,1.421875,0.0005854949956597986,3742
633,0.3956930935382843,0.8735059499740601,1.0,1.3828125,0.0005854281692897297,2008
634,1.3942415714263916,0.5677888989448547,1.0,2.0625,0.0005853611932325343,2198
635,1.2120734453201294,0.6360679268836975,0.5,1.5859375,0.0005852940675239629,2767
636,0.9542883634567261,0.696319043636322,1.0,1.296875,0.0005852267921998457,2934
637,1.0826619863510132,0.670970618724823,0.75,1.859375,0.0005851593672960931,2246
638,0.7274036407470703,0.7680649757385254,0.25,1.25,0.0005850917928486952,3695
639,0.7140091061592102,0.7740712761878967,0.75,1.8984375,0.000585024068893722,5276
640,0.8946219682693481,0.7109982967376709,1.0,1.3203125,0.0005849561954673231,2955
641,0.9048143029212952,0.7080131769180298,0.75,1.2109375,0.0005848881726057282,2733
642,1.2948158979415894,0.625394344329834,1.0,2.71875,0.0005848200003452464,1268
643,1.3879740238189697,0.5405774712562561,0.5,1.953125,0.0005847516787222668,5126
644,0.8130507469177246,0.7412192225456238,0.75,1.296875,0.0005846832077732581,2477
645,0.9916989207267761,0.6915594339370728,0.75,1.09375,0.000584614587534769,3187
646,0.5520082712173462,0.8250914216041565,0.75,1.1796875,0.0005845458180434275,5197
647,0.7054762244224548,0.7843336462974548,1.0,0.9375,0.0005844768993359413,2949
648,0.5378928184509277,0.845578670501709,0.75,0.875,0.000584407831449098,3076
649,0.7074235677719116,0.7880047559738159,1.0,1.65625,0.0005843386144197649,1684
650,0.5541225075721741,0.8320655226707458,0.75,1.4765625,0.0005842692482848883,1709
651,0.6575266718864441,0.7892142534255981,0.75,1.2734375,0.0005841997330814947,3449
652,0.9726547002792358,0.6940494775772095,0.75,2.75,0.0005841300688466899,1899
653,1.0329246520996094,0.6750874519348145,1.0,1.6328125,0.0005840602556176596,2573
654,1.0140174627304077,0.6993464231491089,1.0,2.03125,0.0005839902934316683,1071
655,1.0823262929916382,0.6691542267799377,1.0,1.796875,0.0005839201823260609,3216
656,1.1931548118591309,0.6191155314445496,1.0,1.796875,0.0005838499223382611,2103
657,0.4019213616847992,0.8738695979118347,1.0,1.171875,0.0005837795135057723,2101
658,0.9947735667228699,0.6885428428649902,1.0,1.546875,0.0005837089558661775,2697
659,0.9238767623901367,0.6969696879386902,0.25,1.3359375,0.0005836382494571389,2772
660,0.6427692770957947,0.7891119122505188,1.0,1.671875,0.0005835673943163982,3637
661,1.2459635734558105,0.5809482932090759,0.25,1.640625,0.0005834963904817768,4682
662,0.5613179802894592,0.8220447897911072,0.75,0.91015625,0.0005834252379911747,3883
663,0.6554605960845947,0.7882517576217651,0.75,1.4453125,0.000583353936882572,3575
664,0.9718685746192932,0.6983364224433899,0.5,1.2578125,0.0005832824871940278,2705
665,1.0267671346664429,0.7009155750274658,0.5,2.28125,0.0005832108889636806,983
666,0.952764093875885,0.7121626734733582,0.5,1.4765625,0.000583139142229748,2557
667,0.9479876160621643,0.7125850319862366,0.75,1.7109375,0.0005830672470305273,1764
668,0.6362648606300354,0.8003437519073486,0.75,1.1171875,0.0005829952034043945,3491
669,0.7134535312652588,0.7757779359817505,1.0,1.140625,0.0005829230113898052,3278
670,0.8352066278457642,0.7260831594467163,0.75,2.515625,0.000582850671025294,3439
671,1.2132316827774048,0.6350025534629822,0.5,2.203125,0.000582778182349475,1937
672,0.8321542143821716,0.7253555655479431,1.0,1.3515625,0.000582705545401041,4078
673,1.0845595598220825,0.6715147495269775,1.0,1.6171875,0.0005826327602187644,2819
674,0.7231404781341553,0.7738461494445801,1.0,1.7578125,0.0005825598268414965,3250
675,0.7547271847724915,0.7717466950416565,0.0,1.90625,0.0005824867453081675,2874
676,0.8687506318092346,0.7455078959465027,0.75,1.6875,0.0005824135156577871,2727
677,0.9975462555885315,0.6876741051673889,1.0,1.1875,0.000582340137929444,2872
678,0.8874914050102234,0.7202109098434448,1.0,1.09375,0.0005822666121623056,2845
679,0.7036205530166626,0.7830913662910461,1.0,1.359375,0.0005821929383956185,2342
680,1.118026852607727,0.6520246863365173,1.0,2.234375,0.0005821191166687084,2914
681,1.1244336366653442,0.6227227449417114,0.5,1.4140625,0.0005820451470209799,3019
682,0.9458004832267761,0.6960629820823669,0.75,1.28125,0.0005819710294919168,2540
683,0.32113808393478394,0.9104477763175964,0.75,0.9921875,0.0005818967641210811,1675
684,0.3979821503162384,0.888833224773407,0.75,1.1015625,0.0005818223509481147,1997
685,0.6765405535697937,0.776658296585083,1.0,1.75,0.0005817477900127376,3573
686,0.3985186517238617,0.8772813081741333,0.75,1.0390625,0.0005816730813547492,1589
687,0.8888485431671143,0.7231388092041016,1.0,2.53125,0.0005815982250140274,2485
688,0.959148645401001,0.709372878074646,1.0,1.9765625,0.0005815232210305291,1483
689,0.9979996681213379,0.7112472057342529,1.0,2.25,0.00058144806944429,3103
690,1.4555814266204834,0.5286988615989685,0.5,1.6328125,0.0005813727702954245,4373
691,0.6402896642684937,0.7978244423866272,0.75,1.3984375,0.0005812973236241258,2666
692,0.6445847153663635,0.7954779267311096,1.0,1.40625,0.000581221729470666,2919
693,0.8389256000518799,0.735676646232605,0.5,1.4375,0.0005811459878753957,2845
694,0.7773241996765137,0.7405164241790771,0.75,1.2421875,0.0005810700988787443,3137
695,0.5128098130226135,0.835100531578064,0.5,1.1328125,0.0005809940625212201,2735
696,0.9738965034484863,0.6841133236885071,0.75,1.9921875,0.0005809178788434094,1624
697,0.36726006865501404,0.8991416096687317,1.0,1.34375,0.000580841547885978,2330
698,1.0602004528045654,0.6628289222717285,0.5,1.8984375,0.0005807650696896695,1824
699,0.963291585445404,0.6896680593490601,1.0,1.671875,0.0005806884442953068,2681
700,0.2947639524936676,0.9251659512519836,1.0,1.1171875,0.0005806116717437909,1657
701,1.559871792793274,0.5132914185523987,0.5,1.8515625,0.0005805347520761015,4138
702,0.49863213300704956,0.8426184058189392,1.0,1.25,0.000580457685333297,2154
703,0.9628676772117615,0.6925656795501709,0.5,1.75,0.0005803804715565139,1789
704,0.7168815732002258,0.7625727653503418,0.75,1.3125,0.0005803031107869675,3778
705,0.922926664352417,0.7113717198371887,1.0,1.984375,0.0005802256030659514,1961
706,0.9429962635040283,0.6912509202957153,0.75,1.3203125,0.0005801479484348381,2766
707,0.596153199672699,0.801748514175415,1.0,1.03125,0.0005800701469350776,3889
708,0.6807641386985779,0.7829763293266296,1.0,1.3125,0.0005799921986081992,3548
709,0.6868358850479126,0.7961275577545166,0.5,1.84375,0.0005799141034958101,1756
710,0.2911187708377838,0.9153244495391846,0.5,1.125,0.0005798358616395958,2173
711,0.43579286336898804,0.8646917343139648,0.5,1.109375,0.0005797574730813206,2498
712,1.020810842514038,0.697020411491394,0.75,1.7265625,0.0005796789378628266,2987
713,0.5059075355529785,0.8534584045410156,0.75,1.09375,0.0005796002560260345,2559
714,0.8279781341552734,0.7571847438812256,0.75,1.8125,0.0005795214276129428,1705
715,0.8093351721763611,0.7482540607452393,0.5,1.5234375,0.000579442452665629,3007
716,1.370615005493164,0.5531479716300964,0.25,1.71875,0.0005793633312262483,4892
717,1.1080121994018555,0.636723518371582,0.5,1.6171875,0.0005792840633370342,3284
718,1.0077908039093018,0.7018348574638367,0.75,1.6640625,0.000579204649040298,1962
719,0.7381464838981628,0.7581284642219543,0.75,1.5546875,0.00057912508837843,3783
720,1.1933491230010986,0.6006396412849426,0.5,1.2421875,0.000579045381393898,4690
721,0.7913772463798523,0.7425742745399475,0.5,1.953125,0.0005789655281292479,3131
722,1.2459466457366943,0.5846518874168396,1.0,1.9296875,0.0005788855286271039,1264
723,0.3847925662994385,0.8828734755516052,1.0,1.34375,0.0005788053829301682,1921
724,1.3193585872650146,0.5731760859489441,0.75,1.734375,0.000578725091081221,4578
725,0.5787487030029297,0.8151898980140686,0.75,1.4375,0.0005786446531231206,5135
726,0.9451828598976135,0.7149425148963928,0.75,1.78125,0.0005785640690988031,1305
727,0.9064159989356995,0.7234604954719543,0.25,1.3515625,0.0005784833390512829,2647
728,1.3547316789627075,0.5489329099655151,0.25,1.6015625,0.0005784024630236521,5201
729,0.875262439250946,0.711403489112854,0.75,2.28125,0.0005783214410590804,1140
730,0.9197531342506409,0.7281818389892578,0.75,1.7890625,0.0005782402732008162,1100
731,1.0997545719146729,0.650586724281311,0.25,1.71875,0.0005781589594921851,1534
732,0.7185956835746765,0.7749172449111938,0.25,1.1484375,0.0005780774999765909,2719
733,0.7592115998268127,0.7566079497337341,0.75,1.421875,0.000577995894697515,1816
734,0.5535051226615906,0.822249710559845,1.0,0.95703125,0.0005779141436985166,4045
735,0.49695107340812683,0.8618684411048889,0.5,0.8828125,0.0005778322470232332,2751
736,0.2649078667163849,0.9282007217407227,1.0,0.92578125,0.0005777502047153793,2312
737,0.6406780481338501,0.8106918334960938,1.0,1.609375,0.0005776680168187477,1590
738,1.181145429611206,0.6141843795776367,0.5,2.265625,0.0005775856833772086,1410
739,0.5814627408981323,0.8122209906578064,1.0,1.1796875,0.0005775032044347101,3584
740,0.15959571301937103,0.9582089781761169,1.0,0.6171875,0.0005774205800352777,2345
741,0.40145474672317505,0.8966233730316162,1.0,1.09375,0.0005773378102230148,1925
742,0.7212561964988708,0.7675952911376953,0.75,1.375,0.0005772548950421023,2728
743,0.6739357709884644,0.7936971783638,0.75,1.296875,0.0005771718345367988,3078
744,0.6120951175689697,0.8238120675086975,0.75,1.40625,0.0005770886287514404,1873
745,1.1348220109939575,0.6684901714324951,0.5,2.09375,0.0005770052777304405,1828
746,0.4084817171096802,0.8795214295387268,1.0,0.80859375,0.0005769217815182905,3594
747,0.46978259086608887,0.8591885566711426,1.0,0.9609375,0.000576838140159559,2933
748,0.35174471139907837,0.8852760791778564,0.5,1.578125,0.000576754353698892,1630
749,0.8537644147872925,0.7398098111152649,1.0,1.7890625,0.0005766704221810133,2944
750,0.45886629819869995,0.864945113658905,1.0,0.8984375,0.0005765863456507238,3369
751,0.5380518436431885,0.8357455134391785,0.5,1.1171875,0.0005765021241529019,2971
752,0.6017085313796997,0.8088642954826355,1.0,1.0546875,0.0005764177577325036,2527
753,0.4788472056388855,0.8568985462188721,1.0,1.3515625,0.0005763332464345618,1754
754,0.9364234209060669,0.6997518539428711,1.0,1.578125,0.0005762485903041872,2821
755,0.570019006729126,0.8136381506919861,0.75,1.234375,0.0005761637893865675,2581
756,0.4057665765285492,0.8816855549812317,1.0,1.328125,0.0005760788437269678,2468
757,0.8603138327598572,0.7373507618904114,1.0,1.6640625,0.0005759937533707304,1759
758,0.7763822674751282,0.7635714411735535,1.0,1.6796875,0.000575908518363275,1400
759,1.1364177465438843,0.6391544938087463,0.75,1.8359375,0.0005758231387500983,1987
760,0.5114229321479797,0.8311111330986023,0.75,1.4140625,0.0005757376145767743,5175
761,0.42582762241363525,0.8668730854988098,0.75,1.3359375,0.0005756519458889542,2261
762,0.2665434777736664,0.9200561046600342,1.0,0.96875,0.0005755661327323663,2139
763,0.8679012060165405,0.7339743375778198,1.0,1.5625,0.0005754801751528159,2808
764,0.7209600806236267,0.7759355902671814,0.75,1.4921875,0.0005753940731961856,2111
765,1.2421377897262573,0.6063130497932434,1.0,1.5,0.0005753078269084348,4562
766,1.2219221591949463,0.5957149267196655,0.5,1.2578125,0.0005752214363356004,4294
767,0.6820404529571533,0.788885772228241,1.0,1.578125,0.0005751349015237957,3581
768,1.2006902694702148,0.6060606241226196,0.5,1.40625,0.0005750482225192113,3795
769,1.1352070569992065,0.6203423738479614,0.5,1.4765625,0.000574961399368115,2979
770,1.288030743598938,0.5756503939628601,0.75,1.34375,0.0005748744321168512,4805
771,1.1068685054779053,0.6338908076286316,0.75,1.4609375,0.0005747873208118413,4963
772,1.1494696140289307,0.6309903860092163,0.5,2.25,0.0005747000654995838,1252
773,0.6453151702880859,0.7997227907180786,1.0,1.5859375,0.0005746126662266537,1443
774,0.8702155947685242,0.7378832697868347,1.0,1.515625,0.0005745251230397031,2022
775,0.6782658100128174,0.7712823152542114,1.0,1.421875,0.0005744374359854609,3712
776,0.7769917845726013,0.7547576427459717,0.5,1.4453125,0.0005743496051107327,2785
777,1.2925751209259033,0.585997998714447,1.0,1.828125,0.000574261630462401,2971
778,1.1942167282104492,0.6181972622871399,0.25,2.421875,0.0005741735120874249,2352
779,1.0560332536697388,0.6708244681358337,0.25,1.3203125,0.0005740852500328402,3287
780,1.0763916969299316,0.6552380919456482,0.5,2.21875,0.0005739968443457596,1575
781,0.6465581059455872,0.8008819818496704,1.0,2.03125,0.0005739082950733723,2948
782,1.3584606647491455,0.5528584122657776,0.75,1.6328125,0.0005738196022629442,5685
783,0.5220122933387756,0.8392603397369385,1.0,1.3203125,0.0005737307659618178,2109
784,0.5951057076454163,0.8067885041236877,0.5,1.734375,0.0005736417862174123,1915
785,0.5399328470230103,0.8243060111999512,0.75,1.5859375,0.0005735526630772232,2954
786,0.873792827129364,0.7329905033111572,1.0,1.8125,0.0005734633965888227,2528
787,1.1993560791015625,0.6094046235084534,1.0,1.3515625,0.0005733739867998596,5274
788,1.0156550407409668,0.676075279712677,0.75,2.40625,0.0005732844337580592,744
789,0.9188199639320374,0.7210401892662048,1.0,1.328125,0.000573194737511223,2961
790,0.5497437119483948,0.8283747434616089,0.75,1.078125,0.0005731048981072292,4067
791,0.31527620553970337,0.9092762470245361,1.0,1.4375,0.0005730149155940324,1962
792,0.7633348107337952,0.7584453225135803,1.0,1.2109375,0.0005729247900196633,2753
793,0.825350284576416,0.7474796175956726,0.75,1.7890625,0.0005728345214322296,2083
794,0.4326595664024353,0.8652307987213135,1.0,0.98828125,0.0005727441098799146,3250
795,0.4295184016227722,0.8710247278213501,1.0,1.1484375,0.0005726535554109782,2830
796,0.7981799244880676,0.747819185256958,1.0,1.71875,0.0005725628580737568,1261
797,0.6431277990341187,0.8126600980758667,0.75,1.2890625,0.0005724720179166628,2733
798,0.8032287955284119,0.7630448341369629,1.0,1.609375,0.0005723810349881849,1629
799,0.36445707082748413,0.9049714207649231,1.0,0.95703125,0.000572289909336888,2273
800,0.7805382013320923,0.760831892490387,1.0,2.21875,0.0005721986410114134,1154
801,0.9765927195549011,0.6764705777168274,0.75,1.5,0.0005721072300604781,2720
802,0.9673324823379517,0.6716211438179016,0.75,1.4765625,0.0005720156765328758,2893
803,0.5657088160514832,0.8400239944458008,1.0,1.671875,0.0005719239804774757,1669
804,0.8581936359405518,0.7298616766929626,0.75,2.296875,0.0005718321419432235,1229
805,1.0055989027023315,0.7026160955429077,0.25,1.953125,0.0005717401609791408,1873
806,0.6584033370018005,0.7959019541740417,0.75,1.5625,0.0005716480376343254,2489
807,0.45524361729621887,0.8574252128601074,1.0,1.3515625,0.0005715557719579508,3542
808,0.47847193479537964,0.8429626226425171,0.75,1.3671875,0.0005714633639992666,4604
809,0.9767579436302185,0.6666666865348816,1.0,1.84375,0.0005713708138075986,2871
810,0.901197612285614,0.706942617893219,1.0,1.96875,0.000571278121432348,1498
811,0.5731169581413269,0.811438262462616,0.75,1.609375,0.0005711852869229925,3532
812,0.6430503129959106,0.7968952059745789,0.75,1.8984375,0.0005710923103290851,1546
813,0.48657044768333435,0.8515246510505676,1.0,1.2578125,0.0005709991917002552,3509
814,0.48734039068222046,0.862525463104248,1.0,1.53125,0.0005709059310862073,2946
815,0.704674243927002,0.7644717693328857,0.5,1.4375,0.0005708125285367226,2764
816,0.43401825428009033,0.878539502620697,0.25,1.0,0.0005707189841016572,2684
817,0.840888261795044,0.7437163591384888,1.0,2.03125,0.0005706252978309433,2228
818,0.819727897644043,0.7592458128929138,0.75,1.40625,0.0005705314697745891,2758
819,0.5364216566085815,0.8247874975204468,1.0,1.5078125,0.0005704374999826782,3647
820,0.4290650188922882,0.8724874258041382,1.0,1.2890625,0.0005703433885053695,1592
821,0.32567456364631653,0.9037800431251526,1.0,1.1640625,0.0005702491353928982,2328
822,0.4676850140094757,0.8514677286148071,1.0,1.171875,0.0005701547406955746,5110
823,0.3925577998161316,0.8798497915267944,1.0,1.171875,0.0005700602044637847,2397
824,0.3750181794166565,0.8880492448806763,1.0,0.90625,0.0005699655267479906,3573
825,0.2730109691619873,0.9249861836433411,1.0,0.875,0.0005698707075987288,1813
826,0.41551971435546875,0.8788040280342102,1.0,1.3515625,0.0005697757470666123,1873
827,0.3649151921272278,0.884684681892395,0.75,1.203125,0.000569680645202329,2220
828,1.1100099086761475,0.6281148791313171,0.75,1.3359375,0.0005695854020566427,5257
829,0.5553300976753235,0.8356940746307373,0.75,1.3203125,0.0005694900176803921,1765
830,1.2354158163070679,0.614535391330719,0.5,1.4296875,0.0005693944921244915,3261
831,0.5450095534324646,0.8198773860931396,0.5,1.1640625,0.0005692988254399309,3914
832,0.5864917039871216,0.8014311194419861,0.5,1.1015625,0.000569203017677775,3913
833,0.6291791200637817,0.8188223242759705,1.0,1.5625,0.0005691070688891643,1987
834,0.5976736545562744,0.8161943554878235,1.0,1.9453125,0.0005690109791253144,1235
835,0.6298339366912842,0.8087607026100159,1.0,1.3671875,0.0005689147484375161,2808
836,0.7517750859260559,0.7453848719596863,1.0,1.53125,0.0005688183768771354,2871
837,1.2022939920425415,0.584089994430542,0.75,1.828125,0.0005687218644956137,5066
838,0.9098987579345703,0.6998607516288757,1.0,1.4921875,0.0005686252113444675,2872
839,0.8255529403686523,0.7452471256256104,0.0,2.3125,0.0005685284174752882,1841
840,0.34918418526649475,0.8942467570304871,1.0,1.25,0.0005684314829397427,3007
841,0.9885903596878052,0.6960033774375916,0.75,2.328125,0.0005683344077895725,2352
842,0.37376004457473755,0.8974359035491943,0.75,1.40625,0.0005682371920765946,1833
843,0.2951318621635437,0.9203835129737854,1.0,1.2421875,0.000568139835852701,2399
844,0.34257832169532776,0.890692949295044,1.0,0.9921875,0.0005680423391698584,3449
845,0.9452694058418274,0.6878030300140381,0.75,1.84375,0.0005679447020801086,2681
846,1.1150071620941162,0.6299979090690613,0.5,1.703125,0.0005678469246355684,4827
847,0.5277106761932373,0.8498831987380981,1.0,1.609375,0.0005677490068884297,1712
848,0.27324509620666504,0.9238625764846802,0.75,1.2421875,0.0005676509488909588,2154
849,0.34733784198760986,0.8954669833183289,1.0,1.1953125,0.0005675527506954975,5118
850,0.5684788227081299,0.837104082107544,0.75,1.65625,0.0005674544123544618,2431
851,0.7123485207557678,0.7807817459106445,0.75,1.5234375,0.0005673559339203429,3070
852,0.1838572770357132,0.9514237642288208,1.0,1.0390625,0.0005672573154457068,2388
853,1.0724300146102905,0.6546644568443298,0.75,1.7734375,0.0005671585569831941,3055
854,0.6102733612060547,0.7873489260673523,0.75,1.40625,0.0005670596585855199,3889
855,1.0341700315475464,0.6479054689407349,0.0,1.4375,0.0005669606203054746,4655
856,1.2894864082336426,0.578086256980896,0.5,3.078125,0.0005668614421959226,2017
857,0.4015769958496094,0.8757187128067017,0.75,1.265625,0.0005667621243098034,2261
858,0.7453463077545166,0.7593390941619873,0.75,1.671875,0.0005666626667001311,2784
859,0.5068821907043457,0.8464701771736145,0.75,1.5546875,0.000566563069419994,1459
860,0.4194909334182739,0.8685817122459412,0.75,1.296875,0.0005664633325225554,2785
861,0.7964752912521362,0.735414981842041,1.0,1.609375,0.0005663634560610528,2434
862,0.7614901661872864,0.7513120770454407,1.0,1.28125,0.0005662634400887983,2477
863,0.42992115020751953,0.8751617074012756,1.0,1.46875,0.0005661632846591788,1546
864,0.3031347692012787,0.9093708992004395,0.75,1.109375,0.0005660629898256548,2273
865,0.7434300780296326,0.7818740606307983,0.75,1.859375,0.0005659625556417621,1302
866,0.40619152784347534,0.8867924809455872,1.0,1.578125,0.0005658619821611105,1590
867,1.0258729457855225,0.6669163703918457,0.75,1.6484375,0.0005657612694373841,4005
868,0.7194674015045166,0.7728446125984192,0.75,1.875,0.0005656604175243414,1937
869,0.5159512758255005,0.8390762209892273,1.0,1.3125,0.0005655594264758153,2728
870,0.6864032745361328,0.7842931747436523,1.0,1.3828125,0.0005654582963457126,2865
871,0.3048081398010254,0.9227129220962524,1.0,1.4609375,0.0005653570271880149,1268
872,0.6772990226745605,0.7779539823532104,0.75,1.578125,0.0005652556190567777,3783
873,0.40911227464675903,0.8606888651847839,1.0,1.4453125,0.0005651540720061304,5197
874,0.27514293789863586,0.9098344445228577,1.0,0.91015625,0.0005650523860902772,5135
875,0.5837137699127197,0.8058143854141235,0.75,1.6015625,0.000564950561363496,2683
876,0.3148505389690399,0.9276236295700073,1.0,1.921875,0.0005648485978801386,1658
877,0.5400344133377075,0.8184393644332886,1.0,1.640625,0.0005647464956946315,3883
878,0.5293338894844055,0.8364332318305969,1.0,2.28125,0.0005646442548614746,1828
879,0.41462627053260803,0.8700343370437622,1.0,0.875,0.0005645418754352422,4078
880,0.49125969409942627,0.8432769179344177,0.75,1.671875,0.0005644393574705823,3369
881,1.192079782485962,0.6085492968559265,0.75,2.078125,0.0005643367010222173,2971
882,0.8325734734535217,0.7575905919075012,0.75,2.140625,0.000564233906144943,2042
883,0.30034932494163513,0.9116989374160767,1.0,1.046875,0.0005641309728936293,2684
884,0.2995198369026184,0.9092307686805725,1.0,1.125,0.0005640279013232202,3250
885,0.5711283087730408,0.8262566924095154,1.0,1.5703125,0.0005639246914887331,2049
886,0.35281169414520264,0.8810679316520691,0.75,1.3046875,0.0005638213434452594,1648
887,0.5393435955047607,0.8534566760063171,0.5,1.2734375,0.0005637178572479644,2054
888,0.8114722371101379,0.753736674785614,0.75,1.8203125,0.0005636142329520869,1405
889,0.38311490416526794,0.9116135835647583,0.75,1.046875,0.0005635104706129397,1946
890,0.5232177972793579,0.8359464406967163,0.75,1.4765625,0.000563406570285909,2615
891,0.17212684452533722,0.9493517279624939,1.0,0.72265625,0.0005633025320264549,2468
892,0.6004360914230347,0.8090512156486511,1.0,1.40625,0.0005631983558901109,2519
893,0.2009466141462326,0.9494348764419556,1.0,1.0234375,0.0005630940419324843,1681
894,0.7760400772094727,0.7569060921669006,1.0,1.34375,0.0005629895902092557,2896
895,0.6975368857383728,0.7658064365386963,1.0,1.5078125,0.0005628850007761796,3100
896,0.7169129252433777,0.7885916829109192,0.75,1.609375,0.0005627802736890837,3103
897,0.579472005367279,0.8180616497993469,1.0,1.6953125,0.0005626754090038694,2270
898,1.031524658203125,0.6500576734542847,0.75,2.296875,0.0005625704067765113,4335
899,0.17497211694717407,0.9482686519622803,1.0,0.80859375,0.0005624652670630577,2397
900,0.991552472114563,0.669506311416626,0.75,1.3515625,0.00056235998991963,4578
901,0.6286046504974365,0.808462381362915,1.0,1.828125,0.0005622545754024231,2647
902,0.5853241086006165,0.8151142597198486,1.0,1.4375,0.0005621490235677055,2845
903,0.3995269238948822,0.8716498613357544,1.0,0.93359375,0.0005620433344718183,4067
904,0.33524417877197266,0.8996583819389343,0.75,1.4140625,0.0005619375081711766,2342
905,1.2487298250198364,0.601401686668396,0.75,1.8671875,0.0005618315447222684,4566
906,0.8051224946975708,0.752567708492279,1.0,2.640625,0.0005617254441816548,1071
907,0.7395991086959839,0.7639731764793396,0.75,1.9921875,0.0005616192066059704,3131
908,0.7539010643959045,0.7695035338401794,1.0,2.25,0.0005615128320519225,1128
909,0.13415281474590302,0.9616204500198364,1.0,0.8515625,0.000561406320576292,2345
910,0.3116244971752167,0.8997741341590881,1.0,0.9921875,0.0005612996722359326,3542
911,0.4745199382305145,0.8569290637969971,0.75,1.03125,0.0005611928870877711,3341
912,0.29931679368019104,0.9037181735038757,1.0,0.71875,0.0005610859651888075,5110
913,0.2624838054180145,0.9327048063278198,1.0,0.68359375,0.0005609789065961143,3076
914,0.5267278552055359,0.8236761689186096,0.75,1.40625,0.0005608717113668375,3607
915,0.24777819216251373,0.9238040447235107,1.0,0.83203125,0.000560764379558196,3491
916,0.7680182456970215,0.7574962377548218,0.75,2.03125,0.0005606569112274811,2668
917,0.3763169050216675,0.8904847502708435,1.0,1.4609375,0.0005605493064320576,2228
918,0.24006234109401703,0.921844482421875,0.75,1.265625,0.0005604415652293627,2559
919,0.5634275078773499,0.8489065766334534,0.5,1.7890625,0.0005603336876769066,2515
920,0.6014531254768372,0.8187583684921265,1.0,1.59375,0.0005602256738322723,2996
921,0.31802815198898315,0.9017521739006042,1.0,1.40625,0.0005601175237531156,1598
922,0.5120831727981567,0.858208954334259,0.75,1.8203125,0.0005600092374971646,1340
923,0.5969866514205933,0.8244837522506714,1.0,1.8984375,0.0005599008151222207,2712
924,0.5333024263381958,0.8346334099769592,1.0,1.671875,0.0005597922566861575,1923
925,0.4452151954174042,0.8712235689163208,1.0,1.3515625,0.0005596835622469214,2648
926,0.36581334471702576,0.9051504135131836,1.0,1.21875,0.0005595747318625315,1961
927,0.4379376769065857,0.8620490431785583,1.0,1.2578125,0.0005594657655910792,3465
928,0.24072317779064178,0.9259701371192932,1.0,1.109375,0.0005593566634907287,1675
929,0.4569549560546875,0.8693249225616455,1.0,1.1484375,0.0005592474256197167,2533
930,0.14499467611312866,0.9652174115180969,1.0,0.7421875,0.000559138052036352,1725
931,0.43666964769363403,0.8755905628204346,1.0,1.046875,0.0005590285427990163,2540
932,0.10784117877483368,0.9682403206825256,1.0,0.578125,0.0005589188979661633,2330
933,0.896297037601471,0.7019134163856506,0.25,1.328125,0.0005588091175963195,2979
934,0.5337423086166382,0.8223631978034973,0.5,1.203125,0.0005586992017480834,3783
935,0.2490459382534027,0.9453690052032471,1.0,0.77734375,0.000558589150480126,2764
936,0.3957922160625458,0.8974999785423279,1.0,1.5546875,0.0005584789638511905,1200
937,0.20853431522846222,0.9467912316322327,1.0,0.87109375,0.0005583686419200927,2462
938,0.33021801710128784,0.9078013896942139,1.0,1.390625,0.0005582581847457198,1410
939,0.266421914100647,0.9205260276794434,1.0,1.3828125,0.000558147592387032,1749
940,0.6397877335548401,0.813858687877655,1.0,1.65625,0.0005580368649030612,2944
941,1.0640218257904053,0.6879432797431946,0.75,1.984375,0.0005579260023529118,2961
942,0.4846709668636322,0.859021782875061,0.75,1.7265625,0.00055781500479576,2433
943,0.3534111976623535,0.8958616256713867,1.0,1.6015625,0.000557703872290854,2948
944,1.2886122465133667,0.5755157470703125,0.5,1.546875,0.0005575926048975143,5138
945,1.6911261081695557,0.49390435218811035,0.5,1.859375,0.0005574812026751334,3199
946,0.9312074780464172,0.6963730454444885,1.0,1.765625,0.0005573696656831754,2895
947,0.4782848358154297,0.8471842408180237,1.0,1.0234375,0.0005572579939811768,3658
948,0.3471689522266388,0.9039226770401001,1.0,1.59375,0.0005571461876287457,1759
949,0.5605502128601074,0.837917149066925,1.0,1.4921875,0.000557034246685562,2727
950,0.11860454082489014,0.9678899049758911,1.0,0.74609375,0.000556922171211378,2398
951,0.3778841495513916,0.8810092210769653,1.0,1.4375,0.0005568099612660171,2933
952,0.4657752811908722,0.8385928869247437,1.0,1.3125,0.0005566976169093749,3866
953,0.3843175768852234,0.902222216129303,1.0,1.4375,0.0005565851382014187,1575
954,0.33879223465919495,0.9314516186714172,1.0,1.265625,0.0005564725252021872,1488
955,0.5424171686172485,0.8373689651489258,1.0,1.40625,0.0005563597779717915,2767
956,0.3788643777370453,0.9003831148147583,1.0,1.5,0.0005562468965704134,1305
957,0.7983070611953735,0.7500897645950317,0.75,1.5546875,0.0005561338810583071,2785
958,0.7672839760780334,0.7442528605461121,1.0,1.765625,0.000556020731495798,2784
959,0.8350498676300049,0.737864077091217,1.0,1.4296875,0.0005559074479432832,2987
960,0.7465748190879822,0.7560067772865295,1.0,1.1328125,0.0005557940304612312,2955
961,0.4245828688144684,0.8759849071502686,1.0,1.34375,0.0005556804791101821,2919
962,1.188292384147644,0.6130802631378174,1.0,1.9453125,0.0005555667939507473,4373
963,0.5284777879714966,0.8438966870307922,1.0,1.4921875,0.0005554529750436099,2556
964,0.5877659320831299,0.8217247128486633,0.75,2.203125,0.0005553390224495242,1206
965,0.8073673248291016,0.7451258301734924,1.0,1.703125,0.0005552249362293157,2821
966,1.039590835571289,0.6526925563812256,1.0,1.4765625,0.0005551107164438817,2934
967,0.6263630986213684,0.8184546232223511,0.75,1.65625,0.0005549963631541904,1333
968,0.33688315749168396,0.894222617149353,0.75,1.2265625,0.0005548818764212813,2354
969,0.32496175169944763,0.8948473334312439,1.0,0.96484375,0.0005547672563062652,5240
970,0.5223478674888611,0.8415956497192383,1.0,1.4453125,0.0005546525028703243,2582
971,0.43081316351890564,0.8862512111663818,1.0,1.5,0.0005545376161747114,2022
972,0.4975678622722626,0.8393080830574036,0.75,1.2578125,0.0005544225962807511,3989
973,0.29254087805747986,0.907747209072113,1.0,1.1953125,0.0005543074432498387,1962
974,0.297163724899292,0.9073619842529297,0.75,1.3203125,0.0005541921571434406,1630
975,0.4724377691745758,0.847966730594635,1.0,1.5234375,0.0005540767380230944,2164
976,0.5869810581207275,0.834419846534729,1.0,1.7265625,0.0005539611859504084,1534
977,0.2729339301586151,0.9050225019454956,0.25,1.2578125,0.0005538455009870623,5117
978,0.28827670216560364,0.9235714077949524,1.0,1.265625,0.0005537296831948065,1400
979,0.5631066560745239,0.8211411833763123,1.0,1.7109375,0.000553613732635462,2734
980,0.9554696083068848,0.6665245294570923,1.0,1.578125,0.0005534976493709212,4690
981,0.21663427352905273,0.9360499382019043,1.0,0.859375,0.000553381433463147,5129
982,0.6172201633453369,0.8115678429603577,0.75,1.578125,0.0005532650849741734,2749
983,0.5018560886383057,0.8758170008659363,1.0,1.8203125,0.0005531486039661046,1224
984,0.5036841034889221,0.8456951379776001,0.75,1.1015625,0.0005530319905011162,2683
985,0.4490009546279907,0.8767451047897339,1.0,1.25,0.0005529152446414542,2507
986,0.27046865224838257,0.9251517057418823,1.0,1.265625,0.0005527983664494351,1483
987,0.2874683141708374,0.9197039008140564,0.5,1.25,0.0005526813559874464,1756
988,0.2589838206768036,0.9238599538803101,1.0,0.984375,0.000552564213317946,2456
989,0.48745056986808777,0.8684931397438049,0.75,1.9296875,0.0005524469385034623,1095
990,1.2025957107543945,0.6146894693374634,0.25,1.9140625,0.0005523295316065942,5201
991,0.5508565306663513,0.8156101107597351,1.0,1.3125,0.0005522119926900115,2934
992,1.0348801612854004,0.6634901762008667,0.25,1.515625,0.0005520943218164542,5037
993,0.3364347517490387,0.9068984985351562,0.5,1.5546875,0.0005519765190487324,1783
994,0.3754737675189972,0.8951612710952759,1.0,1.9296875,0.0005518585844497272,744
995,0.2405296266078949,0.926622748374939,1.0,1.015625,0.0005517405180823898,2126
996,0.8662266731262207,0.7098409533500671,1.0,1.6875,0.0005516223200097418,4339
997,0.44318342208862305,0.8683584332466125,0.75,1.4609375,0.0005515039902948748,1261
998,0.31747516989707947,0.8889641165733337,1.0,1.3828125,0.0005513855290009512,2954
999,0.3952428698539734,0.8880351185798645,1.0,1.46875,0.000551266936191203,2733
1000,0.39775678515434265,0.8731142282485962,1.0,1.140625,0.000551148211928933,3712
1001,1.0908325910568237,0.6297270059585571,1.0,1.5703125,0.0005510293562775139,4945
1002,0.1918167620897293,0.9510050415992737,1.0,1.359375,0.0005509103693003885,1592
1003,0.7015751600265503,0.7760950326919556,1.0,1.109375,0.0005507912510610697,4292
1004,0.17255672812461853,0.9489619135856628,1.0,1.015625,0.0005506720016231406,2312
1005,0.26575425267219543,0.920228898525238,1.0,1.0703125,0.0005505526210502541,2971
1006,0.31454527378082275,0.9150513410568237,1.0,1.2578125,0.0005504331094061335,1754
1007,1.0807524919509888,0.6351986527442932,0.5,1.53125,0.0005503134667545716,4682
1008,0.3529322147369385,0.8910468816757202,1.0,1.2265625,0.0005501936931594313,2111
1009,1.0744507312774658,0.6393680572509766,0.75,1.140625,0.0005500737886846455,5507
1010,0.5046128630638123,0.846388578414917,1.0,1.1640625,0.0005499537533942169,2949
1011,0.6391500234603882,0.7975359559059143,0.5,1.359375,0.0005498335873522179,2435
1012,0.39101818203926086,0.869257926940918,1.0,1.2421875,0.000549713290622791,2830
1013,0.3546912372112274,0.8878960013389587,1.0,1.21875,0.0005495928632701481,2462
1014,0.11343956738710403,0.9807811379432678,1.0,0.859375,0.0005494723053585711,1613
1015,0.17122001945972443,0.9530878663063049,1.0,0.88671875,0.0005493516169524114,1684
1016,0.2652108073234558,0.9218538403511047,0.75,1.2109375,0.0005492307981160902,2956
1017,0.5183466076850891,0.825239896774292,0.5,1.4375,0.0005491098489140981,3439
1018,0.4353211224079132,0.859043300151825,1.0,1.3125,0.0005489887694109957,3533
1019,0.2694776654243469,0.9190317392349243,1.0,0.8671875,0.0005488675596714126,3594
1020,0.39158895611763,0.8812042474746704,0.75,1.84375,0.0005487462197600486,1229
1021,0.45430660247802734,0.8593220114707947,1.0,1.9140625,0.0005486247497416721,1770
1022,0.3447785973548889,0.8910238146781921,1.0,1.0078125,0.000548503149681122,3487
1023,0.6965627074241638,0.7786885499954224,1.0,1.90625,0.0005483814196433055,1830
1024,0.43044689297676086,0.8786069750785828,1.0,1.4921875,0.0005482595596932001,2010
1025,0.17077162861824036,0.9500406384468079,1.0,0.86328125,0.0005481375698958522,2462
1026,1.0672177076339722,0.6371597647666931,0.5,1.9453125,0.0005480154503163776,4225
1027,0.6247144341468811,0.7914153933525085,0.5,1.53125,0.0005478932010199612,2819
1028,0.2273329645395279,0.9355670213699341,1.0,1.1328125,0.0005477708220718576,2328
1029,0.3321704566478729,0.8939151167869568,1.0,1.203125,0.0005476483135373901,2498
1030,0.40534543991088867,0.8762117624282837,1.0,1.5234375,0.0005475256754819514,1341
1031,0.6589666604995728,0.791299045085907,0.75,1.3046875,0.0005474029079710035,3287
1032,0.41943708062171936,0.8565367460250854,1.0,1.2421875,0.0005472800110700771,3771
1033,0.4742644131183624,0.8505423665046692,1.0,1.21875,0.0005471569848447722,2489
1034,0.503214418888092,0.8454545736312866,1.0,2.0625,0.000547033829360758,1100
1035,0.6716998219490051,0.7793633341789246,0.75,1.421875,0.0005469105446837722,2733
1036,1.071420669555664,0.6875901818275452,0.25,2.125,0.0005467871308796222,1386
1037,0.3462059497833252,0.8887923359870911,0.75,1.1640625,0.0005466635880141836,4604
1038,0.1025342270731926,0.9735832810401917,1.0,0.6953125,0.0005465399161534013,2347
1039,1.0572885274887085,0.6365128755569458,0.75,1.4140625,0.0005464161153632888,5483
1040,0.44163644313812256,0.8606098294258118,0.75,1.3203125,0.0005462921857099286,3214
1041,0.36198896169662476,0.8853646516799927,0.75,0.94921875,0.0005461681272594723,4004
1042,0.3110508322715759,0.9272363185882568,1.0,1.46875,0.0005460439400781394,1498
1043,0.40398868918418884,0.887265145778656,1.0,2.125,0.0005459196242322189,2874
1044,0.3033972680568695,0.9070127606391907,1.0,1.109375,0.0005457951797880681,2581
1045,0.243152916431427,0.9263322949409485,1.0,1.09375,0.000545670606812113,5104
1046,0.3336707055568695,0.9198416471481323,1.0,1.2109375,0.0005455459053708484,2021
1047,0.16683104634284973,0.9544786810874939,1.0,1.0625,0.0005454210755308375,2043
1048,0.9074564576148987,0.6898094415664673,0.25,1.34375,0.0005452961173587116,5142
1049,0.420188307762146,0.884113609790802,1.0,1.1796875,0.0005451710309211717,2606
1050,0.19915278255939484,0.9479227662086487,0.75,1.0859375,0.0005450458162849859,1709
1051,0.7966492772102356,0.7386661171913147,0.75,1.2109375,0.0005449204735169917,4963
1052,0.5027310252189636,0.8449040055274963,1.0,1.5546875,0.0005447950026840945,2031
1053,0.14240878820419312,0.9606117010116577,1.0,0.8125,0.0005446694038532682,2158
1054,0.643001914024353,0.8138527870178223,1.0,1.7109375,0.0005445436770915551,2079
1055,0.33904120326042175,0.895481526851654,1.0,1.3515625,0.0005444178224660656,2191
1056,0.1432061791419983,0.959794282913208,1.0,0.734375,0.0005442918400439786,2139
1057,0.49128958582878113,0.8400703072547913,1.0,1.296875,0.0005441657298925409,2845
1058,0.27401313185691833,0.9325103163719177,1.0,0.98828125,0.0005440394920790679,2430
1059,0.27839577198028564,0.9073842167854309,1.0,1.125,0.0005439131266709427,2397
1060,0.11337421834468842,0.9725685715675354,1.0,0.5703125,0.0005437866337356167,2005
1061,0.1847124546766281,0.9568557739257812,1.0,1.09375,0.0005436600133406095,1692
1062,0.6820122003555298,0.7770313620567322,0.75,1.3125,0.0005435332655535085,3126
1063,0.6839624643325806,0.7867252230644226,0.5,2.078125,0.0005434063904419693,2049
1064,0.23101504147052765,0.9403892755508423,0.75,0.93359375,0.0005432793880737153,2466
1065,0.2976263761520386,0.9217687249183655,1.0,1.140625,0.0005431522585165381,1764
1066,0.3403433561325073,0.9120728969573975,1.0,1.046875,0.0005430250018382967,2195
1067,0.3169342875480652,0.8987412452697754,1.0,0.8515625,0.0005428976181069185,3575
1068,0.5376704335212708,0.8224043846130371,1.0,1.375,0.0005427701073903984,3660
1069,0.3565892279148102,0.9039666056632996,0.75,2.5,0.0005426424697567991,479
1070,0.40743333101272583,0.8717246651649475,1.0,1.25,0.000542514705274251,2557
1071,0.3709358870983124,0.8890789747238159,1.0,0.82421875,0.0005423868140109526,3507
1072,0.44196441769599915,0.8557510375976562,1.0,0.921875,0.0005422587960351695,3695
1073,0.18426784873008728,0.960532546043396,1.0,0.91796875,0.0005421306514152354,2103
1074,0.24757784605026245,0.924713134765625,1.0,0.82421875,0.0005420023802195512,3573
1075,0.21547648310661316,0.9437447786331177,1.0,0.6328125,0.0005418739825165859,3573
1076,0.14033295214176178,0.9591633677482605,1.0,0.91796875,0.0005417454583748754,2008
1077,0.2694814205169678,0.9134218692779541,1.0,1.125,0.0005416168078630235,2183
1078,0.22926104068756104,0.9255383014678955,0.75,0.77734375,0.0005414880310497016,3344
1079,0.4829815924167633,0.8513708710670471,1.0,1.390625,0.0005413591280036479,2772
1080,0.16809232532978058,0.958001434803009,0.75,1.015625,0.0005412300987936684,1381
1081,0.9085524678230286,0.6894548535346985,0.75,1.53125,0.0005411009434886367,4476
1082,0.1759646236896515,0.9478922486305237,1.0,0.65234375,0.000540971662157493,5124
1083,0.6378498077392578,0.7974420785903931,0.5,1.234375,0.0005408422548692455,2893
1084,0.8394948244094849,0.7166246771812439,0.75,1.4921875,0.0005407127216929691,3176
1085,0.44671958684921265,0.8676069378852844,0.75,1.90625,0.0005405830626978062,2198
1086,0.5377972722053528,0.8295232057571411,0.75,1.4453125,0.0005404532779529662,3062
1087,0.6123652458190918,0.8008525967597961,1.0,1.1640625,0.0005403233675277257,3284
1088,0.1697734296321869,0.9532630443572998,1.0,0.75,0.0005401933314914285,3509
1089,0.3442409634590149,0.9084435105323792,1.0,1.8203125,0.0005400631699134851,983
1090,0.23250335454940796,0.9307504296302795,1.0,0.8515625,0.0005399328828633734,3278
1091,0.4415552616119385,0.8709803819656372,1.0,1.2734375,0.000539802470410638,2550
1092,0.6376321315765381,0.7845789790153503,0.75,1.3359375,0.0005396719326248905,2957
1093,0.2533343732357025,0.9335064888000488,1.0,1.25,0.0005395412695758096,1925
1094,0.22666531801223755,0.9552395939826965,1.0,1.328125,0.0005394104813331407,1899
1095,0.2201947569847107,0.9489087462425232,1.0,0.91015625,0.000539279567966696,2016
1096,0.5970097184181213,0.8219056129455566,0.75,1.5390625,0.0005391485295463542,2246
1097,0.5609970092773438,0.8429290056228638,0.5,1.4296875,0.0005390173661420615,1789
1098,0.9815123081207275,0.6742408871650696,0.75,1.5703125,0.0005388860778238302,4841
1099,0.4023728668689728,0.8723318576812744,0.25,1.4140625,0.0005387546646617396,2483
1100,0.26825210452079773,0.934335470199585,1.0,1.34375,0.0005386231267259353,1264
1101,0.12939664721488953,0.9686179757118225,1.0,0.953125,0.0005384914640866299,1657
1102,0.9576457142829895,0.688500702381134,0.5,1.8671875,0.0005383596768141021,2748
1103,0.2859033942222595,0.910517156124115,0.25,1.4375,0.0005382277649786977,1721
1104,0.19675378501415253,0.9317739009857178,0.5,1.0625,0.0005380957286508285,3078
1105,0.34496068954467773,0.8951820731163025,0.25,1.15625,0.000537963567900973,2719
1106,0.1766686737537384,0.9482370615005493,1.0,0.83203125,0.0005378312827996762,2666
1107,0.48593443632125854,0.852066695690155,0.5,1.6171875,0.0005376988734175489,2758
1108,0.41739168763160706,0.8632502555847168,1.0,1.609375,0.0005375663398252691,3532
1109,0.9560760259628296,0.6792963743209839,0.75,2.03125,0.0005374336820935803,5173
1110,0.4409029483795166,0.8514215350151062,1.0,1.265625,0.0005373009002932929,4045
1111,0.42554378509521484,0.8731218576431274,0.75,1.46875,0.0005371679944952832,2396
1112,0.3353462815284729,0.9115598797798157,1.0,1.8046875,0.0005370349647704937,1436
1113,0.5681939721107483,0.8270154595375061,0.75,1.875,0.000536901811189933,1873
1114,0.9931548833847046,0.6786120533943176,0.5,1.53125,0.000536768533824676,5274
1115,0.34434276819229126,0.8925150632858276,1.0,1.2734375,0.0005366351327458637,2819
1116,0.7137802839279175,0.7702205777168274,0.75,2.28125,0.0005365016080247028,2720
1117,0.3925460875034332,0.87138432264328,1.0,1.1875,0.0005363679597324665,3872
1118,0.9121899008750916,0.7003952860832214,0.5,1.734375,0.0005362341879404933,3795
1119,0.2304103672504425,0.9230917692184448,1.0,0.80078125,0.0005361002927201882,5175
1120,0.29103848338127136,0.9102423191070557,1.0,1.9609375,0.0005359662741430219,1816
1121,0.38798779249191284,0.8763061165809631,1.0,0.90625,0.0005358321322805308,3541
1122,0.2831890881061554,0.9209401607513428,1.0,1.5703125,0.0005356978672043173,1404
1123,0.8423512578010559,0.7091169357299805,0.75,1.40625,0.0005355634789860495,4892
1124,0.5029846429824829,0.8346686363220215,1.0,1.484375,0.0005354289676974611,2746
1125,0.1544744074344635,0.9579524397850037,1.0,0.82421875,0.0005352943334103518,2735
1126,0.5327320694923401,0.8352365493774414,0.5,1.640625,0.0005351595761965869,2452
1127,0.6908609867095947,0.7644853591918945,1.0,1.21875,0.0005350246961280968,2934
1128,0.27730077505111694,0.9391785264015198,1.0,1.3359375,0.0005348896932768782,1266
1129,0.3353019058704376,0.8867595791816711,1.0,1.0078125,0.0005347545677149928,4018
1130,0.08217662572860718,0.982758641242981,1.0,0.6328125,0.0005346193195145681,1740
1131,0.24383163452148438,0.9210912585258484,0.5,0.99609375,0.000534483948747797,3409
1132,0.9918342232704163,0.6654650568962097,0.75,1.359375,0.0005343484554869377,5548
1133,0.6231648325920105,0.7954772114753723,1.0,1.484375,0.0005342128398043139,3007
1134,0.2065538465976715,0.9395838379859924,1.0,0.76953125,0.0005340771017723147,3989
1135,0.21728923916816711,0.9354155659675598,1.0,0.7734375,0.0005339412414633944,3778
1136,0.13655740022659302,0.964649498462677,1.0,0.7890625,0.0005338052589500727,1669
1137,0.19109924137592316,0.9436130523681641,1.0,0.63671875,0.0005336691543049342,3742
1138,0.2572210729122162,0.9272152185440063,0.75,1.046875,0.0005335329276006291,2528
1139,0.899539053440094,0.7451649308204651,0.75,2.03125,0.0005333965789098725,2637
1140,0.2039649337530136,0.9323350787162781,1.0,0.8125,0.0005332601083054447,5276
1141,0.7480052709579468,0.7495123147964478,1.0,1.234375,0.0005331235158601912,5126
1142,0.30235275626182556,0.939068078994751,1.0,1.625,0.0005329868016470221,837
1143,0.35726362466812134,0.9015099406242371,1.0,0.9921875,0.0005328499657389132,2914
1144,0.1011468768119812,0.9718390703201294,1.0,0.765625,0.0005327130082089045,1740
1145,0.12111719697713852,0.9798245429992676,1.0,0.921875,0.0005325759291301015,1140
1146,0.22729986906051636,0.932637095451355,1.0,1.0703125,0.0005324387285756743,1915
1147,0.07305050641298294,0.9843831062316895,1.0,0.490234375,0.0005323014066188577,1921
1148,0.3570778965950012,0.9010570645332336,1.0,1.4765625,0.0005321639633329518,2365
1149,0.3544732928276062,0.8892543911933899,1.0,1.5,0.0005320263987913212,1824
1150,1.0532097816467285,0.646258533000946,0.75,1.6328125,0.0005318887130673947,4557
1151,0.0924062430858612,0.9752827882766724,1.0,0.61328125,0.0005317509062346668,2387
1152,0.509704053401947,0.8381323218345642,0.75,1.578125,0.000531612978366696,2570
1153,0.27048707008361816,0.9262235164642334,0.75,1.4296875,0.0005314749295371054,1369
1154,1.0057449340820312,0.6870468854904175,0.75,1.3125,0.0005313367598195828,4138
1155,0.5385611057281494,0.8315941095352173,1.0,1.328125,0.0005311984692878806,2779
1156,0.8060044646263123,0.733032763004303,1.0,1.28125,0.0005310600580158155,4214
1157,0.702971875667572,0.779188334941864,1.0,0.97265625,0.0005309215260772689,4805
1158,0.20750018954277039,0.9469283819198608,0.75,0.8515625,0.0005307828735461864,2751
1159,0.21093547344207764,0.9320744276046753,1.0,0.92578125,0.000530644100496578,3548
1160,0.5129910707473755,0.8381419777870178,1.0,1.203125,0.0005305052070025181,3466
1161,0.5601803064346313,0.8257343173027039,1.0,1.1875,0.0005303661931381453,4562
1162,0.23372702300548553,0.9336569309234619,0.75,1.3984375,0.0005302270589776627,1854
1163,0.21563521027565002,0.9340735673904419,0.75,0.9765625,0.0005300878045953371,2882
1164,0.8170897960662842,0.721747875213623,1.0,1.4765625,0.0005299484300655002,3982
1165,0.17116884887218475,0.9447882175445557,0.75,1.03125,0.000529808935462547,2101
1166,0.07793581485748291,0.9759734869003296,1.0,0.515625,0.0005296693208609374,2414
1167,0.4543357491493225,0.8554421663284302,1.0,1.4609375,0.0005295295863351947,2940
1168,0.37059053778648376,0.8870323300361633,1.0,1.1640625,0.0005293897319599065,2753
1169,0.2773693799972534,0.9316419959068298,1.0,1.46875,0.0005292497578097246,1419
1170,0.3477386236190796,0.8806495070457458,0.75,1.1875,0.0005291096639593642,3695
1171,0.3166768550872803,0.9054505228996277,1.0,1.125,0.0005289694504836047,2697
1172,0.4234870970249176,0.8663039207458496,1.0,1.3671875,0.0005288291174572896,2573
1173,0.19073033332824707,0.9358068108558655,1.0,0.82421875,0.0005286886649553259,5094
1174,0.40023332834243774,0.8741865754127502,0.5,1.078125,0.0005285480930526843,2766
1175,0.1890837699174881,0.9549180269241333,1.0,1.09375,0.0005284074018243992,1708
1176,0.28690916299819946,0.9124696850776672,1.0,1.0234375,0.0005282665913455691,3713
1177,0.40293076634407043,0.8709796667098999,1.0,1.3515625,0.0005281256616913558,2705
1178,0.19669176638126373,0.9377790093421936,1.0,0.8046875,0.0005279846129369851,3584
1179,0.2352835237979889,0.9431739449501038,1.0,1.578125,0.0005278434451577457,1443
1180,0.1794566959142685,0.957457959651947,1.0,1.0,0.0005277021584289903,1904
1181,0.21539565920829773,0.9331296682357788,1.0,1.2265625,0.0005275607528261352,2946
1182,0.32787492871284485,0.8965961933135986,1.0,1.4296875,0.0005274192284246599,3878
1183,0.30034729838371277,0.9083442687988281,1.0,1.15625,0.0005272775853001074,3044
1184,0.12806305289268494,0.9598582983016968,1.0,0.93359375,0.0005271358235280839,1694
1185,0.4043070077896118,0.8788368105888367,0.5,1.7578125,0.0005269939431842593,1857
1186,0.10518019646406174,0.9716802835464478,0.75,0.8515625,0.0005268519443443664,1589
1187,0.8034689426422119,0.7620564103126526,0.75,2.203125,0.0005267098270842016,2198
1188,0.0962965339422226,0.9751847982406616,1.0,0.7421875,0.0005265675914796243,1894
1189,0.2647779583930969,0.9242424368858337,0.75,1.703125,0.000526425237606557,1188
1190,0.4112453758716583,0.8730000257492065,0.75,1.4921875,0.0005262827655409855,3000
1191,0.2933349609375,0.9253731369972229,0.75,1.296875,0.0005261401753589586,1809
1192,0.2006986141204834,0.9436469674110413,1.0,1.0546875,0.0005259974671365884,1881
1193,0.19395874440670013,0.9442398548126221,1.0,0.9453125,0.0005258546409500495,3802
1194,0.47060778737068176,0.8474518060684204,1.0,1.421875,0.0005257116968755798,2904
1195,0.33108246326446533,0.9025859236717224,1.0,1.1484375,0.0005255686349894803,2823
1196,0.10938669741153717,0.9806320071220398,1.0,0.6953125,0.0005254254553681144,1962
1197,0.3749520480632782,0.8824114203453064,1.0,1.4609375,0.0005252821580879087,3019
1198,0.15781447291374207,0.9665688872337341,1.0,1.09375,0.0005251387432253525,1705
1199,0.1412690132856369,0.9639639854431152,1.0,0.98828125,0.000524995210856998,2109
1200,0.36986929178237915,0.8818548321723938,0.75,1.875,0.0005248515610594597,2480
1201,0.26932862401008606,0.9169645309448242,1.0,1.2265625,0.0005247077939094155,3637
1202,0.3672420084476471,0.8890659809112549,1.0,1.3203125,0.0005245639094836054,3137
1203,0.3742994964122772,0.8913443684577942,1.0,1.703125,0.0005244199078588318,1629
1204,0.24662107229232788,0.9315589070320129,1.0,1.1640625,0.0005242757891119603,2630
1205,0.6761074662208557,0.7617605924606323,1.0,1.6171875,0.0005241315533199186,4294
1206,0.19723659753799438,0.9533199071884155,0.75,0.9375,0.0005239872005596968,2485
1207,0.7177544236183167,0.780604898929596,1.0,3.6875,0.0005238427309083481,2083
1208,0.1517026275396347,0.9688041806221008,1.0,1.359375,0.0005236981444429869,1154
1209,0.33396807312965393,0.9002879858016968,1.0,1.4765625,0.0005235534412407913,2778
1210,0.18699932098388672,0.9417003989219666,0.75,0.9296875,0.0005234086213790008,4940
1211,0.8589071035385132,0.7197889089584351,0.75,1.6015625,0.0005232636849349174,5685
1212,0.2689075767993927,0.916187584400177,1.0,1.2109375,0.0005231186319859054,3305
1213,0.22341328859329224,0.9411562085151672,1.0,1.2734375,0.0005229734626093914,2906
1214,0.13369067013263702,0.9600952863693237,0.75,1.0625,0.0005228281768828636,1679
1215,0.2687331438064575,0.9119824767112732,1.0,1.0859375,0.0005226827748838731,3647
1216,0.2111014872789383,0.94036865234375,1.0,1.328125,0.0005225372566900326,2767
1217,0.5817375183105469,0.8111076354980469,1.0,1.625,0.0005223916223790168,3187
1218,0.22612647712230682,0.9353035092353821,1.0,1.625,0.0005222458720285626,1252
1219,0.6181427240371704,0.7989690899848938,1.0,1.53125,0.0005221000057164685,2910
1220,0.49000516533851624,0.8423561453819275,1.0,1.15625,0.0005219540235205953,2937
1221,0.30792877078056335,0.910423994064331,1.0,0.921875,0.0005218079255188654,3137
1222,0.22503763437271118,0.9264615178108215,1.0,1.2890625,0.0005216617117892631,3250
1223,0.21395836770534515,0.9509875774383545,1.0,0.93359375,0.0005215153824098345,2734
1224,0.3481491804122925,0.8957081437110901,0.75,1.6171875,0.0005213689374586873,2330
1225,0.12391217052936554,0.9659489393234253,1.0,0.96484375,0.0005212223770139911,1997
1226,0.17981208860874176,0.9495074152946472,1.0,1.4140625,0.0005210757011539769,1624
1227,0.3141704201698303,0.90267413854599,1.0,1.1171875,0.0005209289099569374,3216
1228,0.3127883970737457,0.9088277816772461,1.0,1.390625,0.0005207820035012271,2764
1229,0.11162745207548141,0.9710078239440918,1.0,0.8203125,0.0005206349818652616,2173
1230,0.25858190655708313,0.9208547472953796,1.0,1.1171875,0.0005204878451275183,2527
1231,0.8969842195510864,0.7527322173118591,0.5,2.015625,0.0005203405933665361,2196
1232,0.1842222809791565,0.9387913942337036,0.5,1.1015625,0.0005201932266609149,2565
1233,0.22244472801685333,0.9276738166809082,1.0,0.890625,0.0005200457450893164,3581
1234,0.19892804324626923,0.9450237154960632,0.75,0.8515625,0.0005198981487304631,3165
1235,0.5048899054527283,0.8339177370071411,0.75,1.640625,0.0005197504376631394,3137
1236,0.34283456206321716,0.8876117467880249,1.0,1.0859375,0.0005196026119661904,3132
1237,0.21339929103851318,0.9456111788749695,1.0,1.3984375,0.0005194546717185226,1857
1238,0.15583892166614532,0.9542812705039978,1.0,0.8671875,0.0005193066169991039,2581
1239,0.2974845767021179,0.9150378704071045,1.0,1.25,0.0005191584478869628,2507
1240,0.09376181662082672,0.9768361449241638,1.0,0.76953125,0.000519010164461189,1770
1241,0.47110214829444885,0.8543398976325989,1.0,1.375,0.0005188617668009336,3007
1242,0.2713155150413513,0.9244052171707153,1.0,1.2109375,0.0005187132549854083,2606
1243,0.1283864676952362,0.9624530673027039,1.0,0.93359375,0.0005185646290938857,2397
1244,0.6999714970588684,0.7710886597633362,0.75,1.609375,0.0005184158892056996,5548
1245,0.5602240562438965,0.8268774747848511,0.75,1.2890625,0.0005182670354002445,3795
1246,0.11960316449403763,0.9735714197158813,1.0,0.90625,0.0005181180677569753,1400
1247,0.1534203737974167,0.9686800837516785,1.0,1.078125,0.0005179689863554085,1341
1248,0.1046694740653038,0.9719775915145874,1.0,0.89453125,0.0005178197912751207,2498
1249,0.21190975606441498,0.9345866441726685,1.0,0.88671875,0.0005176704825957493,3883
1250,0.4592626988887787,0.8464223146438599,1.0,1.8125,0.0005175210603969925,2865
1251,0.4445744454860687,0.8519542217254639,1.0,2.234375,0.0005173715247586087,2533
1252,0.2129538208246231,0.9340206384658813,1.0,0.9375,0.0005172218757604174,2910
1253,0.2778874337673187,0.9250978231430054,0.5,1.3984375,0.0005170721134822984,1789
1254,0.21053317189216614,0.9447004795074463,1.0,1.4765625,0.0005169222380041915,1302
1255,0.1928396224975586,0.9383370280265808,1.0,1.0625,0.0005167722494060977,3584
1256,0.12416628748178482,0.9667186737060547,1.0,0.95703125,0.000516622147768078,1923
1257,0.05180896073579788,0.9845617413520813,1.0,0.640625,0.0005164719331702535,2008
1258,0.14980655908584595,0.9651821851730347,1.0,1.390625,0.0005163216056928061,1235
1259,0.7419201135635376,0.7761546969413757,1.0,2.390625,0.0005161711654159775,4655
1260,0.29223644733428955,0.9247196912765503,1.0,1.734375,0.00051602061242007,1873
1261,0.1209515705704689,0.9660193920135498,1.0,1.25,0.0005158699467854457,1648
1262,0.07884275168180466,0.9883126616477966,1.0,0.7890625,0.0005157191685925271,1369
1263,0.49942299723625183,0.8385233283042908,1.0,1.28125,0.0005155682779217966,3982
1264,0.18995793163776398,0.9393279552459717,1.0,1.1328125,0.0005154172748537967,3214
1265,0.16523560881614685,0.9499300718307495,1.0,0.9453125,0.0005152661594691301,3575
1266,0.08185771852731705,0.9779104590415955,0.75,0.84765625,0.0005151149318484591,1675
1267,0.41093480587005615,0.875156044960022,0.5,1.2421875,0.000514963592072506,4005
1268,0.1846090704202652,0.9459229707717896,0.75,0.9375,0.0005148121402220533,3532
1269,0.4116104543209076,0.8716049194335938,0.75,1.8125,0.0005146605763779429,2430
1270,0.11712309718132019,0.9725330471992493,1.0,1.546875,0.0005145089006210766,983
1271,0.11433369666337967,0.9741235375404358,1.0,0.96875,0.0005143571130324161,2396
1272,0.06603384017944336,0.9851351380348206,1.0,0.578125,0.0005142052136929827,2220
1273,0.30869123339653015,0.9043108820915222,1.0,1.3046875,0.0005140532026838572,3062
1274,0.30905529856681824,0.9125059247016907,1.0,1.6484375,0.0005139010800861801,2103
1275,0.1834164410829544,0.9550233483314514,1.0,1.1875,0.0005137488459811517,1712
1276,0.09074969589710236,0.97817462682724,1.0,0.80859375,0.0005135965004500315,2016
1277,0.1278989464044571,0.9679588675498962,1.0,0.90625,0.0005134440435741385,2528
1278,0.049523383378982544,0.9886972308158875,1.0,0.58984375,0.0005132914754348515,1681
1279,0.3864341378211975,0.8766747713088989,1.0,2.203125,0.000513138796113608,3284
1280,0.4658869206905365,0.8529411554336548,1.0,1.84375,0.0005129860056919056,2720
1281,0.23731309175491333,0.9250061511993408,0.75,1.40625,0.0005128331042513008,4067
1282,0.1932486891746521,0.941866397857666,1.0,1.4140625,0.0005126800918734094,1961
1283,0.2940133810043335,0.9025879502296448,1.0,1.5078125,0.0005125269686399065,3439
1284,0.081340491771698,0.9785932898521423,1.0,0.73828125,0.0005123737346325261,1962
1285,0.22673101723194122,0.9413377046585083,1.0,1.5859375,0.0005122203899330618,1824
1286,0.2685905694961548,0.9238985180854797,1.0,1.71875,0.000512066934623366,1498
1287,0.2576228082180023,0.9271882176399231,0.75,1.3359375,0.0005119133687853501,2582
1288,0.2494487166404724,0.9192780256271362,1.0,1.078125,0.0005117596925009846,3989
1289,0.13479283452033997,0.9575358629226685,0.75,0.9140625,0.0005116059058522989,3344
1290,0.05743969976902008,0.9905462265014648,1.0,0.6015625,0.0005114520089213813,1904
1291,0.17164285480976105,0.9434738159179688,1.0,1.0078125,0.000511298001790379,2919
1292,0.12356855720281601,0.9688436388969421,1.0,1.109375,0.0005111438845414982,1669
1293,0.3305334448814392,0.9018126726150513,1.0,1.75,0.0005109896572570035,2648
1294,0.13299252092838287,0.9601919651031494,1.0,0.69921875,0.0005108353200192187,3542
1295,0.16555587947368622,0.9461832046508789,1.0,0.9921875,0.0005106808729105256,5240
1296,0.1708836853504181,0.9560703039169312,1.0,1.4921875,0.0005105263160133653,1252
1297,0.13339053094387054,0.9770023822784424,1.0,1.03125,0.0005103716494102374,1261
1298,0.3334253430366516,0.8961182832717896,1.0,1.359375,0.0005102168731836998,2705
1299,0.5406081676483154,0.8456284403800964,0.75,1.875,0.0005100619874163691,2196
1300,0.4032333791255951,0.8687397837638855,0.75,1.796875,0.0005099069921909203,3055
1301,0.5687570571899414,0.825206995010376,1.0,1.9765625,0.0005097518875900868,3261
1302,0.24959176778793335,0.9248927235603333,1.0,1.53125,0.0005095966736966607,2330
1303,0.1430390477180481,0.9529492259025574,0.75,0.796875,0.0005094413505934918,2933
1304,0.22217383980751038,0.9400164484977722,1.0,1.3125,0.0005092859183634888,2434
1305,0.45723477005958557,0.861944317817688,0.75,1.6484375,0.0005091303770896183,2767
1306,0.6452029943466187,0.7919012308120728,1.0,1.3515625,0.0005089747268549053,5507
1307,0.14897608757019043,0.9643874764442444,1.0,1.109375,0.0005088189677424328,1404
1308,0.1756638139486313,0.9538294672966003,1.0,1.1640625,0.000508663099835342,1841
1309,0.1200641542673111,0.9686431288719177,1.0,1.109375,0.0005085071232168323,1754
1310,0.21837911009788513,0.9457964897155762,1.0,1.4296875,0.0005083510379701609,2712
1311,0.1151408925652504,0.9658963084220886,1.0,0.69140625,0.0005081948441786431,3548
1312,0.07025859504938126,0.9837296605110168,1.0,0.78515625,0.0005080385419256521,1598
1313,0.05531095713376999,0.9897050857543945,1.0,0.34375,0.000507882131294619,3594
1314,0.2265111207962036,0.9304891228675842,1.0,1.25,0.0005077256123690329,2719
1315,0.4326475262641907,0.8638497591018677,0.5,1.5390625,0.0005075689852324404,2556
1316,0.06355594843626022,0.9837812781333923,1.0,0.61328125,0.000507412249968446,2158
1317,0.2179500013589859,0.9396268129348755,1.0,0.99609375,0.0005072554066607121,2733
1318,0.1809156835079193,0.9403131008148193,1.0,0.859375,0.0005070984553929587,5110
1319,0.16443301737308502,0.9601171016693115,1.0,1.2421875,0.000506941396248963,2733
1320,0.2284965068101883,0.9380849599838257,1.0,1.015625,0.0005067842293125606,2778
1321,0.11784964799880981,0.9656115770339966,1.0,0.7109375,0.0005066269546676438,2559
1322,0.06729194521903992,0.9857847094535828,1.0,0.404296875,0.0005064695723981629,5276
1323,0.1763433963060379,0.9459389448165894,1.0,0.98828125,0.0005063120825881254,3866
1324,0.21588577330112457,0.9278247952461243,1.0,0.93359375,0.0005061544853215965,4018
1325,0.1606643795967102,0.9554212093353271,1.0,1.1640625,0.0005059967806826984,2647
1326,0.30498263239860535,0.9119769334793091,1.0,1.890625,0.0005058389687556109,2079
1327,0.1965714395046234,0.9389936923980713,1.0,1.6015625,0.0005056810496245708,1590
1328,0.11748113483190536,0.9717336893081665,1.0,1.125,0.0005055230233738724,1592
1329,0.24363748729228973,0.9188475012779236,0.5,1.8359375,0.0005053648900878671,3783
1330,0.26453325152397156,0.9193793535232544,1.0,1.375,0.0005052066498509633,3287
1331,0.15620556473731995,0.9621749520301819,1.0,1.1953125,0.0005050483027476265,1692
1332,0.7933720350265503,0.7338725924491882,0.75,1.75,0.0005048898488623796,4945
1333,0.23103918135166168,0.9299781322479248,0.75,1.4609375,0.0005047312882798017,1828
1334,0.09381207823753357,0.9707523584365845,1.0,0.6484375,0.00050457262108453,5197
1335,0.7713353037834167,0.7522957921028137,0.75,1.53125,0.0005044138473612574,4138
1336,0.20167511701583862,0.9409489631652832,1.0,1.0078125,0.0005042549671947347,3878
1337,0.09708526730537415,0.9742639660835266,1.0,0.515625,0.0005040959806697688,5129
1338,0.6691510081291199,0.7840015888214111,1.0,1.2734375,0.0005039368878712237,4963
1339,0.13817593455314636,0.9623979926109314,1.0,1.140625,0.00050377768888402,2819
1340,0.24466805160045624,0.9327731132507324,1.0,1.7109375,0.000503618383793135,1071
1341,0.16914676129817963,0.9526032209396362,1.0,0.86328125,0.000503458972683603,2785
1342,0.30868029594421387,0.8999043703079224,1.0,1.671875,0.0005032994556405141,3137
1343,0.14842545986175537,0.961751401424408,1.0,1.140625,0.0005031398327490157,1987
1344,0.18233369290828705,0.9523522257804871,1.0,1.515625,0.0005029801040943113,1658
1345,0.8590406179428101,0.7064656019210815,1.0,1.5703125,0.000502820269761661,4841
1346,0.1679382175207138,0.948555588722229,1.0,1.0,0.0005026603298363813,2527
1347,0.18260134756565094,0.9405993223190308,1.0,1.0390625,0.0005025002844038449,3771
1348,0.4604297876358032,0.8532296419143677,0.5,1.484375,0.0005023401335494813,2957
1349,0.0640430897474289,0.982349693775177,1.0,0.61328125,0.0005021798773587754,1813
1350,0.14288417994976044,0.9604871273040771,0.75,0.69921875,0.0005020195159172692,3695
1351,0.4710962474346161,0.8724831938743591,0.5,1.6875,0.0005018590493105605,1937
1352,0.5970178842544556,0.8049393892288208,0.75,1.3984375,0.0005016984776243032,4373
1353,0.15101255476474762,0.9518822431564331,1.0,0.80078125,0.0005015378009442075,3533
1354,0.740565299987793,0.749319314956665,1.0,1.4765625,0.0005013770193560393,5142
1355,0.08408815413713455,0.9808632135391235,1.0,0.59375,0.0005012161329456208,2456
1356,0.0854969322681427,0.9735660552978516,1.0,0.796875,0.0005010551417988301,2005
1357,0.5992048978805542,0.7924671769142151,1.0,1.4453125,0.0005008940460016011,5257
1358,0.1630215048789978,0.960246741771698,1.0,1.3359375,0.0005007328456399235,1459
1359,0.0629643052816391,0.9869961142539978,1.0,0.484375,0.0005005715407998431,3076
1360,0.7437862753868103,0.7478681802749634,1.0,1.65625,0.0005004101315674612,4339
1361,0.19574756920337677,0.9371953010559082,1.0,1.078125,0.000500248618028935,3487
1362,0.20604127645492554,0.9402984976768494,1.0,1.6328125,0.0005000870002704772,2948
1363,0.08736037462949753,0.9766849279403687,1.0,0.50390625,0.0004999252783783564,5104
1364,0.12023161351680756,0.9665303826332092,1.0,0.62109375,0.0004997634524388964,3914
1365,0.09853644669055939,0.9755262136459351,1.0,0.72265625,0.000499601522538477,2043
1366,0.11092695593833923,0.9722598195075989,1.0,0.6328125,0.000499439488763533,2956
1367,0.42819148302078247,0.8571984171867371,1.0,2.109375,0.0004992773512005551,2570
1368,0.241904616355896,0.9215473532676697,1.0,1.3515625,0.000499115109936089,2766
1369,0.19219303131103516,0.9598409533500671,0.75,0.71875,0.000498952765056736,2515
1370,0.2077188491821289,0.9464735388755798,1.0,0.98046875,0.0004987903166491528,3176
1371,0.3570447862148285,0.9054834246635437,0.75,1.6953125,0.000498627764800051,1386
1372,0.23901836574077606,0.9260528683662415,1.0,1.328125,0.0004984651095961978,2042
1373,0.10001876950263977,0.972143292427063,1.0,1.046875,0.0004983023511244153,1759
1374,0.09832105040550232,0.9735560417175293,1.0,0.77734375,0.0004981394894715809,2874
1375,0.21195510029792786,0.9333006143569946,1.0,1.1015625,0.0004979765247246269,4078
1376,0.08805272728204727,0.9803707599639893,1.0,0.63671875,0.0004978134569705408,2751
1377,0.1797282099723816,0.9570032358169556,1.0,1.1328125,0.000497650286296365,3070
1378,0.048512816429138184,0.9861941933631897,1.0,0.51953125,0.0004974870127891967,2173
1379,0.22048009932041168,0.9433115720748901,1.0,1.046875,0.0004973236365361884,2452
1380,0.4516955316066742,0.8532872200012207,0.75,1.625,0.000497160157624547,4335
1381,0.09664043039083481,0.9777082800865173,1.0,0.66015625,0.0004969965761415344,2557
1382,0.4880148470401764,0.8347889184951782,1.0,2.578125,0.0004968328921744673,2748
1383,0.1379985362291336,0.9550272226333618,1.0,0.828125,0.000496669105810717,3491
1384,0.3084052801132202,0.899454653263092,1.0,1.6875,0.0004965052171377095,2934
1385,0.5683203935623169,0.8167407512664795,0.75,1.6640625,0.0004963412262429253,5173
1386,0.06322593986988068,0.9840614199638367,1.0,0.53125,0.0004961771332138996,1694
1387,0.1362708956003189,0.960038959980011,0.75,0.8046875,0.0004960129381382222,3078
1388,0.08054757118225098,0.9815078377723694,1.0,0.7578125,0.0004958486411035371,2109
1389,0.47482118010520935,0.847301721572876,1.0,1.203125,0.0004956842421975431,4892
1390,0.09387657046318054,0.9750249981880188,1.0,0.71484375,0.0004955197415079928,4004
1391,0.21749421954154968,0.9497374296188354,1.0,1.3671875,0.0004953551391226938,1333
1392,0.13504262268543243,0.9644396305084229,1.0,1.1171875,0.0004951904351295076,2784
1393,0.5592286586761475,0.825802743434906,0.75,1.2734375,0.0004950256296163498,5201
1394,0.04969824478030205,0.9895287752151489,1.0,0.5546875,0.0004948607226711905,2101
1395,0.41543009877204895,0.8774464130401611,1.0,1.0390625,0.0004946957143820541,4292
1396,0.07235188037157059,0.9844908714294434,1.0,0.71484375,0.0004945306048370185,1483
1397,0.2981239855289459,0.9206546545028687,1.0,0.82421875,0.0004943653941242161,4827
1398,0.33706340193748474,0.9094810485839844,1.0,1.1171875,0.0004942000823318331,5126
1399,0.23447979986667633,0.9310483932495117,1.0,1.328125,0.0004940346695481098,2480
1400,0.45210883021354675,0.8530507683753967,0.75,1.421875,0.0004938691558613405,4294
1401,0.24877242743968964,0.9274086952209473,1.0,1.28125,0.0004937035413598729,2273
1402,0.3098949193954468,0.907543420791626,0.75,2.359375,0.000493537826132109,2996
1403,0.21539373695850372,0.9430210590362549,1.0,1.1328125,0.0004933720102665043,2615
1404,0.1288558840751648,0.975806474685669,1.0,1.5390625,0.0004932060938515681,744
1405,0.08607029169797897,0.9714528918266296,1.0,0.7578125,0.0004930400769758633,2347
1406,0.3377474248409271,0.8872098326683044,0.75,1.84375,0.0004928739597280068,4566
1407,0.12750859558582306,0.961313009262085,1.0,0.78125,0.0004927077421966685,5118
1408,0.17418205738067627,0.9541864395141602,1.0,1.59375,0.0004925414244705722,1899
1409,0.08949477225542068,0.9818325638771057,1.0,0.859375,0.000492375006638495,1266
1410,0.21735259890556335,0.9300546646118164,1.0,1.359375,0.0004922084887892675,3660
1411,0.18401411175727844,0.9401376843452454,1.0,1.0390625,0.0004920418710117738,3341
1412,0.46728843450546265,0.8616924285888672,0.75,2.0,0.0004918751533949513,2198
1413,0.07495346665382385,0.987525999546051,1.0,0.93359375,0.0004917083360277904,1443
1414,0.10337509214878082,0.9753537178039551,1.0,0.73046875,0.0004915414189993352,2191
1415,0.14107060432434082,0.9549078941345215,1.0,0.828125,0.0004913744023986828,3637
1416,0.4196621775627136,0.852634072303772,1.0,2.046875,0.0004912072863149831,4214
1417,0.0968046635389328,0.9749216437339783,1.0,0.6796875,0.0004910400708374399,3509
1418,0.24944700300693512,0.9212678670883179,1.0,1.1875,0.0004908727560553092,2934
1419,0.22768442332744598,0.9406965970993042,1.0,1.0078125,0.0004907053420579006,3187
1420,0.09570904076099396,0.975623607635498,0.75,0.8984375,0.0004905378289345763,1764
1421,0.08599686622619629,0.9770761132240295,1.0,0.73046875,0.0004903702167747517,2312
1422,0.07598412036895752,0.9814490079879761,1.0,0.7421875,0.000490202505667895,3989
1423,0.0636742115020752,0.9880519509315491,1.0,0.63671875,0.0004900346957035268,1925
1424,0.06871560215950012,0.9859648942947388,1.0,0.83203125,0.0004898667869712211,1140
1425,0.13627426326274872,0.9663978219032288,1.0,1.2578125,0.0004896987795606042,1488
1426,0.25425881147384644,0.9307666420936584,1.0,1.25,0.0004895306735613553,2961
1427,0.08576124906539917,0.9783404469490051,1.0,0.66015625,0.0004893624690632062,3278
1428,0.0886429101228714,0.9747307300567627,1.0,0.5859375,0.0004891941661559409,2414
1429,0.0845305323600769,0.9769396185874939,1.0,0.56640625,0.0004890257649293964,5117
1430,0.09292950481176376,0.9729932546615601,1.0,0.875,0.0004888572654734622,2666
1431,0.11229696869850159,0.9689716100692749,1.0,1.3359375,0.0004886886678780798,1128
1432,0.0488683320581913,0.9862068891525269,1.0,0.62109375,0.0004885199722332433,1740
1433,0.10156521946191788,0.9720748662948608,1.0,0.64453125,0.0004883511786289994,3581
1434,0.035840850323438644,0.9907975196838379,1.0,0.458984375,0.0004881822871554468,1630
1435,0.2324415147304535,0.9231207370758057,0.5,1.4375,0.0004880132979027363,1756
1436,0.2398277223110199,0.9228475689888,1.0,1.234375,0.0004878442109610713,2683
1437,0.08543705940246582,0.9783362150192261,1.0,0.99609375,0.000487675026420707,1154
1438,0.14847928285598755,0.9582463502883911,1.0,2.0625,0.000487505744371951,479
1439,0.21603359282016754,0.9404587745666504,1.0,1.4921875,0.00048733636490516256,2049
1440,0.24210907518863678,0.9305611848831177,1.0,1.4375,0.00048716688811075337,2477
1441,0.26217371225357056,0.9241562485694885,1.0,1.375,0.0004869973140791867,2637
1442,0.04857945814728737,0.9888049364089966,1.0,0.56640625,0.00048682764290097785,3573
1443,0.08390640467405319,0.9791283011436462,1.0,0.9296875,0.00048665787466669426,1629
1444,0.03797250613570213,0.9912463426589966,1.0,0.498046875,0.00048648800946695465,2399
1445,0.20001590251922607,0.9441860318183899,1.0,1.3984375,0.00048631804739243006,2365
1446,0.3696948289871216,0.8791114687919617,0.75,1.3828125,0.00048614798853384265,4682
1447,0.10289870947599411,0.9724770784378052,1.0,0.58984375,0.00048597783298196673,2398
1448,0.044410452246665955,0.9864422678947449,1.0,0.359375,0.00048580758082762807,2139
1449,0.17295679450035095,0.9431573152542114,1.0,0.8671875,0.00048563723216170373,3712
1450,0.11684388667345047,0.9709225296974182,1.0,0.57421875,0.0004854667870751228,3783
1451,0.17063400149345398,0.9530127048492432,1.0,1.40625,0.0004852962456588654,1809
1452,0.14235804975032806,0.9513395428657532,1.0,0.76171875,0.0004851256080039634,3658
1453,0.0772038921713829,0.983372151851654,1.0,0.8125,0.00048495487420149977,3007
1454,0.08228328824043274,0.9753801822662354,1.0,0.96875,0.00048478404434260894,1381
1455,0.06502716988325119,0.9863013625144958,1.0,0.91796875,0.00048461311851847645,1095
1456,0.16323697566986084,0.9576027989387512,1.0,1.0703125,0.0004844420968203393,3137
1457,0.4261798858642578,0.8608084321022034,0.75,1.546875,0.0004842709793394856,2845
1458,0.38086700439453125,0.8811063170433044,1.0,1.609375,0.0004840997661672545,2784
1459,0.17046095430850983,0.9501960873603821,1.0,1.0078125,0.0004839284573950363,2550
1460,0.14392878115177155,0.9663532972335815,1.0,1.2109375,0.0004837570531142723,2021
1461,0.11359629034996033,0.9723801612854004,1.0,0.79296875,0.0004835855534164548,2462
1462,0.09560704231262207,0.9753665924072266,1.0,0.8984375,0.00048341395839312693,1705
1463,0.2098468542098999,0.9396551847457886,1.0,1.234375,0.00048324226813588285,3132
1464,0.088603176176548,0.9799927473068237,1.0,0.75,0.00048307048273636753,2749
1465,0.23004338145256042,0.928447961807251,1.0,1.4765625,0.0004828986022862766,2893
1466,0.20918022096157074,0.9490445852279663,1.0,1.390625,0.00048272662687735666,2198
1467,0.11734797805547714,0.9695550203323364,1.0,1.296875,0.0004825545566014048,1708
1468,0.062157317996025085,0.979899525642395,1.0,0.53515625,0.00048238239155026867,2388
1469,0.10448003560304642,0.9697895646095276,1.0,0.90625,0.0004822101318158468,2946
1470,0.25945648550987244,0.9208278656005859,1.0,1.3125,0.00048203777749008804,3044
1471,0.23981383442878723,0.9277378916740417,1.0,1.4296875,0.00048186532866499176,2228
1472,0.11914895474910736,0.9646766185760498,1.0,1.3359375,0.0004816927854326078,2010
1473,0.06622838228940964,0.9839908480644226,1.0,0.8203125,0.0004815201478850365,1749
1474,0.1730537861585617,0.9468048214912415,1.0,1.265625,0.0004813474161144284,2895
1475,0.05860212817788124,0.9867841601371765,1.0,0.66796875,0.0004811745902129843,1816
1476,0.5974630117416382,0.8027055263519287,1.0,1.6953125,0.0004810016702729553,4805
1477,0.1770898699760437,0.9436873197555542,0.75,0.98046875,0.00048082865638664283,3889
1478,0.3449225127696991,0.8928101658821106,1.0,1.1171875,0.0004806555486463983,4562
1479,0.09182540327310562,0.9776824116706848,1.0,0.8046875,0.0004804823471446233,2330
1480,0.10366199165582657,0.9700483083724976,1.0,0.68359375,0.0004803090519737694,5175
1481,0.06715449690818787,0.9812597632408142,1.0,0.76171875,0.00048013566322633824,1921
1482,0.09386719763278961,0.9732630848884583,1.0,0.55078125,0.00047996218099488136,5124
1483,0.04822084680199623,0.9911894202232361,1.0,0.6484375,0.0004797886053720002,1589
1484,0.13665902614593506,0.9626099467277527,1.0,1.1171875,0.00047961493645034604,2728
1485,0.09601456671953201,0.9746588468551636,1.0,0.82421875,0.00047944117432261997,2565
1486,0.1676824986934662,0.9540082812309265,1.0,1.15625,0.00047926731908157303,3131
1487,0.07026948779821396,0.9833641648292542,1.0,0.73046875,0.00047909337082000555,2164
1488,0.1044997125864029,0.9697413444519043,1.0,0.859375,0.0004789193296307679,2049
1489,0.46156659722328186,0.8494674563407898,1.0,1.71875,0.0004787451956067599,4225
1490,0.25037881731987,0.9226298332214355,0.75,1.265625,0.00047857096884093076,2753
1491,0.14157818257808685,0.9632683396339417,1.0,0.94921875,0.00047839664942627954,2668
1492,0.13411884009838104,0.9666666388511658,1.0,0.88671875,0.00047822223745585445,2940
1493,0.1024392694234848,0.9750000238418579,1.0,0.99609375,0.0004780477330227533,3000
1494,0.22944676876068115,0.9324512481689453,1.0,1.03125,0.00047787313622012293,2872
1495,0.35252341628074646,0.8980141282081604,1.0,1.4453125,0.0004776984471411602,2971
1496,0.07946032285690308,0.9819245338439941,1.0,0.7421875,0.0004775236658791104,1881
1497,0.05181998386979103,0.9863013625144958,1.0,0.75,0.00047734879252726847,1679
1498,0.05199338495731354,0.9854133129119873,1.0,0.5390625,0.0004771738271789784,2468
1499,0.06141238659620285,0.9841468334197998,1.0,0.4765625,0.00047699876992763344,2397
1500,0.29800909757614136,0.9097172021865845,0.75,2.3125,0.0004768236208666755,2758
1501,0.05766969174146652,0.9887880682945251,1.0,0.5859375,0.00047664838008959606,1873
1502,0.42313727736473083,0.8604193925857544,1.0,2.15625,0.000476473047689935,4578
1503,0.046883080154657364,0.991587221622467,1.0,0.60546875,0.00047629762376128154,1783
1504,0.14838744699954987,0.9627376198768616,0.75,1.0625,0.00047612210839727346,2630
1505,0.12522272765636444,0.9645441174507141,1.0,1.1015625,0.0004759465016915975,2764
1506,0.10509136319160461,0.9759842753410339,1.0,0.75,0.00047577080373798907,2540
1507,0.08000913262367249,0.9788150787353516,1.0,0.625,0.0004755950146302325,2785
1508,0.06255804747343063,0.9791304469108582,1.0,0.95703125,0.0004754191344621604,1725
1509,0.08791258186101913,0.9804727435112,1.0,0.796875,0.0004752431633276544,1946
1510,0.07214368134737015,0.9860652685165405,1.0,0.68359375,0.00047506710132064434,2727
1511,0.10257426649332047,0.9727187156677246,1.0,0.734375,0.00047489094853510875,2126
1512,0.3287466764450073,0.90267413854599,1.0,1.6484375,0.00047471470506507446,3216
1513,0.14743256568908691,0.9565526843070984,1.0,1.1953125,0.00047453837100461705,2808
1514,0.2861127257347107,0.903994619846344,1.0,1.828125,0.00047436194644786015,2979
1515,0.1780918538570404,0.9478505849838257,1.0,1.453125,0.00047418543148897575,1419
1516,0.0822937861084938,0.9785860776901245,1.0,0.625,0.00047400882622218403,3409
1517,0.04994044452905655,0.9892891645431519,1.0,0.7109375,0.00047383213074175356,2054
1518,0.1265932321548462,0.9584387540817261,1.0,0.86328125,0.000473655345142001,2767
1519,0.20550782978534698,0.9468302726745605,1.0,1.09375,0.00047347846951729093,2934
1520,0.06815200299024582,0.9855471253395081,1.0,0.77734375,0.0004733015039620363,2906
1521,0.5040135979652405,0.8591968417167664,0.75,2.375,0.00047312444857069774,2017
1522,0.06060230731964111,0.9857887029647827,1.0,0.578125,0.0004729473034377841,2111
1523,0.08083444833755493,0.979081928730011,1.0,0.9453125,0.00047277006865785204,1721
1524,0.0891367569565773,0.9726720452308655,1.0,0.5859375,0.000472592744325506,4940
1525,0.157124325633049,0.9578765034675598,0.5,1.15625,0.0004724153305353982,3466
1526,0.12297005951404572,0.9701593518257141,0.75,0.85546875,0.0004722378273822289,2949
1527,0.15177203714847565,0.9594824910163879,0.75,0.796875,0.00047206023496074574,2937
1528,0.1840737760066986,0.9426652789115906,1.0,1.0625,0.0004718825533657439,3872
1529,0.17033950984477997,0.9522402882575989,1.0,1.3125,0.00047170478269206674,2031
1530,0.08411716669797897,0.9758333563804626,1.0,1.1484375,0.00047152692303460453,1200
1531,0.12833522260189056,0.9718390703201294,1.0,1.09375,0.00047134897448829536,1740
1532,0.253231942653656,0.9230442047119141,1.0,2.515625,0.00047117093714812487,2352
1533,0.10574185848236084,0.9757859110832214,1.0,0.92578125,0.0004709928111091259,2354
1534,0.14527514576911926,0.9529931545257568,1.0,1.2890625,0.00047081459646637847,2489
1535,0.1596706062555313,0.9496221542358398,1.0,1.1015625,0.0004706362933150103,3573
1536,0.31486305594444275,0.9008572697639465,1.0,1.6328125,0.0004704579017501962,2683
1537,0.09093990176916122,0.9776433706283569,1.0,0.625,0.000470279421867158,3802
1538,0.05450744554400444,0.9833475947380066,1.0,0.6484375,0.00047010085376116484,2342
1539,0.04815419018268585,0.9882998466491699,1.0,0.5390625,0.0004699221975275329,2735
1540,0.6095105409622192,0.8055809140205383,1.0,1.78125,0.0004697434532616255,5483
1541,0.08700123429298401,0.9840067625045776,1.0,1.1796875,0.00046956462105885284,1188
1542,0.046414539217948914,0.9894606471061707,1.0,0.703125,0.00046938570101467204,1613
1543,0.159414142370224,0.9580152630805969,1.0,1.0234375,0.0004692066932245872,2882
1544,0.09129927307367325,0.9836065769195557,1.0,0.80078125,0.0004690275977841492,1830
1545,0.288036584854126,0.9112569093704224,1.0,1.53125,0.00046884841478895563,2896
1546,0.09851216524839401,0.9770569801330566,1.0,1.25,0.0004686691443346511,1264
1547,1.0644394159317017,0.6817755699157715,0.75,2.5625,0.0004684897865169265,3199
1548,0.06196889281272888,0.9809714555740356,1.0,0.81640625,0.00046831034143151966,1997
1549,0.10286649316549301,0.9718599915504456,1.0,0.91015625,0.0004681308091742149,2914
1550,0.036653898656368256,0.9908382892608643,1.0,0.462890625,0.0004679511898408431,2183
1551,0.46277421712875366,0.8496801853179932,1.0,1.2421875,0.0004677714835272815,4690
1552,0.15256044268608093,0.9483908414840698,1.0,0.95703125,0.0004675916903294538,3449
1553,0.042842648923397064,0.9893221855163574,1.0,0.5234375,0.00046741181034333035,2154
1554,0.14524312317371368,0.961650013923645,1.0,0.8125,0.0004672318436649274,3103
1555,0.09163129329681396,0.9726153612136841,1.0,1.0,0.0004670517903903077,3250
1556,0.07037445157766342,0.9818181991577148,1.0,1.2109375,0.0004668716506155802,1100
1557,0.15867899358272552,0.9608632326126099,1.0,1.03125,0.00046669142443690016,2734
1558,0.16915878653526306,0.9481765627861023,1.0,1.1015625,0.00046651111195046866,3126
1559,0.0725289061665535,0.9800972938537598,1.0,0.89453125,0.00046633071325253314,2261
1560,0.11943762749433517,0.9702127575874329,1.0,1.1171875,0.00046615022843938685,1410
1561,0.10601916164159775,0.9706039428710938,1.0,0.734375,0.0004659696576073691,3742
1562,0.13768251240253448,0.9540090560913086,1.0,1.1640625,0.0004657890008528651,3305
1563,0.09398572146892548,0.9777158498764038,1.0,1.0703125,0.00046560825827230594,1436
1564,0.07206928730010986,0.9821771383285522,1.0,0.5,0.0004654274299621686,3647
1565,0.6630810499191284,0.7824713587760925,0.75,1.9453125,0.0004652465160189755,5066
1566,0.12018989771604538,0.9690204858779907,1.0,1.0703125,0.00046506551653929524,2195
1567,0.3703096807003021,0.8898404240608215,1.0,1.21875,0.0004648844316197416,5138
1568,0.12416917085647583,0.9599287509918213,1.0,0.81640625,0.00046470326135697454,3369
1569,0.07711197435855865,0.9738717079162598,1.0,0.9609375,0.000464522005847699,1684
1570,0.05306956171989441,0.9870129823684692,1.0,0.4765625,0.00046434066518866564,2387
1571,0.10484913736581802,0.966639518737793,1.0,1.2734375,0.0004641592394766707,1229
1572,0.12311850488185883,0.969045877456665,1.0,0.8828125,0.0004639777288085556,2746
1573,0.14369839429855347,0.9594911336898804,1.0,1.078125,0.00046379613328120735,2987
1574,0.08162300288677216,0.9768480658531189,1.0,0.85546875,0.000463614452991558,2462
1575,0.1932234913110733,0.9434095025062561,1.0,1.0703125,0.00046343268803658507,2845
1576,0.06916563957929611,0.9829181432723999,1.0,0.87109375,0.00046325083851331115,1405
1577,0.2343907356262207,0.9238824248313904,0.75,1.4375,0.0004630689045188039,2483
1578,0.11940538138151169,0.9658206701278687,1.0,0.96484375,0.0004628868861501764,2955
1579,0.10457497835159302,0.970866322517395,1.0,0.67578125,0.0004627047835045863,3913
1580,0.09381184726953506,0.9725118279457092,1.0,0.921875,0.0004625225966792365,3165
1581,0.07674304395914078,0.9806320071220398,1.0,0.90234375,0.0004623403257713748,1962
1582,0.051341596990823746,0.987856388092041,1.0,0.77734375,0.00046215797087829403,1894
1583,0.15348052978515625,0.9512978792190552,1.0,1.0859375,0.00046197553209733147,4045
1584,0.07158657163381577,0.9785223603248596,1.0,0.93359375,0.0004617930095258696,2328
1585,0.08046063780784607,0.9815967679023743,1.0,0.71484375,0.00046161040326133534,3695
1586,0.11639746278524399,0.9662588238716125,1.0,0.98046875,0.00046142771340120046,2697
1587,0.12574855983257294,0.9633151888847351,1.0,0.9140625,0.0004612449400429812,2944
1588,0.11441284418106079,0.9634361267089844,1.0,1.0078125,0.0004610620832842385,2270
1589,0.04960362985730171,0.9870634078979492,1.0,0.6796875,0.00046087914322257755,1546
1590,0.09646692126989365,0.9756690859794617,1.0,0.9140625,0.0004606961199556485,2466
1591,0.06451941281557083,0.9836065769195557,1.0,0.66796875,0.0004605130135811455,2684
1592,0.07052171975374222,0.980704128742218,1.0,0.7265625,0.00046032982419680704,2954
1593,0.18619826436042786,0.9450938701629639,1.0,1.140625,0.0004601465519004164,2823
1594,0.13503995537757874,0.9597947001457214,1.0,0.99609375,0.0004599631967898004,3507
1595,0.1240711659193039,0.9670498371124268,1.0,1.5,0.0004597797589628308,1305
1596,0.0575714185833931,0.9799573421478271,1.0,0.578125,0.00045959623851742293,2345
1597,0.06398040056228638,0.9892205595970154,1.0,1.046875,0.0004594126355515366,1206
1598,0.44939562678337097,0.8449508547782898,1.0,1.7890625,0.00045922895016317535,4476
1599,0.2063448131084442,0.9332146048545837,1.0,1.40625,0.000459045182450387,2246
1600,0.16179941594600677,0.949116587638855,1.0,1.5859375,0.0004588613325112632,2830
1601,0.04871298372745514,0.986723005771637,1.0,0.734375,0.0004586774004439394,1657
1602,0.13960595428943634,0.9632328748703003,1.0,0.94140625,0.00045849338634659505,3019
1603,0.11227153986692429,0.9642135500907898,0.75,0.7578125,0.00045830929031745324,3465
1604,0.08701448887586594,0.9772664308547974,1.0,0.89453125,0.000458125112454781,3607
1605,0.12990802526474,0.9611207842826843,0.75,0.84765625,0.00045794085285688884,4604
1606,0.36239948868751526,0.8806829452514648,1.0,1.515625,0.0004577565116221309,5037
1607,0.30369386076927185,0.9113429188728333,1.0,1.78125,0.000457572088848905,1534
1608,0.04066832363605499,0.9913249015808105,1.0,0.65234375,0.00045738758463565257,1268
1609,0.1208784282207489,0.9646685123443604,1.0,1.0703125,0.00045720299908085817,2519
1610,0.1068902313709259,0.971663236618042,1.0,0.96875,0.0004570183322830501,2435
1611,0.13342644274234772,0.9579215049743652,1.0,0.8984375,0.00045683358434079984,3541
1612,0.06439293175935745,0.9841789603233337,1.0,0.76171875,0.0004566487553527225,1833
1613,0.03057648427784443,0.9918080568313599,1.0,0.546875,0.00045646384541747604,1709
1614,0.2310389131307602,0.9395424723625183,1.0,1.4765625,0.00045627885463376183,1224
1615,0.4131268560886383,0.8705706596374512,0.75,1.9140625,0.00045609378310032425,2681
1616,0.1528579294681549,0.9535804390907288,1.0,1.171875,0.0004559086309159511,2779
1617,0.10451629012823105,0.9750360250473022,1.0,0.84375,0.00045572339817947296,2083
1618,0.1823127418756485,0.9476144313812256,1.0,1.5,0.00045553808498976345,5135
1619,0.02333925850689411,0.997389018535614,1.0,0.298828125,0.00045535269144573906,1915
1620,0.21001119911670685,0.9393548369407654,1.0,1.140625,0.00045516721764635946,3100
1621,0.07756167650222778,0.9754613041877747,1.0,0.486328125,0.00045498166369062695,5094
1622,0.12285909056663513,0.9776856899261475,1.0,0.6484375,0.00045479602967758655,3137
1623,0.12193485349416733,0.964531660079956,1.0,0.95703125,0.00045461031570632614,2904
1624,0.5811724066734314,0.8065083622932434,0.75,1.71875,0.0004544245218759762,5685
1625,0.18688735365867615,0.9420909285545349,1.0,1.015625,0.00045423864828570993,2573
1626,0.0994340106844902,0.9765079617500305,1.0,1.0703125,0.00045405269503474307,1575
1627,0.13511213660240173,0.965352475643158,1.0,1.53125,0.0004538666622223338,837
1628,0.07014331221580505,0.9805970191955566,1.0,0.94140625,0.000453680549947783,1340
1629,0.3877795934677124,0.8777704834938049,1.0,1.3359375,0.00045349435831043355,4557
1630,0.08083958178758621,0.9772542715072632,1.0,0.671875,0.000453308087409671,2462
1631,0.08539042621850967,0.9757657647132874,1.0,0.7265625,0.00045312173734492336,2971
1632,0.0450681671500206,0.9907635450363159,1.0,0.5859375,0.00045293530821566047,1624
1633,0.15691927075386047,0.9539663195610046,1.0,1.3046875,0.0004527488001213946,2433
1634,0.0789804607629776,0.9741538166999817,1.0,0.61328125,0.00045256221316168025,3250
1635,0.11379794776439667,0.9663699269294739,1.0,1.1640625,0.000452375547436114,2022
1636,0.19568143784999847,0.9433621764183044,1.0,1.46875,0.0004521888030443341,2772
1637,0.09060941636562347,0.9797394871711731,1.0,0.82421875,0.00045200198008602134,2764
1638,0.07748053967952728,0.981207013130188,1.0,0.671875,0.0004518150786608982,3778
1639,0.19536994397640228,0.9436445832252502,0.75,1.5703125,0.000451628098868729,2431
1640,0.10232996195554733,0.9706237316131592,1.0,1.0078125,0.00045144104080931986,2485
1641,0.10487135499715805,0.9751279950141907,1.0,0.81640625,0.00045125390458251874,2734
1642,0.12217821180820465,0.9636412858963013,1.0,0.7578125,0.00045106669028821544,3713
1643,0.42921528220176697,0.8687902688980103,1.0,1.3203125,0.00045087939802634133,5274
1644,0.0811496376991272,0.976203978061676,1.0,0.8984375,0.0004506920278968693,1765
1645,0.07859880477190018,0.9808578491210938,1.0,0.671875,0.000450504579999814,2821
1646,0.07875584065914154,0.9804895520210266,1.0,0.65625,0.00045031705443523127,2819
1647,0.03294143080711365,0.9924487471580505,1.0,0.416015625,0.00045012945130321893,1854
1648,0.19236885011196136,0.9418321251869202,1.0,1.5390625,0.0004499417707039157,2871
1649,0.07655034214258194,0.9797914028167725,1.0,0.98046875,0.00044975401273750193,1534
1650,0.22514936327934265,0.9469093680381775,1.0,1.1171875,0.0004495661775041991,5274
1651,0.07993658632040024,0.9784411191940308,1.0,0.96484375,0.00044937826510427014,1809
1652,0.11324889212846756,0.9685580134391785,1.0,0.984375,0.000449190275638019,2767
1653,0.07607688754796982,0.9815537333488464,1.0,0.64453125,0.00044900220920579076,2819
1654,0.09546484798192978,0.9738831520080566,1.0,0.89453125,0.00044881406590797175,2910
1655,0.490373820066452,0.8680837750434875,0.75,1.7109375,0.000448625845844989,3199
1656,0.07211432605981827,0.9831238985061646,1.0,0.734375,0.00044843754911731107,2785
1657,0.07151469588279724,0.9834082126617432,1.0,0.75,0.0004482491758254468,2893
1658,0.11473239213228226,0.9716624617576599,1.0,1.0546875,0.0004480607260699465,3176
1659,0.20169177651405334,0.9413328170776367,1.0,1.09375,0.00044787219995140064,4892
1660,0.15019355714321136,0.9624819755554199,1.0,1.4296875,0.0004476835975704411,1386
1661,0.29721179604530334,0.9081770777702332,1.0,1.21875,0.0004474949190277401,5173
1662,0.04980900138616562,0.9881114363670349,1.0,0.75,0.0004473061644240105,2944
1663,0.0693662166595459,0.9793843626976013,1.0,0.734375,0.0004471173338600059,3541
1664,0.06388650089502335,0.9832935333251953,1.0,0.53125,0.0004469284274365205,3771
1665,0.03926903381943703,0.9880443811416626,1.0,0.57421875,0.0004467394452543889,2342
1666,0.27963611483573914,0.9084769487380981,1.0,1.59375,0.00044655038741448595,4294
1667,0.08313082158565521,0.9772727489471436,1.0,0.82421875,0.0004463612540177271,2948
1668,0.10335184633731842,0.9717742204666138,1.0,1.53125,0.0004461720451650683,744
1669,0.049127623438835144,0.9886947870254517,1.0,0.51953125,0.0004459827609575054,2919
1670,0.03645516186952591,0.9924812316894531,1.0,0.56640625,0.0004457934014960746,2261
1671,0.06459595263004303,0.9865405559539795,1.0,1.0078125,0.0004456039668818524,2749
1672,0.20255881547927856,0.9424260258674622,1.0,1.40625,0.00044541445721595524,5037
1673,0.035153262317180634,0.9895703196525574,1.0,0.46484375,0.00044522487259953997,2397
1674,0.0976567193865776,0.9711804389953613,1.0,0.9765625,0.0004450352131338029,2533
1675,0.08282797783613205,0.9732693433761597,1.0,1.2578125,0.00044484547891998063,1459
1676,0.14947457611560822,0.9545068144798279,1.0,1.671875,0.0004446556700593497,2352
1677,0.04665568843483925,0.9892086386680603,1.0,0.6875,0.00044446578665322645,1946
1678,0.06710636615753174,0.9821029305458069,1.0,0.91015625,0.0004442758288029668,1341
1679,0.07403971254825592,0.9777517318725586,0.75,0.6171875,0.0004440857966099667,5124
1680,0.0301862470805645,0.9936966896057129,1.0,0.451171875,0.00044389569017566155,2697
1681,0.0460113100707531,0.9879032373428345,1.0,0.546875,0.0004437055096015265,2480
1682,0.09280312061309814,0.9709821343421936,1.0,0.73828125,0.0004435152549890764,3584
1683,0.06166500598192215,0.985094428062439,1.0,0.7890625,0.0004433249264398654,3019
1684,0.030680613592267036,0.9941921830177307,1.0,0.6640625,0.00044313452405548713,1894
1685,0.10606222599744797,0.9710820913314819,1.0,0.8984375,0.0004429440479375747,3216
1686,0.07417599856853485,0.9791231751441956,1.0,1.53125,0.0004427534981878007,479
1687,0.029526367783546448,0.993842363357544,1.0,0.546875,0.00044256287490787675,1624
1688,0.05631311237812042,0.9891774654388428,1.0,0.5703125,0.00044237217819955387,2772
1689,0.05526115745306015,0.9849785566329956,1.0,0.5078125,0.0004421814081646224,2330
1690,0.3281243145465851,0.895859956741333,1.0,1.8671875,0.00044199056490491155,5483
1691,0.05039867386221886,0.9894958138465881,1.0,0.7265625,0.00044179964852228995,1904
1692,0.10955021530389786,0.9698854088783264,1.0,0.9765625,0.00044160865911866483,3055
1693,0.023542219772934914,0.9956076145172119,1.0,0.291015625,0.00044141759679598274,2049
1694,0.044636163860559464,0.9893742799758911,1.0,0.53515625,0.00044122646165622905,1694
1695,0.08178795874118805,0.9807969331741333,1.0,0.84765625,0.0004410352538014281,2083
1696,0.020207758992910385,0.9966005682945251,1.0,0.310546875,0.0004408439733336428,1765
1697,0.09824251383543015,0.9766431450843811,1.0,0.921875,0.00044065262035497494,1841
1698,0.4725601077079773,0.8479815721511841,0.75,1.9140625,0.0004404611949675651,4335
1699,0.08649828284978867,0.974204957485199,1.0,0.828125,0.0004402696972735924,2830
1700,0.056929055601358414,0.9857839345932007,1.0,0.486328125,0.00044007812737527477,2462
1701,0.1140531525015831,0.9642190337181091,1.0,0.91015625,0.00043988648537486835,3214
1702,0.11230959743261337,0.9686629772186279,1.0,1.015625,0.0004396947713746679,2872
1703,0.1024683490395546,0.9661017060279846,1.0,1.0625,0.00043950298547700673,3658
1704,0.05050378665328026,0.9876768589019775,1.0,0.59375,0.0004393111277842564,2191
1705,0.17862436175346375,0.9503546357154846,1.0,1.1171875,0.00043911919839882685,2961
1706,0.06069109961390495,0.9879003763198853,1.0,0.8125,0.00043892719742316623,1405
1707,0.08201564103364944,0.9768477082252502,1.0,0.7421875,0.00043873512495976096,3369
1708,0.16838540136814117,0.9576502442359924,0.75,0.95703125,0.0004385429811111357,2196
1709,0.026668056845664978,0.9954802393913269,1.0,0.462890625,0.000438350765979853,1770
1710,0.049632903188467026,0.9823788404464722,1.0,0.96875,0.00043815847966851364,1589
1711,0.06026417016983032,0.9871881604194641,1.0,0.8203125,0.00043796612227975617,1483
1712,0.0805714875459671,0.9775013327598572,1.0,0.99609375,0.00043777369391625754,3778
1713,0.06314531713724136,0.9852670431137085,0.75,0.765625,0.000437581194680732,1629
1714,0.01579396426677704,0.9981796145439148,1.0,0.330078125,0.000437388624675932,1648
1715,0.11524853110313416,0.9661699533462524,0.75,0.96484375,0.00043719598400464776,2483
1716,0.07909419387578964,0.9731318354606628,1.0,0.6328125,0.00043700327276970704,3573
1717,0.13276003301143646,0.9589583873748779,1.0,1.0078125,0.0004368104910739755,3533
1718,0.04607537016272545,0.9930904507637024,1.0,0.60546875,0.0004366176390203561,1592
1719,0.12062987685203552,0.9639813899993896,1.0,1.1640625,0.00043642471671178967,2582
1720,0.25122395157814026,0.9227263331413269,1.0,1.2578125,0.0004362317242512543,4827
1721,0.03640260174870491,0.9910263419151306,1.0,0.50390625,0.00043603866174176574,1783
1722,0.08091212809085846,0.9778481125831604,1.0,1.078125,0.00043584552928637696,2528
1723,0.08959806710481644,0.9820261597633362,1.0,1.015625,0.0004356523269881782,1224
1724,0.0645512118935585,0.9814814925193787,1.0,0.6875,0.0004354590549502973,3078
1725,0.05771937221288681,0.9887955188751221,1.0,0.91796875,0.0004352657132758991,1071
1726,0.0382377915084362,0.9939637780189514,1.0,0.51953125,0.0004350723020681856,2485
1727,0.07327674329280853,0.9822720885276794,1.0,0.89453125,0.00043487882143039596,2764
1728,0.06523916870355606,0.9868549108505249,1.0,0.796875,0.0004346852714658063,2054
1729,0.1063048243522644,0.9666804075241089,1.0,0.9765625,0.00043449165227773005,2431
1730,0.08121557533740997,0.9800072908401489,1.0,0.7890625,0.0004342979639695172,2751
1731,0.0658016949892044,0.9874281883239746,1.0,0.63671875,0.000434104206644555,2784
1732,0.19888609647750854,0.9384425282478333,1.0,1.3359375,0.0004339103804062671,4045
1733,0.056841738522052765,0.9871794581413269,1.0,0.5703125,0.0004337164853581145,2808
1734,0.07509540766477585,0.9814291596412659,1.0,0.70703125,0.0004335225216035943,2477
1735,0.1988542377948761,0.943392276763916,1.0,1.140625,0.0004333284892462408,4805
1736,0.0897907018661499,0.9741165041923523,1.0,0.71875,0.0004331343883896248,4018
1737,0.10225379467010498,0.9845327734947205,1.0,0.5625,0.0004329402191373534,4655
1738,0.05355961248278618,0.9868276715278625,1.0,0.671875,0.0004327459815930704,2733
1739,0.1930081695318222,0.936590850353241,1.0,1.3828125,0.0004325516758604561,2681
1740,0.0813509002327919,0.9756237268447876,1.0,0.76171875,0.0004323573020432271,3487
1741,0.08296077698469162,0.9735234379768372,1.0,0.984375,0.0004321628602451364,2946
1742,0.052715104073286057,0.9869804978370667,1.0,0.87109375,0.0004319683505699733,1997
1743,0.1033492311835289,0.9714518785476685,1.0,1.109375,0.00043177377312156323,2452
1744,0.10646278411149979,0.9716808795928955,1.0,0.88671875,0.000431579128003768,3284
1745,0.06161068379878998,0.981285572052002,1.0,1.0703125,0.00043138441532048513,1229
1746,0.015851091593503952,0.99765944480896,1.0,0.361328125,0.0004311896351756488,1709
1747,0.05797740817070007,0.9873347878456116,1.0,0.8359375,0.00043099478767322864,1816
1748,0.11914043873548508,0.96523517370224,1.0,0.984375,0.0004307998729172306,2934
1749,0.03217138350009918,0.991335391998291,1.0,0.515625,0.00043060489101169635,1962
1750,0.05997057631611824,0.9846322536468506,1.0,0.671875,0.00043040984206070353,2733
1751,0.034095458686351776,0.994557797908783,1.0,0.419921875,0.0004302147261683654,2940
1752,0.0688428059220314,0.9819778203964233,1.0,0.93359375,0.0004300195434388311,2164
1753,0.29392293095588684,0.9073657989501953,0.75,1.6015625,0.0004298242939762853,4005
1754,0.08063825964927673,0.977624773979187,0.75,0.7109375,0.00042962897788494857,4067
1755,0.24625664949417114,0.9328063130378723,1.0,1.046875,0.00042943359526907666,3795
1756,0.0458642914891243,0.9905362725257874,1.0,0.78125,0.00042923814623296115,1268
1757,0.053733404725790024,0.9862315058708191,1.0,1.0859375,0.00042904263088092896,1961
1758,0.041329726576805115,0.987032413482666,1.0,0.60546875,0.0004288470493173423,2005
1759,0.06524959951639175,0.9813506007194519,1.0,0.486328125,0.00042865140164659885,5094
1760,0.08241766691207886,0.9757201671600342,1.0,1.015625,0.0004284556879731316,2430
1761,0.27944862842559814,0.9155641794204712,0.75,1.890625,0.0004282599084014086,2570
1762,0.05029239505529404,0.9870129823684692,1.0,0.53125,0.0004280640630359333,3465
1763,0.08621680736541748,0.9792099595069885,1.0,1.09375,0.0004278681519812443,1443
1764,0.1501302421092987,0.9704527854919434,1.0,1.2890625,0.0004276721753419149,2606
1765,0.40385177731513977,0.8730886578559875,1.0,2.3125,0.0004274761332225537,4578
1766,0.07329904288053513,0.97786945104599,1.0,0.9765625,0.00042728002572780415,2666
1767,0.05263052135705948,0.9874652028083801,1.0,0.9765625,0.0004270838529623447,1436
1768,0.06671202182769775,0.983246922492981,1.0,0.84375,0.00042688761503088867,2507
1769,0.026317749172449112,0.9935004711151123,1.0,0.421875,0.0004266913120381839,2154
1770,0.08722598850727081,0.9758985042572021,1.0,0.828125,0.0004264949440890131,2365
1771,0.07050563395023346,0.9769935607910156,1.0,0.6640625,0.0004262985112881937,5129
1772,0.04769785702228546,0.9869097471237183,1.0,0.77734375,0.00042610201374057794,2139
1773,0.058748748153448105,0.9865821599960327,1.0,0.6484375,0.0004259054515510522,2683
1774,0.02553512528538704,0.9955998659133911,1.0,0.330078125,0.0004257088248245376,3409
1775,0.04183032363653183,0.9905721545219421,1.0,0.458984375,0.0004255121336659897,3076
1776,0.08375896513462067,0.9738863110542297,1.0,1.1171875,0.00042531537818039846,1302
1777,0.07496467977762222,0.9798768162727356,1.0,0.96875,0.0004251185584727881,2435
1778,0.05163375660777092,0.989676833152771,1.0,0.68359375,0.00042492167464821715,2228
1779,0.05423387885093689,0.9862667322158813,1.0,0.65625,0.0004247247268117785,2767
1780,0.06379290670156479,0.9798245429992676,1.0,1.2109375,0.0004245277150685989,1140
1781,0.08747661858797073,0.9747425317764282,1.0,0.8203125,0.0004243306395238396,4078
1782,0.03756476566195488,0.9916449189186096,1.0,0.58984375,0.00042413350028269563,1915
1783,0.21438321471214294,0.9418416619300842,1.0,1.6875,0.00042393629745039605,1857
1784,0.12786820530891418,0.9644297957420349,1.0,1.0625,0.00042373903113220393,2727
1785,0.07233926653862,0.9832736253738403,1.0,1.2109375,0.0004235417014334163,837
1786,0.10263292491436005,0.9722403883934021,1.0,0.9296875,0.00042334430845936393,3062
1787,0.161441832780838,0.9536468982696533,1.0,1.4765625,0.0004231468523154111,2934
1788,0.028111377730965614,0.9952940940856934,1.0,0.4140625,0.0004229493331069564,2550
1789,0.07820312678813934,0.9771937727928162,0.75,0.76171875,0.00042275175093943175,4604
1790,0.0994814857840538,0.9773834347724915,1.0,0.87109375,0.00042255410591830246,2874
1791,0.08211091160774231,0.9770056009292603,1.0,0.78125,0.0004223563981490678,3914
1792,0.05357011780142784,0.9852647185325623,1.0,0.498046875,0.0004221586277372602,4004
1793,0.16119180619716644,0.9580771327018738,1.0,1.34375,0.00042196079478844586,1789
1794,0.44483429193496704,0.8518086075782776,1.0,2.25,0.000421762899408224,5142
1795,0.058815065771341324,0.9853881001472473,1.0,1.1953125,0.00042156494170222746,1095
1796,0.09431556612253189,0.9744512438774109,1.0,0.81640625,0.0004213669217761221,2779
1797,0.08589045703411102,0.9739891886711121,1.0,0.73046875,0.00042116883973560725,3883
1798,0.1327451765537262,0.9692533016204834,1.0,1.2265625,0.0004209706956864153,2049
1799,0.4007071256637573,0.8714962601661682,1.0,1.4765625,0.00042077248973431156,5066
1800,0.16296416521072388,0.9571482539176941,1.0,1.4765625,0.0004205742219850947,2637
1801,0.42351004481315613,0.8587384819984436,0.75,1.6796875,0.00042037589254459597,4566
1802,0.06640021502971649,0.9808428883552551,1.0,0.99609375,0.00042017750151868003,1305
1803,0.32692810893058777,0.8921710252761841,1.0,1.28125,0.000419979049013244,4841
1804,0.05360715463757515,0.9885240793228149,1.0,0.6015625,0.0004197805351342181,3137
1805,0.24724960327148438,0.9253798127174377,1.0,1.1015625,0.000419581959987565,4476
1806,0.03795831277966499,0.9917080998420715,1.0,0.6484375,0.00041938332367928054,1206
1807,0.07716748118400574,0.9838709831237793,1.0,0.75,0.0004191846263153928,3100
1808,0.03719298169016838,0.989215075969696,0.75,0.63671875,0.0004189858680019626,1669
1809,0.09297642856836319,0.9739894270896912,1.0,0.8359375,0.00041878704884508325,2845
1810,0.176664337515831,0.9487861394882202,1.0,1.1796875,0.0004185881689508805,3007
1811,0.07180745899677277,0.978899359703064,1.0,0.6953125,0.00041838922842551274,3507
1812,0.044526197016239166,0.9907012581825256,1.0,0.6328125,0.00041819022737517054,2581
1813,0.04128015786409378,0.9866729974746704,1.0,0.796875,0.0004179911659060767,2101
1814,0.022838696837425232,0.9939649701118469,1.0,0.62109375,0.00041779204412448645,1657
1815,0.3433820307254791,0.8894397616386414,0.5,2.265625,0.0004175928621366871,2017
1816,0.04919230937957764,0.9873617887496948,0.75,0.5546875,0.0004173936200489983,3165
1817,0.05076708272099495,0.9885019659996033,1.0,0.56640625,0.00041719431796777143,3044
1818,0.07354418188333511,0.9815634489059448,1.0,0.72265625,0.0004169949559993901,2712
1819,0.1441270411014557,0.9587109684944153,1.0,1.2890625,0.00041679553425027,2979
1820,0.09766225516796112,0.970097005367279,1.0,0.75,0.0004165960528268585,3712
1821,0.07780950516462326,0.9796099066734314,1.0,1.1171875,0.00041639651183563494,1128
1822,0.06651398539543152,0.9810462594032288,0.75,0.5859375,0.00041619691138311034,5276
1823,0.10722225904464722,0.9697896838188171,1.0,0.9140625,0.0004159972515758276,2615
1824,0.024286771193146706,0.9963477253913879,1.0,0.37890625,0.00041579753252036144,1369
1825,0.030787933617830276,0.9940448999404907,1.0,0.5546875,0.00041559775432331786,2183
1826,0.38542595505714417,0.8738284111022949,1.0,1.7578125,0.00041539791709133464,5548
1827,0.05920439586043358,0.9810841083526611,1.0,0.55859375,0.0004151980209310809,3542
1828,0.06752713769674301,0.9818593859672546,1.0,0.9375,0.0004149980659492576,1764
1829,0.08733529597520828,0.9784198999404907,1.0,0.84765625,0.00041479805225259664,2734
1830,0.03569726645946503,0.9899461269378662,1.0,0.431640625,0.0004145979799478615,2785
1831,0.06483867764472961,0.9827712774276733,0.75,0.66796875,0.00041439784914184684,2728
1832,0.044032126665115356,0.9900497794151306,1.0,0.61328125,0.0004141976599413786,2010
1833,0.060546569526195526,0.9866432547569275,1.0,0.66015625,0.00041399741245331417,2845
1834,0.04546082019805908,0.9887291193008423,1.0,0.5234375,0.0004137971067845415,2573
1835,0.023938221856951714,0.993327796459198,1.0,0.3671875,0.00041359674304197996,2398
1836,0.07241006195545197,0.9818822145462036,1.0,0.8671875,0.00041339632133257986,1987
1837,0.03900079056620598,0.9891530871391296,1.0,0.6484375,0.0004131958417633224,2397
1838,0.12720994651317596,0.96344393491745,1.0,1.421875,0.00041299530444121967,2079
1839,0.04831445589661598,0.9900096654891968,1.0,0.5234375,0.00041279470947331464,3103
1840,0.05397937074303627,0.9864048361778259,1.0,0.671875,0.000412594056966681,2648
1841,0.03946258872747421,0.993593156337738,1.0,0.6015625,0.00041239334702842314,1873
1842,0.06616725027561188,0.9824146032333374,1.0,0.69140625,0.0004121925797656763,2957
1843,0.048187028616666794,0.986797571182251,1.0,0.70703125,0.00041199175528560604,2954
1844,0.03729914128780365,0.9917460083961487,1.0,0.61328125,0.0004117908736954085,1575
1845,0.0802682414650917,0.9815950989723206,1.0,0.8984375,0.0004115899351023105,2934
1846,0.22385644912719727,0.935355007648468,1.0,1.2109375,0.00041138893961356913,5507
1847,0.02597207762300968,0.9942070841789246,1.0,0.458984375,0.0004111878873364719,1381
1848,0.03840381279587746,0.9919540286064148,1.0,0.578125,0.0004109867783783366,1740
1849,0.04096820577979088,0.9894394874572754,1.0,0.58984375,0.0004107856128465114,2462
1850,0.07290105521678925,0.9826818704605103,1.0,0.859375,0.0004105843908483744,2021
1851,0.05947299301624298,0.9819029569625854,1.0,0.5546875,0.0004103831124913341,3647
1852,0.1389579325914383,0.9646123051643372,0.75,0.87890625,0.00041018177788282903,2515
1853,0.05065356194972992,0.9874489903450012,1.0,0.67578125,0.0004099803871303276,3187
1854,0.016885584220290184,0.9956602454185486,1.0,0.345703125,0.0004097789403413283,1613
1855,0.03546718508005142,0.9912563562393188,1.0,0.51171875,0.0004095774376233597,2173
1856,0.212610125541687,0.9354903697967529,1.0,1.3671875,0.0004093758790839799,4945
1857,0.1846471130847931,0.944918155670166,1.0,1.1953125,0.0004091742648307768,4339
1858,0.02195461094379425,0.9946556091308594,1.0,0.46875,0.00040897259497136846,1684
1859,0.04248270392417908,0.9933682084083557,1.0,0.494140625,0.00040877086961340226,2865
1860,0.5104513168334961,0.8472861051559448,1.0,2.203125,0.00040856908886455527,3261
1861,0.017500652000308037,0.995945930480957,1.0,0.427734375,0.0004083672528325341,2220
1862,0.03965646028518677,0.9924980998039246,1.0,0.765625,0.000408165361625075,1333
1863,0.06879281997680664,0.9792891144752502,1.0,0.6953125,0.0004079634153499435,3573
1864,0.043034955859184265,0.9909236431121826,1.0,0.734375,0.0004077614141149347,1873
1865,0.016409292817115784,0.9986225962638855,1.0,0.193359375,0.0004075593580278729,2904
1866,0.014709288254380226,0.9965517520904541,1.0,0.25,0.0004073572471966117,1740
1867,0.038736581802368164,0.9915561079978943,1.0,0.64453125,0.00040715508172903394,1658
1868,0.03759951516985893,0.9906954169273376,1.0,0.671875,0.0004069528617330517,2042
1869,0.034940026700496674,0.9911894202232361,1.0,0.46875,0.00040675058731660615,2043
1870,0.04316740483045578,0.9882624745368958,1.0,0.380859375,0.0004065482585876673,5197
1871,0.09039903432130814,0.9772642850875854,1.0,0.984375,0.0004063458756542344,2683
1872,0.04351701959967613,0.9885476231575012,1.0,0.609375,0.00040614343862433556,1921
1873,0.0223616361618042,0.997292697429657,1.0,0.279296875,0.00040594094760602764,2955
1874,0.0695803239941597,0.9780130386352539,1.0,0.7265625,0.0004057384027073965,2456
1875,0.0492745041847229,0.9876498579978943,1.0,0.609375,0.0004055358040365568,2753
1876,0.034026049077510834,0.9923622608184814,1.0,0.494140625,0.0004053331517016515,1833
1877,0.09990466386079788,0.971574604511261,1.0,1.3203125,0.0004051304458108527,3131
1878,0.057113151997327805,0.9852246046066284,1.0,0.80859375,0.0004049276864723609,1692
1879,0.02842063456773758,0.9946595430374146,1.0,0.474609375,0.000404724873794405,1498
1880,0.05296020209789276,0.9846682548522949,1.0,0.578125,0.0004045220078852426,3783
1881,0.03311528265476227,0.9896507263183594,1.0,0.6171875,0.0004043190888531594,1546
1882,0.22026647627353668,0.9319728016853333,1.0,1.1953125,0.00040411611680646987,4557
1883,0.15901900827884674,0.952871561050415,1.0,1.09375,0.00040391309185351643,4562
1884,0.02823767624795437,0.9883284568786621,1.0,0.427734375,0.00040371001410267,2399
1885,0.03138530254364014,0.9924615621566772,1.0,0.4140625,0.0004035068836623292,3449
1886,0.05732450261712074,0.9859519600868225,1.0,0.8515625,0.0004033037006409216,2705
1887,0.019074738025665283,0.996588945388794,1.0,0.318359375,0.00040310046514690216,1759
1888,0.0312368031591177,0.9864217042922974,1.0,1.234375,0.0004028971772887538,1252
1889,0.14424945414066315,0.9540526866912842,0.75,1.78125,0.00040269383717498805,1937
1890,0.08624972403049469,0.9737827777862549,1.0,0.87109375,0.00040249044491414375,2937
1891,0.02577129565179348,0.9929577708244324,1.0,0.404296875,0.0004022870006147877,2414
1892,0.08566304296255112,0.9760696291923523,1.0,1.015625,0.0004020835043855145,2758
1893,0.05069820582866669,0.9891666769981384,1.0,0.93359375,0.0004018799563349467,1200
1894,0.43213096261024475,0.8652182221412659,1.0,3.203125,0.00040167635657173406,5201
1895,0.03868997469544411,0.989712655544281,1.0,0.5078125,0.0004014727052045544,2819
1896,0.03700057044625282,0.9904837608337402,1.0,0.75,0.0004012690023421127,1261
1897,0.05410787835717201,0.9868815541267395,1.0,0.80078125,0.0004010652480931418,2668
1898,0.046466998755931854,0.9879781603813171,1.0,0.76953125,0.0004008614425664016,1830
1899,0.08737654238939285,0.9744448065757751,1.0,0.8671875,0.00040065758587067967,3287
1900,0.07734277099370956,0.9786419868469238,1.0,0.87109375,0.0004004536781147906,3137
1901,0.059439923614263535,0.9819855690002441,1.0,0.890625,0.0004002497194075766,2498
1902,0.02380431815981865,0.9950358271598816,1.0,0.447265625,0.00040004570985790674,1813
1903,0.06460385024547577,0.983131468296051,1.0,0.5234375,0.0003998416495746774,2312
1904,0.05549653246998787,0.9851504564285278,1.0,0.5390625,0.00039963753866681205,2559
1905,0.03389695659279823,0.9924741387367249,1.0,0.3828125,0.0003994333772432611,2126
1906,0.09574723988771439,0.9719222187995911,1.0,0.99609375,0.0003992291654130019,2778
1907,0.05471516773104668,0.9866114258766174,1.0,0.69921875,0.00039902490328503894,3137
1908,0.04628946632146835,0.9881641268730164,0.75,0.5859375,0.00039882059096840326,3802
1909,0.07394049316644669,0.9823336005210876,1.0,0.8046875,0.0003986162285721528,2434
1910,0.04527031630277634,0.9889415502548218,1.0,1.015625,0.00039841181620537243,1266
1911,0.037721529603004456,0.9911894202232361,1.0,0.58203125,0.0003982073539771733,2270
1912,0.05670523643493652,0.9849220514297485,1.0,0.5546875,0.0003980028419966934,3913
1913,0.10559681802988052,0.9649034738540649,1.0,1.0390625,0.00039779828037309745,3989
1914,0.03010118380188942,0.99336177110672,1.0,0.59765625,0.0003975936692155763,2109
1915,0.029227960854768753,0.9922680258750916,1.0,0.45703125,0.0003973890086333475,2328
1916,0.02704034186899662,0.991195559501648,1.0,0.40625,0.00039718429873565494,2158
1917,0.061767540872097015,0.9843304753303528,1.0,1.0546875,0.00039697953963176874,1404
1918,0.3333403766155243,0.887948751449585,1.0,1.7109375,0.00039677473143098546,4373
1919,0.24801306426525116,0.928467869758606,1.0,1.203125,0.00039656987424262755,4138
1920,0.03654227778315544,0.9906432628631592,1.0,0.578125,0.0003963649681760439,2565
1921,0.06951127201318741,0.9805447459220886,1.0,0.6640625,0.00039616001334060943,3341
1922,0.04457228630781174,0.9889196753501892,1.0,0.69140625,0.00039595500984572506,2527
1923,0.13814173638820648,0.96457839012146,1.0,1.5,0.00039574995780081764,3783
1924,0.028880368918180466,0.994331955909729,1.0,0.3203125,0.0003955448573153401,4940
1925,0.04499676078557968,0.9873149991035461,1.0,0.890625,0.000395339708498771,1419
1926,0.01722496934235096,0.9971428513526917,1.0,0.26953125,0.00039513451146061475,1400
1927,0.047044187784194946,0.9889696836471558,0.75,0.52734375,0.00039492926631040176,3989
1928,0.015892645344138145,0.9958308339118958,1.0,0.380859375,0.00039472397315768777,1679
1929,0.030522063374519348,0.9933488368988037,1.0,0.75390625,0.0003945186321120542,3007
1930,0.016507169231772423,0.9959225058555603,1.0,0.359375,0.00039431324328310837,1962
1931,0.10820505023002625,0.9696850180625916,1.0,1.1953125,0.0003941078067804826,2540
1932,0.09109354019165039,0.980257511138916,1.0,1.2265625,0.00039390232271383516,2330
1933,0.06877469271421432,0.9855010509490967,1.0,0.39453125,0.00039369679119284927,2345
1934,0.03821082413196564,0.9906194806098938,1.0,0.41015625,0.0003934912123272338,5117
1935,0.02385294996201992,0.994189441204071,1.0,0.41796875,0.00039328558622672266,1721
1936,0.07864291965961456,0.97675621509552,1.0,0.609375,0.00039307991300107525,3872
1937,0.08038881421089172,0.9804096221923828,1.0,1.078125,0.0003928741927600758,2246
1938,0.03766782581806183,0.9921581745147705,1.0,0.4453125,0.00039266842561353377,2933
1939,0.0333663672208786,0.9930675625801086,1.0,0.5,0.0003924626116712838,1154
1940,0.02763187140226364,0.992548406124115,1.0,0.466796875,0.0003922567510431853,2684
1941,0.04710850864648819,0.9876695275306702,1.0,0.75390625,0.0003920508438391227,2433
1942,0.012086685746908188,0.9977195262908936,1.0,0.193359375,0.0003918448901690054,1754
1943,0.01942579075694084,0.9958358407020569,1.0,0.37109375,0.00039163889014276736,1681
1944,0.060213930904865265,0.9847571849822998,1.0,0.59375,0.00039143284387036734,2821
1945,0.04026838764548302,0.989426851272583,1.0,0.416015625,0.00039122675146178906,3594
1946,0.057077497243881226,0.9841001629829407,1.0,0.6171875,0.0003910206130270405,2956
1947,0.10918987542390823,0.9661571979522705,1.0,1.125,0.00039081442867615427,2748
1948,0.025441784411668777,0.9963189959526062,1.0,0.443359375,0.00039060819851918777,1630
1949,0.019802842289209366,0.9966840147972107,1.0,0.30078125,0.0003904019226662227,2111
1950,0.03730745241045952,0.9895833134651184,1.0,0.58203125,0.000390195601227365,1824
1951,0.029467692598700523,0.990626335144043,1.0,0.31640625,0.000389989234312745,2347
1952,0.022669993340969086,0.9949135184288025,1.0,0.48828125,0.00038978282203251755,983
1953,0.06033700704574585,0.9873617887496948,1.0,0.80078125,0.00038957636449686134,1899
1954,0.28052762150764465,0.9093420505523682,1.0,1.6484375,0.00038936986181597956,3982
1955,0.039418525993824005,0.990978479385376,1.0,0.39453125,0.0003891633141000992,2882
1956,0.011677694506943226,0.9983818531036377,1.0,0.25390625,0.0003889567214594715,1854
1957,0.2373771220445633,0.9241777062416077,1.0,1.2578125,0.0003887500840043716,4682
1958,0.0607537217438221,0.9874715209007263,1.0,0.83984375,0.00038854340184509863,1756
1959,0.050464928150177,0.9878764152526855,1.0,0.65625,0.00038833667509197546,2557
1960,0.045227572321891785,0.9865771532058716,1.0,0.5625,0.0003881299038553489,3278
1961,0.03671973571181297,0.9922077655792236,1.0,0.5703125,0.00038792308824558925,1925
1962,0.03035195916891098,0.9927592873573303,1.0,0.384765625,0.00038771622837309097,5110
1963,0.0535321868956089,0.9890185594558716,1.0,0.64453125,0.0003875093243482716,2914
1964,0.060720186680555344,0.9844106435775757,1.0,0.69140625,0.00038730237628157265,2630
1965,0.06679482012987137,0.9804630875587463,1.0,0.87890625,0.00038709538428345885,2764
1966,0.031659260392189026,0.991692304611206,1.0,0.462890625,0.00038688834846441856,3250
1967,0.016453521326184273,0.9951258897781372,1.0,0.31640625,0.00038668126893496365,2462
1968,0.022612513974308968,0.9954937100410461,1.0,0.26171875,0.00038647414580562906,5104
1969,0.02288723737001419,0.995517909526825,1.0,0.3203125,0.000386266979186973,2008
1970,0.21267999708652496,0.9359718561172485,1.0,1.203125,0.00038605976918957717,5685
1971,0.06115422770380974,0.9835072159767151,1.0,0.74609375,0.0003858525159240461,2971
1972,0.06198114901781082,0.9856617450714111,1.0,0.75390625,0.00038564521950100775,2720
1973,0.12236516177654266,0.9681528806686401,1.0,1.2421875,0.00038543788003111274,2198
1974,0.031181998550891876,0.9895522594451904,1.0,0.7265625,0.00038523049762503495,1340
1975,0.06205528974533081,0.9839303493499756,1.0,0.6875,0.00038502307239347117,2987
1976,0.02821100316941738,0.9943374991416931,1.0,0.376953125,0.0003848156044471409,3532
1977,0.04874582961201668,0.9864153265953064,1.0,0.486328125,0.0003846080938967865,3607
1978,0.03257524222135544,0.9933333396911621,1.0,0.4609375,0.00038440054085317303,3000
1979,0.036799293011426926,0.990338146686554,1.0,0.375,0.00038419294542708845,5175
1980,0.03470877185463905,0.9912974834442139,1.0,0.66015625,0.0003839853077293431,1264
1981,0.05369223281741142,0.9876814484596252,0.75,0.625,0.0003837776278707699,2273
1982,0.03921748325228691,0.9917942881584167,1.0,0.5703125,0.00038356990596222435,1828
1983,0.0213246401399374,0.994553804397583,1.0,0.26171875,0.00038336214211458436,2387
1984,0.09232118725776672,0.9724273681640625,1.0,1.0625,0.0003831543364387504,2031
1985,0.06317402422428131,0.9818500876426697,1.0,1.0625,0.000382946489045645,1708
1986,0.030452920123934746,0.9935222864151001,1.0,0.75,0.00038273860004621316,1235
1987,0.05590484291315079,0.9889882802963257,1.0,0.76953125,0.00038253066955142186,2906
1988,0.04337320849299431,0.9867416620254517,1.0,0.66796875,0.00038232269767226045,2489
1989,0.02034352906048298,0.9955393075942993,0.75,0.369140625,0.0003821146845197403,2466
1990,0.055099859833717346,0.9832448959350586,1.0,0.5625,0.00038190663020489483,3581
1991,0.04433798789978027,0.9890187978744507,1.0,0.6328125,0.00038169853483877925,2823
1992,0.045373305678367615,0.9915825128555298,1.0,0.87890625,0.00038149039853247103,1188
1993,0.2557980418205261,0.9170575737953186,1.0,1.5390625,0.00038128222139706923,4690
1994,0.0659247487783432,0.9822623133659363,1.0,0.78515625,0.0003810740035436948,3439
1995,0.020558496937155724,0.9949511885643005,1.0,0.314453125,0.0003808657450834903,2971
1996,0.04320944845676422,0.9903043508529663,1.0,0.494140625,0.00038065744612762015,3713
1997,0.028455941006541252,0.9919793605804443,1.0,0.39453125,0.00038044910678727026,3491
1998,0.05985089763998985,0.9858871102333069,1.0,1.0390625,0.00038024072717364823,1488
1999,0.02460406720638275,0.9922388195991516,1.0,0.63671875,0.0003800323073979829,1675
2000,0.062465816736221313,0.9859594106674194,1.0,0.83984375,0.00037982384757152484,1923
2001,0.03054410219192505,0.9895309805870056,1.0,0.29296875,0.00037961534780554573,2388
2002,0.024423424154520035,0.9931389093399048,1.0,0.58203125,0.0003794068082113389,1749
2003,0.2593095898628235,0.9147250652313232,1.0,2.1875,0.0003791982289002187,4292
2004,0.05185629427433014,0.9866856932640076,1.0,0.74609375,0.00037898960998352055,2103
2005,0.03587619587779045,0.9920254945755005,1.0,0.61328125,0.0003787809515726014,1881
2006,0.02830795757472515,0.9948703050613403,1.0,0.427734375,0.000378572253778839,3509
2007,0.02689032442867756,0.9941259026527405,1.0,0.357421875,0.00037836351671363216,3575
2008,0.023682575672864914,0.9952468276023865,1.0,0.380859375,0.00037815474048840064,2735
2009,0.07102326303720474,0.9814332127571106,1.0,0.88671875,0.0003779459252145852,3070
2010,0.08271857351064682,0.9759339094161987,1.0,1.078125,0.00037773707100364747,2784
2011,0.03346134349703789,0.9929078221321106,1.0,0.63671875,0.0003775281779670697,1410
2012,0.1376442015171051,0.9578543901443481,1.0,1.1484375,0.00037731924621635496,3132
2013,0.06004523113369942,0.98380047082901,1.0,0.6796875,0.00037711027586302687,3889
2014,0.03252117335796356,0.9920701384544373,1.0,0.60546875,0.00037690126701863004,2396
2015,0.035380762070417404,0.9929618835449219,1.0,0.640625,0.00037669221979472905,1705
2016,0.06971202790737152,0.9838175773620605,1.0,0.7734375,0.0003764831343029094,2719
2017,0.2661922872066498,0.9133827686309814,1.0,1.7578125,0.00037627401065477677,5126
2018,0.13619787991046906,0.9641240239143372,1.0,1.5,0.0003760648489619574,2871
2019,0.04667452722787857,0.9876502156257629,1.0,0.6015625,0.0003758556493360979,2996
2020,0.02397238276898861,0.996363639831543,1.0,0.640625,0.0003756464118888647,1100
2021,0.06647744029760361,0.9827533960342407,1.0,0.69921875,0.0003754371367319448,3305
2022,0.027327608317136765,0.9958997964859009,1.0,0.375,0.0003752278239770453,2195
2023,0.052916496992111206,0.9871142506599426,1.0,0.62890625,0.00037501847373589325,2949
2024,0.07390207797288895,0.9834911823272705,1.0,0.72265625,0.0003748090861202358,3695
2025,0.06545153260231018,0.9863512516021729,1.0,0.984375,0.0003745996612418398,2198
2026,0.029291391372680664,0.9923534393310547,1.0,0.484375,0.0003743901992124925,2354
2027,0.04469302296638489,0.9901904463768005,1.0,0.62109375,0.00037418070014400045,3466
2028,0.07396082580089569,0.9813471436500549,1.0,0.92578125,0.0003739711641481903,2895
2029,0.1873798966407776,0.9417751431465149,1.0,1.390625,0.0003737615913369082,4225
2030,0.044465966522693634,0.9894433617591858,1.0,0.5859375,0.00037355198182202013,3126
2031,0.04545079171657562,0.9836478233337402,1.0,0.85546875,0.0003733423357154117,1590
2032,0.03430235758423805,0.9918224215507507,1.0,0.55078125,0.00037313265312898783,1712
2033,0.04517511650919914,0.9912599921226501,1.0,0.57421875,0.00037292293417467303,2746
2034,0.058839745819568634,0.9855242371559143,1.0,0.78515625,0.00037271317896441116,2556
2035,0.042874548584222794,0.9892956018447876,1.0,0.5625,0.0003725033876101656,2896
2036,0.02621574141085148,0.9939554333686829,1.0,0.5078125,0.00037229356022391874,2647
2037,0.17860357463359833,0.9464033842086792,1.0,1.15625,0.0003720836969176726,4963
2038,0.025245174765586853,0.9938539266586304,1.0,0.43359375,0.00037187379780344803,2766
2039,0.059781599789857864,0.9839345812797546,1.0,0.62890625,0.0003716638629932851,3548
2040,0.02747010998427868,0.9913277626037598,1.0,0.443359375,0.00037145389259924305,3344
2041,0.19702643156051636,0.943123459815979,1.0,1.1953125,0.0003712438867333999,5257
2042,0.014717868529260159,0.9981226325035095,1.0,0.330078125,0.00037103384550785275,1598
2043,0.11954173445701599,0.9723628163337708,1.0,0.76953125,0.00037082376903471747,5138
2044,0.027442272752523422,0.9940452575683594,1.0,0.48046875,0.00037061365742612894,2519
2045,0.09433318674564362,0.9776933789253235,1.0,0.8984375,0.0003704035107942406,4214
2046,0.04796374961733818,0.9870772361755371,1.0,0.4921875,0.00037019332925122464,3637
2047,0.016120411455631256,0.9969230890274048,1.0,0.28515625,0.00036998311290927194,3250
2048,0.03880979120731354,0.9904590249061584,1.0,0.5078125,0.00036977286188059194,3878
2049,0.029937492683529854,0.9945135116577148,1.0,0.5078125,0.0003695625762774125,2734
2050,0.012511713430285454,0.9965217113494873,1.0,0.37890625,0.00036935225621198005,1725
2051,0.03458626568317413,0.9917938709259033,1.0,0.4140625,0.00036914190179655927,5240
2052,0.03480185568332672,0.9909139275550842,1.0,0.388671875,0.00036893151314343337,3742
2053,0.03936908394098282,0.9894651770591736,1.0,0.427734375,0.00036872109036490373,2468
2054,0.03909339755773544,0.99057537317276,1.0,0.69921875,0.0003685106335732899,2016
2055,0.023635543882846832,0.9948266744613647,1.0,0.33203125,0.0003683001428809298,3866
2056,0.030235549435019493,0.9925816059112549,1.0,0.59375,0.000368089618400179,2022
2057,0.02709450200200081,0.9935521483421326,1.0,0.263671875,0.00036787906024341165,5118
2058,0.02398313209414482,0.9945873022079468,1.0,0.4609375,0.00036766846852301957,3695
2059,0.044561684131622314,0.9885246157646179,1.0,0.486328125,0.00036745784335141243,3660
2060,0.01249945629388094,0.9980525970458984,1.0,0.11962890625,0.0003672471848410179,5135
2061,0.023593226447701454,0.9947130084037781,1.0,0.396484375,0.0003670364931042815,2648
2062,0.023987604305148125,0.9948059320449829,1.0,0.314453125,0.0003668257682536664,3658
2063,0.010451049543917179,0.9977011680603027,1.0,0.25,0.00036661501040165327,1740
2064,0.021446136757731438,0.9934148788452148,1.0,0.40234375,0.0003664042196607408,2126
2065,0.007527715526521206,0.9998046159744263,1.0,0.1884765625,0.0003661933961434448,5118
2066,0.016343912109732628,0.9953980445861816,1.0,0.2578125,0.00036598253996229893,2173
2067,0.04297184944152832,0.987614095211029,1.0,0.7734375,0.0003657716512298541,1534
2068,0.028697459027171135,0.9927272796630859,1.0,0.7578125,0.0003655607300586787,1925
2069,0.020412402227520943,0.995093822479248,1.0,0.294921875,0.000365349776561358,3465
2070,0.21808357536792755,0.933952808380127,1.0,2.0625,0.0003651387908504955,3982
2071,0.01009572297334671,0.9981400966644287,1.0,0.53125,0.0003649277730387108,1613
2072,0.015257254242897034,0.996246874332428,1.0,0.2119140625,0.0003647167232386413,2398
2073,0.03413126990199089,0.9935702085494995,1.0,0.515625,0.0003645056415629413,2955
2074,0.1182921826839447,0.9695177674293518,1.0,1.453125,0.0003642945281242821,2198
2075,0.02519000694155693,0.9928825497627258,1.0,0.59765625,0.00036408338303535193,1405
2076,0.016434665769338608,0.9953149557113647,1.0,0.31640625,0.000363872206408856,1921
2077,0.03505885973572731,0.9902887940406799,1.0,0.48828125,0.00036366099835751626,3913
2078,0.05280522257089615,0.9886234402656555,1.0,0.734375,0.00036344975899407154,2637
2079,0.012321718037128448,0.997611939907074,1.0,0.30078125,0.0003632384884312773,1675
2080,0.04885648936033249,0.9868648648262024,1.0,0.66015625,0.0003630271867819056,2893
2081,0.1085498183965683,0.9681238532066345,1.0,1.21875,0.0003628158541587452,2196
2082,0.17432616651058197,0.9490091800689697,1.0,1.265625,0.00036260449067460147,4138
2083,0.04735613986849785,0.987700343132019,1.0,0.63671875,0.000362393096442296,2683
2084,0.11783814430236816,0.9667823314666748,1.0,1.3359375,0.0003621816715746671,2017
2085,0.011092442087829113,0.9989026784896851,1.0,0.236328125,0.00036197021618456914,2734
2086,0.12086040526628494,0.967956006526947,1.0,0.8515625,0.0003617587303848728,5274
2087,0.016761869192123413,0.9951748847961426,1.0,0.439453125,0.00036154721428846543,1658
2088,0.0247306227684021,0.9945181608200073,1.0,0.431640625,0.00036133566800824996,3466
2089,0.042912840843200684,0.9920186400413513,1.0,0.65234375,0.00036112409165714573,3007
2090,0.016490863636136055,0.9983170628547668,1.0,0.341796875,0.00036091248534808823,2971
2091,0.01793547533452511,0.9974286556243896,1.0,0.26953125,0.0003607008491940287,3889
2092,0.019283529371023178,0.9972727298736572,1.0,0.4296875,0.0003604891833079345,1100
2093,0.025113319978117943,0.9928938150405884,1.0,0.55078125,0.0003602774878027887,2533
2094,0.04116726666688919,0.9926769733428955,1.0,0.67578125,0.0003600657627915903,1229
2095,0.007189789786934853,0.998275876045227,1.0,0.158203125,0.000359854008387354,1740
2096,0.033166106790304184,0.994163453578949,1.0,0.5234375,0.0003596422247031103,2570
2097,0.03243476524949074,0.9919517040252686,1.0,0.52734375,0.00035943041185190506,2485
2098,0.07682979106903076,0.9817386269569397,1.0,0.84375,0.0003592185699467999,5257
2099,0.07560646533966064,0.9802718162536621,1.0,0.80859375,0.000359006699100872,4562
2100,0.02363167703151703,0.9952206015586853,1.0,0.40625,0.000358794799427214,2720
2101,0.02176378294825554,0.9960362315177917,1.0,0.296875,0.0003585828710389337,3532
2102,0.02577570080757141,0.9938334822654724,1.0,0.421875,0.00035837091404915445,2919
2103,0.01274950336664915,0.998279333114624,1.0,0.20703125,0.00035815892857101464,3487
2104,0.020918071269989014,0.994991660118103,1.0,0.400390625,0.0003579469147176682,3594
2105,0.030493170022964478,0.9904305934906006,1.0,0.408203125,0.00035773487260228396,3344
2106,0.03828296437859535,0.9902102947235107,1.0,0.72265625,0.00035752280233804587,2758
2107,0.019333679229021072,0.9958217144012451,1.0,0.46875,0.0003573107040381528,1436
2108,0.006879039108753204,0.9975460171699524,1.0,0.1943359375,0.00035709857781581893,1630
2109,0.017654772847890854,0.9972549080848694,1.0,0.33203125,0.0003568864237842731,2550
2110,0.012997519224882126,0.9974009394645691,1.0,0.30078125,0.00035667424205675894,3078
2111,0.013787870295345783,0.9964082837104797,1.0,0.275390625,0.00035646203274653497,3341
2112,0.021551109850406647,0.995039701461792,1.0,0.462890625,0.00035624979596687444,2016
2113,0.020499566569924355,0.9947197437286377,1.0,0.333984375,0.0003560375318310652,2462
2114,0.023023128509521484,0.9936761260032654,1.0,0.279296875,0.0003558252404524098,3637
2115,0.02072460949420929,0.9951897263526917,1.0,0.357421875,0.0003556129219442253,3742
2116,0.027113495394587517,0.9946666955947876,1.0,0.431640625,0.0003554005764198429,3000
2117,0.01648521050810814,0.9951258897781372,1.0,0.236328125,0.00035518820399260887,2462
2118,0.01936078816652298,0.9955219626426697,1.0,0.40625,0.0003549758047758834,3573
2119,0.012700424529612064,0.9983165264129639,1.0,0.373046875,0.0003547633788830411,1188
2120,0.018463509157299995,0.9971195459365845,1.0,0.318359375,0.0003545509264274708,2083
2121,0.02151593752205372,0.9939073920249939,1.0,0.4609375,0.0003543384475225753,2462
2122,0.19386988878250122,0.9356213212013245,1.0,1.9609375,0.00035412594228177203,4225
2123,0.04992513358592987,0.9897991418838501,1.0,0.73046875,0.000353913410818492,3137
2124,0.016241641715168953,0.9958677887916565,1.0,0.31640625,0.00035370085324618045,1694
2125,0.015022220090031624,0.9996726512908936,1.0,0.17578125,0.00035348826967829635,3055
2126,0.016408173367381096,0.996358335018158,1.0,0.34765625,0.00035327566022831295,2746
2127,0.023031549528241158,0.9949072599411011,1.0,0.419921875,0.00035306302500971693,2749
2128,0.01744731515645981,0.9960891604423523,0.75,0.3203125,0.0003528503641360088,2557
2129,0.028611889109015465,0.9913007616996765,1.0,0.287109375,0.00035263767772070285,2414
2130,0.030974658206105232,0.99262535572052,1.0,0.7421875,0.000352424965877327,2712
2131,0.020056476816534996,0.994390606880188,1.0,0.43359375,0.00035221222871942276,1961
2132,0.04229982569813728,0.9892473220825195,0.75,1.0703125,0.00035199946636054494,837
2133,0.029356610029935837,0.9923580884933472,1.0,0.6171875,0.0003517866789142621,2748
2134,0.009868294931948185,0.99824458360672,1.0,0.2041015625,0.000351573866494156,1709
2135,0.1666158139705658,0.9517300128936768,1.0,1.4453125,0.00035136102921382186,4682
2136,0.09013304859399796,0.9748486280441284,1.0,1.1328125,0.00035114816718686805,4294
2137,0.013936611823737621,0.9978455901145935,1.0,0.275390625,0.00035093528052691623,2785
2138,0.011911245994269848,0.9982901215553284,1.0,0.2197265625,0.0003507223693476011,3509
2139,0.03279532119631767,0.9933214783668518,1.0,0.55859375,0.0003505094337625706,2246
2140,0.022671377286314964,0.9932970404624939,1.0,0.259765625,0.0003502964738854856,2387
2141,0.04025659337639809,0.9883481860160828,1.0,0.875,0.00035008348983001997,1459
2142,0.009252691641449928,0.9987554550170898,1.0,0.1806640625,0.00034987048170986043,3214
2143,0.034097060561180115,0.9892473220825195,1.0,1.15625,0.00034965744963870655,744
2144,0.02723940834403038,0.9918112754821777,1.0,0.34765625,0.00034944439373027085,5129
2145,0.028300026431679726,0.994189441204071,1.0,0.62109375,0.00034923131409827845,1721
2146,0.059132955968379974,0.9848024249076843,1.0,0.90234375,0.000349018210856467,2961
2147,0.02617124281823635,0.993628203868866,1.0,0.54296875,0.000348805084118587,2668
2148,0.22469481825828552,0.9304856061935425,1.0,2.0625,0.0003485919339984013,4963
2149,0.021423157304525375,0.9925198554992676,1.0,0.423828125,0.00034837876060968547,2139
2150,0.022423438727855682,0.9950823783874512,1.0,0.392578125,0.00034816556406622705,4067
2151,0.01401619054377079,0.9952749013900757,1.0,0.2333984375,0.0003479523444818264,2328
2152,0.015457474626600742,0.994164228439331,1.0,0.296875,0.000347739101970296,2399
2153,0.016134556382894516,0.9965694546699524,1.0,0.5703125,0.0003475258366454606,1749
2154,0.04911312833428383,0.9869083762168884,1.0,0.85546875,0.0003473125486211571,2979
2155,0.030945101752877235,0.9903897643089294,0.75,0.7265625,0.0003470992380112344,1873
2156,0.058177508413791656,0.9873417615890503,1.0,1.0078125,0.00034688590492955366,2054
2157,0.02227417565882206,0.9946140050888062,1.0,0.3828125,0.0003466725494899879,2785
2158,0.10444358736276627,0.9699360132217407,1.0,0.91796875,0.00034645917180642236,4690
2159,0.06208678334951401,0.986613929271698,1.0,1.0234375,0.0003462457719927535,3287
2160,0.008714565075933933,0.9976176023483276,1.0,0.27734375,0.00034603235016289024,1679
2161,0.029582669958472252,0.9935675263404846,1.0,0.6171875,0.00034581890643075317,2021
2162,0.10534512251615524,0.9702239632606506,1.0,1.2734375,0.0003456054409102742,3795
2163,0.2653333842754364,0.9281025528907776,1.0,1.6875,0.00034539195371539714,3199
2164,0.02491001784801483,0.9939676523208618,1.0,0.404296875,0.0003451784449600772,3647
2165,0.028711937367916107,0.991051435470581,1.0,0.71484375,0.00034496491475828156,1341
2166,0.01467078272253275,0.9978448152542114,1.0,0.24609375,0.0003447513632239882,3712
2167,0.11203319579362869,0.9709830284118652,1.0,0.859375,0.00034453779047118694,5066
2168,0.05392571911215782,0.9873892068862915,1.0,0.78515625,0.0003443241966138786,2934
2169,0.020578855648636818,0.9939271211624146,1.0,0.53125,0.00034411058176607565,4940
2170,0.047676414251327515,0.9870483875274658,1.0,0.828125,0.00034389694604180154,2934
2171,0.07307891547679901,0.9833333492279053,1.0,1.234375,0.00034368328955509074,1200
2172,0.014614466577768326,0.9974842667579651,1.0,0.232421875,0.00034346961241998907,1590
2173,0.034933336079120636,0.9926953911781311,1.0,0.7109375,0.0003432559147505533,1369
2174,0.031296223402023315,0.9931333661079407,1.0,0.55078125,0.0003430421966608509,2767
2175,0.047691795974969864,0.9855371713638306,1.0,0.8046875,0.00034282845826496064,2904
2176,0.03161225840449333,0.9939695000648499,1.0,0.462890625,0.0003426146996769718,2819
2177,0.0368555448949337,0.991769552230835,1.0,0.59375,0.00034240092101098463,2430
2178,0.03395088389515877,0.9924185276031494,1.0,0.625,0.00034218712238111006,5276
2179,0.02942005731165409,0.9914575815200806,1.0,0.63671875,0.00034197330390146966,1873
2180,0.031861960887908936,0.9930479526519775,1.0,0.5859375,0.0003417594656861957,2733
2181,0.1630544364452362,0.9513429403305054,1.0,1.390625,0.00034154560784943063,5138
2182,0.015676675364375114,0.9963691234588623,1.0,0.375,0.0003413317305053278,3305
2183,0.07793962955474854,0.9860724210739136,1.0,1.1875,0.0003411178337680507,2872
2184,0.03978998214006424,0.9899724125862122,1.0,0.515625,0.0003409039177517734,3989
2185,0.04397476464509964,0.990166187286377,1.0,0.69140625,0.00034068998257067996,2949
2186,0.10218260437250137,0.9774159789085388,1.0,1.328125,0.000340476028338965,1904
2187,0.05388111248612404,0.9863201379776001,1.0,0.9296875,0.00034026205517083294,5117
2188,0.033243127167224884,0.9929052591323853,1.0,0.462890625,0.0003400480631804987,2819
2189,0.10611533373594284,0.9726104140281677,1.0,1.7265625,0.00033983405248218707,1789
2190,0.022475337609648705,0.9959404468536377,1.0,0.412109375,0.0003396200231901327,3695
2191,0.015178968198597431,0.9939758777618408,1.0,0.39453125,0.0003394059754185803,2158
2192,0.06389627605676651,0.982752799987793,1.0,0.84765625,0.00033919190928178455,2957
2193,0.055729176849126816,0.9881734848022461,1.0,0.78515625,0.0003389778248940096,3044
2194,0.032206080853939056,0.990113377571106,1.0,0.515625,0.0003387637223695297,3439
2195,0.042520444840192795,0.9897292256355286,1.0,0.875,0.00033854960182262857,1071
2196,0.018163716420531273,0.9957163333892822,1.0,0.5390625,0.00033833546336759965,2101
2197,0.02025509998202324,0.9932998418807983,1.0,0.275390625,0.00033812130711874595,2388
2198,0.03321482613682747,0.9912547469139099,1.0,0.57421875,0.00033790713319037976,2630
2199,0.06580442935228348,0.9853085279464722,1.0,1.0234375,0.0003376929416968232,2042
2200,0.08942151814699173,0.9756182432174683,1.0,1.1796875,0.00033747873275240736,2871
2201,0.22867709398269653,0.9365225434303284,1.0,1.484375,0.00033726450647147293,3261
2202,0.08486977219581604,0.982758641242981,1.0,1.109375,0.0003370502629683696,1624
2203,0.14078614115715027,0.9602446556091309,1.0,1.1640625,0.00033683600235745665,4578
2204,0.025746650993824005,0.9941147565841675,1.0,0.388671875,0.0003366217247531021,4078
2205,0.042497918009757996,0.9902676343917847,1.0,0.58984375,0.0003364074302696831,2466
2206,0.044109661132097244,0.9866774082183838,1.0,0.7890625,0.00033619311902158603,2477
2207,0.01325110625475645,0.997360110282898,1.0,0.392578125,0.0003359787911232061,1894
2208,0.09097787737846375,0.9732367992401123,1.0,1.1015625,0.0003357644466889473,3176
2209,0.022474851459264755,0.9948979616165161,1.0,0.41796875,0.0003355500858332226,1764
2210,0.10361992567777634,0.9707686305046082,1.0,1.125,0.0003353357086704536,4892
2211,0.025877323001623154,0.9946568012237549,1.0,0.515625,0.0003351213153150707,2433
2212,0.032366570085287094,0.992094874382019,1.0,0.515625,0.000334906905881513,3542
2213,0.026802482083439827,0.9938561916351318,1.0,0.416015625,0.0003346924804842281,2767
2214,0.04089939966797829,0.9936395883560181,1.0,0.453125,0.000334478039237672,2830
2215,0.04283025860786438,0.9865248203277588,1.0,1.125,0.00033426358225630947,1410
2216,0.06479920446872711,0.9824433326721191,1.0,1.0,0.0003340491096546132,2734
2217,0.06633731722831726,0.978936493396759,1.0,0.7890625,0.0003338346215470649,2896
2218,0.010728303343057632,0.9982435703277588,1.0,0.2265625,0.00033362011804815385,1708
2219,0.03739805147051811,0.9897632598876953,1.0,0.56640625,0.00033340559927237803,3126
2220,0.026137949898838997,0.9962347149848938,1.0,0.37890625,0.0003331910653342433,3187
2221,0.03587175905704498,0.990955114364624,1.0,0.57421875,0.00033297651634826386,2764
2222,0.025206055492162704,0.9927419424057007,1.0,0.7109375,0.00033276195242896176,2480
2223,0.01478430163115263,0.9982379078865051,1.0,0.2236328125,0.00033254737369086686,2270
2224,0.11572985351085663,0.9642537832260132,1.0,1.1875,0.0003323327802485174,4476
2225,0.018203750252723694,0.9964050054550171,1.0,0.47265625,0.0003321181722164592,1669
2226,0.03565823286771774,0.9893673658370972,1.0,0.6484375,0.00033190354970924566,1881
2227,0.033859290182590485,0.9911353588104248,1.0,0.51171875,0.00033168891284143836,2933
2228,0.07650257647037506,0.9822251200675964,1.0,0.7734375,0.00033147426172760606,4557
2229,0.017198283225297928,0.9957032203674316,1.0,0.33203125,0.0003312595964823256,3491
2230,0.029624296352267265,0.9931662678718567,1.0,0.52734375,0.000331044917220181,2195
2231,0.03156576678156853,0.9925373196601868,1.0,0.416015625,0.0003308302240557639,2948
2232,0.029063884168863297,0.9921515583992004,1.0,0.4921875,0.00033061551710367334,3695
2233,0.012527506798505783,0.9979122877120972,1.0,0.1787109375,0.0003304007964785157,2874
2234,0.013191834092140198,0.9979633688926697,1.0,0.177734375,0.0003301860622949049,2946
2235,0.11609380692243576,0.9660899639129639,1.0,1.15625,0.0003299713146674617,4335
2236,0.08794797211885452,0.9747031331062317,1.0,1.265625,0.00032975655371081435,1937
2237,0.1363423615694046,0.9637643098831177,1.0,0.92578125,0.00032954177953959784,5685
2238,0.030903389677405357,0.9934617877006531,1.0,0.458984375,0.0003293269922684547,2906
2239,0.016337156295776367,0.9947761297225952,1.0,0.486328125,0.00032911219201203426,1340
2240,0.07378207892179489,0.9783549904823303,0.75,1.171875,0.0003288973788849925,1386
2241,0.023944290354847908,0.9941349029541016,1.0,0.490234375,0.0003286825530019927,2728
2242,0.03153099864721298,0.9916820526123047,1.0,0.59375,0.00032846771447770463,2164
2243,0.025379832834005356,0.9925572276115417,1.0,0.36328125,0.00032825286342680506,5240
2244,0.03013654053211212,0.9944024682044983,1.0,0.46484375,0.0003280379999639773,3573
2245,0.03995469957590103,0.9894839525222778,1.0,0.44140625,0.0003278231242039112,5135
2246,0.026487475261092186,0.9931291937828064,1.0,0.30078125,0.0003276082362613033,5094
2247,0.03633437305688858,0.9917942881584167,1.0,1.3984375,0.00032739333625085674,1828
2248,0.03568193316459656,0.9933664798736572,1.0,0.80078125,0.00032717842428728094,1809
2249,0.03620097413659096,0.9911822080612183,1.0,0.59375,0.00032696350048529155,3062
2250,0.023107413202524185,0.9944620132446289,1.0,0.478515625,0.000326748564959611,2528
2251,0.019109567627310753,0.9964480996131897,1.0,0.369140625,0.00032653361782496767,3660
2252,0.03486543521285057,0.9906883835792542,1.0,0.68359375,0.0003263186591960961,3007
2253,0.035713355988264084,0.9927330017089844,1.0,0.54296875,0.00032610368918773705,3165
2254,0.04051903262734413,0.9893654584884644,1.0,0.63671875,0.00032588870791463726,2821
2255,0.018654055893421173,0.9947984218597412,1.0,0.365234375,0.00032567371549154986,3076
2256,0.029375899583101273,0.9910263419151306,1.0,0.640625,0.0003254587120332333,1783
2257,0.1056663766503334,0.971854031085968,1.0,1.1171875,0.00032524369765445256,5507
2258,0.020597875118255615,0.9964538812637329,1.0,0.5234375,0.00032502867246997786,1692
2259,0.13645505905151367,0.9686684012413025,1.0,1.671875,0.00032481363659458566,2681
2260,0.045349713414907455,0.9936554431915283,1.0,0.69140625,0.00032459859014305795,2049
2261,0.02512257546186447,0.9945230484008789,1.0,0.421875,0.0003243835332301823,2191
2262,0.010586235672235489,0.9970149397850037,1.0,0.2275390625,0.000324168465970752,2345
2263,0.027089428156614304,0.992123007774353,1.0,0.5078125,0.00032395338847956566,2666
2264,0.058307066559791565,0.989676833152771,1.0,0.6640625,0.00032373830087142766,2228
2265,0.02117086574435234,0.9932935833930969,1.0,0.3046875,0.00032352320326114743,2684
2266,0.021834665909409523,0.9957716464996338,1.0,0.546875,0.00032330809576354,1419
2267,0.0566009096801281,0.983505129814148,1.0,0.875,0.00032309297849342553,2910
2268,0.03794432431459427,0.9925950765609741,1.0,0.64453125,0.0003228778515656295,2971
2269,0.020106270909309387,0.9943273663520813,1.0,0.26953125,0.0003226627150949825,2468
2270,0.0188571996986866,0.9960547089576721,1.0,0.3359375,0.0003224475691963203,3802
2271,0.022359536960721016,0.9939112663269043,1.0,0.4765625,0.00032223241398448345,3449
2272,0.03208378702402115,0.99387127161026,1.0,0.47265625,0.0003220172495743176,2937
2273,0.021295977756381035,0.9960876107215881,1.0,0.30859375,0.0003218020760806736,2556
2274,0.02799999713897705,0.9921729564666748,1.0,0.546875,0.00032158689361840666,2683
2275,0.042213208973407745,0.9885714054107666,1.0,0.796875,0.00032137170230237715,1575
2276,0.028825009241700172,0.9934818148612976,1.0,0.625,0.00032115650224744975,1841
2277,0.028934547677636147,0.9947770237922668,1.0,0.578125,0.0003209412935684946,2489
2278,0.02045983448624611,0.9959514141082764,1.0,0.396484375,0.0003207260763803855,1235
2279,0.02525816671550274,0.994602382183075,1.0,0.423828125,0.00032051085079800137,2779
2280,0.0318639874458313,0.9918417930603027,1.0,0.494140625,0.00032029561693622537,4045
2281,0.11144141107797623,0.9656602740287781,1.0,1.03125,0.0003200803749099453,4339
2282,0.03346846625208855,0.9935992360115051,1.0,0.546875,0.0003198651248340531,2031
2283,0.014520630240440369,0.9974573254585266,1.0,0.318359375,0.00031964986682344514,2753
2284,0.018028948456048965,0.9972546100616455,1.0,0.310546875,0.00031943460099302185,2914
2285,0.019438201561570168,0.9965635538101196,1.0,0.328125,0.00031921932745768806,3783
2286,0.015826106071472168,0.9966832399368286,1.0,0.330078125,0.00031900404633235273,1206
2287,0.02581632509827614,0.9940668940544128,1.0,0.4609375,0.0003187887577319286,1854
2288,0.010978024452924728,0.9977973699569702,1.0,0.185546875,0.0003185734617713326,1816
2289,0.0651974156498909,0.9812091588973999,1.0,1.1328125,0.0003183581585654855,1224
2290,0.1153981164097786,0.9673303961753845,1.0,1.0859375,0.00031814284822931203,5173
2291,0.024030214175581932,0.9924905896186829,1.0,0.263671875,0.00031792753087774077,2397
2292,0.019049789756536484,0.9961389899253845,1.0,0.466796875,0.0003177122066257038,1813
2293,0.032889872789382935,0.9926276803016663,1.0,0.80078125,0.000317496875588137,1899
2294,0.04689592495560646,0.9874830842018127,1.0,0.5390625,0.00031728153787998,2956
2295,0.03769658878445625,0.9895272850990295,1.0,0.62109375,0.00031706619361617595,3533
2296,0.029062004759907722,0.9933258891105652,1.0,0.515625,0.00031685084291167143,2697
2297,0.03044368140399456,0.9928200840950012,1.0,0.56640625,0.0003166354858814165,2507
2298,0.014994659461081028,0.9974827170372009,1.0,0.51171875,0.00031642012264036437,1589
2299,0.02323742024600506,0.994535505771637,1.0,0.494140625,0.000316204753303472,1830
2300,0.032759469002485275,0.992772102355957,1.0,0.67578125,0.0003159893779856993,2352
2301,0.025356102734804153,0.9932567477226257,1.0,0.486328125,0.0003157739968020094,4004
2302,0.01918434165418148,0.9947368502616882,1.0,0.42578125,0.0003155586098673686,1140
2303,0.04239199310541153,0.9914355874061584,1.0,0.73828125,0.00031534321729674624,2452
2304,0.027890916913747787,0.990859866142273,1.0,0.5703125,0.0003151278192051149,2954
2305,0.019208265468478203,0.9963958859443665,1.0,0.33203125,0.00031491241570744973,3607
2306,0.01605788990855217,0.9964576959609985,1.0,0.390625,0.000314697006918729,2823
2307,0.03981449082493782,0.9906609058380127,1.0,0.62109375,0.0003144815929539338,2784
2308,0.01789774000644684,0.9970577359199524,1.0,0.294921875,0.0003142661739280478,2719
2309,0.012276527471840382,0.9960301518440247,1.0,0.326171875,0.00031405074995605767,2519
2310,0.019768740981817245,0.9967284798622131,1.0,0.310546875,0.00031383532115295237,2751
2311,0.025946546345949173,0.9940298795700073,1.0,0.51953125,0.00031361988763372385,2010
2312,0.018610375002026558,0.9965736865997314,1.0,0.2890625,0.00031340444951336613,2043
2313,0.03384985402226448,0.9921011328697205,1.0,0.72265625,0.00031318900690687607,1266
2314,0.024800455197691917,0.9950248599052429,1.0,0.61328125,0.00031297355992925257,3216
2315,0.023929428309202194,0.9932030439376831,1.0,0.57421875,0.00031275810869549727,2354
2316,0.015546424314379692,0.9965583086013794,1.0,0.361328125,0.0003125426533206138,2615
2317,0.06252030283212662,0.984519362449646,1.0,0.82421875,0.000312327193919608,4005
2318,0.011605505831539631,0.9988909363746643,1.0,0.2021484375,0.00031211173060748804,2705
2319,0.018597666174173355,0.994301974773407,1.0,0.6171875,0.00031189626349926384,1404
2320,0.01235348079353571,0.9977477192878723,1.0,0.408203125,0.0003116807927099478,2220
2321,0.012238970957696438,0.9967426657676697,1.0,0.2734375,0.000311465318354554,2456
2322,0.053052954375743866,0.9876922965049744,1.0,0.6484375,0.0003112498405480985,3575
2323,0.03686995431780815,0.9890710115432739,1.0,0.42578125,0.00031103435940559905,5124
2324,0.016519691795110703,0.9963076710700989,1.0,0.361328125,0.00031081887504207545,3250
2325,0.02128543145954609,0.9941785335540771,1.0,0.6484375,0.000310603387572549,1546
2326,0.10490741580724716,0.9689005613327026,1.0,1.0078125,0.00031038789711204277,4566
2327,0.09250139445066452,0.9747219681739807,1.0,0.8671875,0.0003101724037755814,4945
2328,0.024720851331949234,0.9944264888763428,1.0,0.34375,0.0003099569076781911,3409
2329,0.013592192903161049,0.9960349202156067,1.0,0.40234375,0.0003097414089348994,1261
2330,0.05100144073367119,0.9880189895629883,1.0,0.5859375,0.0003095259076607354,4841
2331,0.026554035022854805,0.9937597513198853,1.0,0.5078125,0.0003093104039707296,1923
2332,0.030736178159713745,0.9900519251823425,1.0,0.33203125,0.00030909489797991356,2312
2333,0.018537050113081932,0.9965526461601257,1.0,0.3671875,0.00030887938980332034,3771
2334,0.024481303989887238,0.9954988956451416,1.0,0.66796875,0.00030866387955598396,1333
2335,0.010129324160516262,0.9968454241752625,1.0,0.228515625,0.0003084483673529396,1268
2336,0.03108345903456211,0.9930326342582703,1.0,0.6953125,0.0003082328533092235,2727
2337,0.08589671552181244,0.976771891117096,1.0,1.0390625,0.0003080173375398729,5037
2338,0.09462256729602814,0.973372220993042,1.0,1.0625,0.0003078018201599259,5483
2339,0.03806859627366066,0.988703727722168,1.0,0.52734375,0.00030758630128442167,3541
2340,0.026871999725699425,0.9911543726921082,1.0,0.671875,0.00030737078102839984,2261
2341,0.015399882569909096,0.9946808218955994,1.0,0.345703125,0.000307155259506901,1128
2342,0.011827891692519188,0.9970134496688843,1.0,0.29296875,0.00030693973683496636,4018
2343,0.010597249493002892,0.9974435567855835,1.0,0.1982421875,0.0003067242131276378,2347
2344,0.12079589068889618,0.964203953742981,0.75,1.5078125,0.00030650868849995766,4805
2345,0.030415141955018044,0.9923664331436157,1.0,0.42578125,0.00030629316306696874,2882
2346,0.024551136419177055,0.9937676787376404,1.0,0.5546875,0.00030607763694371455,1765
2347,0.03172232583165169,0.9912940263748169,1.0,0.671875,0.00030586211024523845,2527
2348,0.016340818256139755,0.9961622953414917,1.0,0.41796875,0.0003056465830865847,1824
2349,0.019613176584243774,0.996081531047821,1.0,0.310546875,0.0003054310555827974,5104
2350,0.028654199093580246,0.9921807050704956,0.75,0.43359375,0.00030521552784892094,4604
2351,0.01704169064760208,0.9948139190673828,1.0,0.31640625,0.00030499999999999993,3278
2352,0.02817276120185852,0.9933741092681885,1.0,0.57421875,0.0003047844721510789,1962
2353,0.024311251938343048,0.9946612119674683,1.0,0.55859375,0.0003045689444172025,2435
2354,0.02144899219274521,0.9918454885482788,1.0,0.310546875,0.0003043534169134152,2330
2355,0.08971065282821655,0.9749124646186829,1.0,0.98046875,0.0003041378897547615,5142
2356,0.013497671112418175,0.9969481229782104,1.0,0.353515625,0.0003039223630562855,983
2357,0.03241146728396416,0.9966835975646973,1.0,0.33203125,0.00030370683693303123,5126
2358,0.05175253003835678,0.9877206683158875,1.0,0.98046875,0.0003034913115000423,2606
2359,0.02393011562526226,0.9951720237731934,1.0,0.5,0.0003032757868723622,1657
2360,0.03401594236493111,0.9899425506591797,1.0,0.609375,0.0003030602631650336,2784
2361,0.019850611686706543,0.99643874168396,1.0,0.435546875,0.00030284474049309894,2808
2362,0.024321215227246284,0.994899570941925,1.0,0.384765625,0.0003026292189716001,3137
2363,0.011215721257030964,0.9976811408996582,1.0,0.291015625,0.0003024136987155782,1725
2364,0.022641055285930634,0.9944732189178467,1.0,0.4765625,0.00030219817984007404,2895
2365,0.021933550015091896,0.9952355623245239,1.0,0.45703125,0.0003019826624601271,3778
2366,0.017181945964694023,0.9958890080451965,1.0,0.375,0.0003017671466907765,1946
2367,0.009755752049386501,0.9992800354957581,1.0,0.15625,0.00030155163264706034,2778
2368,0.05059352144598961,0.9857609868049622,1.0,0.78515625,0.0003013361204440161,5197
2369,0.01590052805840969,0.9976266026496887,1.0,0.46875,0.00030112061019667963,1264
2370,0.014779292978346348,0.9964947700500488,1.0,0.453125,0.00030090510202008636,1997
2371,0.01324466336518526,0.9981051683425903,1.0,0.298828125,0.00030068959602927035,2111
2372,0.013698533177375793,0.9973555207252502,1.0,0.419921875,0.00030047409233926445,2647
2373,0.016523825004696846,0.9951456189155579,1.0,0.466796875,0.0003002585910651006,1648
2374,0.008187269791960716,0.9986257553100586,1.0,0.1923828125,0.00030004309232180884,2183
2375,0.018686780706048012,0.9957382678985596,1.0,0.318359375,0.00029982759622441854,3989
2376,0.02156522311270237,0.9954519867897034,1.0,0.41015625,0.0002996121028879571,1759
2377,0.013403406366705894,0.9979370832443237,1.0,0.2177734375,0.000299396612427451,3878
2378,0.013533235527575016,0.9965139627456665,1.0,0.251953125,0.0002991811249579245,2008
2379,0.022205911576747894,0.9937268495559692,1.0,0.361328125,0.00029896564059440087,3507
2380,0.031828850507736206,0.9914057850837708,1.0,0.79296875,0.00029875015945190147,1629
2381,0.03123406320810318,0.9926564693450928,1.0,0.4609375,0.00029853468164544586,3132
2382,0.006486912723630667,0.99821537733078,1.0,0.12109375,0.00029831920729005216,1681
2383,0.014721750281751156,0.9976246953010559,1.0,0.392578125,0.0002981037365007361,1684
2384,0.029174210503697395,0.9937172532081604,1.0,0.515625,0.000297888269392512,2865
2385,0.09641972184181213,0.9734736084938049,1.0,1.1171875,0.0002976728060803919,4373
2386,0.07498262077569962,0.9790424704551697,1.0,0.83984375,0.00029745734667938626,5201
2387,0.011230206117033958,0.9978308081626892,1.0,0.2412109375,0.0002972418913045027,2766
2388,0.02612052671611309,0.9951612949371338,1.0,0.482421875,0.0002970264400707473,3100
2389,0.03505115211009979,0.9939422011375427,1.0,0.53515625,0.0002968109930931239,4292
2390,0.02898220345377922,0.9893966913223267,1.0,0.79296875,0.0002965955504866338,2735
2391,0.06596770882606506,0.9863150715827942,1.0,1.09375,0.0002963801123662762,2996
2392,0.042453572154045105,0.9895287752151489,0.75,0.7421875,0.00029616467884704755,2483
2393,0.013405224308371544,0.9968503713607788,1.0,0.427734375,0.0002959492500439423,2540
2394,0.009642289951443672,0.9976038336753845,1.0,0.328125,0.0002957338260719521,1252
2395,0.010295710526406765,0.9979140758514404,1.0,0.1728515625,0.0002955184070460662,2397
2396,0.010925105772912502,0.9962453246116638,1.0,0.345703125,0.00029530299308127097,1598
2397,0.022424643859267235,0.9952789545059204,1.0,0.53125,0.0002950875842925502,2330
2398,0.03127717971801758,0.9940246343612671,1.0,0.5390625,0.00029487218079488504,2845
2399,0.027925889939069748,0.9906542301177979,1.0,0.5859375,0.00029465678270325363,1712
2400,0.021425539627671242,0.993194580078125,1.0,0.578125,0.00029444139013263144,2498
2401,0.05399766191840172,0.9868921637535095,1.0,0.78125,0.00029422600319799056,2365
2402,0.08748054504394531,0.975761353969574,1.0,1.0859375,0.00029401062201430073,4827
2403,0.024238916113972664,0.9941349029541016,1.0,0.69921875,0.00029379524669652797,1705
2404,0.008975262753665447,0.9983305335044861,1.0,0.17578125,0.00029357987735963566,2396
2405,0.009940672665834427,0.9986140131950378,1.0,0.201171875,0.0002933645141185835,1443
2406,0.05152667313814163,0.985620379447937,1.0,0.90625,0.00029314915708832844,2434
2407,0.04883189499378204,0.9878427386283875,1.0,0.875,0.00029293380638382397,3866
2408,0.020904485136270523,0.9948773980140686,1.0,0.5625,0.0002927184621200199,2733
2409,0.01891215331852436,0.9973217248916626,1.0,0.326171875,0.000292503124411863,2987
2410,0.03366488218307495,0.9925956130027771,1.0,0.58203125,0.0002922877933742962,2431
2411,0.007807569578289986,0.9992337226867676,1.0,0.240234375,0.00029207246912225926,1305
2412,0.02200893871486187,0.995621919631958,1.0,0.36328125,0.0002918571517706879,3883
2413,0.01757645234465599,0.9971428513526917,1.0,0.326171875,0.0002916418414345145,1400
2414,0.03739093244075775,0.9928644299507141,1.0,0.74609375,0.0002914265382286673,1962
2415,0.027808666229248047,0.9919084906578064,1.0,0.4140625,0.0002912112422680713,3584
2416,0.06719308346509933,0.9819754958152771,1.0,0.859375,0.00029099595366764724,5548
2417,0.01912870444357395,0.9949734807014465,1.0,0.4140625,0.0002907806725423118,3581
2418,0.027790026739239693,0.9926385283470154,1.0,0.5,0.0002905653990069781,2581
2419,0.01202110480517149,0.9979838728904724,1.0,0.23046875,0.00029035013317655484,1488
2420,0.01424052007496357,0.9960956573486328,1.0,0.3828125,0.0002901348751659469,2049
2421,0.05915723741054535,0.9843379259109497,0.75,0.84765625,0.00028991962509005467,4214
2422,0.04616069421172142,0.9894737005233765,1.0,0.65625,0.0002897043830637746,4655
2423,0.029783902689814568,0.9918054342269897,1.0,0.53515625,0.0002894891492019986,3783
2424,0.0555204339325428,0.9812108278274536,1.0,1.640625,0.0002892739236196144,479
2425,0.01194319874048233,0.9974874258041382,1.0,0.224609375,0.0002890587064315054,1592
2426,0.008139695972204208,0.998651385307312,1.0,0.2265625,0.00028884349775255006,1483
2427,0.04171663150191307,0.9884353876113892,1.0,0.8828125,0.0002886282976976229,2940
2428,0.04626300558447838,0.9882053136825562,1.0,0.8515625,0.00028841310638159326,3137
2429,0.024517588317394257,0.9947693943977356,1.0,0.59765625,0.0002881979239193264,2103
2430,0.013184446841478348,0.9963470101356506,1.0,0.3359375,0.0002879827504256823,1095
2431,0.03254002705216408,0.9925636053085327,1.0,0.578125,0.0002877675860155165,5110
2432,0.015588394366204739,0.9940149784088135,1.0,0.361328125,0.0002875524308036797,2005
2433,0.025755003094673157,0.9945704340934753,1.0,0.451171875,0.0002873372849050173,3131
2434,0.03281906992197037,0.9912052154541016,1.0,0.80859375,0.00028712214843437043,3070
2435,0.009884894825518131,0.9984334111213684,1.0,0.28515625,0.0002869070215065744,1915
2436,0.051587507128715515,0.984921932220459,0.75,1.0859375,0.00028669190423646,1857
2437,0.016500554978847504,0.996610164642334,1.0,0.39453125,0.0002864767967388525,1770
2438,0.01930244266986847,0.995351254940033,1.0,0.427734375,0.0002862616991285724,3872
2439,0.00986551120877266,0.9978276491165161,1.0,0.25390625,0.00028604661152043426,1381
2440,0.023793285712599754,0.9947842359542847,1.0,0.59765625,0.00028583153402924797,2109
2441,0.013601547107100487,0.9960922002792358,1.0,0.265625,0.0002856164667698176,2559
2442,0.07749900966882706,0.980207085609436,1.0,1.2578125,0.00028540140985694196,3284
2443,0.015649398788809776,0.9986351132392883,1.0,0.341796875,0.00028518636340541437,2198
2444,0.021510466933250427,0.9962635636329651,1.0,0.45703125,0.0002849713275300221,2944
2445,0.02591833658516407,0.9964380860328674,1.0,0.333984375,0.0002847563023455475,3369
2446,0.018153442069888115,0.996927797794342,1.0,0.470703125,0.0002845412879667666,1302
2447,0.02273581363260746,0.9936126470565796,1.0,0.404296875,0.0002843262845084502,3914
2448,0.02336348220705986,0.9942806959152222,1.0,0.43359375,0.00028411129208536266,2273
2449,0.018943341448903084,0.9971880316734314,1.0,0.36328125,0.0002838963108122629,2845
2450,0.07725643366575241,0.9773359894752502,1.0,0.91015625,0.00028368134080390385,2515
2451,0.017304493114352226,0.9960435032844543,1.0,0.328125,0.00028346638217503225,2022
2452,0.013332690112292767,0.9961013793945312,1.0,0.48828125,0.00028325143504038896,2565
2453,0.016032161191105843,0.9972889423370361,1.0,0.38671875,0.00028303649951470826,2582
2454,0.016890903934836388,0.9971493482589722,1.0,0.318359375,0.0002828215757127191,1754
2455,0.0378960557281971,0.9895382523536682,1.0,0.66015625,0.00028260666374914324,2772
2456,0.008533807471394539,0.9985907673835754,1.0,0.1767578125,0.0002823917637386967,3548
2457,0.016757898032665253,0.997272253036499,1.0,0.2216796875,0.0002821768757960888,1833
2458,0.013190140947699547,0.9980663657188416,1.0,0.27734375,0.00028196200003602264,3103
2459,0.012181115336716175,0.9990379810333252,1.0,0.1923828125,0.00028174713657319486,2079
2460,0.02191624790430069,0.9953271150588989,1.0,0.6328125,0.0002815322855222953,1498
2461,0.023081285879015923,0.9935362339019775,1.0,0.470703125,0.00028131744699800724,3713
2462,0.026308147236704826,0.9945730566978455,1.0,0.486328125,0.0002811026211150074,2764
2463,0.025128116831183434,0.9931662678718567,1.0,0.75390625,0.00028088780798796577,1756
2464,0.00957450456917286,0.9974380731582642,1.0,0.3515625,0.0002806730077315452,2342
2465,0.015488624572753906,0.9956672191619873,1.0,0.46484375,0.00028045822046040214,1154
2466,0.03684335574507713,0.9901158809661865,1.0,0.65625,0.0002802434462891856,2934
2467,0.017697932198643684,0.9972794651985168,1.0,0.365234375,0.0002800286853325382,2573
2468,0.01227024756371975,0.9969803690910339,1.0,0.34765625,0.00027981393770509506,1987
2469,0.018488580361008644,0.9961352944374084,1.0,0.28125,0.0002795992035214842,5175
2470,0.013493485748767853,0.9959999918937683,1.0,0.3046875,0.00027938448289632664,3250
2471,0.013797257095575333,0.9967502355575562,1.0,0.5,0.00027916977594423607,2154
2472,0.013885158114135265,0.9973500967025757,1.0,0.318359375,0.0002789550827798191,3019
2473,0.016005421057343483,0.9967260956764221,1.0,0.318359375,0.0002787404035176744,2749
2474,0.01751117967069149,0.9960765242576599,1.0,0.439453125,0.0002785257382723939,4078
2475,0.0196821428835392,0.9945744276046753,1.0,0.375,0.0002783110871585616,2949
2476,0.017747726291418076,0.9963610172271729,1.0,0.390625,0.0002780964502907542,2748
2477,0.04777000844478607,0.9907709956169128,1.0,0.76953125,0.0002778818277835408,5201
2478,0.012438955716788769,0.9970728158950806,1.0,0.302734375,0.00027766721975148247,2733
2479,0.04788680002093315,0.988685131072998,1.0,0.62890625,0.00027745262630913305,5126
2480,0.0121459336951375,0.9969348907470703,1.0,0.359375,0.0002772380475710382,1305
2481,0.06635651737451553,0.9850645065307617,1.0,0.76171875,0.0002770234836517361,2946
2482,0.029219722375273705,0.9947229623794556,1.0,0.482421875,0.0002768089346657566,5685
2483,0.014707561582326889,0.997302770614624,1.0,0.345703125,0.00027659440072762194,1483
2484,0.006436815485358238,0.9988822937011719,1.0,0.140625,0.00027637988195184607,2684
2485,0.007486782968044281,0.9995189905166626,1.0,0.10107421875,0.00027616537845293504,2079
2486,0.010451373644173145,0.997389018535614,1.0,0.34765625,0.00027595089034538673,1915
2487,0.011869712732732296,0.9973909854888916,1.0,0.322265625,0.00027573641774369056,2683
2488,0.0037724000867456198,0.9996092319488525,1.0,0.053466796875,0.00027552196076232796,2559
2489,0.015705978497862816,0.9952509999275208,1.0,0.34765625,0.00027530751951577184,2948
2490,0.018107647076249123,0.996082603931427,1.0,0.451171875,0.000275093094118487,2808
2491,0.020343003794550896,0.9945014715194702,1.0,0.37890625,0.00027487868468492924,2728
2492,0.00736880861222744,0.9991666674613953,1.0,0.2119140625,0.0002746642913295464,1200
2493,0.011902856640517712,0.9979108572006226,1.0,0.228515625,0.0002744499141667774,2872
2494,0.014287073165178299,0.9976502060890198,1.0,0.380859375,0.00027423555331105263,2979
2495,0.006732605397701263,0.9988870620727539,1.0,0.2021484375,0.0002740212088767939,3594
2496,0.010082344524562359,0.9971957206726074,1.0,0.185546875,0.0002738068809784139,1783
2497,0.008947402238845825,0.9986254572868347,1.0,0.2392578125,0.00027359256973031687,2910
2498,0.006801520474255085,0.9987413287162781,1.0,0.1513671875,0.0002733782752468979,1589
2499,0.045530468225479126,0.9873262643814087,1.0,0.80859375,0.0002731639976425434,4892
2500,0.01324622705578804,0.9966015219688416,1.0,0.337890625,0.0002729497370316303,2354
2501,0.018227392807602882,0.9957531094551086,1.0,0.369140625,0.00027273549352852704,3532
2502,0.02772117592394352,0.9937849640846252,1.0,0.421875,0.00027252126724759256,4827
2503,0.012205176055431366,0.9969956874847412,1.0,0.32421875,0.0002723070583031767,2330
2504,0.0104585075750947,0.9968253970146179,1.0,0.234375,0.00027209286680962016,1575
2505,0.011433098465204239,0.9978910088539124,1.0,0.361328125,0.0002718786928812539,2845
2506,0.013400951400399208,0.9966484904289246,1.0,0.3046875,0.00027166453663240027,2387
2507,0.0062014320865273476,0.998664915561676,1.0,0.1494140625,0.00027145039817737135,1498
2508,0.009384898468852043,0.9985460042953491,1.0,0.330078125,0.00027123627763047027,2751
2509,0.06187760457396507,0.985016942024231,1.0,0.73046875,0.0002710221751059903,4138
2510,0.11222992092370987,0.9705612063407898,1.0,1.1015625,0.00027080809071821553,3261
2511,0.015211209654808044,0.9966813921928406,1.0,0.50390625,0.00027059402458141967,2712
2512,0.02178019843995571,0.9939834475517273,1.0,0.5390625,0.0002703799768098672,3989
2513,0.014004644937813282,0.9970738887786865,1.0,0.408203125,0.00027016594751781285,2734
2514,0.005777965299785137,0.9988269805908203,1.0,0.126953125,0.00026995193681950114,1705
2515,0.04095154628157616,0.9922008514404297,1.0,0.5390625,0.000269737944829167,5257
2516,0.012746808119118214,0.9977973699569702,0.75,0.259765625,0.00026952397166103497,2270
2517,0.006679017096757889,0.9994544386863708,1.0,0.1201171875,0.00026931001742932,1833
2518,0.009839903563261032,0.9982824325561523,1.0,0.1552734375,0.00026909608224822654,5240
2519,0.022956641390919685,0.9955204129219055,1.0,0.462890625,0.0002688821662319493,3795
2520,0.01621406152844429,0.9956508874893188,1.0,0.279296875,0.0002686682694946722,3449
2521,0.024924252182245255,0.995755136013031,1.0,0.400390625,0.0002684543921505693,4476
2522,0.008267432451248169,0.9976359605789185,1.0,0.30859375,0.0002682405343138043,1692
2523,0.008078730665147305,0.9989145994186401,1.0,0.14453125,0.00026802669609853015,2764
2524,0.0074898493476212025,0.9990144371986389,1.0,0.1455078125,0.00026781287761888986,3044
2525,0.022828705608844757,0.9961337447166443,1.0,0.361328125,0.0002675990789890153,5173
2526,0.05159644037485123,0.9881011247634888,1.0,0.82421875,0.0002673853003230282,2017
2527,0.015871113166213036,0.9977251887321472,1.0,0.2119140625,0.00026717154173503934,2198
2528,0.0159755926579237,0.9967861771583557,1.0,0.28515625,0.0002669578033391491,4045
2529,0.010014870204031467,0.9979423880577087,1.0,0.28515625,0.0002667440852494467,2430
2530,0.007666961755603552,0.9977753162384033,1.0,0.205078125,0.0002665303875800108,2697
2531,0.011396626010537148,0.9974674582481384,1.0,0.28125,0.0002663167104449092,2764
2532,0.014200110919773579,0.9977086782455444,1.0,0.349609375,0.0002661030539581984,3055
2533,0.011629997752606869,0.9976142048835754,1.0,0.328125,0.0002658894182339243,2934
2534,0.007362037431448698,0.9982132315635681,1.0,0.244140625,0.00026567580338612135,1679
2535,0.007493299897760153,0.9986486434936523,1.0,0.193359375,0.0002654622095288131,2220
2536,0.0060178241692483425,0.9993680715560913,1.0,0.1337890625,0.00026524863677601174,3165
2537,0.008351546712219715,0.9983713626861572,1.0,0.21484375,0.00026503508524171847,2456
2538,0.01185158733278513,0.9983726739883423,1.0,0.328125,0.0002648215550399227,1229
2539,0.0069501339457929134,0.998813271522522,1.0,0.1728515625,0.00026460804628460283,2528
2540,0.004684446845203638,0.9993846416473389,1.0,0.08056640625,0.0002643945590897258,3250
2541,0.008173278532922268,0.997544527053833,1.0,0.166015625,0.0002641810935692467,1629
2542,0.009185489267110825,0.9986467957496643,1.0,0.1904296875,0.0002639676498371097,3695
2543,0.012699896469712257,0.9977973699569702,1.0,0.2490234375,0.00026375422800724643,1816
2544,0.007998866960406303,0.9976811408996582,1.0,0.2890625,0.00026354082819357767,1725
2545,0.006283010821789503,0.9978070259094238,1.0,0.1533203125,0.00026332745051001194,1824
2546,0.03832791745662689,0.9900596141815186,1.0,0.484375,0.00026311409507044636,2515
2547,0.03545262664556503,0.9906131029129028,1.0,0.40625,0.0002629007619887656,3409
2548,0.01134489569813013,0.9964082837104797,1.0,0.21484375,0.0002626874513788429,3341
2549,0.013535471633076668,0.9969007968902588,1.0,0.1962890625,0.0002624741633545394,3872
2550,0.011592826806008816,0.9971763491630554,1.0,0.2060546875,0.0002622608980297039,4604
2551,0.010777141898870468,0.9963409900665283,1.0,0.2890625,0.0002620476555181736,2733
2552,0.031038697808980942,0.9895615577697754,1.0,0.8828125,0.000261834435933773,479
2553,0.01766512356698513,0.9933305382728577,1.0,0.28515625,0.00026162123939031456,2399
2554,0.019425824284553528,0.9965746402740479,1.0,0.306640625,0.0002614080660015986,4963
2555,0.016198359429836273,0.9950792789459229,1.0,0.388671875,0.00026119491588141305,3658
2556,0.00917015504091978,0.9981527328491211,1.0,0.1650390625,0.00026098178914353294,1624
2557,0.008561541326344013,0.9966624975204468,1.0,0.19921875,0.00026076868590172147,2397
2558,0.01345747523009777,0.9963235259056091,1.0,0.263671875,0.00026055560626972907,1904
2559,0.007284970488399267,0.9983870983123779,1.0,0.14453125,0.00026034255036129337,2480
2560,0.014279604889452457,0.9974033236503601,1.0,0.291015625,0.0002601295182901396,3466
2561,0.010163144208490849,0.9982263445854187,1.0,0.1953125,0.00025991651016997995,2819
2562,0.019516190513968468,0.996960461139679,1.0,0.380859375,0.0002597035261145144,2961
2563,0.020237397402524948,0.9962738752365112,1.0,0.455078125,0.00025949056623742936,4294
2564,0.013968143612146378,0.9973941445350647,1.0,0.4140625,0.0002592776306523989,3070
2565,0.020175619050860405,0.9957308173179626,1.0,0.396484375,0.0002590647194730837,3982
2566,0.007767853327095509,0.9980879426002502,1.0,0.1796875,0.0002588518328131318,2615
2567,0.007729935925453901,0.9975124597549438,1.0,0.333984375,0.00025863897078617806,1206
2568,0.04843251779675484,0.9891585111618042,1.0,0.8203125,0.0002584261335058439,1937
2569,0.01360299065709114,0.9973763227462769,1.0,0.345703125,0.00025821332108573783,2668
2570,0.012026961892843246,0.9983416199684143,1.0,0.19921875,0.000258000533639455,1809
2571,0.00958287250250578,0.9978272914886475,1.0,0.29296875,0.00025778777128057726,1841
2572,0.019265610724687576,0.9960886836051941,1.0,0.5859375,0.00025757503412267296,1534
2573,0.010424192063510418,0.9974396228790283,1.0,0.291015625,0.00025736232227929713,2734
2574,0.0068914745934307575,0.9982847571372986,1.0,0.220703125,0.0002571496358639911,1749
2575,0.005049216095358133,0.9985059499740601,1.0,0.1337890625,0.000256936974990283,2008
2576,0.017867891117930412,0.9955219626426697,1.0,0.3046875,0.00025672433977168697,3573
2577,0.007032405119389296,0.9981464147567749,1.0,0.185546875,0.0002565117303217035,2158
2578,0.009994731284677982,0.9974692463874817,1.0,0.2197265625,0.0002562991467538195,2766
2579,0.007576105184853077,0.9975201487541199,1.0,0.322265625,0.00025608658918150793,1613
2580,0.018710020929574966,0.9957228302955627,1.0,0.2275390625,0.000255874057718228,3507
2581,0.007983854040503502,0.9994264245033264,1.0,0.1455078125,0.0002556615524774246,3487
2582,0.014923022128641605,0.9970188736915588,1.0,0.35546875,0.0002554490735725292,3019
2583,0.012677952647209167,0.9974802136421204,1.0,0.26953125,0.0002552366211169588,2778
2584,0.009165163151919842,0.9964538812637329,1.0,0.408203125,0.00025502419522411646,1128
2585,0.019484831020236015,0.9957764744758606,1.0,0.287109375,0.00025481179600739105,3078
2586,0.013291862793266773,0.9972470998764038,1.0,0.185546875,0.000254599423580157,2906
2587,0.011238849721848965,0.9962453246116638,1.0,0.40625,0.00025438707805577475,1598
2588,0.012775587849318981,0.9977179169654846,1.0,0.255859375,0.0002541747595475901,2191
2589,0.008755435235798359,0.9986252188682556,1.0,0.1552734375,0.00025396246816893476,3637
2590,0.010284905321896076,0.9985074400901794,1.0,0.2470703125,0.0002537502040331255,1340
2591,0.010057888925075531,0.997806191444397,1.0,0.2890625,0.00025353796725346495,2735
2592,0.01841684989631176,0.9954807162284851,1.0,0.419921875,0.000253325757943241,2434
2593,0.023783357813954353,0.9957215189933777,1.0,0.412109375,0.0002531135762157268,5142
2594,0.007268272340297699,0.9984118342399597,1.0,0.1220703125,0.00025290142218418104,3778
2595,0.028297647833824158,0.9952539205551147,1.0,0.66015625,0.00025268929596184716,4214
2596,0.012349525466561317,0.9980151057243347,1.0,0.2255859375,0.0002524771976619542,2519
2597,0.011837723664939404,0.9971751570701599,1.0,0.287109375,0.000252265127397716,1770
2598,0.026167703792452812,0.9918897151947021,1.0,0.41796875,0.00025205308528233184,2466
2599,0.0077059268951416016,0.9979449510574341,1.0,0.1650390625,0.00025184107142898533,2433
2600,0.012273440137505531,0.998031497001648,1.0,0.259765625,0.0002516290859508455,2540
2601,0.009628447704017162,0.9980813264846802,1.0,0.15625,0.00025141712896106625,2606
2602,0.006325773894786835,0.9993948340415955,1.0,0.12255859375,0.00025120520057278587,3305
2603,0.009156472980976105,0.9975460171699524,1.0,0.380859375,0.0002509933008991279,1630
2604,0.025650393217802048,0.9942383170127869,1.0,0.482421875,0.00025078143005319997,4339
2605,0.010470804758369923,0.9975828528404236,1.0,0.296875,0.0002505695881480949,2896
2606,0.021102946251630783,0.9960543513298035,1.0,0.369140625,0.00025035777529688966,4562
2607,0.020327763631939888,0.9954751133918762,1.0,0.5546875,0.00025014599161264596,2431
2608,0.019784457981586456,0.9980260729789734,1.0,0.30078125,0.0002499342372084096,5066
2609,0.0077155521139502525,0.9981516003608704,1.0,0.1904296875,0.00024972251219721115,2164
2610,0.016606606543064117,0.9971988797187805,1.0,0.251953125,0.00024951081669206547,1071
2611,0.0071690743789076805,0.9990246891975403,1.0,0.1552734375,0.00024929915080597114,3076
2612,0.013521014712750912,0.997063159942627,1.0,0.28125,0.0002490875146519117,2043
2613,0.009917350485920906,0.9974874258041382,1.0,0.1669921875,0.00024887590834285413,1592
2614,0.01871812716126442,0.9964733719825745,1.0,0.259765625,0.00024866433199175007,5104
2615,0.010466675274074078,0.9986366629600525,1.0,0.2158203125,0.0002484527857115346,2934
2616,0.017884138971567154,0.9976958632469177,1.0,0.353515625,0.0002482412696151271,1302
2617,0.010025780647993088,0.9989078044891357,1.0,0.1953125,0.00024802978381543083,4578
2618,0.008067822083830833,0.9974516034126282,1.0,0.1494140625,0.0002478183284253328,1962
2619,0.010871823877096176,0.9971309900283813,1.0,0.283203125,0.00024760690355770396,3137
2620,0.011879927478730679,0.9948827028274536,1.0,0.193359375,0.00024739550932539845,2345
2621,0.010965976864099503,0.9968771934509277,1.0,0.251953125,0.0002471841458412547,2882
2622,0.022293629124760628,0.9935012459754944,1.0,0.2490234375,0.0002469728132180943,2462
2623,0.00960695929825306,0.9979944825172424,1.0,0.216796875,0.00024676151156872273,3989
2624,0.007596646435558796,0.9983903169631958,1.0,0.17578125,0.00024655024100592843,2485
2625,0.010982410982251167,0.9980051517486572,1.0,0.197265625,0.0002463390016424837,3509
2626,0.005497527774423361,0.9993091821670532,1.0,0.0703125,0.00024612779359114393,2895
2627,0.006791817955672741,1.0,1.0,0.2890625,0.00024591661696464793,744
2628,0.011356924660503864,0.9985358715057373,1.0,0.3359375,0.0002457054718757179,2049
2629,0.0061087762005627155,0.999360203742981,1.0,0.1025390625,0.00024549435843705864,3126
2630,0.008234825916588306,0.9988454580307007,1.0,0.16796875,0.0002452832767613587,5197
2631,0.004615355283021927,0.9992202520370483,1.0,0.15625,0.00024507222696128916,2565
2632,0.021120287477970123,0.9955676794052124,1.0,0.240234375,0.00024486120914950454,2933
2633,0.01568804308772087,0.9976505637168884,1.0,0.2734375,0.0002446502234386419,4682
2634,0.02653157152235508,0.9932923316955566,1.0,0.68359375,0.0002444392699413214,1789
2635,0.010579780675470829,0.9976653456687927,1.0,0.349609375,0.00024422834877014583,2570
2636,0.008234112523496151,0.9985765218734741,1.0,0.3828125,0.00024401746003770096,1405
2637,0.005646441597491503,0.9988127946853638,1.0,0.068359375,0.00024380660385655518,2527
2638,0.007493623532354832,0.9975894093513489,1.0,0.234375,0.00024359578033925918,2489
2639,0.0116293178871274,0.9948096871376038,1.0,0.2041015625,0.00024338498959834668,2312
2640,0.014586465433239937,0.9971264600753784,1.0,0.2392578125,0.0002431742317463336,2784
2641,0.0064714523032307625,0.9994298815727234,1.0,0.11279296875,0.00024296350689571847,1754
2642,0.004731917288154364,0.9996322393417358,1.0,0.0966796875,0.00024275281515898206,2719
2643,0.008724472485482693,0.9987248778343201,1.0,0.251953125,0.0002425421566485876,3137
2644,0.007361016236245632,0.9986463785171509,1.0,0.1689453125,0.0002423315314769804,2955
2645,0.006705015432089567,0.9989399313926697,1.0,0.12255859375,0.00024212093975658824,2830
2646,0.006447116378694773,0.9986273050308228,1.0,0.095703125,0.00024191038159982096,2914
2647,0.02298859879374504,0.9951510429382324,1.0,0.478515625,0.0002416998571190702,2681
2648,0.00743434252217412,0.9985734820365906,1.0,0.1552734375,0.00024148936642671002,2103
2649,0.022857028990983963,0.9965870380401611,1.0,0.357421875,0.00024127890963509619,5274
2650,0.003160803811624646,0.9994992613792419,1.0,0.1298828125,0.00024106848685656663,1997
2651,0.005973643623292446,0.9987815022468567,1.0,0.1328125,0.0002408580982034407,2462
2652,0.021325841546058655,0.9952662587165833,1.0,0.478515625,0.00024064774378801997,4225
2653,0.00881053414195776,0.9981735348701477,1.0,0.2275390625,0.00024043742372258743,1095
2654,0.006009496748447418,0.9989722371101379,1.0,0.11865234375,0.00024022713811940795,1946
2655,0.006824061274528503,0.9992044568061829,1.0,0.1181640625,0.00024001688709072798,3771
2656,0.010753801092505455,0.9975708723068237,1.0,0.337890625,0.00023980667074877522,1235
2657,0.014369064010679722,0.9969040155410767,1.0,0.376953125,0.00023959648920575936,2261
2658,0.014854487963020802,0.9975908994674683,1.0,0.29296875,0.00023938634257387098,4566
2659,0.015774298459291458,0.9981269240379333,1.0,0.263671875,0.00023917623096528253,4805
2660,0.00843200646340847,0.9974003434181213,1.0,0.1943359375,0.00023896615449214723,1154
2661,0.008836665190756321,0.998291552066803,1.0,0.3046875,0.00023875611326660014,1756
2662,0.00555181922391057,0.9991478323936462,1.0,0.08056640625,0.00023854610740075692,2347
2663,0.007855319418013096,0.9989373087882996,1.0,0.17578125,0.0002383361370067148,2823
2664,0.007406976539641619,0.9986732602119446,1.0,0.1259765625,0.00023812620219655192,5276
2665,0.005690582096576691,0.9976387023925781,1.0,0.19921875,0.0002379163030823273,1694
2666,0.015328156761825085,0.997474730014801,1.0,0.435546875,0.00023770643977608124,1188
2667,0.007851236499845982,0.9984139800071716,1.0,0.2001953125,0.00023749661238983442,3783
2668,0.0327361524105072,0.9926564693450928,1.0,0.4140625,0.00023728682103558885,3132
2669,0.009600799530744553,0.9974856376647949,1.0,0.1806640625,0.00023707706582532694,2784
2670,0.013444521464407444,0.9969307780265808,1.0,0.2001953125,0.00023686734687101217,3584
2671,0.00497389305382967,0.9990838170051575,1.0,0.09814453125,0.00023665766428458825,2183
2672,0.02950555458664894,0.9965350031852722,1.0,0.6171875,0.00023644801817797968,1443
2673,0.007943006232380867,0.998641312122345,1.0,0.1689453125,0.00023623840866309173,2944
2674,0.011524975299835205,0.9984117746353149,1.0,0.2138671875,0.00023602883585180964,5037
2675,0.0063965413719415665,0.998294472694397,1.0,0.11474609375,0.00023581929985599955,1759
2676,0.006328202784061432,0.9992910027503967,1.0,0.1142578125,0.00023560980078750747,2821
2677,0.009517023339867592,0.9979838728904724,1.0,0.400390625,0.00023540033875816012,1488
2678,0.008638453669846058,0.9979466199874878,1.0,0.154296875,0.00023519091387976416,2435
2679,0.007303302641957998,0.9990010261535645,1.0,0.1650390625,0.00023498152626410675,4004
2680,0.013886522501707077,0.9972364902496338,1.0,0.2314453125,0.00023477217602295463,2533
2681,0.005199037026613951,0.9985721111297607,1.0,0.13671875,0.00023456286326805508,2101
2682,0.006051723845303059,0.9985156059265137,1.0,0.0869140625,0.00023435358811113523,2021
2683,0.0073093329556286335,0.9984790682792664,1.0,0.2255859375,0.00023414435066390204,2630
2684,0.006066257134079933,0.9992335438728333,1.0,0.1025390625,0.0002339351510380425,3914
2685,0.00758197670802474,0.9988381266593933,1.0,0.1787109375,0.00023372598934522315,2582
2686,0.020209556445479393,0.9936575293540955,1.0,0.51953125,0.00023351686569709064,2365
2687,0.013599492609500885,0.9979938268661499,1.0,0.267578125,0.0002333077802052709,5483
2688,0.006907949224114418,0.9983452558517456,1.0,0.1513671875,0.00023309873298137001,1813
2689,0.009465370327234268,0.9979608654975891,1.0,0.2060546875,0.00023288972413697303,2452
2690,0.01048100832849741,0.9979397654533386,1.0,0.2265625,0.00023268075378364496,3883
2691,0.014075856655836105,0.9976931810379028,1.0,0.3359375,0.00023247182203293024,4335
2692,0.03426149860024452,0.9890710115432739,1.0,0.61328125,0.0002322629289963524,2196
2693,0.012127489782869816,0.9970458149909973,1.0,0.2216796875,0.00023205407478541474,2031
2694,0.006230731960386038,0.9985637068748474,1.0,0.1328125,0.0002318452595115993,2785
2695,0.007933365181088448,0.9981837868690491,1.0,0.1865234375,0.00023163648328636784,2753
2696,0.00978031475096941,0.9986225962638855,1.0,0.265625,0.00023142774622116096,2904
2697,0.019406257197260857,0.9976545572280884,1.0,0.298828125,0.0002312190484273986,4690
2698,0.007563582621514797,0.9984480142593384,1.0,0.119140625,0.0002310103900164794,3866
2699,0.007673698011785746,0.9986366629600525,1.0,0.19140625,0.00023080177109978124,2934
2700,0.02037891000509262,0.9976635575294495,1.0,0.275390625,0.000230593191788661,1712
2701,0.009656177833676338,0.9978117942810059,1.0,0.365234375,0.00023038465219445413,1828
2702,0.010569256730377674,0.9990108609199524,1.0,0.1337890625,0.00023017615242847518,2022
2703,0.009224563837051392,0.9980595111846924,1.0,0.263671875,0.00022996769260201708,1546
2704,0.007570233661681414,0.9977011680603027,1.0,0.2216796875,0.0002297592728263518,1740
2705,0.00698953727260232,0.9989528656005859,1.0,0.130859375,0.00022955089321272966,2865
2706,0.006099130026996136,0.9990239143371582,1.0,0.1376953125,0.00022934255387237987,2049
2707,0.017344826832413673,0.9970171451568604,1.0,0.46875,0.00022913425491650967,1341
2708,0.004406904336065054,0.99882972240448,1.0,0.08740234375,0.0002289259964563051,1709
2709,0.025587646290659904,0.9927849769592285,1.0,0.34375,0.00022871777860293074,3465
2710,0.012618949636816978,0.9975980520248413,1.0,0.2392578125,0.00022850960146752886,2498
2711,0.015666499733924866,0.9969662427902222,1.0,0.2734375,0.00022830146516122078,2637
2712,0.007520319893956184,0.9986351132392883,1.0,0.2578125,0.00022809336979510514,2198
2713,0.015611613169312477,0.9981975555419922,1.0,0.259765625,0.0002278853154802597,5548
2714,0.005113877821713686,0.99843829870224,1.0,0.1083984375,0.0002276773023277395,1921
2715,0.010029799304902554,0.9980411529541016,1.0,0.185546875,0.00022746933044857814,2042
2716,0.0102231465280056,0.9979555606842041,1.0,0.134765625,0.00022726139995378684,3913
2717,0.017722640186548233,0.9949495196342468,0.75,0.353515625,0.00022705351095435487,1386
2718,0.017030896618962288,0.9957924485206604,1.0,0.171875,0.00022684566356124955,2139
2719,0.00501988735049963,0.9991902709007263,1.0,0.1357421875,0.00022663785788541553,4940
2720,0.009291374124586582,0.9985018968582153,1.0,0.177734375,0.00022643009403777565,4005
2721,0.011682129465043545,0.9973074793815613,1.0,0.1982421875,0.0002262223721292301,1857
2722,0.005968357902020216,0.9975062608718872,1.0,0.1416015625,0.00022601469227065697,2005
2723,0.005882555618882179,0.9993333220481873,1.0,0.08251953125,0.0002258070545729115,3000
2724,0.020745282992720604,0.9956284165382385,1.0,0.203125,0.0002255994591468269,3660
2725,0.011769155040383339,0.9966012239456177,1.0,0.37109375,0.00022539190610321348,2648
2726,0.006865743547677994,0.9986848831176758,1.0,0.12451171875,0.00022518439555285899,3802
2727,0.007151234894990921,0.9985433220863342,1.0,0.10302734375,0.0002249769276065288,2746
2728,0.003186717862263322,0.9992498159408569,1.0,0.10009765625,0.00022476950237496497,2666
2729,0.008909349329769611,0.9974979162216187,1.0,0.126953125,0.0002245621199688872,2398
2730,0.012935556471347809,0.9982993006706238,1.0,0.169921875,0.00022435478049899222,2940
2731,0.0070693036541342735,0.9988033771514893,1.0,0.1279296875,0.00022414748407595392,2507
2732,0.006962059997022152,0.9989902377128601,1.0,0.1298828125,0.0002239402308104228,2971
2733,0.010466916486620903,0.9976319074630737,1.0,0.1416015625,0.00022373302081302697,2956
2734,0.006779642775654793,0.9992263913154602,1.0,0.10302734375,0.00022352585419437092,3878
2735,0.008220130577683449,0.9988290667533875,1.0,0.15234375,0.00022331873106503627,5124
2736,0.01000202912837267,0.9972624182701111,1.0,0.1845703125,0.00022311165153558136,2557
2737,0.013734810054302216,0.9959308505058289,1.0,0.19921875,0.00022290461571654113,983
2738,0.009042390622198582,0.9990023374557495,1.0,0.205078125,0.00022269762371842738,3007
2739,0.014609798789024353,0.9960339665412903,1.0,0.2890625,0.00022249067565172832,1765
2740,0.007953500375151634,0.9988811016082764,1.0,0.21484375,0.00022228377162690906,3575
2741,0.007141930051147938,0.9986072182655334,1.0,0.125,0.00022207691175441064,1436
2742,0.009738927707076073,0.998009979724884,1.0,0.162109375,0.00022187009614465104,2010
2743,0.008551320061087608,0.998383641242981,1.0,0.208984375,0.00022166332490802446,3712
2744,0.0062854900024831295,0.9980797171592712,1.0,0.09423828125,0.0002214565981549012,2083
2745,0.005748924799263477,0.9983818531036377,1.0,0.0908203125,0.00022124991599562833,1854
2746,0.014253819361329079,0.9977755546569824,1.0,0.310546875,0.0002210432785405284,4945
2747,0.005329167935997248,0.9993554353713989,1.0,0.1298828125,0.00022083668589990078,3103
2748,0.005950090941041708,0.9982568025588989,1.0,0.10986328125,0.0002206301381840204,1721
2749,0.00832888949662447,0.9978455901145935,1.0,0.203125,0.0002204236355031387,2785
2750,0.006691781338304281,0.9976340532302856,1.0,0.15625,0.00022021717796748245,1268
2751,0.005011561326682568,0.9991773962974548,1.0,0.09716796875,0.00022001076568725487,3647
2752,0.006967085413634777,0.9983245134353638,1.0,0.1650390625,0.00021980439877263496,3581
2753,0.006885829847306013,0.9984888434410095,1.0,0.2109375,0.00021959807733377718,2647
2754,0.005989755969494581,0.9985714554786682,1.0,0.11962890625,0.00021939180148081213,1400
2755,0.007560146506875753,0.9977940917015076,1.0,0.1748046875,0.00021918557132384562,2720
2756,0.009982389397919178,0.9980369210243225,1.0,0.169921875,0.00021897938697295951,5094
2757,0.0070927441120147705,0.9979199171066284,1.0,0.146484375,0.0002187732485382109,1923
2758,0.009223070926964283,0.99821537733078,1.0,0.1552734375,0.00021856715612963263,1681
2759,0.011370916850864887,0.998553991317749,1.0,0.1884765625,0.00021836110985723264,4841
2760,0.005593772046267986,0.9993148446083069,1.0,0.09033203125,0.00021815510983099447,2919
2761,0.006181336939334869,0.99863201379776,1.0,0.1298828125,0.00021794915616087717,5117
2762,0.011235392652451992,0.9974842667579651,1.0,0.1650390625,0.0002177432489568146,1590
2763,0.005048870574682951,0.9992665648460388,1.0,0.07275390625,0.00021753738832871618,2727
2764,0.00545440474525094,0.9992226958274841,1.0,0.0712890625,0.00021733157438646612,2573
2765,0.007656177971512079,0.9983840584754944,1.0,0.10546875,0.00021712580723992424,3713
2766,0.009095866233110428,0.9976525902748108,1.0,0.205078125,0.00021692008699892472,2556
2767,0.007510277442634106,0.998004674911499,1.0,0.1689453125,0.00021671441377327726,3007
2768,0.0049696690402925014,0.9992069602012634,1.0,0.06884765625,0.00021650878767276612,3783
2769,0.027094511315226555,0.9951024055480957,1.0,0.5859375,0.0002163032088071506,2246
2770,0.00975491851568222,0.9987110495567322,1.0,0.2041015625,0.00021609767728616482,4655
2771,0.006466900464147329,0.9984502196311951,1.0,0.146484375,0.00021589219321951726,2581
2772,0.015199573710560799,0.9963477253913879,1.0,0.2021484375,0.0002156867567168916,1369
2773,0.007269369438290596,0.9985544085502625,1.0,0.255859375,0.00021548136788794567,2767
2774,0.00663637463003397,0.9983670711517334,1.0,0.1806640625,0.00021527602684231226,3062
2775,0.006373710930347443,0.9979131817817688,1.0,0.1064453125,0.00021507073368959818,2396
2776,0.0058237481862306595,0.9985788464546204,1.0,0.11767578125,0.00021486548853938514,2111
2777,0.004671032540500164,0.9993724226951599,1.0,0.080078125,0.0002146602915012289,3187
2778,0.005209813360124826,0.9992606043815613,1.0,0.154296875,0.00021445514268465972,2705
2779,0.006298435851931572,0.9985940456390381,1.0,0.1455078125,0.00021425004219918225,2845
2780,0.007628758437931538,0.9984443187713623,1.0,0.154296875,0.00021404499015427485,3214
2781,0.009889747947454453,0.9976580739021301,1.0,0.1962890625,0.00021383998665939054,1708
2782,0.008450565859675407,0.9989070892333984,1.0,0.328125,0.000213635031823956,1830
2783,0.010594379156827927,0.9963444471359253,1.0,0.31640625,0.00021343012575737247,2462
2784,0.008859285153448582,0.9981818199157715,1.0,0.171875,0.00021322526856901454,1100
2785,0.004837562330067158,0.9988123774528503,1.0,0.10693359375,0.00021302046036823118,1684
2786,0.005978644825518131,0.9990262985229492,1.0,0.07275390625,0.00021281570126434495,5135
2787,0.008413798175752163,0.9990853071212769,1.0,0.1826171875,0.00021261099136665236,4373
2788,0.014114286750555038,0.9963184595108032,1.0,0.15234375,0.00021240633078442367,2173
2789,0.008862431161105633,0.9970317482948303,1.0,0.171875,0.00021220171962690247,3369
2790,0.003793717361986637,0.9987930059432983,1.0,0.08642578125,0.0002119971580033065,1657
2791,0.006503570359200239,0.99858158826828,1.0,0.15234375,0.00021179264602282666,1410
2792,0.0059028975665569305,0.9979948401451111,1.0,0.142578125,0.0002115881837946276,3491
2793,0.0174778513610363,0.9945561289787292,1.0,0.2236328125,0.0002113837714278471,2388
2794,0.02081122063100338,0.9942810535430908,1.0,0.6796875,0.0002111794090315967,1224
2795,0.00860100332647562,0.9992215037345886,1.0,0.1201171875,0.000210975096714961,5138
2796,0.010248801670968533,0.9990920424461365,1.0,0.126953125,0.000210770834586998,5507
2797,0.007981652393937111,0.9985460638999939,1.0,0.2158203125,0.00021056662275673892,3439
2798,0.019978899508714676,0.9948259592056274,1.0,0.388671875,0.00021036246133318792,2126
2799,0.007146764080971479,0.9989358186721802,1.0,0.13671875,0.00021015835042532255,2819
2800,0.008518576622009277,0.9984050989151001,1.0,0.1962890625,0.00020995429014209317,1881
2801,0.004496333654969931,0.9988725781440735,1.0,0.0908203125,0.00020975028059242343,3548
2802,0.03885982930660248,0.9940263032913208,1.0,0.79296875,0.00020954632188520934,837
2803,0.004917597863823175,0.9994661211967468,1.0,0.10009765625,0.00020934241412932036,1873
2804,0.011672670021653175,0.9968627691268921,1.0,0.322265625,0.00020913855743359832,2550
2805,0.02357780747115612,0.9950669407844543,1.0,0.6875,0.0002089347519068581,1419
2806,0.009356051683425903,0.9976076483726501,1.0,0.1796875,0.0002087309976578872,3344
2807,0.014080159366130829,0.9982444643974304,1.0,0.3046875,0.00020852729479544553,4557
2808,0.005829793866723776,0.998769223690033,1.0,0.201171875,0.00020832364342826589,3250
2809,0.007411012891680002,0.9985606074333191,1.0,0.14453125,0.00020812004366505324,2779
2810,0.007427598349750042,0.9989902377128601,1.0,0.1240234375,0.00020791649561448548,2971
2811,0.009199980646371841,0.9987096786499023,1.0,0.2177734375,0.00020771299938521226,3100
2812,0.007020425517112017,0.9981796145439148,1.0,0.310546875,0.00020750955508585628,1648
2813,0.0072339484468102455,0.9993909597396851,1.0,0.21875,0.00020730616282501192,3284
2814,0.002494727959856391,0.9994903206825256,1.0,0.059814453125,0.00020710282271124608,1962
2815,0.0124446926638484,0.9969803690910339,1.0,0.421875,0.00020689953485309785,1987
2816,0.008553721942007542,0.9980236887931824,1.0,0.1630859375,0.00020669629935907827,3542
2817,0.009530414827167988,0.9982602596282959,1.0,0.1708984375,0.00020649311633767067,2874
2818,0.01162006612867117,0.9974026083946228,1.0,0.33203125,0.00020628998589733002,1925
2819,0.006147594656795263,0.9990418553352356,1.0,0.07373046875,0.0002060869081464835,3131
2820,0.005744505673646927,0.9989854693412781,1.0,0.1259765625,0.00020588388319353002,2957
2821,0.008804989978671074,0.9979863166809082,1.0,0.27734375,0.00020568091114684056,2483
2822,0.005015581846237183,0.9991508722305298,1.0,0.08837890625,0.0002054779921147574,3533
2823,0.006869049277156591,0.9980502724647522,1.0,0.12109375,0.00020527512620559487,5129
2824,0.010190014727413654,0.9986473321914673,1.0,0.09033203125,0.000205072313527639,5175
2825,0.003387151751667261,0.9994402527809143,1.0,0.06396484375,0.00020486955418914718,3573
2826,0.010969899594783783,0.9984788298606873,1.0,0.2353515625,0.0002046668482983485,3287
2827,0.007787192240357399,0.9986067414283752,1.0,0.162109375,0.0002044641959634432,2871
2828,0.008460590615868568,0.9982993006706238,1.0,0.228515625,0.00020426159729260344,2352
2829,0.013908649794757366,0.99643874168396,1.0,0.734375,0.00020405905239397228,1404
2830,0.013566305860877037,0.9958574771881104,1.0,0.38671875,0.00020385656137566447,2414
2831,0.008712654002010822,0.9976303577423096,1.0,0.1533203125,0.0002036541243457656,1266
2832,0.01258861180394888,0.9960349202156067,1.0,0.40625,0.00020345174141233262,1261
2833,0.012493936344981194,0.9968935251235962,1.0,0.291015625,0.0002032494126833938,3541
2834,0.011759757064282894,0.998602032661438,1.0,0.23828125,0.00020304713826694814,4292
2835,0.007290288805961609,0.998420238494873,1.0,0.150390625,0.000202844918270966,1899
2836,0.009135139174759388,0.9983851313591003,1.0,0.279296875,0.00020264275280338829,2477
2837,0.0052482918836176395,0.9991880655288696,1.0,0.1767578125,0.0002024406419721271,3695
2838,0.008812589570879936,0.9983965754508972,1.0,0.224609375,0.00020223858588506525,3742
2839,0.01804276742041111,0.9960442781448364,1.0,0.51171875,0.00020203658465005653,1264
2840,0.0047951494343578815,0.9990848302841187,1.0,0.11328125,0.000201834638374925,3278
2841,0.005175943952053785,0.9989157915115356,1.0,0.095703125,0.0002016327471674658,2767
2842,0.007595568895339966,0.9980461001396179,1.0,0.12890625,0.00020143091113544468,5118
2843,0.009412459097802639,0.9966809153556824,1.0,0.318359375,0.00020122913038659766,2109
2844,0.010744678787887096,0.9960317611694336,1.0,0.40625,0.0002010274050286315,1764
2845,0.009884894825518131,0.9980525970458984,1.0,0.26171875,0.00020082573516922312,2054
2846,0.006784285884350538,0.9993780851364136,1.0,0.1240234375,0.00020062412091602017,3216
2847,0.008785031735897064,0.9977558255195618,1.0,0.447265625,0.00020042256237664025,2228
2848,0.007907364517450333,0.997611939907074,1.0,0.19140625,0.00020022105965867166,1675
2849,0.018095577135682106,0.9952749013900757,1.0,0.314453125,0.00020001961286967237,2328
2850,0.006738726515322924,0.9985091090202332,1.0,0.2197265625,0.00019981822211717095,2683
2851,0.0060041602700948715,0.9990164637565613,1.0,0.1357421875,0.00019961688750866582,4067
2852,0.006983827333897352,0.9989629983901978,1.0,0.16796875,0.0001994156091516255,2893
2853,0.005782688967883587,0.9992172122001648,1.0,0.09765625,0.0001992143871534886,5110
2854,0.010138748213648796,0.9978276491165161,1.0,0.18359375,0.0001990132216216633,1381
2855,0.03071887046098709,0.9932482838630676,1.0,0.66015625,0.00019881211266352806,1333
2856,0.007256561424583197,0.9983983039855957,1.0,0.298828125,0.0001986110603864308,1873
2857,0.018778279423713684,0.9939914345741272,1.0,0.240234375,0.0001984100648976895,2330
2858,0.009465600363910198,0.9978650808334351,1.0,0.2158203125,0.00019820912630459149,2342
2859,0.021096250042319298,0.9960116147994995,1.0,0.671875,0.00019800824471439396,2758
2860,0.009901192039251328,0.9974286556243896,1.0,0.357421875,0.00019780742023432367,3889
2861,0.006201405543833971,0.998664915561676,1.0,0.13671875,0.00019760665297157673,2996
2862,0.0060152215883135796,0.9984160661697388,1.0,0.1708984375,0.00019740594303331902,1894
2863,0.006780288182199001,0.9982025027275085,1.0,0.18359375,0.00019720529052668528,1669
2864,0.00831141322851181,0.9984257221221924,1.0,0.2353515625,0.00019700469555878033,3176
2865,0.014532534405589104,0.9969203472137451,1.0,0.455078125,0.0001968041582366776,2273
2866,0.09554389119148254,0.9768677949905396,0.75,1.0390625,0.0001966036786674202,3199
2867,0.015966402366757393,0.9968051314353943,1.0,0.515625,0.00019640325695801996,1252
2868,0.013297263532876968,0.9966731071472168,1.0,0.2197265625,0.00019620289321545836,3607
2869,0.005820729769766331,0.9986459016799927,1.0,0.265625,0.0001960025875466858,2954
2870,0.007147340569645166,0.9987484216690063,1.0,0.1435546875,0.00019580234005862126,2397
2871,0.019046060740947723,0.9935170412063599,1.0,0.31640625,0.00019560215085815313,2468
2872,0.015410236082971096,0.9965729713439941,1.0,0.419921875,0.00019540202005213848,1459
2873,0.006737535819411278,0.9990044832229614,1.0,0.1650390625,0.00019520194774740336,4018
2874,0.00999691803008318,0.9971264600753784,1.0,0.2021484375,0.00019500193405074234,1740
2875,0.008942740969359875,0.9969403147697449,1.0,0.240234375,0.000194801979068919,1961
2876,0.007851438596844673,0.9985569715499878,1.0,0.181640625,0.00019460208290866528,2772
2877,0.009392193518579006,0.9986608624458313,1.0,0.2333984375,0.00019440224567668203,2987
2878,0.0035311677493155003,0.9995357394218445,1.0,0.07666015625,0.00019420246747963853,2154
2879,0.01130923256278038,0.9973683953285217,1.0,0.2216796875,0.00019400274842417225,1140
2880,0.010842486284673214,0.9980873465538025,1.0,0.255859375,0.00019380308861688964,3137
2881,0.00851146038621664,0.9981776475906372,1.0,0.40234375,0.00019360348816436503,2195
2882,0.008013819344341755,0.9986380934715271,1.0,0.1220703125,0.0001934039471731415,2937
2883,0.010068989358842373,0.9970238208770752,1.0,0.158203125,0.00019320446574972998,2016
2884,0.010088569484651089,0.9969843029975891,1.0,0.169921875,0.00019300504400060982,1658
2885,0.00551073532551527,0.9990867376327515,1.0,0.21875,0.00019280568203222849,1095
2886,0.010511353611946106,0.9965635538101196,1.0,0.259765625,0.00019260637995100157,2328
2887,0.007782467640936375,0.9985940456390381,1.0,0.2001953125,0.0001924071378633128,2845
2888,0.010375535115599632,0.9978647828102112,1.0,0.345703125,0.00019220795587551346,1405
2889,0.006488385144621134,0.9993094205856323,1.0,0.1181640625,0.00019200883409392327,2896
2890,0.006062771659344435,0.9992178082466125,1.0,0.134765625,0.0001918097726248294,2557
2891,0.015452594496309757,0.9962311387062073,1.0,0.29296875,0.00019161077157448723,2388
2892,0.008573840372264385,0.9986467957496643,1.0,0.1884765625,0.00019141183104911944,3695
2893,0.006716706790030003,0.9983840584754944,1.0,0.1708984375,0.00019121295115491672,3713
2894,0.0076784417033195496,0.9981972575187683,1.0,0.2265625,0.0001910141319980374,3883
2895,0.004925497341901064,0.9990769028663635,1.0,0.11376953125,0.0001908153736846071,3250
2896,0.028181293979287148,0.9934342503547668,1.0,0.55078125,0.00019061667632071943,5483
2897,0.01112805400043726,0.9970238208770752,1.0,0.4609375,0.00019041804001243489,2352
2898,0.005911161657422781,0.9989588856697083,1.0,0.1298828125,0.00019021946486578193,1921
2899,0.007330377586185932,0.9979984164237976,1.0,0.1630859375,0.00019002095098675595,2498
2900,0.003858653362840414,0.9995729923248291,1.0,0.1123046875,0.00018982249848132002,2342
2901,0.004959843121469021,0.9993019104003906,1.0,0.07568359375,0.00018962410745540398,2865
2902,0.01375469472259283,0.9979188442230225,1.0,0.291015625,0.00018942577801490528,4805
2903,0.004488340578973293,0.9993375539779663,1.0,0.059814453125,0.00018922751026568838,3019
2904,0.007086964789777994,0.998763918876648,1.0,0.1728515625,0.0001890293043135846,4045
2905,0.00793965719640255,0.9975109100341797,1.0,0.2099609375,0.00018883116026439267,3214
2906,0.007179761305451393,0.9976303577423096,1.0,0.2109375,0.00018863307822387782,1266
2907,0.012439856305718422,0.9985844492912292,1.0,0.314453125,0.00018843505829777251,4945
2908,0.0037080729380249977,0.9992784857749939,1.0,0.068359375,0.00018823710059177594,2772
2909,0.0041297925636172295,0.9997493028640747,1.0,0.1455078125,0.00018803920521155416,3989
2910,0.007968755438923836,0.9989868402481079,1.0,0.154296875,0.0001878413722627397,2961
2911,0.014838136732578278,0.9974836707115173,1.0,0.384765625,0.00018764360185093208,1987
2912,0.015312114730477333,0.9962490797042847,1.0,0.369140625,0.00018744589408169746,1333
2913,0.01859249360859394,0.9958540797233582,1.0,0.443359375,0.00018724824906056817,1206
2914,0.004800262860953808,0.9993909597396851,1.0,0.115234375,0.0001870506668930435,3284
2915,0.010599082335829735,0.9978460073471069,1.0,0.244140625,0.0001868531476845887,1857
2916,0.013121367432177067,0.9981545805931091,1.0,0.26953125,0.0001866556915406361,4335
2917,0.013902008533477783,0.9958246350288391,1.0,0.330078125,0.00018645829856658362,479
2918,0.006960154511034489,0.9983552694320679,1.0,0.1923828125,0.000186260968867796,1824
2919,0.005874961148947477,0.9982455968856812,1.0,0.1357421875,0.0001860637025496039,1140
2920,0.0049173953011631966,0.9992337226867676,1.0,0.09765625,0.00018586649971730426,1305
2921,0.00872279703617096,0.9978824853897095,1.0,0.294921875,0.00018566936047616036,3778
2922,0.003367900149896741,0.9997421503067017,1.0,0.06640625,0.00018547228493140099,3878
2923,0.005605677608400583,0.9989174604415894,1.0,0.10009765625,0.00018527527318822152,3695
2924,0.01363974716514349,0.9955257177352905,1.0,0.484375,0.00018507832535178277,1341
2925,0.006068582646548748,0.9982331991195679,1.0,0.1806640625,0.00018488144152721195,2830
2926,0.006916292477399111,0.9965338110923767,1.0,0.1533203125,0.0001846846218196015,1154
2927,0.012896760366857052,0.9959086179733276,1.0,0.3203125,0.00018448786633401025,2933
2928,0.053802456706762314,0.9874335527420044,1.0,0.92578125,0.00018429117517546233,4138
2929,0.004169259686022997,0.9994353652000427,1.0,0.0908203125,0.0001840945484489477,3542
2930,0.00540142972022295,0.9991652965545654,1.0,0.142578125,0.00018389798625942204,2396
2931,0.008201641961932182,0.9986463785171509,1.0,0.1796875,0.00018370148871180617,2955
2932,0.011638765223324299,0.996020495891571,1.0,0.197265625,0.0001835050559109869,1759
2933,0.013507493771612644,0.9971597790718079,1.0,0.310546875,0.00018330868796181607,4225
2934,0.012174423784017563,0.9970898628234863,1.0,0.302734375,0.00018311238496911134,2749
2935,0.004486110992729664,0.9989690780639648,1.0,0.1171875,0.00018291614703765517,2910
2936,0.018479052931070328,0.9961685538291931,1.0,0.3671875,0.0001827199742721958,3132
2937,0.016358966007828712,0.9971160888671875,1.0,0.376953125,0.00018252386677744623,5548
2938,0.007788205984979868,0.9985119104385376,1.0,0.30859375,0.000182327824658085,2016
2939,0.006782927550375462,0.9988487958908081,1.0,0.09423828125,0.00018213184801875568,2606
2940,0.02040451392531395,0.9968279004096985,1.0,0.482421875,0.00018193593696406649,1261
2941,0.0055194091983139515,0.9990403056144714,1.0,0.169921875,0.00018174009159859137,3126
2942,0.007990104146301746,0.9986783266067505,1.0,0.1201171875,0.00018154431202686835,3783
2943,0.0060860090889036655,0.9987413287162781,1.0,0.1630859375,0.0001813485983534011,1589
2944,0.014320299960672855,0.9975318908691406,1.0,0.4296875,0.0001811529506826577,2431
2945,0.007173791062086821,0.9984502196311951,1.0,0.166015625,0.00018095736911907107,2581
2946,0.008148719556629658,0.9975708723068237,1.0,0.142578125,0.0001807618537670388,1235
2947,0.0056777894496917725,0.9987729787826538,1.0,0.171875,0.00018056640473092323,1630
2948,0.00626661442220211,0.9990000128746033,1.0,0.1591796875,0.00018037102211505138,3000
2949,0.013065551407635212,0.9964384436607361,1.0,0.40625,0.0001801757060237146,2527
2950,0.023629067465662956,0.9944609999656677,1.0,0.3671875,0.00017998045656116888,2347
2951,0.0024991019163280725,1.0,1.0,0.1083984375,0.00017978527383163457,1756
2952,0.005603259429335594,0.9985775351524353,1.0,0.267578125,0.00017959015793929647,2109
2953,0.013284904882311821,0.9981562495231628,1.0,0.28515625,0.00017939510898830352,4339
2954,0.0052134450525045395,0.9989554286003113,1.0,0.1337890625,0.0001792001270827694,2872
2955,0.004428414162248373,0.9992109537124634,1.0,0.1005859375,0.00017900521232677128,3802
2956,0.009135288186371326,0.9971631169319153,1.0,0.455078125,0.00017881036482435118,1410
2957,0.008816936053335667,0.9974603056907654,1.0,0.2177734375,0.0001786155846795148,1575
2958,0.012822412885725498,0.9978286623954773,1.0,0.27734375,0.00017842087199623194,5066
2959,0.005142781883478165,0.9994298815727234,1.0,0.10498046875,0.00017822622687843674,1754
2960,0.018164200708270073,0.9950980544090271,1.0,0.5390625,0.0001780316494300266,1224
2961,0.013125238008797169,0.996363639831543,1.0,0.2041015625,0.00017783713975486352,3575
2962,0.008526277728378773,0.9979612827301025,1.0,0.287109375,0.00017764269795677285,1962
2963,0.006197207607328892,0.9989023208618164,1.0,0.11181640625,0.00017744832413954387,2733
2964,0.01661231368780136,0.9946571588516235,1.0,0.53125,0.00017725401840692963,2246
2965,0.006112005095928907,0.9977083802223206,1.0,0.203125,0.00017705978086264654,3491
2966,0.0045504760928452015,0.9990525841712952,1.0,0.06884765625,0.00017686561161037515,2111
2967,0.007455917540937662,0.9975911974906921,1.0,0.25390625,0.00017667151075375907,2906
2968,0.006259997375309467,0.9987654089927673,1.0,0.193359375,0.0001764774783964056,2430
2969,0.00669072475284338,0.998587965965271,1.0,0.138671875,0.0001762835146418854,3541
2970,0.011922508478164673,0.9976142048835754,1.0,0.408203125,0.0001760896195937329,2934
2971,0.012481499463319778,0.9986386895179749,1.0,0.25,0.00017589579335544497,5142
2972,0.01692628301680088,0.9963444471359253,1.0,0.33203125,0.0001757020360304827,2462
2973,0.014817879535257816,0.9967132210731506,1.0,0.474609375,0.00017550834772226987,2434
2974,0.015540552325546741,0.997342586517334,1.0,0.38671875,0.00017531472853419354,4892
2975,0.012027565389871597,0.9985527992248535,1.0,0.212890625,0.00017512117856960407,2764
2976,0.005768629256635904,0.9993348717689514,1.0,0.193359375,0.0001749276979318143,3007
2977,0.005032388027757406,0.9993136525154114,1.0,0.07958984375,0.00017473428672410083,2914
2978,0.005321756470948458,0.9994402527809143,1.0,0.0966796875,0.00017454094504970258,3573
2979,0.006209755316376686,0.998794674873352,1.0,0.16796875,0.00017434767301182172,2489
2980,0.006015172228217125,0.998826265335083,1.0,0.09130859375,0.00017415447071362307,2556
2981,0.0052716960199177265,0.999254584312439,1.0,0.146484375,0.00017396133825823423,2683
2982,0.008672247640788555,0.997977077960968,1.0,0.1708984375,0.00017376827574874557,1483
2983,0.0072199939750134945,0.9986559152603149,1.0,0.1796875,0.00017357528328821025,1488
2984,0.009743282571434975,0.996727466583252,1.0,0.1259765625,0.0001733823609796438,2139
2985,0.005462942644953728,0.9990010261535645,1.0,0.21875,0.00017318950892602448,4004
2986,0.02063371054828167,0.9926888942718506,1.0,0.2470703125,0.00017299672723029288,2462
2987,0.019174454733729362,0.9940263032913208,0.75,0.59375,0.00017280401599535208,837
2988,0.009855982847511768,0.9969553351402283,1.0,0.15625,0.000172611375324068,2956
2989,0.005129583645612001,0.999225378036499,1.0,0.06787109375,0.0001724188053192679,2582
2990,0.005816703196614981,0.9989590644836426,1.0,0.1357421875,0.00017222630608374243,2882
2991,0.006748146843165159,0.9981818199157715,1.0,0.1494140625,0.00017203387772024372,1100
2992,0.004615119658410549,0.9991020560264587,1.0,0.1220703125,0.00017184152033148626,3341
2993,0.007014070171862841,0.9987903237342834,1.0,0.1552734375,0.000171649234020147,2480
2994,0.020652709528803825,0.9956709742546082,1.0,0.4140625,0.00017145701888886418,1386
2995,0.007880265824496746,0.9983633160591125,1.0,0.197265625,0.0001712648750402389,3055
2996,0.007944739423692226,0.9986697435379028,1.0,0.2060546875,0.0001710728025768337,3007
2997,0.005906345788389444,0.9984540939331055,1.0,0.12255859375,0.00017088080160117312,5175
2998,0.00761396624147892,0.998146116733551,1.0,0.171875,0.0001706888722157436,2697
2999,0.006202166434377432,0.9989774823188782,1.0,0.08837890625,0.00017049701452299333,2934
3000,0.007513664197176695,0.9984701871871948,1.0,0.3203125,0.000170305228625332,1961
3001,0.005630918778479099,0.9992905259132385,1.0,0.1259765625,0.00017011351462513163,2819
3002,0.009892567060887814,0.9980478286743164,1.0,0.376953125,0.00016992187262472518,2049
3003,0.0036115117836743593,0.999297022819519,1.0,0.0751953125,0.0001697303027264075,2845
3004,0.003976077772676945,0.998813271522522,1.0,0.10205078125,0.00016953880503243487,2528
3005,0.0029462019447237253,0.9996634125709534,1.0,0.09033203125,0.00016934737964502497,2971
3006,0.007871003821492195,0.9975590109825134,1.0,0.298828125,0.00016915602666635728,1229
3007,0.006350802257657051,0.9990215301513672,1.0,0.12109375,0.00016896474619857186,5110
3008,0.005961162969470024,0.9979053139686584,1.0,0.134765625,0.00016877353834377084,2387
3009,0.00602827500551939,0.9995189905166626,1.0,0.0888671875,0.00016858240320401718,2079
3010,0.004936893004924059,0.9990838170051575,1.0,0.1337890625,0.00016839134088133506,2183
3011,0.006556765176355839,0.9989556074142456,1.0,0.08349609375,0.0001682003514777101,1915
3012,0.005310962442308664,0.9989373087882996,1.0,0.1376953125,0.0001680094350950883,2823
3013,0.007772676181048155,0.9987918138504028,1.0,0.27734375,0.00016781859183537752,2483
3014,0.0051257614977657795,0.9985606074333191,1.0,0.1357421875,0.00016762782180044605,2779
3015,0.0037503568455576897,0.9992548227310181,1.0,0.0654296875,0.00016743712509212323,2684
3016,0.017750553786754608,0.994990885257721,1.0,0.466796875,0.00016724650181219918,2196
3017,0.009086891077458858,0.9973564743995667,1.0,0.3125,0.0001670559520624253,2648
3018,0.007988196797668934,0.9980207681655884,1.0,0.21875,0.00016686547594451276,2021
3019,0.009778449311852455,0.9984117746353149,1.0,0.224609375,0.0001666750735601345,5037
3020,0.005651683080941439,0.9984831213951111,1.0,0.103515625,0.00016648474501092348,2637
3021,0.003255085786804557,0.9992335438728333,1.0,0.06591796875,0.00016629449039847328,3914
3022,0.008202563971281052,0.9994723200798035,1.0,0.1572265625,0.00016610430982433842,5685
3023,0.00875207968056202,0.9975529909133911,1.0,0.42578125,0.00016591420339003322,2452
3024,0.008421582169830799,0.9984571933746338,1.0,0.1904296875,0.0001657241711970331,3889
3025,0.003042227355763316,0.9996949434280396,1.0,0.0771484375,0.0001655342133467735,3278
3026,0.005111663602292538,0.9985059499740601,1.0,0.109375,0.00016534432994065018,2008
3027,0.002966816071420908,0.9992771744728088,1.0,0.06787109375,0.00016515452108001934,2767
3028,0.00617946358397603,0.9981226325035095,1.0,0.14453125,0.00016496478686619704,1598
3029,0.006328157614916563,0.9974340200424194,1.0,0.1416015625,0.00016477512740045998,2728
3030,0.0041825235821306705,0.9996812343597412,1.0,0.058837890625,0.00016458554278404462,3137
3031,0.005501166917383671,0.998039186000824,1.0,0.232421875,0.0001643960331181476,2550
3032,0.008704908192157745,0.9988566040992737,1.0,0.2255859375,0.00016420659850392542,4373
3033,0.0038002533838152885,0.9996851682662964,1.0,0.07666015625,0.00016401723904249465,3176
3034,0.004177060443907976,0.9982132315635681,1.0,0.1650390625,0.00016382795483493162,1679
3035,0.004766538739204407,0.9990900754928589,1.0,0.09033203125,0.00016363874598227288,2198
3036,0.004602078348398209,0.9989774823188782,1.0,0.1318359375,0.000163449612585514,2934
3037,0.0038242482114583254,0.9992126226425171,1.0,0.072265625,0.0001632605547456111,2540
3038,0.008791804313659668,0.9967562556266785,1.0,0.21484375,0.00016307157256347941,2158
3039,0.005369808059185743,0.9985755085945129,1.0,0.2060546875,0.00016288266613999393,2808
3040,0.008710446767508984,0.9990519285202026,1.0,0.19140625,0.00016269383557598955,5274
3041,0.003269445849582553,0.9988102316856384,1.0,0.07861328125,0.00016250508097225987,1681
3042,0.016107402741909027,0.9965295195579529,1.0,0.55859375,0.00016231640242955886,2017
3043,0.005874792579561472,0.9991406798362732,1.0,0.09228515625,0.00016212780004859934,4655
3044,0.004602279979735613,0.9989075064659119,1.0,0.08203125,0.00016193927393005344,2746
3045,0.0034421971067786217,0.9992748498916626,1.0,0.1318359375,0.00016175082417455315,2758
3046,0.00271554640494287,0.9988059997558594,1.0,0.06982421875,0.00016156245088268885,1675
3047,0.005827635992318392,0.9980567693710327,1.0,0.16796875,0.00016137415415501085,2573
3048,0.006816722918301821,0.9984888434410095,1.0,0.2216796875,0.00016118593409202825,2647
3049,0.005924341268837452,0.9986296892166138,1.0,0.1904296875,0.0001609977907942092,2919
3050,0.0068543413653969765,0.9995631575584412,1.0,0.10498046875,0.00016080972436198097,4578
3051,0.006469198036938906,0.999378502368927,1.0,0.0693359375,0.00016062173489572983,4827
3052,0.004228949546813965,0.9992351531982422,1.0,0.08544921875,0.00016043382249580072,2615
3053,0.005002631340175867,0.9989026784896851,1.0,0.10498046875,0.00016024598726249799,2734
3054,0.005384521093219519,0.9987449049949646,1.0,0.1279296875,0.00016005822929608419,3187
3055,0.005587644875049591,0.9985007643699646,1.0,0.16015625,0.00015987054869678102,2668
3056,0.004028082359582186,0.9993926882743835,1.0,0.08984375,0.00015968294556476865,4940
3057,0.004964103922247887,0.9986072182655334,1.0,0.1416015625,0.00015949542000018595,2154
3058,0.013021307066082954,0.9948827028274536,1.0,0.1865234375,0.0001593079721031307,2345
3059,0.008061629720032215,0.9975669384002686,1.0,0.22265625,0.00015912060197365856,2466
3060,0.003725104033946991,0.9996662139892578,1.0,0.048583984375,0.00015893330971178448,2996
3061,0.006137653719633818,0.9985308647155762,1.0,0.24609375,0.00015874609541748118,2042
3062,0.005310137756168842,0.9991940259933472,1.0,0.09130859375,0.00015855895919068006,4963
3063,0.005079678259789944,0.9986048936843872,1.0,0.09521484375,0.00015837190113127104,3584
3064,0.0036264765076339245,0.9992366433143616,1.0,0.061279296875,0.00015818492133910165,5240
3065,0.0040968009270727634,0.9983326196670532,1.0,0.07470703125,0.00015799801991397852,2399
3066,0.0062435222789645195,0.9990507960319519,1.0,0.1025390625,0.0001578111969556658,4214
3067,0.0039024660363793373,0.9993429780006409,1.0,0.0673828125,0.00015762445256388603,3044
3068,0.003787357360124588,0.9990202188491821,1.0,0.10498046875,0.00015743778683831961,3062
3069,0.007946786470711231,0.9973118305206299,1.0,0.357421875,0.00015725119987860538,744
3070,0.0038377316668629646,0.9991798996925354,1.0,0.09521484375,0.00015706469178433945,3658
3071,0.004444397520273924,0.9988968372344971,1.0,0.11328125,0.00015687826265507656,1813
3072,0.011844704858958721,0.9970401525497437,1.0,0.23046875,0.0001566919125903289,2365
3073,0.005254550836980343,0.9987679719924927,1.0,0.1044921875,0.00015650564168956634,2435
3074,0.015492729842662811,0.9930796027183533,1.0,0.205078125,0.00015631945005221704,2312
3075,0.0051566301845014095,0.9989200830459595,1.0,0.0966796875,0.00015613333777766606,2778
3076,0.0045406268909573555,0.9988909363746643,1.0,0.1552734375,0.00015594730496525683,2705
3077,0.004676539916545153,0.9993502497673035,1.0,0.0703125,0.00015576135171429,3078
3078,0.007649259176105261,0.9970796704292297,1.0,0.2080078125,0.00015557547812402377,2397
3079,0.0055662160739302635,0.9983588457107544,1.0,0.2119140625,0.0001553896842936739,1828
3080,0.003458733204752207,0.9992202520370483,1.0,0.08251953125,0.00015520397032241335,2565
3081,0.007162867113947868,0.9978991746902466,1.0,0.271484375,0.00015501833630937297,1904
3082,0.0086568808183074,0.9977129697799683,1.0,0.39453125,0.00015483278235364043,1749
3083,0.005275337491184473,0.9990191459655762,1.0,0.1376953125,0.00015464730855426086,4078
3084,0.007268228102475405,0.9993603229522705,1.0,0.1396484375,0.00015446191501023658,4690
3085,0.004616216756403446,0.9993968605995178,1.0,0.1181640625,0.00015427660182052707,1658
3086,0.004780348856002092,0.9994331002235413,1.0,0.09130859375,0.0001540913690840488,1764
3087,0.004712020978331566,0.9990873336791992,1.0,0.09033203125,0.00015390621689967575,3287
3088,0.007499050348997116,0.9970781803131104,1.0,0.1591796875,0.00015372114536623812,1369
3089,0.006154196336865425,0.9983002543449402,1.0,0.1181640625,0.0001535361545825239,1765
3090,0.003026209305971861,0.9993229508399963,1.0,0.048095703125,0.00015335124464727743,2954
3091,0.004095306154340506,0.9987863898277283,1.0,0.08154296875,0.00015316641565919997,1648
3092,0.006614502053707838,0.9993592500686646,1.0,0.0947265625,0.00015298166771694993,4682
3093,0.0063803596422076225,0.997965395450592,1.0,0.12451171875,0.00015279700091914178,983
3094,0.006420522928237915,0.998420238494873,1.0,0.12109375,0.00015261241536434743,3165
3095,0.004704565275460482,0.9991856813430786,1.0,0.09765625,0.0001524279111510949,2456
3096,0.012806730344891548,0.9979909658432007,1.0,0.296875,0.00015224348837786908,3982
3097,0.006179429590702057,0.9975000023841858,1.0,0.12255859375,0.00015205914714311116,1200
3098,0.005644849501550198,0.9975689053535461,1.0,0.0908203125,0.00015187488754521885,2468
3099,0.0033823505509644747,0.9991876482963562,1.0,0.07666015625,0.00015169070968254662,2462
3100,0.0030912316869944334,0.9995511770248413,1.0,0.07275390625,0.00015150661365340493,2228
3101,0.0042157466523349285,0.9994297027587891,1.0,0.07568359375,0.00015132259955606057,3507
3102,0.004333389922976494,0.9983479976654053,1.0,0.134765625,0.00015113866748873682,1816
3103,0.0045384555123746395,0.9993624687194824,1.0,0.07421875,0.000150954817549613,3137
3104,0.005311860702931881,0.9976340532302856,1.0,0.1640625,0.00015077104983682456,1268
3105,0.006452861241996288,0.9994161128997803,1.0,0.083984375,0.00015058736444846347,5138
3106,0.0040758708491921425,0.9991276264190674,1.0,0.0732421875,0.000150403761482577,3439
3107,0.006689715664833784,0.9977659583091736,1.0,0.1962890625,0.00015022024103716916,3581
3108,0.004958700854331255,0.998965322971344,1.0,0.111328125,0.0001500368032101995,3866
3109,0.0040877629071474075,0.9989785552024841,1.0,0.0908203125,0.00014985344809958354,2937
3110,0.00563082518056035,0.9981583952903748,1.0,0.10302734375,0.00014967017580319288,1629
3111,0.003361406270414591,0.9992730021476746,1.0,0.076171875,0.00014948698641885447,2751
3112,0.004510630387812853,0.9988455772399902,1.0,0.0908203125,0.00014930388004435146,3465
3113,0.006576710380613804,0.9983416199684143,1.0,0.11572265625,0.0001491208567774224,1809
3114,0.005966504104435444,0.9980979561805725,1.0,0.12109375,0.00014893791671576152,2103
3115,0.006500737275928259,0.9978571534156799,1.0,0.10888671875,0.0001487550599570188,1400
3116,0.00461310800164938,0.9997807741165161,1.0,0.040283203125,0.0001485722865987994,4562
3117,0.006436210125684738,0.9978540539741516,1.0,0.123046875,0.0001483895967386645,2330
3118,0.008566128090023994,0.9977477192878723,1.0,0.40234375,0.00014820699047413035,2220
3119,0.0044820779003202915,0.9988505840301514,1.0,0.1357421875,0.00014802446790266845,1740
3120,0.007343517616391182,0.9985889196395874,1.0,0.24609375,0.00014784202912170586,2126
3121,0.004879098851233721,0.9994535446166992,1.0,0.16796875,0.00014765967422862518,1830
3122,0.00639582984149456,0.9991239309310913,1.0,0.1533203125,0.00014747740332076342,4566
3123,0.005521065089851618,0.9985047578811646,1.0,0.1669921875,0.00014729521649541367,3344
3124,0.04407736286520958,0.9906220436096191,1.0,0.65234375,0.0001471131138498236,3199
3125,0.005328997038304806,0.9986962080001831,1.0,0.12890625,0.00014693109548119591,1534
3126,0.002949334681034088,1.0,1.0,0.0546875,0.00014674916148668885,2766
3127,0.0033157295547425747,0.9991199970245361,1.0,0.06787109375,0.00014656731196341485,3409
3128,0.006163638550788164,0.9976038336753845,1.0,0.1328125,0.0001463855470084419,1252
3129,0.003435953985899687,0.9990262985229492,1.0,0.0634765625,0.0001462038667187926,2054
3130,0.004118138924241066,0.9984399080276489,1.0,0.076171875,0.00014602227119144435,1923
3131,0.0035574198700487614,0.9988123774528503,1.0,0.07177734375,0.0001458407605233293,1684
3132,0.00423471862450242,0.9989809989929199,1.0,0.181640625,0.00014565933481133436,2944
3133,0.006374645046889782,0.9992210268974304,1.0,0.103515625,0.00014547799415230096,5135
3134,0.004381661769002676,0.9988600611686707,1.0,0.10107421875,0.00014529673864302535,3509
3135,0.0050418381579220295,0.9989367127418518,1.0,0.08984375,0.00014511556838025825,1881
3136,0.003846626728773117,0.9994122385978699,1.0,0.1015625,0.0001449344834607047,5104
3137,0.00743211479857564,0.9990684390068054,1.0,0.142578125,0.00014475348398102443,4294
3138,0.0046344660222530365,0.9991652965545654,1.0,0.095703125,0.00014457257003783135,3594
3139,0.0025336523540318012,0.9994008541107178,1.0,0.06982421875,0.00014439174172769406,1669
3140,0.004933235701173544,0.9992193579673767,1.0,0.099609375,0.00014421099914713482,5124
3141,0.0031763205770403147,0.9995240569114685,1.0,0.0517578125,0.00014403034239263086,2101
3142,0.003946558106690645,0.9990108609199524,1.0,0.0888671875,0.00014384977156061313,2022
3143,0.004334491677582264,0.9996543526649475,1.0,0.037353515625,0.00014366928674746675,2893
3144,0.006413494702428579,0.998967170715332,1.0,0.1201171875,0.00014348888804953134,4841
3145,0.003713691607117653,0.9994544386863708,1.0,0.068359375,0.00014330857556309973,1833
3146,0.004019041545689106,0.9990769028663635,1.0,0.050048828125,0.00014312834938441969,3250
3147,0.008603423833847046,0.9988401532173157,1.0,0.203125,0.00014294820960969226,5173
3148,0.0030979507137089968,0.9994363188743591,1.0,0.06201171875,0.00014276815633507259,3548
3149,0.004015862010419369,0.99930340051651,1.0,0.142578125,0.00014258818965666965,2871
3150,0.006658189930021763,0.9988317489624023,1.0,0.0859375,0.00014240830967054616,1712
3151,0.002988009247928858,0.9994227290153503,1.0,0.041748046875,0.00014222851647271843,5197
3152,0.004766183439642191,0.9989827275276184,1.0,0.07666015625,0.00014204881015915684,2949
3153,0.005958920810371637,0.999472975730896,1.0,0.07177734375,0.00014186919082578503,3795
3154,0.00402027415111661,0.999254584312439,1.0,0.064453125,0.00014168965856848026,2683
3155,0.003008932340890169,0.9995577335357666,1.0,0.06640625,0.00014151021348307347,2261
3156,0.0085319634526968,0.9988327026367188,1.0,0.1328125,0.00014133085566534883,2570
3157,0.0064873299561440945,0.9982435703277588,1.0,0.1337890625,0.00014115158521104437,1708
3158,0.005420377943664789,0.9982568025588989,1.0,0.08984375,0.00014097240221585075,1721
3159,0.007758562918752432,0.9983090758323669,1.0,0.359375,0.00014079330677541275,2957
3160,0.003876232774928212,0.9989023208618164,1.0,0.0791015625,0.00014061429898532796,2733
3161,0.006451987661421299,0.998132586479187,1.0,0.1533203125,0.00014043537894114705,1071
3162,0.004308018833398819,0.9990044832229614,1.0,0.095703125,0.00014025654673837447,4018
3163,0.022210266441106796,0.9944801926612854,1.0,0.4453125,0.000140077802472467,3261
3164,0.009829222224652767,0.997533917427063,1.0,0.306640625,0.0001398991462388351,2433
3165,0.0034813126549124718,0.9995976090431213,1.0,0.06494140625,0.00013972057813284194,2485
3166,0.005091020837426186,0.9986783862113953,1.0,0.083984375,0.00013954209824980381,2270
3167,0.0031843280885368586,0.9991508722305298,1.0,0.053955078125,0.00013936370668498967,3533
3168,0.012400830164551735,0.9969024062156677,1.0,0.41796875,0.00013918540353362153,1937
3169,0.003192927222698927,0.9992818832397461,1.0,0.0625,0.0001390071888908741,2785
3170,0.0030708368867635727,0.9994096755981445,1.0,0.07861328125,0.00013882906285187505,1694
3171,0.003639272879809141,0.9990184307098389,1.0,0.048583984375,0.00013865102551170456,5094
3172,0.0041179652325809,0.9989392757415771,1.0,0.1328125,0.00013847307696539536,3771
3173,0.004465298727154732,0.9991751313209534,1.0,0.06689453125,0.00013829521730793332,3637
3174,0.00304103409871459,0.9994535446166992,1.0,0.0478515625,0.000138117446634256,3660
3175,0.004182279109954834,0.9987063407897949,1.0,0.08642578125,0.00013793976503925426,1546
3176,0.0040474701672792435,0.999021053314209,1.0,0.1328125,0.00013776217261777103,2043
3177,0.008179779164493084,0.9964830279350281,1.0,0.13671875,0.00013758466946460168,2559
3178,0.004294079728424549,0.9989224076271057,1.0,0.07861328125,0.000137407255674494,2784
3179,0.0049651991575956345,0.9986292123794556,1.0,0.10595703125,0.00013722993134214782,1459
3180,0.007893375121057034,0.9988810420036316,1.0,0.203125,0.00013705269656221576,2681
3181,0.009501053020358086,0.9972164034843445,1.0,0.19921875,0.00013687555142930216,2874
3182,0.0035257176496088505,0.9989030957221985,1.0,0.087890625,0.00013669849603796367,2735
3183,0.003858906449750066,0.9993112683296204,1.0,0.068359375,0.00013652153048270905,2904
3184,0.0040374575182795525,0.9996381998062134,1.0,0.0634765625,0.000136344654857999,2764
3185,0.0035360287874937057,0.9991503953933716,1.0,0.140625,0.0001361678692582463,2354
3186,0.005165482871234417,0.9994992613792419,1.0,0.28515625,0.00013599117377781597,1997
3187,0.006434957962483168,0.9974979162216187,1.0,0.12890625,0.0001358145685110242,2398
3188,0.0033155689015984535,0.9997327923774719,1.0,0.0693359375,0.0001356380535521398,3742
3189,0.00508331460878253,0.9988405704498291,1.0,0.1328125,0.00013546162899538287,1725
3190,0.004270766396075487,0.9992815852165222,1.0,0.06884765625,0.00013528529493492535,2784
3191,0.0032634453382343054,0.999582827091217,1.0,0.059326171875,0.00013510905146489128,2397
3192,0.003823094069957733,0.9992818832397461,1.0,0.1806640625,0.00013493289867935558,2785
3193,0.004825666546821594,0.9993069767951965,1.0,0.05859375,0.00013475683667234554,1443
3194,0.003683580318465829,0.9993548393249512,1.0,0.11572265625,0.00013458086553783948,3100
3195,0.0035156041849404573,0.9993780851364136,1.0,0.054931640625,0.0001344049853697675,3216
3196,0.0071077956818044186,0.9990920424461365,1.0,0.109375,0.0001342291962620109,5507
3197,0.004901381675153971,0.9987684488296509,1.0,0.1015625,0.00013405349830840243,1624
3198,0.005703120958060026,0.9985517859458923,1.0,0.1005859375,0.00013387789160272648,1381
3199,0.0034033835399895906,0.9994986057281494,1.0,0.059814453125,0.0001337023762387184,3989
3200,0.004797678906470537,0.9984177350997925,1.0,0.173828125,0.00013352695231006495,1264
3201,0.013944406993687153,0.9964214563369751,1.0,0.259765625,0.00013335161991040394,2515
3202,0.005103812087327242,0.9992771744728088,1.0,0.1142578125,0.00013317637913332444,2767
3203,0.004514080006629229,0.9993800520896912,1.0,0.1513671875,0.00013300123007236648,1613
3204,0.0024701000656932592,0.9994661211967468,1.0,0.059326171875,0.00013282617282102152,1873
3205,0.008540017530322075,0.9983230829238892,1.0,0.2412109375,0.00013265120747273147,1789
3206,0.0034160425420850515,0.9997541308403015,1.0,0.027099609375,0.00013247633412088956,4067
3207,0.0032170491758733988,0.9994402527809143,1.0,0.0673828125,0.0001323015528588398,3573
3208,0.0032703555189073086,0.9996091723442078,1.0,0.059326171875,0.00013212686377987688,5117
3209,0.0037645341362804174,0.9994515776634216,1.0,0.0732421875,0.00013195226697724677,3647
3210,0.007249097339808941,0.9984639286994934,1.0,0.07373046875,0.0001317777625441455,1302
3211,0.003821790684014559,0.9992625117301941,1.0,0.12451171875,0.0001316033505737204,2712
3212,0.004804986994713545,0.9983174204826355,1.0,0.1181640625,0.00013142903115906919,1783
3213,0.00346257071942091,0.9990246891975403,1.0,0.0966796875,0.00013125480439324,3076
3214,0.004408262204378843,0.9993612170219421,1.0,0.056884765625,0.00013108067036923207,3131
3215,0.004377617035061121,0.9992665648460388,1.0,0.044921875,0.00013090662917999432,2727
3216,0.0038823105860501528,0.999139666557312,1.0,0.07177734375,0.00013073268091842694,3487
3217,0.008826376870274544,0.9977611899375916,1.0,0.279296875,0.00013055882567737992,1340
3218,0.004593380726873875,0.99932861328125,1.0,0.06591796875,0.00013038506354965396,2979
3219,0.0040140519849956036,0.9997305870056152,1.0,0.059814453125,0.00013021139462799982,3712
3220,0.006905433256179094,0.9988829493522644,1.0,0.11669921875,0.00013003781900511866,4476
3221,0.004588293842971325,0.999767005443573,1.0,0.0419921875,0.00012986433677366165,4292
3222,0.00305570219643414,0.9996322393417358,1.0,0.0986328125,0.0001296909480262305,2719
3223,0.004191459156572819,0.9989321827888489,1.0,0.06689453125,0.00012951765285537664,1873
3224,0.004489459563046694,0.9989103078842163,1.0,0.09375,0.00012934445135360156,2753
3225,0.004207119811326265,0.9992498159408569,1.0,0.09033203125,0.00012917134361335711,2666
3226,0.0066955010406672955,0.9990488886833191,1.0,0.09619140625,0.0001289983297270446,5257
3227,0.003442557994276285,0.9994229674339294,1.0,0.0478515625,0.00012882540978701568,3466
3228,0.0044303094036877155,0.9990888237953186,1.0,0.06494140625,0.00012865258388557158,2195
3229,0.003974054474383593,0.9988505840301514,1.0,0.08251953125,0.00012847985211496344,1740
3230,0.003517299424856901,0.9994337558746338,1.0,0.06787109375,0.00012830721456739215,3532
3231,0.002322932705283165,0.9997444152832031,1.0,0.040771484375,0.00012813467133500814,3913
3232,0.0025443388149142265,0.9991201162338257,1.0,0.099609375,0.00012796222250991188,2273
3233,0.005238938145339489,0.9991582632064819,1.0,0.10986328125,0.0001277898681841531,1188
3234,0.0042416066862642765,0.9994713068008423,1.0,0.08203125,0.00012761760844973123,3783
3235,0.0034764439333230257,0.9991925954818726,1.0,0.06396484375,0.0001274454433985952,2477
3236,0.005366983823478222,0.9979704022407532,1.0,0.0986328125,0.0001272733731226433,3449
3237,0.009932398796081543,0.9966078400611877,1.0,0.2001953125,0.00012710139771372322,2948
3238,0.004876506980508566,0.9992952942848206,1.0,0.09716796875,0.00012692951726363244,1419
3239,0.0043982029892504215,0.9995611310005188,1.0,0.044677734375,0.00012675773186411705,4557
3240,0.007713973522186279,0.9976539611816406,1.0,0.2578125,0.00012658604160687301,1705
3241,0.002534779952839017,0.9996100664138794,1.0,0.030029296875,0.0001264144465835452,5129
3242,0.005029985215514898,0.9986183047294617,1.0,0.12451171875,0.00012624294688572756,2895
3243,0.004353756085038185,0.9990871548652649,1.0,0.06884765625,0.00012607154260496365,2191
3244,0.013601505197584629,0.997863233089447,1.0,0.2421875,0.00012590023383274537,1404
3245,0.004366015084087849,0.9988700747489929,1.0,0.091796875,0.0001257290206605143,1770
3246,0.005079429131001234,0.998113214969635,1.0,0.10498046875,0.00012555790317966064,1590
3247,0.005400492809712887,0.99824458360672,1.0,0.10791015625,0.00012538688148152355,1709
3248,0.004270666744560003,0.9992104172706604,1.0,0.1103515625,0.0001252159556573911,2533
3249,0.003489418886601925,0.999330461025238,1.0,0.08349609375,0.0001250451257985001,2987
3250,0.005424005910754204,0.9985369443893433,1.0,0.126953125,0.00012487439199603649,2734
3251,0.003661514027044177,0.9992910027503967,1.0,0.05908203125,0.00012470375434113447,2821
3252,0.003837674856185913,0.9990757703781128,1.0,0.0634765625,0.00012453321292487713,2164
3253,0.005228166934102774,0.9984583854675293,1.0,0.1630859375,0.00012436276783829619,1946
3254,0.003346854355186224,0.9990922808647156,1.0,0.0654296875,0.000124192419172372,3305
3255,0.004740893375128508,0.998009979724884,1.0,0.1005859375,0.00012402216701803317,2010
3256,0.0072252023965120316,0.9975860118865967,1.0,0.1787109375,0.00012385201146615735,1657
3257,0.004857628606259823,0.9994568228721619,1.0,0.06494140625,0.00012368195260756992,1841
3258,0.006023768335580826,0.9984120726585388,1.0,0.1865234375,0.00012351199053304524,2519
3259,0.004568089265376329,0.9989669322967529,1.0,0.099609375,0.00012334212533330572,3872
3260,0.007681867107748985,0.9965181350708008,1.0,0.1748046875,0.000123172357099022,1436
3261,0.008918678387999535,0.9976359605789185,1.0,0.412109375,0.00012300268592081335,1692
3262,0.006986114662140608,0.9990900754928589,1.0,0.08056640625,0.0001228331118892466,2198
3263,0.0038765808567404747,0.999348521232605,1.0,0.05419921875,0.00012266363509483738,3070
3264,0.0036653599236160517,0.9995076060295105,1.0,0.08251953125,0.00012249425562804898,2031
3265,0.005919117014855146,0.9984415769577026,1.0,0.103515625,0.00012232497357929294,1925
3266,0.0094050457701087,0.9950289726257324,1.0,0.1611328125,0.0001221557890389287,2414
3267,0.004186735022813082,0.9993197321891785,1.0,0.052490234375,0.00012198670209726358,2940
3268,0.0027769554872065783,0.9989440441131592,1.0,0.0830078125,0.00012181771284455316,1894
3269,0.004394486080855131,0.9990436434745789,1.0,0.07080078125,0.00012164882137100051,3137
3270,0.004312112927436829,0.9990332126617432,1.0,0.07421875,0.0001214800277667566,3103
3271,0.005358411930501461,0.9987437129020691,1.0,0.10595703125,0.00012131133212192009,1592
3272,0.003983798436820507,0.9990230798721313,1.0,0.052001953125,0.0001211427345265378,5118
3273,0.004873376805335283,0.9985597729682922,1.0,0.09033203125,0.00012097423507060343,2083
3274,0.002787356497719884,0.9994454979896545,1.0,0.039306640625,0.00012080583384405914,3607
3275,0.004707868676632643,0.9998049139976501,1.0,0.0517578125,0.00012063753093679384,5126
3276,0.004305840935558081,0.9992395639419556,1.0,0.07861328125,0.00012046932643864452,2630
3277,0.004056829959154129,0.9992647171020508,1.0,0.06298828125,0.00012030122043939574,2720
3278,0.005308407358825207,0.998921275138855,1.0,0.07177734375,0.00012013321302877882,1854
3279,0.004323212895542383,0.9992722272872925,1.0,0.0556640625,0.00011996530429647316,2748
3280,0.005141631234437227,0.9983027577400208,1.0,0.10888671875,0.00011979749433210501,2946
3281,0.0046527208760380745,0.9980049729347229,1.0,0.0908203125,0.00011962978322524818,2005
3282,0.004769360646605492,0.9993268251419067,1.0,0.091796875,0.00011946217106542363,2971
3283,0.003964279778301716,0.9997503161430359,1.0,0.05078125,0.0001192946579420994,4005
3284,0.005577052943408489,0.99723881483078,1.0,0.1201171875,0.00011912724394469066,2173
3285,0.002745425794273615,0.9989806413650513,1.0,0.06982421875,0.00011895992916256,1962
3286,0.004768961574882269,0.9992905259132385,1.0,0.06640625,0.00011879271368501672,2819
3287,0.0037988529074937105,0.9991095066070557,1.0,0.056396484375,0.00011862559760131718,3369
3288,0.006605798844248056,0.9978540539741516,1.0,0.11181640625,0.0001184585810006647,2330
3289,0.003500990103930235,0.9994313716888428,1.0,0.04931640625,0.0001182916639722094,5276
3290,0.0053854212164878845,0.9985358715057373,1.0,0.076171875,0.00011812484660504869,2049
3291,0.00476949755102396,0.9988033771514893,1.0,0.08984375,0.00011795812898822608,2507
3292,0.004014963284134865,0.9991135001182556,1.0,0.076171875,0.00011779151121073242,1128
3293,0.005158236715942621,0.9994232058525085,1.0,0.0478515625,0.00011762499336150498,5201
3294,0.006932980380952358,0.9984796047210693,1.0,0.1826171875,0.00011745857552942768,4604
3295,0.004906500224024057,0.9989467859268188,1.0,0.0947265625,0.00011729225780333149,1899
3296,0.00783989392220974,0.998664915561676,1.0,0.27734375,0.00011712604027199306,1498
3297,0.0047388942912220955,0.9995189905166626,1.0,0.046875,0.00011695992302413651,2079
3298,0.004056132398545742,0.9988968372344971,1.0,0.1005859375,0.00011679390614843186,1813
3299,0.0020323232747614384,0.9997200965881348,1.0,0.036376953125,0.00011662798973349571,3573
3300,0.004070750437676907,0.9995921850204468,1.0,0.062255859375,0.00011646217386789102,2452
3301,0.003991499077528715,0.9996052384376526,1.0,0.03466796875,0.00011629645864012712,5066
3302,0.003419589251279831,0.9995619654655457,1.0,0.042236328125,0.00011613084413865946,4566
3303,0.0029206895269453526,0.9996011257171631,1.0,0.04052734375,0.00011596533045189006,2507
3304,0.0035094330087304115,0.9991496801376343,1.0,0.0546875,0.0001157999176681668,2352
3305,0.002812031889334321,0.9994857311248779,1.0,0.05029296875,0.00011563460587578388,3889
3306,0.004927983973175287,0.9995166659355164,1.0,0.068359375,0.00011546939516298145,4138
3307,0.007421179208904505,0.99821937084198,1.0,0.1015625,0.0001153042856179458,2808
3308,0.00435521500185132,0.9989321827888489,1.0,0.0693359375,0.00011513927732880941,1873
3309,0.002961497288197279,0.9991876482963562,1.0,0.0673828125,0.00011497437038365013,2462
3310,0.003379472764208913,0.9993926882743835,1.0,0.0732421875,0.00011480956487049241,4940
3311,0.0027517869602888823,0.9992803335189819,1.0,0.052734375,0.00011464486087730615,2779
3312,0.003940712194889784,0.9994061589241028,1.0,0.10498046875,0.00011448025849200704,1684
3313,0.0025994100142270327,0.9996607899665833,1.0,0.03955078125,0.00011431575780245694,2948
3314,0.003109209705144167,0.9994145035743713,1.0,0.03857421875,0.00011415135889646276,5124
3315,0.004211293999105692,0.9988235235214233,1.0,0.1298828125,0.00011398706186177774,2550
3316,0.0029066973365843296,0.9995240569114685,1.0,0.06298828125,0.00011382286678610032,2101
3317,0.0033588260412216187,0.9989809989929199,1.0,0.07177734375,0.00011365877375707469,2944
3318,0.022019363939762115,0.9976105093955994,1.0,0.265625,0.00011349478286229053,837
3319,0.007291753310710192,0.9981909990310669,1.0,0.1416015625,0.00011333089418928302,2764
3320,0.003418941516429186,0.9994500875473022,1.0,0.05712890625,0.0001131671078255326,3637
3321,0.003490295261144638,0.9987478852272034,1.0,0.0703125,0.00011300342385846551,2396
3322,0.002670862479135394,0.9997493028640747,1.0,0.042236328125,0.00011283984237545294,3989
3323,0.004205477889627218,0.9993592500686646,1.0,0.050048828125,0.00011267636346381146,4682
3324,0.004110398236662149,0.9994161128997803,1.0,0.054443359375,0.00011251298721080324,5138
3325,0.005345665849745274,0.9983792304992676,1.0,0.10009765625,0.00011234971370363496,2468
3326,0.003193736309185624,0.9985074400901794,1.0,0.05859375,0.00011218654302945923,2010
3327,0.0029316097497940063,0.9996742606163025,1.0,0.0301513671875,0.00011202347527537305,3070
3328,0.0041106464341282845,0.999225378036499,1.0,0.0634765625,0.00011186051052841906,2582
3329,0.0027187212835997343,0.9997421503067017,1.0,0.0595703125,0.00011169764887558465,3878
3330,0.004180297255516052,0.9990888237953186,1.0,0.0712890625,0.00011153489040380207,2195
3331,0.0025047757662832737,0.9995577335357666,1.0,0.0703125,0.00011137223519994888,2261
3332,0.002427441766485572,0.9995976090431213,1.0,0.056396484375,0.00011120968335084714,2485
3333,0.0034140204079449177,0.9996954798698425,1.0,0.07421875,0.00011104723494326391,3284
3334,0.0031503941863775253,0.9988909363746643,1.0,0.146484375,0.000110884890063911,2705
3335,0.002864647889509797,0.9994733929634094,1.0,0.044677734375,0.00011072264879944493,1899
3336,0.003379284869879484,0.9990180134773254,1.0,0.057861328125,0.00011056051123646687,3055
3337,0.003387042321264744,0.9988405704498291,1.0,0.09228515625,0.00011039847746152303,1725
3338,0.003232208313420415,0.9992722272872925,1.0,0.051025390625,0.00011023654756110344,2748
3339,0.0021923184394836426,0.9991503953933716,1.0,0.0595703125,0.00011007472162164356,2354
3340,0.0020920371171087027,1.0,1.0,0.037109375,0.00010991299972952272,3913
3341,0.0036067687906324863,0.9992905259132385,1.0,0.0595703125,0.00010975138197106491,2819
3342,0.0031061763875186443,0.9994184374809265,1.0,0.06591796875,0.00010958986843253882,3439
3343,0.005012077745050192,0.9994333982467651,1.0,0.07666015625,0.00010942845920015685,1765
3344,0.003291187109425664,0.9993612170219421,1.0,0.0673828125,0.00010926715436007645,3131
3345,0.003221401944756508,0.999360203742981,1.0,0.044189453125,0.00010910595399839891,3126
3346,0.0037173940800130367,0.9988818764686584,1.0,0.12890625,0.00010894485820116987,2683
3347,0.004212715197354555,0.9989086985588074,1.0,0.080078125,0.00010878386705437912,2749
3348,0.005742888897657394,0.9989674687385559,1.0,0.08984375,0.00010862298064396053,1937
3349,0.0027105361223220825,0.9997132420539856,1.0,0.04736328125,0.00010846219905579236,3487
3350,0.0034880945459008217,0.9994415044784546,1.0,0.07470703125,0.00010830152237569663,3581
3351,0.004241368733346462,0.9985156059265137,1.0,0.07861328125,0.00010814095068943938,2021
3352,0.0024430144112557173,0.9994337558746338,1.0,0.04638671875,0.0001079804840827307,3532
3353,0.0033789987210184336,0.9993231892585754,1.0,0.056396484375,0.00010782012264122458,2955
3354,0.00308661418966949,0.9989902377128601,1.0,0.059814453125,0.00010765986645051868,2971
3355,0.0014939719112589955,1.0,1.0,0.0478515625,0.00010749971559615497,1873
3356,0.003708373289555311,0.9987729787826538,1.0,0.10009765625,0.00010733967016361865,1630
3357,0.003720854874700308,0.9995119571685791,1.0,0.040283203125,0.00010717973023833894,2049
3358,0.0035966336727142334,0.9998183846473694,1.0,0.031494140625,0.00010701989590568869,5507
3359,0.002756053116172552,0.9995419383049011,1.0,0.07568359375,0.00010686016725098421,2183
3360,0.005315763875842094,0.9994311928749084,1.0,0.0458984375,0.00010670054435948592,5274
3361,0.003059068927541375,0.9993777275085449,1.0,0.05615234375,0.000106541027316397,3214
3362,0.003267527325078845,0.999582827091217,1.0,0.042236328125,0.00010638161620686487,2397
3363,0.002493102103471756,0.9986559152603149,1.0,0.10400390625,0.00010622231111597997,744
3364,0.0032808964606374502,0.9989455342292786,1.0,0.08447265625,0.00010606311212877621,2845
3365,0.0025844855699688196,0.9993036389350891,1.0,0.07861328125,0.00010590401933023119,1436
3366,0.002488077152520418,1.0,1.0,0.06787109375,0.0001057450328052652,2734
3367,0.003005109028890729,0.9986194372177124,1.0,0.0810546875,0.00010558615263874247,2173
3368,0.0032537083607167006,0.9998049139976501,1.0,0.0291748046875,0.00010542737891546998,5126
3369,0.0038312480319291353,0.9995735883712769,1.0,0.06982421875,0.00010526871172019818,4690
3370,0.0032103906851261854,0.9991993308067322,1.0,0.11572265625,0.00010511015113762046,2498
3371,0.0059129828587174416,0.9986643195152283,1.0,0.12890625,0.00010495169725237344,2246
3372,0.003789807902649045,0.9996352195739746,1.0,0.0302734375,0.00010479335014903662,5483
3373,0.0037833857350051403,0.99932861328125,1.0,0.050537109375,0.00010463510991213282,2979
3374,0.004396443720906973,0.9989774823188782,1.0,0.07958984375,0.00010447697662612748,2934
3375,0.0027466246392577887,0.9993229508399963,1.0,0.044677734375,0.00010431895037542903,2954
3376,0.003706061514094472,0.9990586638450623,1.0,0.07861328125,0.0001041610312443891,3187
3377,0.003441672772169113,0.9995972514152527,1.0,0.10986328125,0.0001040032193173015,2483
3378,0.005145014263689518,0.9984177350997925,1.0,0.220703125,0.00010384551467840344,2528
3379,0.002561335451900959,0.9993117451667786,1.0,0.051513671875,0.00010368791741187451,2906
3380,0.0033782150130718946,0.9991769790649414,1.0,0.0654296875,0.00010353042760183712,2430
3381,0.004158759023994207,0.9992218017578125,1.0,0.06298828125,0.00010337304533235618,2570
3382,0.003435142571106553,0.9993268251419067,1.0,0.0673828125,0.00010321577068743932,2971
3383,0.002919889520853758,0.9993091821670532,1.0,0.04736328125,0.00010305860375103681,2895
3384,0.007745075039565563,0.9956672191619873,1.0,0.2197265625,0.00010290154460704125,1154
3385,0.005140881519764662,0.9990909099578857,1.0,0.12060546875,0.0001027445933392878,1100
3386,0.006486931815743446,0.9988818764686584,1.0,0.1181640625,0.00010258775003155397,2683
3387,0.0025760214775800705,0.9994529485702515,1.0,0.06884765625,0.00010243101476755965,1828
3388,0.006047253031283617,0.9970174431800842,1.0,0.12109375,0.00010227438763096707,2347
3389,0.003798744175583124,0.9993112683296204,1.0,0.056396484375,0.00010211786870538101,2904
3390,0.005319337360560894,0.9985085725784302,1.0,0.1259765625,0.00010196145807434784,1341
3391,0.0036479539703577757,0.9994535446166992,1.0,0.04736328125,0.00010180515582135685,1830
3392,0.0037088338285684586,0.9992716908454895,1.0,0.0625,0.00010164896202983906,2746
3393,0.00311608100309968,0.9994297027587891,1.0,0.047607421875,0.00010149287678316755,3507
3394,0.003807608038187027,0.9990489482879639,1.0,0.080078125,0.00010133690016465794,2103
3395,0.0023281683679670095,0.9994861483573914,1.0,0.043212890625,0.00010118103225756713,1946
3396,0.0038933514151722193,0.9995390772819519,1.0,0.051513671875,0.00010102527314509467,4339
3397,0.004802486393600702,0.9988071322441101,1.0,0.0703125,0.00010086962291038164,2515
3398,0.00299446820281446,0.9990769028663635,1.0,0.0703125,0.00010071408163651113,3250
3399,0.004998735152184963,0.9987228512763977,1.0,0.10546875,0.00010055864940650812,3132
3400,0.0033688724506646395,0.9992226958274841,1.0,0.07666015625,0.00010040332630333919,2573
3401,0.0031468577217310667,0.9993218183517456,1.0,0.09228515625,0.00010024811240991297,2949
3402,0.003410495351999998,0.9990079402923584,1.0,0.076171875,0.0001000930078090796,2016
3403,0.00675872853025794,0.9970674514770508,1.0,0.1357421875,9.99380125836308e-05,2387
3404,0.003933294676244259,0.9994232058525085,1.0,0.037841796875,9.978312681630014e-05,5201
3405,0.0033196043223142624,0.9993348717689514,1.0,0.053955078125,9.962835058976259e-05,3007
3406,0.004882396198809147,0.9992465972900391,1.0,0.0751953125,9.947368398663458e-05,3982
3407,0.005530772730708122,0.9988943934440613,1.0,0.1923828125,9.931912708947449e-05,1809
3408,0.010324006900191307,0.9981244206428528,1.0,0.28125,9.916467998078137e-05,3199
3409,0.004113825969398022,0.99930340051651,1.0,0.08447265625,9.901034274299644e-05,2871
3410,0.00959283672273159,0.9980595111846924,1.0,0.1669921875,9.885611545850173e-05,1546
3411,0.002772978274151683,0.9994587302207947,1.0,0.052734375,9.870199820962081e-05,3695
3412,0.004257900640368462,0.9984356760978699,1.0,0.1513671875,9.854799107861869e-05,2557
3413,0.003073774976655841,0.9990025162696838,1.0,0.0673828125,9.839409414770104e-05,2005
3414,0.007079428061842918,0.9977231621742249,1.0,0.255859375,9.824030749901531e-05,2196
3415,0.00428610946983099,0.9985358715057373,1.0,0.103515625,9.80866312146498e-05,2049
3416,0.004132780712097883,0.9996134042739868,1.0,0.044677734375,9.793306537663393e-05,5173
3417,0.0031094979494810104,0.9993429780006409,1.0,0.047119140625,9.777961006693808e-05,3044
3418,0.0037486827932298183,0.9995253682136536,1.0,0.037841796875,9.762626536747373e-05,4214
3419,0.0037799719721078873,0.9992274045944214,1.0,0.0673828125,9.747303136009346e-05,3883
3420,0.003874300979077816,0.9987930059432983,1.0,0.0712890625,9.731990812659052e-05,1657
3421,0.0034981623757630587,0.999767005443573,1.0,0.032958984375,9.716689574869913e-05,4292
3422,0.003383985022082925,0.9989103078842163,1.0,0.07666015625,9.701399430809434e-05,2753
3423,0.0065770200453698635,0.9969723224639893,1.0,0.189453125,9.686120388639199e-05,2312
3424,0.003691340796649456,0.9994293451309204,1.0,0.039794921875,9.670852456514853e-05,5257
3425,0.002930189250037074,0.9997200965881348,1.0,0.04052734375,9.655595642586152e-05,3573
3426,0.0027525555342435837,0.9996322393417358,1.0,0.06689453125,9.640349954996848e-05,2719
3427,0.00329240458086133,0.9992395639419556,1.0,0.07080078125,9.625115401884817e-05,2630
3428,0.0032207430340349674,0.9993915557861328,1.0,0.05419921875,9.609891991381984e-05,3287
3429,0.004703547339886427,0.9985788464546204,1.0,0.08251953125,9.59467973161427e-05,2111
3430,0.005237288307398558,0.9986962080001831,1.0,0.0986328125,9.579478630701723e-05,1534
3431,0.003741547465324402,0.9985765218734741,1.0,0.0986328125,9.564288696758377e-05,1405
3432,0.009353429079055786,0.9954432249069214,1.0,0.142578125,9.54910993789233e-05,2414
3433,0.005721977911889553,0.9981905817985535,1.0,0.12353515625,9.533942362205707e-05,1658
3434,0.0028962078504264355,0.9997541308403015,1.0,0.02099609375,9.518785977794665e-05,4067
3435,0.0027988154906779528,0.9989026784896851,1.0,0.058837890625,9.503640792749384e-05,2734
3436,0.004494613502174616,0.9983416199684143,1.0,0.10791015625,9.488506815154084e-05,1206
3437,0.003440426429733634,0.9992444515228271,1.0,0.061279296875,9.473384053086984e-05,2647
3438,0.0048263464123010635,0.9983319640159607,1.0,0.08349609375,9.45827251462032e-05,2398
3439,0.004611635114997625,0.9983805418014526,1.0,0.107421875,9.443172207820341e-05,1235
3440,0.0037287266459316015,0.9995342493057251,1.0,0.04638671875,9.42808314074728e-05,4294
3441,0.005538693629205227,0.9983659982681274,1.0,0.1259765625,9.413005321455429e-05,1224
3442,0.0032286522909998894,0.9995005130767822,1.0,0.0615234375,9.397938757992994e-05,4004
3443,0.003815299365669489,0.9991582632064819,1.0,0.07177734375,9.38288345840224e-05,1188
3444,0.0036572490353137255,0.9988822937011719,1.0,0.06591796875,9.367839430719385e-05,2684
3445,0.004463518504053354,0.9989561438560486,1.0,0.06494140625,9.352806682974634e-05,2874
3446,0.002719973446801305,0.9994713068008423,1.0,0.051025390625,9.337785223192198e-05,3783
3447,0.003929407335817814,0.999472975730896,1.0,0.0673828125,9.322775059390213e-05,3795
3448,0.003949168603867292,0.9979062080383301,1.0,0.09228515625,9.30777619958084e-05,2388
3449,0.003316894406452775,0.9996381998062134,1.0,0.0267333984375,9.292788651770161e-05,2764
3450,0.0042170570231974125,0.9986098408699036,1.0,0.2138671875,9.27781242395825e-05,2158
3451,0.003689116332679987,0.9993069767951965,1.0,0.0810546875,9.262847524139128e-05,1443
3452,0.003942043520510197,0.999570369720459,1.0,0.05126953125,9.247893960300759e-05,4655
3453,0.0035505860578268766,0.9989599585533142,1.0,0.07861328125,9.232951740425062e-05,1923
3454,0.00386775191873312,0.9984025359153748,1.0,0.10107421875,9.218020872487925e-05,1252
3455,0.002629324793815613,0.99882972240448,1.0,0.111328125,9.203101364459141e-05,1709
3456,0.0035796102602034807,0.9989610314369202,1.0,0.0830078125,9.188193224302461e-05,1925
3457,0.0021985764615237713,0.9992730021476746,1.0,0.04931640625,9.17329645997556e-05,2751
3458,0.003010394284501672,0.9990262985229492,1.0,0.0703125,9.158411079430033e-05,2054
3459,0.002876199083402753,0.9993236660957336,1.0,0.054443359375,9.143537090611427e-05,2957
3460,0.0031595740001648664,0.9992643594741821,1.0,0.06982421875,9.128674501459169e-05,4078
3461,0.004537956789135933,0.9990900754928589,1.0,0.08740234375,9.113823319906632e-05,2198
3462,0.004216366913169622,0.9993079304695129,1.0,0.095703125,9.098983553881093e-05,4335
3463,0.003899084636941552,0.9992800354957581,1.0,0.0478515625,9.084155211303718e-05,2778
3464,0.003663145238533616,0.9993245601654053,1.0,0.07666015625,9.069338300089612e-05,2961
3465,0.0027453431393951178,0.9994282722473145,1.0,0.06787109375,9.054532828147725e-05,1749
3466,0.004355687648057938,0.9984139800071716,1.0,0.09619140625,9.039738803380956e-05,1261
3467,0.0028327174950391054,0.9993780851364136,1.0,0.046142578125,9.024956233686059e-05,3216
3468,0.004880699794739485,0.9995042085647583,1.0,0.1650390625,9.010185126953686e-05,2017
3469,0.003411815967410803,0.9988783001899719,1.0,0.08154296875,8.995425491068363e-05,1783
3470,0.0031736623495817184,0.9991135001182556,1.0,0.0634765625,8.980677333908507e-05,1128
3471,0.0035647754557430744,0.9988505840301514,1.0,0.0810546875,8.96594066334638e-05,1740
3472,0.0035028804559260607,0.9996812343597412,1.0,0.052001953125,8.951215487248152e-05,3137
3473,0.003601167118176818,0.9995911717414856,1.0,0.039306640625,8.936501813473832e-05,4892
3474,0.002557995729148388,0.9994834661483765,1.0,0.039794921875,8.92179964987729e-05,3872
3475,0.0041917492635548115,0.9990398287773132,1.0,0.061767578125,8.907109004306255e-05,2083
3476,0.0027226009406149387,0.9994339346885681,1.0,0.036376953125,8.892429884602305e-05,3533
3477,0.004194492939859629,0.99821537733078,1.0,0.12060546875,8.877762298600897e-05,1681
3478,0.004842866212129593,0.9989827275276184,1.0,0.06884765625,8.863106254131262e-05,983
3479,0.003629520069807768,0.9992668628692627,1.0,0.07666015625,8.848461759016544e-05,2728
3480,0.0035326990764588118,0.9992415904998779,1.0,0.06787109375,8.833828821073682e-05,2637
3481,0.004833549726754427,0.9991675615310669,1.0,0.0625,8.819207448113447e-05,4805
3482,0.0058974516578018665,0.9989412426948547,1.0,0.09375,8.804597647940462e-05,3778
3483,0.003777892794460058,0.9991471171379089,1.0,0.07470703125,8.789999428353141e-05,2345
3484,0.003354943823069334,0.999198317527771,1.0,0.0615234375,8.775412797143739e-05,3742
3485,0.00624492671340704,0.9973683953285217,1.0,0.142578125,8.76083776209831e-05,1140
3486,0.004131080117076635,0.998651385307312,1.0,0.0888671875,8.746274330996734e-05,1483
3487,0.004591866862028837,0.9992337226867676,1.0,0.10888671875,8.731722511612675e-05,1305
3488,0.0037736592348665,0.9988811016082764,1.0,0.0791015625,8.717182311713634e-05,3575
3489,0.0038902892265468836,0.998794674873352,1.0,0.0888671875,8.702653739060862e-05,2489
3490,0.003698650049045682,0.9989088773727417,1.0,0.10595703125,8.688136801409452e-05,1833
3491,0.002026843372732401,0.9988304376602173,1.0,0.06640625,8.673631506508256e-05,2565
3492,0.004663828294724226,0.9984902143478394,1.0,0.07470703125,8.659137862099904e-05,1987
3493,0.0022297666873782873,0.9996100664138794,1.0,0.03271484375,8.644655875920861e-05,5129
3494,0.003045222256332636,0.9995955228805542,1.0,0.04638671875,8.630185555701289e-05,4945
3495,0.006348524242639542,0.9979838728904724,1.0,0.138671875,8.615726909165191e-05,1488
3496,0.004037701990455389,0.9992877244949341,1.0,0.1083984375,8.601279944030305e-05,1404
3497,0.0031331521458923817,0.9993375539779663,1.0,0.046875,8.58684466800814e-05,3019
3498,0.003301481483504176,0.9990436434745789,1.0,0.06591796875,8.57242108880397e-05,3137
3499,0.0030758394859731197,0.9995511770248413,1.0,0.05224609375,8.558009214116809e-05,2228
3500,0.004383970983326435,0.9993955492973328,1.0,0.1376953125,8.543609051639459e-05,4963
3501,0.004124589264392853,0.9988820552825928,1.0,0.107421875,8.529220609058433e-05,1789
3502,0.0031833555549383163,0.9990322589874268,1.0,0.06689453125,8.51484389405401e-05,3100
3503,0.004075516015291214,0.9987815022468567,1.0,0.07177734375,8.500478914300199e-05,2462
3504,0.002796066924929619,0.9997114539146423,1.0,0.0400390625,8.486125677464746e-05,3466
3505,0.0035865672398358583,0.9990332126617432,1.0,0.07861328125,8.471784191209124e-05,3103
3506,0.003637310117483139,0.999297022819519,1.0,0.061279296875,8.457454463188559e-05,2845
3507,0.004509772639721632,0.998146116733551,1.0,0.2041015625,8.44313650105197e-05,2697
3508,0.004387631081044674,0.9987834692001343,1.0,0.1025390625,8.428830312442013e-05,2466
3509,0.004324664361774921,0.9988670945167542,1.0,0.07666015625,8.414535904995049e-05,2648
3510,0.007139583583921194,0.998113214969635,1.0,0.12890625,8.40025328634115e-05,1590
3511,0.0031001130118966103,0.9993183612823486,1.0,0.0712890625,8.385982464104132e-05,2934
3512,0.0024531923700124025,0.9994720220565796,1.0,0.06494140625,8.371723445901442e-05,1894
3513,0.003120611421763897,0.9995055794715881,1.0,0.0791015625,8.357476239344296e-05,4045
3514,0.003180882427841425,0.9996086359024048,1.0,0.0390625,8.343240852037567e-05,5110
3515,0.004070942755788565,0.9992325305938721,1.0,0.044921875,8.329017291579825e-05,2606
3516,0.0030791363678872585,0.9995054602622986,1.0,0.060546875,8.314805565563356e-05,2022
3517,0.0029032451566308737,0.9994227290153503,1.0,0.043701171875,8.30060568157406e-05,5197
3518,0.003952651750296354,0.9991663098335266,1.0,0.0732421875,8.2864176471916e-05,2399
3519,0.002815058920532465,0.9994133114814758,1.0,0.05517578125,8.272241469989257e-05,3409
3520,0.003873155452311039,0.9992769360542297,1.0,0.07470703125,8.258077157534005e-05,2766
3521,0.012988821603357792,0.9971140027046204,0.75,0.40234375,8.243924717386471e-05,1386
3522,0.003182140178978443,0.999588668346405,1.0,0.0576171875,8.229784157100965e-05,2431
3523,0.004579470958560705,0.9987484216690063,1.0,0.08740234375,8.215655484225426e-05,2397
3524,0.002800899790599942,0.9994515776634216,1.0,0.064453125,8.201538706301487e-05,3647
3525,0.0027089363429695368,0.9991798996925354,1.0,0.0625,8.187433830864403e-05,3658
3526,0.004607045091688633,0.9985364079475403,1.0,0.095703125,8.173340865443073e-05,2733
3527,0.0021879703272134066,0.9996374249458313,1.0,0.052001953125,8.159259817560077e-05,2758
3528,0.008887144736945629,0.995938241481781,1.0,0.130859375,8.14519069473157e-05,2462
3529,0.005140628200024366,0.9989588856697083,1.0,0.115234375,8.131133504467407e-05,1921
3530,0.005342032760381699,0.9990900754928589,1.0,0.0556640625,8.117088254271023e-05,2198
3531,0.0024295973125845194,0.9996073842048645,1.0,0.040283203125,8.103054951639514e-05,5094
3532,0.003857799805700779,0.9986292123794556,1.0,0.1005859375,8.089033604063577e-05,1459
3533,0.0033802285324782133,0.9988755583763123,1.0,0.07666015625,8.075024219027536e-05,2668
3534,0.0020890352316200733,0.9994903206825256,1.0,0.061767578125,8.061026804009336e-05,1962
3535,0.003123727161437273,0.9995611310005188,1.0,0.0390625,8.047041366480523e-05,4557
3536,0.0026534299831837416,0.9992818832397461,1.0,0.08984375,8.033067913906256e-05,2785
3537,0.0038938960060477257,0.9989705085754395,1.0,0.0654296875,8.019106453745292e-05,2914
3538,0.001719626598060131,0.9994096755981445,1.0,0.059814453125,8.005156993449976e-05,1694
3539,0.004777239169925451,0.9988317489624023,1.0,0.07470703125,7.991219540466271e-05,1712
3540,0.002521221525967121,0.9997369647026062,1.0,0.0439453125,7.97729410223373e-05,3802
3541,0.0029306942597031593,0.9992498159408569,1.0,0.06884765625,7.963380686185457e-05,2666
3542,0.0025567878037691116,0.9994019269943237,1.0,0.05615234375,7.949479299748184e-05,3344
3543,0.0024265130050480366,0.9994826912879944,1.0,0.04248046875,7.935589950342196e-05,3866
3544,0.004198187030851841,0.9985865950584412,1.0,0.08837890625,7.92171264538135e-05,2830
3545,0.003166428068652749,0.9994903206825256,1.0,0.06787109375,7.907847392273106e-05,1962
3546,0.004715914372354746,0.999378502368927,1.0,0.0693359375,7.893994198418438e-05,4827
3547,0.003338728565722704,0.9995868802070618,1.0,0.047119140625,7.880153071211933e-05,4841
3548,0.004765472374856472,0.9983552694320679,1.0,0.1201171875,7.866324018041713e-05,1824
3549,0.0025792752858251333,0.9991682767868042,1.0,0.05810546875,7.852507046289456e-05,3607
3550,0.004242233466356993,0.9990205764770508,1.0,0.1025390625,7.838702163330395e-05,2042
3551,0.0019823797047138214,0.9994008541107178,1.0,0.06982421875,7.8249093765333e-05,1669
3552,0.004296889528632164,0.9993234276771545,1.0,0.068359375,7.81112869326051e-05,2956
3553,0.004695108626037836,0.998132586479187,1.0,0.12890625,7.797360120867882e-05,1071
3554,0.005577942356467247,0.9981735348701477,1.0,0.09716796875,7.783603666704808e-05,1095
3555,0.004071593284606934,0.99909907579422,1.0,0.09423828125,7.769859338114221e-05,2220
3556,0.004168950952589512,0.9992952942848206,1.0,0.10986328125,7.756127142432574e-05,1419
3557,0.002394620794802904,0.999427080154419,1.0,0.05029296875,7.74240708698984e-05,3491
3558,0.0035556061193346977,0.9993333220481873,1.0,0.040283203125,7.728699179109546e-05,3000
3559,0.0025914080906659365,0.9991919994354248,1.0,0.05712890625,7.715003426108673e-05,3713
3560,0.0032243337482213974,0.9995296597480774,1.0,0.07763671875,7.701319835297776e-05,2126
3561,0.005287527106702328,0.9982817769050598,1.0,0.1484375,7.68764841398088e-05,2910
3562,0.004687240347266197,0.9992784857749939,1.0,0.0986328125,7.673989169455512e-05,2772
3563,0.0021370952017605305,0.9997493028640747,1.0,0.04296875,7.660342109012747e-05,3989
3564,0.0028021077159792185,0.9996662139892578,1.0,0.040771484375,7.646707239937081e-05,2996
3565,0.004761920310556889,0.9983818531036377,1.0,0.099609375,7.633084569506569e-05,1854
3566,0.0010322186863049865,1.0,1.0,0.0269775390625,7.619474104992724e-05,1756
3567,0.002888989867642522,0.999071478843689,1.0,0.07470703125,7.605875853660549e-05,2154
3568,0.0028068344108760357,0.9996812343597412,1.0,0.047119140625,7.59228982276852e-05,3137
3569,0.0019449632382020354,0.9993800520896912,1.0,0.07861328125,7.578716019568597e-05,1613
3570,0.002316842321306467,0.9996343851089478,1.0,0.041259765625,7.565154451306227e-05,2735
3571,0.0029556755907833576,0.999330461025238,1.0,0.07275390625,7.551605125220299e-05,2987
3572,0.003880490781739354,0.9987903237342834,1.0,0.09423828125,7.538068048543189e-05,2480
3573,0.004771511070430279,0.9985074400901794,1.0,0.11181640625,7.524543228500719e-05,1340
3574,0.0033688093535602093,0.9991301894187927,1.0,0.07177734375,7.511030672312181e-05,3449
3575,0.009378938004374504,0.9978086352348328,1.0,0.17578125,7.49753038719031e-05,1369
3576,0.00406666798517108,0.9982568025588989,1.0,0.0625,7.484042380341313e-05,1721
3577,0.010185161605477333,0.9958246350288391,1.0,0.3671875,7.470566658964807e-05,479
3578,0.0030865671578794718,0.9996605515480042,1.0,0.04736328125,7.457103230253872e-05,2946
3579,0.002732563065364957,0.9992910027503967,1.0,0.07568359375,7.44365210139505e-05,2821
3580,0.004227140918374062,0.9984368681907654,1.0,0.1015625,7.430213279568263e-05,2559
3581,0.0031036504078656435,0.9991409182548523,1.0,0.06689453125,7.41678677194692e-05,2328
3582,0.0036311557050794363,0.9992351531982422,1.0,0.07275390625,7.403372585697808e-05,2615
3583,0.0016691694036126137,0.9993324279785156,1.0,0.04638671875,7.38997072798117e-05,1498
3584,0.006796505302190781,0.9965665340423584,1.0,0.111328125,7.37658120595066e-05,2330
3585,0.0028077762108296156,0.9991786479949951,1.0,0.07421875,7.363204026753346e-05,2435
3586,0.002634944161400199,0.9989157915115356,1.0,0.06494140625,7.349839197529697e-05,2767
3587,0.004787378944456577,0.9985517859458923,1.0,0.09765625,7.336486725413614e-05,1381
3588,0.0037813778035342693,0.9987863898277283,1.0,0.06689453125,7.323146617532384e-05,1648
3589,0.004109062720090151,0.998294472694397,1.0,0.11181640625,7.30981888100669e-05,1759
3590,0.0029576700180768967,0.9994587302207947,1.0,0.0673828125,7.29650352295063e-05,3695
3591,0.003553671995177865,0.9997807741165161,1.0,0.035400390625,7.28320055047167e-05,4562
3592,0.0029340668115764856,0.9993502497673035,1.0,0.0703125,7.26990997067071e-05,3078
3593,0.003058189060539007,0.9993197321891785,1.0,0.05419921875,7.25663179064196e-05,2940
3594,0.003952435217797756,0.9990871548652649,1.0,0.083984375,7.243366017473091e-05,2191
3595,0.0038977619260549545,0.9992539882659912,1.0,0.05615234375,7.230112658245105e-05,2681
3596,0.005475589074194431,0.9980952143669128,1.0,0.1337890625,7.216871720032375e-05,1575
3597,0.0024363796692341566,0.9995076060295105,1.0,0.0888671875,7.203643209902689e-05,2031
3598,0.003801607061177492,0.9994331002235413,1.0,0.05322265625,7.190427134917133e-05,1764
3599,0.0029092496261000633,0.9991201162338257,1.0,0.220703125,7.177223502130215e-05,2273
3600,0.002462930278852582,0.9993148446083069,1.0,0.06298828125,7.164032318589775e-05,2919
3601,0.0030962710734456778,0.9994298815727234,1.0,0.0634765625,7.150853591337004e-05,1754
3602,0.0030546674970537424,0.9992915391921997,1.0,0.0546875,7.137687327406462e-05,2823
3603,0.0029399776831269264,0.9990516901016235,1.0,0.08642578125,7.124533533826037e-05,2109
3604,0.005991861689835787,0.9984170794487,1.0,0.099609375,7.111392217616964e-05,2527
3605,0.004426287952810526,0.9985059499740601,1.0,0.125,7.098263385793842e-05,2008
3606,0.0025750151835381985,0.9992625117301941,1.0,0.06298828125,7.08514704536457e-05,2712
3607,0.003971078433096409,0.9987785220146179,1.0,0.10498046875,7.072043203330407e-05,2456
3608,0.003154868260025978,0.9992647171020508,1.0,0.051025390625,7.058951866685927e-05,2720
3609,0.003418049542233348,0.9995266199111938,1.0,0.0341796875,7.045873042419024e-05,4225
3610,0.002872656797990203,0.9994363188743591,1.0,0.05908203125,7.032806737510942e-05,3548
3611,0.002560847671702504,0.9992335438728333,1.0,0.05908203125,7.019752958936194e-05,3914
3612,0.0037331876810640097,0.9994350075721741,1.0,0.0771484375,7.006711713662655e-05,1770
3613,0.0026526865549385548,0.9996851682662964,1.0,0.03955078125,6.993683008651481e-05,3176
3614,0.003482374595478177,0.9988090395927429,1.0,0.0810546875,6.98066685085714e-05,2519
3615,0.003483350621536374,0.9995631575584412,1.0,0.038330078125,6.967663247227421e-05,4578
3616,0.0036768768914043903,0.9990757703781128,1.0,0.055908203125,6.95467220470337e-05,2164
3617,0.0024562543258070946,0.9996974468231201,1.0,0.0380859375,6.941693730219375e-05,3305
3618,0.0035071212332695723,0.9992815852165222,1.0,0.06982421875,6.928727830703083e-05,2784
3619,0.0038227704353630543,0.9987484216690063,1.0,0.10986328125,6.915774513075445e-05,1598
3620,0.005765676498413086,0.9982435703277588,1.0,0.1220703125,6.902833784250694e-05,1708
3621,0.0035479518119245768,0.9995531439781189,1.0,0.052978515625,6.889905651136332e-05,4476
3622,0.0027799056842923164,0.999021053314209,1.0,0.0927734375,6.876990120633146e-05,2043
3623,0.004558350425213575,0.9983844757080078,1.0,0.12060546875,6.864087199635209e-05,1857
3624,0.003232101211324334,0.99934983253479,1.0,0.05419921875,6.851196895029838e-05,3076
3625,0.002666289219632745,0.9993060231208801,1.0,0.043701171875,6.838319213697637e-05,2882
3626,0.004097455646842718,0.9992905259132385,1.0,0.078125,6.825454162512458e-05,2819
3627,0.0027146523352712393,0.9984177350997925,1.0,0.0859375,6.812601748341404e-05,1264
3628,0.0037034049164503813,0.9988703727722168,1.0,0.08251953125,6.799761978044874e-05,3541
3629,0.004342446569353342,0.9984227418899536,1.0,0.10986328125,6.786934858476459e-05,1268
3630,0.0028939160984009504,0.9992182850837708,1.0,0.05712890625,6.774120396483046e-05,5117
3631,0.004139014519751072,0.9987684488296509,1.0,0.0634765625,6.76131859890474e-05,1624
3632,0.002851817524060607,0.9992366433143616,1.0,0.046875,6.748529472574886e-05,5240
3633,0.0006606046226806939,1.0,1.0,0.0306396484375,6.735753024320087e-05,1997
3634,0.0025876970030367374,0.9994013905525208,1.0,0.068359375,6.722989260960158e-05,3341
3635,0.0028819949366152287,0.9991863369941711,1.0,0.087890625,6.710238189308143e-05,1229
3636,0.003630117978900671,0.9992250800132751,1.0,0.07568359375,6.697499816170323e-05,2581
3637,0.0022265533916652203,0.999659538269043,1.0,0.056640625,6.68477414834619e-05,2937
3638,0.002734831999987364,0.9991530179977417,1.0,0.056396484375,6.672061192628454e-05,3542
3639,0.00236004707403481,0.9994419813156128,1.0,0.05712890625,6.659360955803072e-05,3584
3640,0.0032440610229969025,0.9998014569282532,1.0,0.0308837890625,6.646673444649147e-05,5037
3641,0.0030897536780685186,0.9995006322860718,1.0,0.048583984375,6.633998665939053e-05,4005
3642,0.004175880923867226,0.9994568228721619,1.0,0.060791015625,6.621336626438331e-05,1841
3643,0.003828106913715601,0.9992126226425171,1.0,0.0693359375,6.608687332905728e-05,2540
3644,0.004093380179256201,0.9989556074142456,1.0,0.0888671875,6.596050792093213e-05,1915
3645,0.002667212625965476,0.9994138479232788,1.0,0.043701171875,6.5834270107459e-05,5118
3646,0.003671846818178892,0.9994592666625977,1.0,0.0400390625,6.570815995602133e-05,5548
3647,0.0045815869234502316,0.9988986849784851,1.0,0.07763671875,6.55821775339343e-05,1816
3648,0.002840448636561632,0.9993348717689514,1.0,0.0703125,6.545632290844483e-05,3007
3649,0.0023121796548366547,0.9987669587135315,1.0,0.1083984375,6.533059614673174e-05,2433
3650,0.004224467556923628,0.997544527053833,1.0,0.095703125,6.520499731590539e-05,1629
3651,0.005067208781838417,0.998420238494873,1.0,0.11474609375,6.507952648300821e-05,1266
3652,0.0022723651491105556,0.9995022416114807,1.0,0.05029296875,6.4954183715014e-05,4018
3653,0.005027182400226593,0.9983086585998535,1.0,0.10888671875,6.482896907882829e-05,2365
3654,0.012441090308129787,0.9978533983230591,1.0,0.2421875,6.470388264128827e-05,3261
3655,0.0034108057152479887,0.9996482133865356,1.0,0.024169921875,6.457892446916259e-05,5685
3656,0.004209953360259533,0.9987413287162781,1.0,0.08544921875,6.44540946291515e-05,1589
3657,0.0034997195471078157,0.9989224076271057,1.0,0.06787109375,6.432939318788689e-05,2784
3658,0.002382816979661584,0.9997356534004211,1.0,0.0458984375,6.420482021193185e-05,3783
3659,0.0030462502036243677,0.9993846416473389,1.0,0.038818359375,6.408037576778105e-05,3250
3660,0.0038420928176492453,0.9991189241409302,1.0,0.06494140625,6.395605992186059e-05,2270
3661,0.003846058389171958,0.9993718862533569,1.0,0.08251953125,6.383187274052768e-05,1592
3662,0.0053810179233551025,0.9982269406318665,1.0,0.11279296875,6.370781429007133e-05,1692
3663,0.0025994651950895786,0.998275876045227,1.0,0.1005859375,6.358388463671115e-05,1740
3664,0.0035189813934266567,0.9994165897369385,1.0,0.047119140625,6.346008384659874e-05,5142
3665,0.003010367276147008,0.9994063377380371,1.0,0.04150390625,6.333641198581638e-05,3369
3666,0.0035623365547508,0.9993484020233154,1.0,0.072265625,6.321286912037771e-05,4604
3667,0.004747043829411268,0.9984701871871948,1.0,0.080078125,6.308945531622772e-05,1961
3668,0.0022556802723556757,0.9993898868560791,1.0,0.06103515625,6.2966170639242e-05,3278
3669,0.002996825845912099,0.9993019104003906,1.0,0.05517578125,6.284301515522772e-05,2865
3670,0.002251154975965619,0.9994044303894043,1.0,0.056640625,6.271998892992293e-05,1679
3671,0.00236424058675766,0.9996135234832764,1.0,0.03564453125,6.25970920289965e-05,5175
3672,0.0030879341065883636,0.999146044254303,1.0,0.0712890625,6.247432451804857e-05,2342
3673,0.0027438257820904255,0.9994535446166992,1.0,0.056640625,6.235168646260991e-05,3660
3674,0.003038843395188451,0.9989771842956543,1.0,0.0810546875,6.222917792814234e-05,2933
3675,0.0019372915849089622,0.9996209144592285,1.0,0.034423828125,6.210679898003868e-05,5276
3676,0.0036042577121406794,0.9991416335105896,1.0,0.0693359375,6.198454968362241e-05,2330
3677,0.0025635012425482273,0.9994227886199951,1.0,0.059814453125,6.186243010414776e-05,3465
3678,0.0025391513481736183,0.9996052384376526,1.0,0.0478515625,6.174044030679988e-05,2533
3679,0.003906724043190479,0.9983333349227905,1.0,0.10009765625,6.161858035669443e-05,1200
3680,0.0024700777139514685,0.9994122385978699,1.0,0.053955078125,6.14968503188781e-05,5104
3681,0.0033070307690650225,0.9991925954818726,1.0,0.059814453125,6.137525025832776e-05,2477
3682,0.002834928222000599,0.9993680715560913,1.0,0.038818359375,6.125378023995141e-05,3165
3683,0.003107096767053008,0.9991652965545654,1.0,0.057861328125,6.11324403285873e-05,3594
3684,0.0029844483360648155,0.9997305870056152,1.0,0.052734375,6.10112305890042e-05,3712
3685,0.003497759345918894,0.9996543526649475,1.0,0.020263671875,6.089015108590177e-05,2893
3686,0.002672824077308178,0.9994696378707886,1.0,0.05908203125,6.076920188390978e-05,3771
3687,0.003541381098330021,0.9989495873451233,1.0,0.06640625,6.064838304758855e-05,1904
3688,0.004810831043869257,0.9981299638748169,1.0,0.095703125,6.052769464142888e-05,2139
3689,0.003216802841052413,0.9996517896652222,1.0,0.0546875,6.040713672985186e-05,2872
3690,0.0025886504445225,0.9994157552719116,1.0,0.043212890625,6.028670937720893e-05,5135
3691,0.0038899045903235674,0.9993094205856323,1.0,0.07958984375,6.0166412647782046e-05,2896
3692,0.003268931061029434,0.9990202188491821,1.0,0.0869140625,6.004624660578308e-05,3062
3693,0.004759359639137983,0.9992498159408569,1.0,0.09033203125,5.9926211315354445e-05,1333
3694,0.003732890821993351,0.9992771744728088,1.0,0.054931640625,5.980630684056866e-05,2767
3695,0.00405689375475049,0.9985714554786682,1.0,0.078125,5.9686533245428334e-05,1400
3696,0.0029327941592782736,0.9982089400291443,1.0,0.10107421875,5.9566890593866454e-05,1675
3697,0.0036580623127520084,0.9992175102233887,1.0,0.0634765625,5.94473789497457e-05,2556
3698,0.00428537093102932,0.99858158826828,1.0,0.083984375,5.932799837685929e-05,1410
3699,0.0037116019520908594,0.9995426535606384,1.0,0.0517578125,5.9208748938930194e-05,4373
3700,0.004197364207357168,0.9989367127418518,1.0,0.09033203125,5.908963069961144e-05,1881
3701,0.0035799292381852865,0.9993183612823486,1.0,0.054931640625,5.897064372248604e-05,2934
3702,0.0028572198934853077,0.9992818832397461,1.0,0.06005859375,5.885178807106688e-05,2785
3703,0.003820304060354829,0.9995891451835632,1.0,0.0712890625,5.873306380879692e-05,2434
3704,0.0037348917685449123,0.9992665648460388,1.0,0.04736328125,5.861447099904882e-05,2727
3705,0.002536349929869175,0.9994134902954102,1.0,0.0830078125,5.849600970512512e-05,1705
3706,0.0030182383488863707,0.9996340870857239,1.0,0.06103515625,5.837767999025821e-05,2733
3707,0.006070754490792751,0.9992319345474243,1.0,0.07275390625,5.825948191761012e-05,1302
3708,0.0036909831687808037,0.9991450309753418,1.0,0.053955078125,5.814141555027265e-05,3509
3709,0.0026447814889252186,0.9994353652000427,1.0,0.0615234375,5.80234809512676e-05,3542
3710,0.0031816770788282156,1.0,1.0,0.12353515625,5.79056781835458e-05,479
3711,0.0029438566416502,0.9995955228805542,1.0,0.05126953125,5.778800730998839e-05,4945
3712,0.002718613250181079,0.9996517896652222,1.0,0.045654296875,5.7670468393405735e-05,2872
3713,0.00333990971557796,0.9992215037345886,1.0,0.05517578125,5.755306149653767e-05,5138
3714,0.0014200038276612759,0.9995357394218445,1.0,0.047607421875,5.743578668205403e-05,2154
3715,0.007997199892997742,0.9978117942810059,1.0,0.234375,5.731864401255348e-05,3199
3716,0.0026250334922224283,0.9992952942848206,1.0,0.0771484375,5.7201633550564777e-05,1419
3717,0.003158786566928029,0.9995547533035278,1.0,0.06494140625,5.708475535854574e-05,2246
3718,0.00254524196498096,0.999165952205658,1.0,0.05712890625,5.6968009498883716e-05,2398
3719,0.002771426225081086,0.9989705085754395,1.0,0.0517578125,5.6851396033895316e-05,2914
3720,0.0020175306126475334,1.0,1.0,0.048828125,5.6734915025826576e-05,2933
3721,0.00388252642005682,0.999209463596344,1.0,0.07568359375,5.661856653685287e-05,3795
3722,0.002896187361329794,0.9990480542182922,1.0,0.06396484375,5.650235062907872e-05,2101
3723,0.003455141093581915,0.9983805418014526,1.0,0.10400390625,5.638626736453793e-05,1235
3724,0.0035354834981262684,0.9983174204826355,1.0,0.08349609375,5.6270316805193503e-05,1783
3725,0.002943748841062188,0.9996516704559326,1.0,0.06298828125,5.6154499012937605e-05,2871
3726,0.0038436483591794968,0.9988290667533875,1.0,0.06591796875,5.603881404959144e-05,1708
3727,0.0028454826679080725,0.9996812343597412,1.0,0.0341796875,5.592326197690562e-05,3137
3728,0.003155743470415473,0.9981895089149475,1.0,0.09228515625,5.58078428565593e-05,1657
3729,0.0046906424686312675,0.9985597729682922,1.0,0.10009765625,5.5692556750161274e-05,2083
3730,0.0025985799729824066,0.9997148513793945,1.0,0.03857421875,5.557740371924885e-05,3507
3731,0.0031855134293437004,0.9995594620704651,1.0,0.044921875,5.546238382528848e-05,2270
3732,0.002942725084722042,0.9995868802070618,1.0,0.03515625,5.534749712967573e-05,4841
3733,0.0023147163446992636,0.9996322393417358,1.0,0.052001953125,5.523274369373468e-05,2719
3734,0.003711875295266509,0.9985074400901794,1.0,0.09326171875,5.511812357871863e-05,2010
3735,0.002649910282343626,0.9994842410087585,1.0,0.068359375,5.500363684580954e-05,3878
3736,0.0020156269893050194,0.9988102316856384,1.0,0.06689453125,5.488928355611819e-05,1681
3737,0.002773481188341975,0.9992681741714478,1.0,0.0673828125,5.4775063770684124e-05,2733
3738,0.003431623801589012,0.9992101192474365,1.0,0.0859375,5.4660977550475736e-05,1266
3739,0.0027730977162718773,0.9992537498474121,1.0,0.07568359375,5.454702495638999e-05,1340
3740,0.0038789056707173586,0.999089241027832,1.0,0.0791015625,5.4433206049252644e-05,2196
3741,0.0025387925561517477,0.9994402527809143,1.0,0.06689453125,5.431952088981788e-05,3573
3742,0.002274188445881009,0.9994661211967468,1.0,0.068359375,5.420596953876872e-05,1873
3743,0.002454825211316347,0.999254584312439,1.0,0.04638671875,5.4092552056716784e-05,2683
3744,0.0021186552476137877,0.9996734261512756,1.0,0.04150390625,5.397926850420191e-05,3062
3745,0.0036394582130014896,0.999378502368927,1.0,0.041259765625,5.386611894169283e-05,4827
3746,0.0022435656283050776,0.9994351863861084,1.0,0.0458984375,5.3753103429586556e-05,3541
3747,0.0029694195836782455,0.9998014569282532,1.0,0.0264892578125,5.3640222028208435e-05,5037
3748,0.003372806590050459,0.9994331002235413,1.0,0.047607421875,5.352747479781268e-05,1764
3749,0.002518727909773588,0.9991543292999268,1.0,0.072265625,5.341486179858126e-05,2365
3750,0.0029517582152038813,0.998673141002655,1.0,0.1015625,5.330238309062499e-05,2261
3751,0.0025130060967057943,0.9996888637542725,1.0,0.054931640625,5.319003873398279e-05,3214
3752,0.0036166165955364704,0.9993710517883301,1.0,0.0849609375,5.3077828788621926e-05,1590
3753,0.001493768417276442,1.0,1.0,0.0615234375,5.296575331443785e-05,1613
3754,0.0023675498086959124,0.9993948340415955,1.0,0.046875,5.285381237125429e-05,3305
3755,0.0030738641507923603,0.9989316463470459,1.0,0.056640625,5.27420060188231e-05,2808
3756,0.0029256618581712246,0.9993183612823486,1.0,0.055908203125,5.263033431682452e-05,2934
3757,0.0032785453367978334,0.9996482133865356,1.0,0.025390625,5.2518797324866525e-05,5685
3758,0.0028133641462773085,0.9993041157722473,1.0,0.04443359375,5.2407395102485595e-05,2874
3759,0.004506777040660381,0.9983305335044861,1.0,0.0859375,5.229612770914596e-05,2396
3760,0.0024427466560155153,0.9993019104003906,1.0,0.0556640625,5.2184995204239954e-05,2865
3761,0.0034696816001087427,0.9994535446166992,1.0,0.046630859375,5.2073997647088186e-05,1830
3762,0.00306108221411705,0.9992905259132385,1.0,0.08251953125,5.1963135096938726e-05,2819
3763,0.002501483540982008,0.9994227886199951,1.0,0.06298828125,5.185240761296797e-05,3465
3764,0.0022256781812757254,0.9996081590652466,1.0,0.04052734375,5.174181525428022e-05,5104
3765,0.0023602659348398447,0.9993218183517456,1.0,0.048095703125,5.163135807990727e-05,2949
3766,0.0024516901466995478,0.9993091821670532,1.0,0.045654296875,5.152103614880937e-05,2895
3767,0.005375413224101067,0.9974989295005798,1.0,0.09765625,5.141084951987388e-05,2399
3768,0.0027213844005018473,0.9996662139892578,1.0,0.04736328125,5.130079825191654e-05,2996
3769,0.003350711427628994,0.9992395639419556,1.0,0.08203125,5.119088240368044e-05,2630
3770,0.0022710259072482586,0.9996100664138794,1.0,0.03173828125,5.108110203383665e-05,5129
3771,0.0022606169804930687,0.998711347579956,1.0,0.053466796875,5.097145720098369e-05,2328
3772,0.003906263969838619,0.9988968372344971,1.0,0.10107421875,5.086194796364794e-05,1813
3773,0.0035698600113391876,0.9989902377128601,1.0,0.08203125,5.0752574380283216e-05,2971
3774,0.0035055354237556458,0.99932861328125,1.0,0.0537109375,5.0643336509271114e-05,2979
3775,0.0022973197046667337,0.9995296597480774,1.0,0.05859375,5.053423440892066e-05,2126
3776,0.0032249356154352427,0.9993234276771545,1.0,0.0576171875,5.042526813746843e-05,2956
3777,0.0022971045691519976,0.999443531036377,1.0,0.05029296875,5.031643775307854e-05,3594
3778,0.0021792848128825426,0.9994587302207947,1.0,0.053466796875,5.020774331384242e-05,3695
3779,0.0011912185000255704,1.0,1.0,0.04443359375,5.009918487777929e-05,2433
3780,0.005165247246623039,0.997965395450592,1.0,0.09814453125,4.9990762502835294e-05,983
3781,0.002096352633088827,0.9991503953933716,1.0,0.055908203125,4.988247624688434e-05,2354
3782,0.0029972188640385866,0.9992156624794006,1.0,0.08837890625,4.977432616772756e-05,2550
3783,0.0018376595107838511,0.9994008541107178,1.0,0.09033203125,4.966631232309322e-05,1669
3784,0.002096696989610791,0.9995951652526855,1.0,0.024169921875,4.955843477063721e-05,4940
3785,0.0024973733816295862,0.9993915557861328,1.0,0.0576171875,4.9450693567942325e-05,3287
3786,0.002437252551317215,0.9996358156204224,1.0,0.051513671875,4.934308877251878e-05,2746
3787,0.003389219520613551,0.9996543526649475,1.0,0.0181884765625,4.9235620441804004e-05,2893
3788,0.002112726680934429,0.9988088011741638,1.0,0.07275390625,4.91282886331624e-05,1679
3789,0.003090044716373086,0.9995735883712769,1.0,0.07080078125,4.9021093403885656e-05,2345
3790,0.0032935021445155144,0.9992932677268982,1.0,0.0634765625,4.891403481119259e-05,2830
3791,0.0026521661784499884,0.9996674656867981,1.0,0.0712890625,4.88071129122288e-05,3007
3792,0.0026761663611978292,0.9985037446022034,1.0,0.0712890625,4.8700327764067316e-05,2005
3793,0.002080382779240608,0.9995996952056885,1.0,0.05859375,4.8593679423707955e-05,2498
3794,0.002620682120323181,0.9997541308403015,1.0,0.01519775390625,4.848716794807738e-05,4067
3795,0.0026188467163592577,0.9993112683296204,1.0,0.046875,4.838079339402964e-05,2904
3796,0.0028521306812763214,0.9993215799331665,1.0,0.045654296875,4.827455581834512e-05,2948
3797,0.002470892621204257,0.9994544386863708,1.0,0.0654296875,4.816845527773152e-05,1833
3798,0.003219476668164134,0.9989440441131592,1.0,0.0888671875,4.806249182882328e-05,1894
3799,0.005360646639019251,0.9992319345474243,1.0,0.0625,4.7956665528181616e-05,1302
3800,0.001999839209020138,0.999427080154419,1.0,0.06640625,4.785097643229451e-05,3491
3801,0.0030870356131345034,0.9994298815727234,1.0,0.061279296875,4.7745424597576734e-05,1754
3802,0.0029965583235025406,0.9992178082466125,1.0,0.057373046875,4.764001008036992e-05,2557
3803,0.0029212923254817724,0.9993268251419067,1.0,0.07275390625,4.7534732936942254e-05,2971
3804,0.0028591714799404144,0.9991896152496338,1.0,0.07177734375,4.742959322348859e-05,2468
3805,0.0025168259162455797,0.9996392726898193,1.0,0.04736328125,4.732459099613054e-05,2772
3806,0.002957078395411372,0.9993229508399963,1.0,0.040283203125,4.721972631091619e-05,2954
3807,0.004290005657821894,0.998993456363678,1.0,0.1005859375,4.711499922382028e-05,1987
3808,0.002331201918423176,0.9992915391921997,1.0,0.047607421875,4.701040979074425e-05,2823
3809,0.0027359463274478912,0.9995102882385254,1.0,0.06396484375,4.690595806751568e-05,2042
3810,0.0024822119157761335,0.9994128942489624,1.0,0.03369140625,4.6801644109889036e-05,5110
3811,0.0031667219009250402,0.999386727809906,1.0,0.043701171875,4.669746797354508e-05,4892
3812,0.0025710382033139467,0.9995884895324707,1.0,0.05126953125,4.659342971409089e-05,2430
3813,0.003013105597347021,0.9991772770881653,1.0,0.07568359375,4.6489529387060286e-05,2431
3814,0.001691943034529686,0.9992625117301941,1.0,0.072265625,4.6385767047913003e-05,2712
3815,0.0023512730840593576,0.9991028904914856,1.0,0.048095703125,4.6282142752035604e-05,3344
3816,0.002873995341360569,0.9988700747489929,1.0,0.072265625,4.6178656554740565e-05,1770
3817,0.003820499638095498,0.9985085725784302,1.0,0.12255859375,4.607530851126688e-05,1341
3818,0.0022860232274979353,0.9993502497673035,1.0,0.050048828125,4.597209867677979e-05,3078
3819,0.0022797854617238045,0.9996097087860107,1.0,0.033447265625,4.586902710637058e-05,5124
3820,0.00296617834828794,0.9992722272872925,1.0,0.061767578125,4.576609385505698e-05,2748
3821,0.002830343320965767,0.9996323585510254,1.0,0.049560546875,4.566329897778268e-05,2720
3822,0.003487923415377736,0.9981583952903748,1.0,0.087890625,4.556064252941758e-05,1629
3823,0.002863877220079303,0.9991925954818726,1.0,0.07861328125,4.545812456475781e-05,2477
3824,0.002608451759442687,0.9996384382247925,1.0,0.052734375,4.5355745138525415e-05,2766
3825,0.0033829426392912865,0.9992724657058716,1.0,0.06591796875,4.525350430536846e-05,2749
3826,0.0024557202123105526,0.9993780851364136,1.0,0.04736328125,4.51514021198613e-05,3216
3827,0.004817746579647064,0.9979199171066284,1.0,0.0888671875,4.504943863650398e-05,1923
3828,0.0035685633774846792,0.9993146061897278,1.0,0.11474609375,4.494761390972268e-05,1459
3829,0.002839595777913928,0.9993197321891785,1.0,0.052001953125,4.484592799386947e-05,2940
3830,0.004088038578629494,0.998651385307312,1.0,0.134765625,4.474438094322222e-05,1483
3831,0.0025081024505198,0.9989806413650513,1.0,0.061767578125,4.4642972811985024e-05,1962
3832,0.002669170033186674,0.9989455342292786,1.0,0.1083984375,4.454170365428726e-05,2845
3833,0.002824699506163597,0.9993348717689514,1.0,0.057373046875,4.4440573524184675e-05,3007
3834,0.0028279072139412165,0.9983479976654053,1.0,0.07763671875,4.433958247565851e-05,1816
3835,0.003323811339214444,0.9992800354957581,1.0,0.035888671875,4.423873056261578e-05,2778
3836,0.0030697048641741276,0.9996175765991211,1.0,0.06689453125,4.413801783888945e-05,2615
3837,0.00331554445438087,0.9992606043815613,1.0,0.08740234375,4.403744435823779e-05,2705
3838,0.002131376415491104,0.9994227290153503,1.0,0.035888671875,4.39370101743451e-05,5197
3839,0.003362387651577592,0.9992325305938721,1.0,0.042236328125,4.383671534082122e-05,2606
3840,0.0026490027084946632,0.9992815852165222,1.0,0.049560546875,4.373655991120155e-05,2784
3841,0.002584657398983836,0.9995095729827881,1.0,0.0634765625,4.363654393894708e-05,4078
3842,0.004667743109166622,0.998266875743866,1.0,0.11474609375,4.353666747744456e-05,1154
3843,0.0028782186564058065,0.9991416335105896,1.0,0.054931640625,4.3436930580005905e-05,2330
3844,0.0031254529021680355,0.9992446899414062,1.0,0.056640625,4.333733329986884e-05,2648
3845,0.003132025944069028,0.9995266199111938,1.0,0.031982421875,4.323787569019647e-05,4225
3846,0.0026242646854370832,0.9993846416473389,1.0,0.035400390625,4.313855780407729e-05,3250
3847,0.00246183923445642,0.9993279576301575,1.0,0.08935546875,4.303937969452543e-05,1488
3848,0.001943696290254593,0.9996949434280396,1.0,0.044189453125,4.294034141448002e-05,3278
3849,0.002644481835886836,0.9995619654655457,1.0,0.039794921875,4.2841443016805856e-05,4566
3850,0.002872216049581766,0.9991135001182556,1.0,0.0908203125,4.2742684554293085e-05,1128
3851,0.0028816896956413984,0.9998055100440979,1.0,0.044921875,4.264406607965694e-05,5142
3852,0.0026131037157028913,0.9995891451835632,1.0,0.055419921875,4.2545587645538106e-05,2434
3853,0.002908802591264248,0.9996087551116943,1.0,0.04736328125,4.2447249304502405e-05,2556
3854,0.003270878456532955,0.9995166659355164,1.0,0.056884765625,4.234905110904102e-05,4138
3855,0.002315971301868558,0.9994202852249146,1.0,0.039794921875,4.225099311157025e-05,5175
3856,0.0037929085083305836,0.9994568228721619,1.0,0.05615234375,4.21530753644315e-05,1841
3857,0.002151523483917117,0.9994890093803406,1.0,0.051025390625,4.205529791989138e-05,3914
3858,0.002845434006303549,0.9991450309753418,1.0,0.05078125,4.1957660830141596e-05,3509
3859,0.006570639554411173,0.995674729347229,1.0,0.1171875,4.1860164147298905e-05,2312
3860,0.004213941749185324,0.9992695450782776,1.0,0.08154296875,4.1762807923405285e-05,1369
3861,0.003998563624918461,0.9993069767951965,1.0,0.0625,4.1665592210427434e-05,1443
3862,0.0026558616664260626,0.9996954798698425,1.0,0.02734375,4.1568517060257314e-05,3284
3863,0.001575192203745246,0.9996101260185242,1.0,0.059814453125,4.147158252471173e-05,2565
3864,0.002063451102003455,0.9995005130767822,1.0,0.059326171875,4.137478865553241e-05,4004
3865,0.003821037244051695,0.9992784857749939,1.0,0.16796875,4.127813550438621e-05,1386
3866,0.00332333380356431,0.9995837807655334,1.0,0.037109375,4.11816231228645e-05,4805
3867,0.002401622012257576,0.9996605515480042,1.0,0.030517578125,4.108525156248388e-05,2946
3868,0.002268913434818387,0.9994339346885681,1.0,0.03564453125,4.098902087468555e-05,3533
3869,0.0021252341102808714,0.9994655251502991,1.0,0.05322265625,4.089293111083567e-05,3742
3870,0.004011788871139288,0.9987437129020691,1.0,0.10302734375,4.079698232222497e-05,2388
3871,0.0037492720875889063,0.9995119571685791,1.0,0.044921875,4.070117456006905e-05,2049
3872,0.0025360218714922667,0.9994184374809265,1.0,0.056884765625,4.0605507875508333e-05,3439
3873,0.0025129858404397964,0.9992818832397461,1.0,0.052001953125,4.050998231960788e-05,2785
3874,0.0029174175579100847,0.9995928406715393,1.0,0.07275390625,4.04145979433573e-05,2456
3875,0.00237951404415071,0.9994405508041382,1.0,0.052490234375,4.031935479767092e-05,3575
3876,0.003063402371481061,0.9988822937011719,1.0,0.059814453125,4.022425293338772e-05,2684
3877,0.002378863049671054,0.9994826912879944,1.0,0.046875,4.012929240127113e-05,3866
3878,0.0013883088249713182,0.9994252920150757,1.0,0.06396484375,4.003447325200949e-05,1740
3879,0.0037352321669459343,0.9987937211990356,1.0,0.08642578125,3.9939795536215156e-05,1658
3880,0.0019511427963152528,1.0,1.0,0.07958984375,3.98452593044254e-05,1229
3881,0.002520581940189004,0.9996851682662964,1.0,0.036376953125,3.9750864607101826e-05,3176
3882,0.002366530243307352,0.9994282722473145,1.0,0.060302734375,3.96566114946304e-05,1749
3883,0.0020658059511333704,0.9995020031929016,1.0,0.080078125,3.956250001732183e-05,2008
3884,0.0018111619865521789,0.9993324279785156,1.0,0.060791015625,3.946853022541071e-05,1498
3885,0.004199222195893526,0.9988405704498291,1.0,0.10546875,3.937470216905655e-05,1725
3886,0.0033317150082439184,0.9993864893913269,1.0,0.09521484375,3.928101589834278e-05,1630
3887,0.0023468693252652884,0.9996530413627625,1.0,0.043212890625,3.918747146327738e-05,2882
3888,0.0037352214567363262,0.9992877244949341,1.0,0.1103515625,3.909406891379252e-05,1404
3889,0.0012840126873925328,1.0,1.0,0.038818359375,3.900080829974477e-05,2031
3890,0.00290256692096591,0.9993429780006409,1.0,0.06005859375,3.8907689670914764e-05,3044
3891,0.002900362014770508,0.9992803335189819,1.0,0.0703125,3.881471307700742e-05,2779
3892,0.002156350761651993,0.9995055794715881,1.0,0.05419921875,3.872187856765187e-05,4045
3893,0.0023637437261641026,0.9997369647026062,1.0,0.044921875,3.86291861924013e-05,3802
3894,0.002666136249899864,0.9993231892585754,1.0,0.0712890625,3.85366360007333e-05,2955
3895,0.002919078804552555,0.9996381998062134,1.0,0.0281982421875,3.844422804204913e-05,2764
3896,0.0030279431957751513,0.9992088675498962,1.0,0.08935546875,3.835196236567453e-05,2528
3897,0.0019222048576921225,0.9996343851089478,1.0,0.04443359375,3.82598390208591e-05,2735
3898,0.002720847260206938,0.9987863898277283,1.0,0.072265625,3.816785805677637e-05,1648
3899,0.002541528083384037,0.999206006526947,1.0,0.06689453125,3.807601952252427e-05,2519
3900,0.002793684136122465,0.9995390772819519,1.0,0.0286865234375,3.798432346712412e-05,4339
3901,0.0023702052421867847,0.9989676475524902,1.0,0.056396484375,3.789276993952174e-05,2906
3902,0.002403644612058997,0.9997200965881348,1.0,0.031982421875,3.780135898858653e-05,3573
3903,0.0037613590247929096,0.9992498159408569,1.0,0.09716796875,3.771009066311186e-05,1333
3904,0.004266773350536823,0.9990909099578857,1.0,0.0859375,3.7618965011815064e-05,1100
3905,0.003003058023750782,1.0,1.0,0.0908203125,3.7527982083337194e-05,1200
3906,0.005335517693310976,0.9971567988395691,1.0,0.126953125,3.743714192624314e-05,2462
3907,0.0030713502783328295,0.9995054602622986,1.0,0.0703125,3.734644458902175e-05,2022
3908,0.0030269459821283817,0.9989367127418518,1.0,0.057861328125,3.7255890120085395e-05,1881
3909,0.002716773422434926,0.9992771744728088,1.0,0.08447265625,3.716547856777035e-05,2767
3910,0.0026475817430764437,0.9993375539779663,1.0,0.046630859375,3.7075209980336565e-05,3019
3911,0.0045012724585831165,0.9988317489624023,1.0,0.08251953125,3.698508440596754e-05,1712
3912,0.00309292902238667,0.9987437129020691,1.0,0.07470703125,3.689510189277075e-05,1592
3913,0.003049576887860894,0.9995970129966736,1.0,0.052490234375,3.6805262488776955e-05,4963
3914,0.002874233992770314,0.9996408224105835,1.0,0.04443359375,3.671556624194075e-05,2784
3915,0.0032187686301767826,0.998921275138855,1.0,0.0712890625,3.662601320014031e-05,1854
3916,0.0019550982397049665,0.9994013905525208,1.0,0.058837890625,3.65366034111772e-05,3341
3917,0.0035102032124996185,0.999620795249939,1.0,0.0361328125,3.6447336922776806e-05,5274
3918,0.003306363709270954,0.9985765218734741,1.0,0.09326171875,3.635821378258764e-05,1405
3919,0.0027314506005495787,0.9994410276412964,1.0,0.06494140625,3.626923403818206e-05,1789
3920,0.0031765876337885857,0.9995450377464294,1.0,0.047119140625,3.61803977370557e-05,2198
3921,0.004429464228451252,0.9989674687385559,1.0,0.1044921875,3.609170492662763e-05,1937
3922,0.0031670117750763893,0.9996154308319092,1.0,0.040283203125,3.6003155654240345e-05,5201
3923,0.0034101076889783144,0.9992856979370117,1.0,0.07080078125,3.5914749967159774e-05,1400
3924,0.0035064266994595528,0.9989722371101379,1.0,0.1083984375,3.582648791257507e-05,1946
3925,0.0033004945144057274,0.9990649819374084,1.0,0.0703125,3.5738369537598935e-05,2139
3926,0.0023650156799703836,0.9996092319488525,1.0,0.04296875,3.565039488926722e-05,5118
3927,0.002592662815004587,0.9992910027503967,1.0,0.05322265625,3.556256401453903e-05,2821
3928,0.002647513523697853,0.9992274045944214,1.0,0.05859375,3.547487696029683e-05,3883
3929,0.0031151885632425547,0.9992444515228271,1.0,0.052001953125,3.538733377334624e-05,2647
3930,0.005615002941340208,0.9993866682052612,1.0,0.103515625,3.529993450041621e-05,3261
3931,0.0024132737889885902,0.9992498159408569,1.0,0.072265625,3.5212679188158576e-05,2666
3932,0.0025622134562581778,0.9996340870857239,1.0,0.048583984375,3.512556788314873e-05,2733
3933,0.0028583863750100136,0.9993079304695129,1.0,0.060791015625,3.503860063188495e-05,4335
3934,0.0054333885200321674,0.9971988797187805,1.0,0.1484375,3.495177748078864e-05,1071
3935,0.0018930112710222602,1.0,1.0,0.0458984375,3.4865098476204376e-05,3658
3936,0.0017352552386000752,0.99941486120224,1.0,0.08642578125,3.4778563664399604e-05,1709
3937,0.0035579910036176443,0.9991416335105896,1.0,0.0712890625,3.469217309156507e-05,2330
3938,0.0024746572598814964,0.9994857311248779,1.0,0.057373046875,3.4605926803814377e-05,3889
3939,0.003530988935381174,0.9992907643318176,1.0,0.0625,3.4519824847184044e-05,1410
3940,0.0038648187182843685,0.9983312487602234,1.0,0.07421875,3.44338672676336e-05,2397
3941,0.0029525384306907654,0.9995426535606384,1.0,0.04638671875,3.4348054111045706e-05,4373
3942,0.0024248179979622364,0.9995967745780945,1.0,0.06298828125,3.426238542322557e-05,2480
3943,0.0025685112923383713,0.9990795850753784,1.0,0.07763671875,3.41768612499016e-05,2173
3944,0.002669524634256959,0.99961256980896,1.0,0.0546875,3.409148163672492e-05,2581
3945,0.002926670014858246,0.9989588856697083,1.0,0.0732421875,3.400624662926946e-05,1921
3946,0.002494446001946926,0.9991544485092163,1.0,0.04833984375,3.392115627303218e-05,3548
3947,0.0017541754059493542,0.9994529485702515,1.0,0.06591796875,3.38362106134324e-05,1828
3948,0.001947566051967442,0.9996105432510376,1.0,0.0576171875,3.375140969581269e-05,5135
3949,0.003319265553727746,0.9994977116584778,1.0,0.03857421875,3.3666753565438076e-05,3982
3950,0.002373500494286418,0.9994252920150757,1.0,0.076171875,3.358224226749637e-05,1740
3951,0.002839537337422371,0.9990489482879639,1.0,0.07421875,3.3497875847098e-05,2103
3952,0.002979606855660677,0.9991496801376343,1.0,0.052734375,3.341365434927613e-05,2352
3953,0.0019805077463388443,0.9994535446166992,1.0,0.0439453125,3.332957781898664e-05,3660
3954,0.0030965874902904034,0.9993333220481873,1.0,0.038330078125,3.324564630110793e-05,3000
3955,0.00234476150944829,0.999470591545105,1.0,0.044677734375,3.316185984044103e-05,3778
3956,0.0025831141974776983,0.9988876581192017,1.0,0.06396484375,3.3078218481709494e-05,2697
3957,0.003125807736068964,0.9997807741165161,1.0,0.025390625,3.299472226955948e-05,4562
3958,0.004138927441090345,0.9991582632064819,1.0,0.080078125,3.29113712485596e-05,1188
3959,0.002444544341415167,0.9997031688690186,1.0,0.029052734375,3.282816546320114e-05,3369
3960,0.00280739669688046,0.9992126226425171,1.0,0.054443359375,3.274510495789756e-05,2540
3961,0.0041653187945485115,0.9984701871871948,1.0,0.08154296875,3.26621897769851e-05,1961
3962,0.003012803616002202,0.9994778037071228,1.0,0.048095703125,3.257941996472227e-05,1915
3963,0.001803302438929677,0.9994096755981445,1.0,0.0517578125,3.2496795565289836e-05,1694
3964,0.0038768553640693426,0.9988052845001221,1.0,0.1171875,3.241431662279134e-05,837
3965,0.0013247054303064942,0.9995258450508118,1.0,0.05615234375,3.2331983181252184e-05,2109
3966,0.003144939662888646,1.0,1.0,0.083984375,3.2249795284620564e-05,1261
3967,0.0029398533515632153,0.9996395111083984,1.0,0.03466796875,3.216775297676674e-05,5548
3968,0.0022400382440537214,0.999582827091217,1.0,0.033203125,3.2085856301483214e-05,2397
3969,0.0021282571833580732,0.9994515776634216,1.0,0.04833984375,3.200410530248503e-05,3647
3970,0.0006488272338174284,1.0,1.0,0.01104736328125,3.192250002340907e-05,1756
3971,0.0040512774139642715,0.9990888237953186,1.0,0.059326171875,3.1841040507814865e-05,2195
3972,0.00409616157412529,0.9989321827888489,1.0,0.068359375,3.175972679918376e-05,1873
3973,0.0030507578048855066,0.9990757703781128,1.0,0.06640625,3.1678558940919506e-05,2164
3974,0.0035787574015557766,0.9990525841712952,1.0,0.078125,3.1597536976347945e-05,2111
3975,0.00208023632876575,0.9994419813156128,1.0,0.064453125,3.151666094871702e-05,3584
3976,0.002272265963256359,0.9992818832397461,1.0,0.059326171875,3.1435930901196724e-05,2785
3977,0.0021559332963079214,0.9988059997558594,1.0,0.0869140625,3.135534687687936e-05,1675
3978,0.0025269731413573027,0.9990769028663635,1.0,0.06884765625,3.127490891877892e-05,3250
3979,0.0018283211393281817,1.0,1.0,0.068359375,3.119461706983178e-05,1264
3980,0.0037699269596487284,0.9987063407897949,1.0,0.1220703125,3.111447137289611e-05,1546
3981,0.00355932698585093,0.9984227418899536,1.0,0.09130859375,3.103447187075211e-05,1268
3982,0.0038901346269994974,0.9984044432640076,1.0,0.09033203125,3.095461860610202e-05,2507
3983,0.0016667263116687536,0.9995419383049011,1.0,0.06884765625,3.087491162156992e-05,2183
3984,0.002900144085288048,0.9998049139976501,1.0,0.029052734375,3.0795350959701905e-05,5126
3985,0.0023750264663249254,0.9997132420539856,1.0,0.051025390625,3.071593666296584e-05,3487
3986,0.002688586711883545,0.9992503523826599,1.0,0.05810546875,3.063666877375157e-05,2668
3987,0.002506609307602048,0.9993190169334412,1.0,0.052978515625,3.0557547334370866e-05,2937
3988,0.0023405917454510927,0.9996091723442078,1.0,0.049072265625,3.047857238705701e-05,5117
3989,0.004071014001965523,0.9987684488296509,1.0,0.062255859375,3.0399743973965507e-05,1624
3990,0.002548141870647669,0.9994229674339294,1.0,0.044677734375,3.0321062137173336e-05,3466
3991,0.0028569758869707584,0.9988123774528503,1.0,0.07666015625,3.0242526918679332e-05,1684
3992,0.002997813979163766,0.999254584312439,1.0,0.060546875,3.0164138360404068e-05,2683
3993,0.0022842518519610167,0.99934983253479,1.0,0.05126953125,3.0085896504189933e-05,3076
3994,0.001832093927077949,0.9995366334915161,1.0,0.0634765625,3.0007801391800725e-05,2158
3995,0.0020668541546911,0.9997493028640747,1.0,0.042724609375,2.9929853064922325e-05,3989
3996,0.0019553869497030973,0.9994613528251648,1.0,0.048828125,2.985205156516193e-05,3713
3997,0.0017127757892012596,0.9995511770248413,1.0,0.1259765625,2.977439693404837e-05,2228
3998,0.002722989534959197,0.9992668628692627,1.0,0.0634765625,2.969688921303247e-05,2728
3999,0.0029228150378912687,0.9994293451309204,1.0,0.0390625,2.961952844348603e-05,5257
4000,0.0033307273406535387,0.9992539882659912,1.0,0.05126953125,2.9542314666702914e-05,2681
4001,0.002665110630914569,0.9996352195739746,1.0,0.0264892578125,2.946524792389836e-05,5483
4002,0.0031654764898121357,0.9995531439781189,1.0,0.051513671875,2.9388328256208992e-05,4476
4003,0.004190342500805855,0.9988943934440613,1.0,0.06982421875,2.9311555704693102e-05,1809
4004,0.002793429419398308,0.9993206262588501,1.0,0.06396484375,2.9234930310330374e-05,2944
4005,0.002442210214212537,0.9993680715560913,1.0,0.05029296875,2.915845211402196e-05,3165
4006,0.0020837325137108564,1.0,1.0,0.05908203125,2.9082121156590498e-05,2483
4007,0.0038426565006375313,0.9994333982467651,1.0,0.07470703125,2.9005937478779872e-05,1765
4008,0.0033288735430687666,0.9984170794487,1.0,0.1015625,2.892990112125555e-05,2527
4009,0.0038057507481426,0.9991714954376221,1.0,0.06884765625,2.88540121246042e-05,2414
4010,0.002625982975587249,0.9996052384376526,1.0,0.0576171875,2.877827052933388e-05,2533
4011,0.0029926623683422804,0.9987413287162781,1.0,0.08447265625,2.8702676375874157e-05,1589
4012,0.0022319823037832975,0.9993742108345032,1.0,0.07080078125,2.8627229704575448e-05,1598
4013,0.004235740285366774,0.997486412525177,1.0,0.08935546875,2.8551930555709977e-05,2387
4014,0.003028957173228264,0.9988623261451721,1.0,0.054931640625,2.8476778969470826e-05,2637
4015,0.0024369715247303247,0.999330461025238,1.0,0.076171875,2.8401774985972468e-05,2987
4016,0.0030490944627672434,0.9992665648460388,1.0,0.0400390625,2.832691864525072e-05,2727
4017,0.0023518758825957775,0.9990332126617432,1.0,0.055908203125,2.825220998726224e-05,3103
4018,0.0023136232048273087,0.9992730021476746,1.0,0.056884765625,2.817764905188521e-05,2751
4019,0.002967334119603038,0.9992771744728088,1.0,0.04052734375,2.8103235878918786e-05,2767
4020,0.0015588320093229413,0.9996374249458313,1.0,0.046142578125,2.8028970508083227e-05,2758
4021,0.0031838850118219852,0.9992218017578125,1.0,0.064453125,2.7954852979019994e-05,2570
4022,0.0030711910221725702,0.9985156059265137,1.0,0.076171875,2.7880883331291502e-05,2021
4023,0.0025105879176408052,0.9993724226951599,1.0,0.06982421875,2.7807061604381444e-05,3187
4024,0.002423844998702407,0.9994337558746338,1.0,0.0654296875,2.7733387837694388e-05,3532
4025,0.003952607978135347,0.9987301826477051,1.0,0.1044921875,2.765986207055595e-05,1575
4026,0.003954780288040638,0.9992684721946716,1.0,0.10302734375,2.7586484342212766e-05,2734
4027,0.002538517350330949,0.9992226958274841,1.0,0.05810546875,2.751325469183241e-05,2573
4028,0.0020174463279545307,0.9992366433143616,1.0,0.042236328125,2.7440173158503474e-05,5240
4029,0.002740356372669339,0.999565601348877,1.0,0.05908203125,2.7367239781235527e-05,4604
4030,0.004987878259271383,0.9983416199684143,1.0,0.18359375,2.7294454598958893e-05,1206
4031,0.004335532430559397,0.9983752965927124,1.0,0.0859375,2.7221817650524957e-05,2462
4032,0.002732261084020138,0.9993236660957336,1.0,0.055419921875,2.714932897470591e-05,2957
4033,0.0029737702570855618,0.9993094205856323,1.0,0.07568359375,2.7076988610194728e-05,2896
4034,0.0019328988855704665,0.9997356534004211,1.0,0.048095703125,2.7004796595605493e-05,3783
4035,0.002808116842061281,0.9990262985229492,1.0,0.080078125,2.693275296947268e-05,2054
4036,0.004456189926713705,0.9986962080001831,1.0,0.10693359375,2.6860857770251865e-05,1534
4037,0.0025322288274765015,0.9997305870056152,1.0,0.056884765625,2.6789111036319344e-05,3712
4038,0.00412872526794672,0.9982269406318665,1.0,0.1416015625,2.671751280597212e-05,1692
4039,0.0016092201694846153,1.0,1.0,0.10888671875,2.6646063117427953e-05,744
4040,0.0022834877017885447,0.9997066855430603,1.0,0.049072265625,2.6574762008825234e-05,3409
4041,0.0034728634636849165,0.999225378036499,1.0,0.0625,2.650360951822319e-05,2582
4042,0.004241020418703556,0.9985517859458923,1.0,0.09716796875,2.643260568360164e-05,1381
4043,0.002419977216050029,0.9993148446083069,1.0,0.07373046875,2.6361750542860992e-05,2919
4044,0.0037467218935489655,0.9989467859268188,1.0,0.07470703125,2.6291044133822403e-05,1899
4045,0.0028303680010139942,0.9990436434745789,1.0,0.06494140625,2.622048649422761e-05,3137
4046,0.0030715707689523697,0.9989230036735535,1.0,0.0673828125,2.615007766173882e-05,1857
4047,0.0028526964597404003,0.9993036389350891,1.0,0.095703125,2.6079817673939007e-05,1436
4048,0.002717807190492749,0.9986486434936523,1.0,0.07763671875,2.6009706568331534e-05,2220
4049,0.002312291879206896,0.9996801018714905,1.0,0.04052734375,2.5939744382340334e-05,3126
4050,0.0031249159947037697,0.9995436072349548,1.0,0.06591796875,2.5869931153309964e-05,2191
4051,0.0022589981090277433,0.9997444152832031,1.0,0.058349609375,2.580026691850522e-05,3913
4052,0.002032332820817828,0.9996073842048645,1.0,0.047119140625,2.5730751715111652e-05,5094
4053,0.001995939528569579,0.9994134902954102,1.0,0.076171875,2.5661385580235116e-05,1705
4054,0.002805920084938407,0.999594509601593,1.0,0.06298828125,2.5592168550901828e-05,2466
4055,0.001791475573554635,0.9997493028640747,1.0,0.039794921875,2.5523100664058594e-05,3989
4056,0.0034550847485661507,0.9985358715057373,1.0,0.08056640625,2.545418195657246e-05,2049
4057,0.002963277278468013,0.9996381998062134,1.0,0.06298828125,2.5385412465230836e-05,2764
4058,0.003202899591997266,0.9993612170219421,1.0,0.046875,2.5316792226741724e-05,3131
4059,0.0030679835472255945,0.9995342493057251,1.0,0.039794921875,2.524832127773312e-05,4294
4060,0.0030607383232563734,0.9995735883712769,1.0,0.09423828125,2.5179999654753558e-05,4690
4061,0.0028854715637862682,0.999348521232605,1.0,0.051025390625,2.5111827394271766e-05,3070
4062,0.004118854645639658,0.9989035129547119,1.0,0.10693359375,2.5043804532676804e-05,1824
4063,0.0024200633633881807,0.9993183612823486,1.0,0.055419921875,2.497593110627799e-05,2934
4064,0.003041926072910428,0.9995253682136536,1.0,0.04296875,2.4908207151304715e-05,4214
4065,0.00259591662324965,0.9996812343597412,1.0,0.06640625,2.484063270390686e-05,3137
4066,0.002773572690784931,0.9995039701461792,1.0,0.06494140625,2.4773207800154303e-05,2016
4067,0.0030085640028119087,0.9994415044784546,1.0,0.0615234375,2.4705932476037095e-05,3581
4068,0.005390632431954145,0.9984025359153748,1.0,0.125,2.4638806767465635e-05,1252
4069,0.0022063811775296926,0.999196469783783,1.0,0.0810546875,2.4571830710270167e-05,2489
4070,0.0004411362169776112,1.0,1.0,0.008056640625,2.4505004340201294e-05,1997
4071,0.004134579095989466,0.9995189905166626,1.0,0.054443359375,2.4438327692929716e-05,2079
4072,0.0033305115066468716,0.9995042085647583,1.0,0.06640625,2.4371800804046028e-05,2017
4073,0.003262237412855029,0.9994747638702393,1.0,0.0673828125,2.430542370906099e-05,1904
4074,0.001862881239503622,0.9995022416114807,1.0,0.041259765625,2.4239196443405464e-05,4018
4075,0.0016985252732411027,0.9995105266571045,1.0,0.056396484375,2.41731190424302e-05,2043
4076,0.0021448819898068905,0.9994834661483765,1.0,0.037353515625,2.4107191541406157e-05,3872
4077,0.0023645188193768263,0.9994201064109802,1.0,0.05712890625,2.4041413975524083e-05,3449
4078,0.0033667816314846277,0.9996134042739868,1.0,0.04931640625,2.397578637989479e-05,5173
4079,0.0018819300457835197,0.9991876482963562,1.0,0.052001953125,2.391030878954906e-05,2462
4080,0.002638621488586068,0.9996485114097595,1.0,0.053466796875,2.38449812394374e-05,2845
4081,0.002990755485370755,0.9995921850204468,1.0,0.038330078125,2.377980376443065e-05,2452
4082,0.00300703221000731,0.9993183612823486,1.0,0.0625,2.3714776399319012e-05,2934
4083,0.0025150899309664965,0.9992735385894775,1.0,0.06494140625,2.364989917881299e-05,2753
4084,0.003274911316111684,0.9988378882408142,1.0,0.06787109375,2.358517213754282e-05,1721
4085,0.0020284822676330805,0.9995729923248291,1.0,0.049072265625,2.352059531005839e-05,2342
4086,0.003452768549323082,0.9996023774147034,1.0,0.042724609375,2.345616873082976e-05,2515
4087,0.0019408100051805377,0.9997227787971497,1.0,0.03271484375,2.3391892434246396e-05,3607
4088,0.0011772155994549394,1.0,1.0,0.0277099609375,2.332776645461788e-05,2273
4089,0.0020518344826996326,0.9994696378707886,1.0,0.055908203125,2.3263790826173367e-05,3771
4090,0.001921913935802877,0.9994903206825256,1.0,0.06640625,2.3199965583061776e-05,1962
4091,0.0030197896994650364,0.999767005443573,1.0,0.03173828125,2.3136290759351817e-05,4292
4092,0.0029029441066086292,0.9995631575584412,1.0,0.03466796875,2.3072766389031937e-05,4578
4093,0.001888320897705853,0.9996209144592285,1.0,0.040771484375,2.300939250601008e-05,5276
4094,0.002751983469352126,0.9997851848602295,1.0,0.038330078125,2.294616914411409e-05,4655
4095,0.0025447874795645475,0.9991786479949951,1.0,0.07275390625,2.28830963370914e-05,2435
4096,0.0021379401441663504,0.9992069602012634,1.0,0.052978515625,2.2820174118608947e-05,3783
4097,0.0033315843902528286,0.9990421533584595,1.0,0.05419921875,2.275740252225353e-05,3132
4098,0.004676103126257658,0.9991227984428406,1.0,0.1357421875,2.2694781581531286e-05,1140
4099,0.0032115497160702944,0.9996052384376526,1.0,0.032470703125,2.263231132986817e-05,5066
4100,0.004292882047593594,0.9995450377464294,1.0,0.04248046875,2.2569991800609478e-05,2198
4101,0.003137750318273902,0.9988276958465576,1.0,0.0732421875,2.2507823027020267e-05,2559
4102,0.002793372143059969,0.9992905259132385,1.0,0.056396484375,2.244580504228496e-05,2819
4103,0.00245114229619503,0.9993245601654053,1.0,0.055419921875,2.2383937879507542e-05,2961
4104,0.003572438145056367,0.9989610314369202,1.0,0.080078125,2.2322221571711595e-05,1925
4105,0.0034975819289684296,0.9991829991340637,1.0,0.10302734375,2.2260656151840005e-05,1224
4106,0.0026715598069131374,0.999780535697937,1.0,0.036376953125,2.2199241652755283e-05,4557
4107,0.0028474987484514713,0.9995976090431213,1.0,0.06884765625,2.213797810723924e-05,2485
4108,0.0024087168276309967,0.9993548393249512,1.0,0.051513671875,2.207686554799315e-05,3100
4109,0.0025478361640125513,0.9994500875473022,1.0,0.05615234375,2.2015904007637718e-05,3637
4110,0.0025087036192417145,0.9989690780639648,1.0,0.06396484375,2.1955093518713118e-05,2910
4111,0.0019535713363438845,0.999729335308075,1.0,0.04296875,2.1894434113678718e-05,3695
4112,0.003449865384027362,0.9991478323936462,1.0,0.07080078125,2.1833925824913413e-05,2347
4113,0.003009303705766797,0.9995728135108948,1.0,0.042236328125,2.177356868471527e-05,4682
4114,0.0026851969305425882,0.9997503161430359,1.0,0.04931640625,2.1713362725301787e-05,4005
4115,0.0049346559680998325,0.9981735348701477,1.0,0.1171875,2.165330797880982e-05,1095
4116,0.0029414554592221975,0.9998183846473694,1.0,0.0272216796875,2.1593404477295297e-05,5507
4117,0.00263903453014791,0.9992337226867676,1.0,0.06689453125,2.1533652252733634e-05,1305
4118,0.0028069764375686646,0.9994314908981323,1.0,0.06689453125,2.147405133701943e-05,1759
4119,0.002843111287802458,0.9990180134773254,1.0,0.058837890625,2.141460176196642e-05,3055
4120,0.002566902432590723,0.9992684721946716,1.0,0.061767578125,2.1355303559307734e-05,2734
4121,0.0031986339017748833,0.9992907643318176,1.0,0.056884765625,2.1296156760695517e-05,1410
4122,0.0036908460315316916,0.9991663098335266,1.0,0.0830078125,2.1237161397701207e-05,2399
4123,0.0038198542315512896,0.9991582632064819,1.0,0.07861328125,2.117831750181539e-05,1188
4124,0.002877977676689625,0.9996087551116943,1.0,0.050048828125,2.1119625104447835e-05,2556
4125,0.00227794679813087,0.9992915391921997,1.0,0.050048828125,2.106108423692735e-05,2823
4126,0.002159655326977372,0.9996674656867981,1.0,0.0634765625,2.1002694930502005e-05,3007
4127,0.0023675330448895693,0.9992606043815613,1.0,0.06884765625,2.0944457216338705e-05,2705
4128,0.0006084570195525885,1.0,1.0,0.010009765625,2.0886371125523816e-05,1756
4129,0.0030196469742804766,0.9987413287162781,1.0,0.0791015625,2.0828436689062435e-05,1589
4130,0.002487695310264826,0.9993234276771545,1.0,0.046875,2.0770653937878924e-05,2956
4131,0.001677120802924037,1.0,1.0,0.0634765625,2.071302290281658e-05,1264
4132,0.002106540370732546,0.9996734261512756,1.0,0.05078125,2.0655543614637627e-05,3062
4133,0.002286267699673772,0.9996605515480042,1.0,0.029052734375,2.059821610402359e-05,2946
4134,0.0026075933128595352,0.9996175765991211,1.0,0.061279296875,2.0541040401574595e-05,2615
4135,0.001014066394418478,1.0,1.0,0.041259765625,2.0484016537810054e-05,2109
4136,0.0019357959972694516,0.9996949434280396,1.0,0.048583984375,2.0427144543168195e-05,3278
4137,0.0019384841434657574,0.9995729923248291,1.0,0.04541015625,2.037042444800603e-05,2342
4138,0.0033609303645789623,0.9984227418899536,1.0,0.0966796875,2.0313856282599904e-05,1268
4139,0.0038517580833286047,0.9990888237953186,1.0,0.0556640625,2.025744007714454e-05,2195
4140,0.004079455975443125,0.9988943934440613,1.0,0.07177734375,2.0201175861754038e-05,1809
4141,0.0023125812876969576,1.0,1.0,0.07958984375,2.0145063666461014e-05,1488
4142,0.0029594642110168934,0.9988127946853638,1.0,0.09912109375,2.0089103521217108e-05,2527
4143,0.003515610471367836,0.9984701871871948,1.0,0.07470703125,2.0033295455892763e-05,1961
4144,0.0032923321705311537,0.999162495136261,1.0,0.08740234375,1.9977639500277276e-05,2388
4145,0.0017566017340868711,0.9996105432510376,1.0,0.057373046875,1.9922135684078654e-05,5135
4146,0.002928309142589569,0.9993864893913269,1.0,0.08544921875,1.98667840369238e-05,1630
4147,0.0014453133335337043,0.9996374249458313,1.0,0.046630859375,1.9811584588358377e-05,2758
4148,0.0026708540972322226,0.9996812343597412,1.0,0.0341796875,1.975653736784668e-05,3137
4149,0.0023488362785428762,0.9995893239974976,1.0,0.057861328125,1.970164240477201e-05,2435
4150,0.0018126657232642174,0.9991409182548523,1.0,0.047119140625,1.964689972843606e-05,2328
4151,0.0018670002464205027,0.9997327923774719,1.0,0.052734375,1.9592309368059556e-05,3742
4152,0.0031114909797906876,0.9996052384376526,1.0,0.0303955078125,1.9537871352781686e-05,5066
4153,0.001727627357468009,0.9995938539505005,1.0,0.049560546875,1.9483585711660477e-05,2462
4154,0.004251677542924881,0.9991227984428406,1.0,0.123046875,1.942945247367248e-05,1140
4155,0.0021740237716585398,0.9991530179977417,1.0,0.054443359375,1.937547166771295e-05,3542
4156,0.0016141426749527454,0.9997493028640747,1.0,0.033935546875,1.9321643322595902e-05,3989
4157,0.0033524211030453444,0.9991471171379089,1.0,0.0732421875,1.9267967467053824e-05,2345
4158,0.0026313967537134886,0.9992877244949341,1.0,0.09033203125,1.9214444129737828e-05,1404
4159,0.0032113746274262667,0.9994568228721619,1.0,0.0556640625,1.9161073339217625e-05,1841
4160,0.0028986770194023848,0.9998183846473694,1.0,0.0269775390625,1.9107855123981565e-05,5507
4161,0.002947789616882801,0.9988822937011719,1.0,0.0625,1.9054789512436386e-05,2684
4162,0.0019686638843268156,0.9997445344924927,1.0,0.053466796875,1.9001876532907634e-05,3914
4163,0.003305354854092002,0.9990398287773132,1.0,0.07177734375,1.8949116213639082e-05,2083
4164,0.0034566293470561504,0.999620795249939,1.0,0.037109375,1.88965085827933e-05,5274
4165,0.003316120244562626,0.9992101192474365,1.0,0.08935546875,1.8844053668451198e-05,1266
4166,0.0031490970868617296,0.9995856881141663,1.0,0.04052734375,1.8791751498612075e-05,4827
4167,0.0033865715377032757,0.9990525841712952,1.0,0.07958984375,1.8739602101193994e-05,2111
4168,0.002746403682976961,0.9992905259132385,1.0,0.0556640625,1.86876055040331e-05,2819
4169,0.0031107659451663494,0.99932861328125,1.0,0.052001953125,1.8635761734884347e-05,2979
4170,0.002328344387933612,0.9993548393249512,1.0,0.045654296875,1.8584070821420838e-05,3100
4171,0.0023258451838046312,0.9992584586143494,1.0,0.0625,1.85325327912342e-05,2697
4172,0.0004267992917448282,1.0,1.0,0.007080078125,1.8481147671834496e-05,1997
4173,0.003156785387545824,0.9995042085647583,1.0,0.072265625,1.842991549064995e-05,2017
4174,0.0018516653217375278,0.9994613528251648,1.0,0.046875,1.8378836275027454e-05,3713
4175,0.0018085846677422523,0.9994587302207947,1.0,0.044189453125,1.83279100522321e-05,3695
4176,0.001861485419794917,0.9994696378707886,1.0,0.05126953125,1.827713684944724e-05,3771
4177,0.002049050061032176,0.9996530413627625,1.0,0.038330078125,1.8226516693774695e-05,2882
4178,0.0025610800366848707,0.9997695088386536,1.0,0.02587890625,1.817604961223449e-05,4339
4179,0.0025987292174249887,0.9992803335189819,1.0,0.0625,1.8125735631764905e-05,2779
4180,0.0019700308330357075,0.9994402527809143,1.0,0.06005859375,1.807557477922279e-05,3573
4181,0.0018066039774566889,0.9996343851089478,1.0,0.037841796875,1.8025567081382765e-05,2735
4182,0.0022563636302948,0.9996615648269653,1.0,0.07373046875,1.7975712564938105e-05,2955
4183,0.003097578650340438,0.9992537498474121,1.0,0.091796875,1.792601125650023e-05,1340
4184,0.0031829627696424723,0.9983319640159607,1.0,0.0751953125,1.7876463182598643e-05,2398
4185,0.003872110042721033,0.999585747718811,1.0,0.0673828125,1.782706836968123e-05,2414
4186,0.0030698839109390974,0.9994977116584778,1.0,0.037109375,1.7777826844113894e-05,3982
4187,0.0027336236089468002,0.9988783001899719,1.0,0.0947265625,1.7728738632180884e-05,1783
4188,0.002834555460140109,0.9995631575584412,1.0,0.034423828125,1.7679803760084498e-05,4578
4189,0.002830156357958913,0.9996089339256287,1.0,0.06689453125,1.7631022253945283e-05,2557
4190,0.0028671047184616327,0.9994165897369385,1.0,0.052734375,1.758239413980177e-05,5142
4191,0.0026038819923996925,0.9993183612823486,1.0,0.054931640625,1.75339194436107e-05,2934
4192,0.0029818399343639612,0.999767005443573,1.0,0.03271484375,1.7485598191247075e-05,4292
4193,0.0022842655889689922,0.9996097087860107,1.0,0.039306640625,1.743743040850366e-05,5124
4194,0.003074829699471593,0.9994331002235413,1.0,0.052734375,1.7389416121091627e-05,1764
4195,0.002196935238316655,0.9994903206825256,1.0,0.05712890625,1.734155535463997e-05,1962
4196,0.0022772294469177723,1.0,1.0,0.06396484375,1.7293848134695953e-05,2042
4197,0.0017822703812271357,0.9997356534004211,1.0,0.046630859375,1.7246294486724642e-05,3783
4198,0.0023872829042375088,0.9996590614318848,1.0,0.07080078125,1.7198894436109335e-05,2933
4199,0.0023405393585562706,0.9993777275085449,1.0,0.0556640625,1.715164800815122e-05,3214
4200,0.002909912494942546,0.9995266199111938,1.0,0.032470703125,1.7104555228069495e-05,4225
4201,0.0025611547753214836,0.9993229508399963,1.0,0.041748046875,1.7057616121001517e-05,2954
4202,0.0027143426705151796,0.9992722272872925,1.0,0.0517578125,1.7010830712002277e-05,2748
4203,0.0018831815104931593,0.9988059997558594,1.0,0.07861328125,1.6964199026045067e-05,1675
4204,0.002347012981772423,0.9994350075721741,1.0,0.059326171875,1.6917721088020943e-05,1770
4205,0.0024280583020299673,0.9992882609367371,1.0,0.07177734375,1.687139692273892e-05,1405
4206,0.002530260244384408,0.9996323585510254,1.0,0.0498046875,1.6825226554925897e-05,2720
4207,0.002403637859970331,0.999312698841095,1.0,0.06884765625,1.6779210009226785e-05,2910
4208,0.0038995801005512476,0.9989827275276184,1.0,0.26953125,1.6733347310204302e-05,983
4209,0.0018802188569679856,0.9997227787971497,1.0,0.032470703125,1.668763848233904e-05,3607
4210,0.0019312344957143068,0.9992366433143616,1.0,0.042724609375,1.664208355002954e-05,5240
4211,0.0026722268667072058,0.9995970129966736,1.0,0.043701171875,1.6596682537592087e-05,4963
4212,0.003952112980186939,0.9992695450782776,1.0,0.0869140625,1.6551435469260967e-05,1369
4213,0.002231227234005928,0.9997200965881348,1.0,0.0308837890625,1.650634236918802e-05,3573
4214,0.00260797212831676,0.9993236660957336,1.0,0.057861328125,1.646140326144326e-05,2957
4215,0.002822103211656213,0.9992395639419556,1.0,0.07763671875,1.6416618170014106e-05,2630
4216,0.003136031562462449,0.9992932677268982,1.0,0.064453125,1.6371987118806128e-05,2830
4217,0.0019746990874409676,1.0,1.0,0.08251953125,1.6327510131642506e-05,1229
4218,0.002734963083639741,0.9998049139976501,1.0,0.0281982421875,1.6283187232264082e-05,5126
4219,0.002326192334294319,0.9996340870857239,1.0,0.0498046875,1.623901844432973e-05,2733
4220,0.0017679481534287333,0.9997135400772095,1.0,0.058837890625,1.6195003791415763e-05,3491
4221,0.002383830025792122,0.9993680715560913,1.0,0.05517578125,1.615114329701638e-05,3165
4222,0.003683950286358595,0.9989035129547119,1.0,0.0947265625,1.6107436984543487e-05,1824
4223,0.0021745909471064806,0.9996322393417358,1.0,0.05126953125,1.606388487732666e-05,2719
4224,0.002070880029350519,0.9997132420539856,1.0,0.051513671875,1.6020486998613137e-05,3487
4225,0.005110819358378649,0.9992319345474243,1.0,0.064453125,1.597724337156795e-05,1302
4226,0.000998751726001501,1.0,1.0,0.038818359375,1.5934154019273572e-05,1669
4227,0.0027305365074425936,0.9994161128997803,1.0,0.037109375,1.5891218964730368e-05,5138
4228,0.002937661949545145,0.9995342493057251,1.0,0.039794921875,1.5848438230856275e-05,4294
4229,0.0022726478055119514,0.9992274045944214,1.0,0.05224609375,1.5805811840486725e-05,3883
4230,0.001422495930455625,0.9993324279785156,1.0,0.0546875,1.5763339816374887e-05,1498
4231,0.002906935987994075,0.9989358186721802,1.0,0.08837890625,1.572102218119149e-05,2819
4232,0.002940904814749956,0.9988052845001221,1.0,0.10595703125,1.567885895752493e-05,837
4233,0.002114600967615843,0.9994351863861084,1.0,0.04638671875,1.5636850167881076e-05,3541
4234,0.002336092060431838,0.9992226958274841,1.0,0.057373046875,1.5594995834683422e-05,2573
4235,0.002281638327986002,0.9996340870857239,1.0,0.040771484375,1.5553295980272994e-05,2733
4236,0.0025838003493845463,0.9996517896652222,1.0,0.05224609375,1.5511750626908325e-05,2872
4237,0.0025073515716940165,0.9994794130325317,1.0,0.0693359375,1.547035979676561e-05,1921
4238,0.0037064494099467993,0.9985517859458923,1.0,0.087890625,1.542912351193837e-05,1381
4239,0.0029375506564974785,0.9990421533584595,1.0,0.04833984375,1.5388041794437834e-05,3132
4240,0.0027320359367877245,0.9995426535606384,1.0,0.04541015625,1.5347114666192527e-05,4373
4241,0.0013806808274239302,0.9995996952056885,1.0,0.042236328125,1.530634214904868e-05,2498
4242,0.0025897982995957136,0.9993079304695129,1.0,0.049560546875,1.526572426476974e-05,4335
4243,0.002129625529050827,0.9994826912879944,1.0,0.048095703125,1.522526103503684e-05,3866
4244,0.003047447418794036,0.9992800354957581,1.0,0.038818359375,1.5184952481448431e-05,2778
4245,0.003316034795716405,0.9984368681907654,1.0,0.07763671875,1.5144798625520471e-05,2559
4246,0.0021648912224918604,0.9993502497673035,1.0,0.05126953125,1.5104799488686247e-05,3078
4247,0.0012178695760667324,0.99941486120224,1.0,0.06640625,1.506495509229655e-05,1709
4248,0.0025450754910707474,0.9994861483573914,1.0,0.0771484375,1.5025265457619663e-05,1946
4249,0.0022208881564438343,0.9993554353713989,1.0,0.05615234375,1.498573060584094e-05,3103
4250,0.0027760863304138184,0.9996029138565063,1.0,0.031982421875,1.494635055806347e-05,5037
4251,0.0026668300852179527,0.9988623261451721,1.0,0.04833984375,1.4907125335307501e-05,2637
4252,0.002311199437826872,0.9995619654655457,1.0,0.037109375,1.486805495851069e-05,4566
4253,0.0028987296391278505,0.9994778037071228,1.0,0.04833984375,1.4829139448528083e-05,1915
4254,0.002361967461183667,0.9996622800827026,1.0,0.05322265625,1.4790378826131999e-05,2961
4255,0.00204129284247756,0.9995012283325195,1.0,0.056884765625,1.4751773112012155e-05,2005
4256,0.0018937730928882957,1.0,1.0,0.05859375,1.4713322326775467e-05,1386
4257,0.0025354688987135887,0.9993112683296204,1.0,0.056396484375,1.4675026490946217e-05,2904
4258,0.003077863249927759,0.9991655945777893,1.0,0.055908203125,1.4636885624966055e-05,2397
4259,0.002104092389345169,0.9996485114097595,1.0,0.07080078125,1.4598899749193793e-05,2845
4260,0.0018727367278188467,0.999729335308075,1.0,0.042236328125,1.4561068883905514e-05,3695
4261,0.0024822475388646126,0.9993206262588501,1.0,0.06640625,1.4523393049294663e-05,2944
4262,0.002003531437367201,0.9997527599334717,1.0,0.0517578125,1.4485872265471853e-05,4045
4263,0.0027671854477375746,0.9987815022468567,1.0,0.0732421875,1.4448506552464967e-05,2462
4264,0.0031872109975665808,0.9992325305938721,1.0,0.048828125,1.441129593021908e-05,2606
4265,0.0023284743074327707,0.9994500875473022,1.0,0.053955078125,1.4374240418596472e-05,3637
4266,0.0020683431066572666,0.9994842410087585,1.0,0.06298828125,1.4337340037376754e-05,3878
4267,0.0019361699232831597,0.9996652007102966,1.0,0.05810546875,1.4300594806256505e-05,2987
4268,0.003963158465921879,0.998266875743866,1.0,0.1171875,1.42640047448497e-05,1154
4269,0.0024981379974633455,0.9995039701461792,1.0,0.0625,1.4227569872687416e-05,2016
4270,0.0027585201896727085,0.9993146061897278,1.0,0.08837890625,1.4191290209217799e-05,1459
4271,0.0020617772825062275,0.9996081590652466,1.0,0.0419921875,1.4155165773806353e-05,5104
4272,0.0038833722937852144,0.9989321827888489,1.0,0.07275390625,1.4119196585735493e-05,1873
4273,0.0022980435751378536,0.9993780851364136,1.0,0.053466796875,1.4083382664204889e-05,3216
4274,0.00253246258944273,0.9997503161430359,1.0,0.04931640625,1.4047724028331419e-05,4005
4275,0.0025396388955414295,0.9992784857749939,1.0,0.06396484375,1.4012220697148857e-05,2772
4276,0.00382624682970345,0.9983752965927124,1.0,0.07763671875,1.3976872689608276e-05,2462
4277,0.0017837474588304758,0.9994013905525208,1.0,0.0546875,1.3941680024577717e-05,3341
4278,0.0032180226407945156,0.9991478323936462,1.0,0.06396484375,1.3906642720842253e-05,2347
4279,0.0011446800781413913,1.0,1.0,0.078125,1.3871760797104325e-05,744
4280,0.0033046891912817955,0.9989610314369202,1.0,0.07373046875,1.3837034271983038e-05,1925
4281,0.0021844252478331327,0.9996386170387268,1.0,0.07861328125,1.3802463164014899e-05,2767
4282,0.003103614319115877,0.9987937211990356,1.0,0.07421875,1.3768047491653145e-05,1658
4283,0.003257156116887927,0.999225378036499,1.0,0.059326171875,1.3733787273268248e-05,2582
4284,0.00302584795281291,0.9992444515228271,1.0,0.05908203125,1.3699682527147749e-05,2647
4285,0.0015013894299045205,1.0,1.0,0.05908203125,1.3665733271495915e-05,1873
4286,0.0021326623391360044,0.9993117451667786,1.0,0.04931640625,1.3631939524434387e-05,2906
4287,0.00245590484701097,0.9995955228805542,1.0,0.058349609375,1.3598301304001501e-05,4945
4288,0.0017619190039113164,0.9995357394218445,1.0,0.06103515625,1.3564818628152663e-05,2154
4289,0.0027824202552437782,0.9996381998062134,1.0,0.06201171875,1.3531491514760407e-05,2764
4290,0.002234701532870531,0.9993846416473389,1.0,0.0712890625,1.3498319981613936e-05,3250
4291,0.0026331415865570307,0.9990103840827942,1.0,0.0654296875,1.3465304046419722e-05,2021
4292,0.0015907188644632697,0.9994096755981445,1.0,0.047607421875,1.3432443726801001e-05,1694
4293,0.0029498704243451357,0.9994535446166992,1.0,0.04638671875,1.3399739040297875e-05,1830
4294,0.0019167133141309023,0.9994282722473145,1.0,0.05810546875,1.3367190004367579e-05,1749
4295,0.0019095581956207752,1.0,1.0,0.054443359375,1.3334796636384082e-05,2483
4296,0.0010992021998390555,1.0,1.0,0.027099609375,1.3302558953638387e-05,2273
4297,0.0022706591989845037,0.9993218183517456,1.0,0.060546875,1.3270476973338328e-05,2949
4298,0.0023049612063914537,0.999470591545105,1.0,0.0478515625,1.3238550712608675e-05,3778
4299,0.0023011695593595505,0.99909907579422,1.0,0.06494140625,1.3206780188490995e-05,2220
4300,0.0026478543877601624,0.9992088675498962,1.0,0.0859375,1.3175165417943823e-05,2528
4301,0.0031879248563200235,0.9993612170219421,1.0,0.048583984375,1.314370641784246e-05,3131
4302,0.0037750143092125654,0.9983416199684143,1.0,0.1708984375,1.3112403204979205e-05,1206
4303,0.003043393837288022,0.9994747638702393,1.0,0.0654296875,1.3081255796063027e-05,1904
4304,0.0016274495283141732,0.9995751976966858,1.0,0.047119140625,1.3050264207719829e-05,2354
4305,0.0027019004337489605,0.9995868802070618,1.0,0.038818359375,1.3019428456492275e-05,4841
4306,0.0019404941704124212,0.9997493028640747,1.0,0.0439453125,1.2988748558839934e-05,3989
4307,0.0019514361629262567,0.9995296597480774,1.0,0.0498046875,1.2958224531139206e-05,2126
4308,0.00267192255705595,0.9997851848602295,1.0,0.034912109375,1.2927856389683155e-05,4655
4309,0.0021274308674037457,0.9996091723442078,1.0,0.048095703125,1.2897644150681685e-05,5117
4310,0.001802347251214087,0.9994720220565796,1.0,0.068359375,1.286758783026156e-05,1894
4311,0.0024381817784160376,0.9992735385894775,1.0,0.06298828125,1.2837687444466216e-05,2753
4312,0.002576118567958474,0.999780535697937,1.0,0.037841796875,1.2807943009255916e-05,4557
4313,0.0034786174073815346,0.9980595111846924,1.0,0.1279296875,1.277835454050773e-05,1546
4314,0.002028634073212743,0.9993948340415955,1.0,0.041259765625,1.2748922054015253e-05,3305
4315,0.0025591731537133455,0.9991925954818726,1.0,0.0537109375,1.2719645565489156e-05,2477
4316,0.002354807686060667,0.9992684721946716,1.0,0.058837890625,1.2690525090556568e-05,2734
4317,0.002860550070181489,0.9988986849784851,1.0,0.07763671875,1.2661560644761393e-05,1816
4318,0.0022368598729372025,0.9994363188743591,1.0,0.08056640625,1.2632752243564393e-05,3548
4319,0.001985009992495179,0.9992069602012634,1.0,0.0498046875,1.2604099902342868e-05,3783
4320,0.004232069943100214,0.9996933341026306,1.0,0.0380859375,1.2575603636390851e-05,3261
4321,0.0017615598626434803,0.9995020031929016,1.0,0.07275390625,1.2547263460919177e-05,2008
4322,0.0026251596864312887,0.999594509601593,1.0,0.05810546875,1.2519079391055309e-05,2466
4323,0.0034151237923651934,0.9995119571685791,1.0,0.045654296875,1.2491051441843247e-05,2049
4324,0.0021438547410070896,0.9996086359024048,1.0,0.054931640625,1.2463179628243824e-05,5110
4325,0.0020154931116849184,0.9997417330741882,1.0,0.034912109375,1.2435463965134474e-05,3872
4326,0.0031452300027012825,0.9994799494743347,1.0,0.07275390625,1.2407904467309259e-05,1923
4327,0.002957258140668273,0.9995921850204468,1.0,0.0390625,1.2380501149478949e-05,2452
4328,0.0014482433907687664,1.0,1.0,0.0556640625,1.2353254026270876e-05,2433
4329,0.001893516513518989,0.9997258186340332,1.0,0.041748046875,1.232616311222907e-05,3647
4330,0.001246400410309434,1.0,1.0,0.041259765625,1.2299228421814e-05,2031
4331,0.002634330652654171,0.9994298815727234,1.0,0.055419921875,1.2272449969403098e-05,1754
4332,0.0026570684276521206,0.999736487865448,1.0,0.0595703125,1.2245827769289962e-05,3795
4333,0.0022201985120773315,0.999582827091217,1.0,0.035400390625,1.2219361835685159e-05,2397
4334,0.0028575288597494364,0.9995547533035278,1.0,0.06494140625,1.2193052182715624e-05,2246
4335,0.0022491752170026302,0.9988968372344971,1.0,0.08203125,1.2166898824424953e-05,1813
4336,0.002872807439416647,0.9992250800132751,1.0,0.060791015625,1.2140901774773348e-05,2581
4337,0.003561065997928381,0.9994333982467651,1.0,0.07421875,1.2115061047637475e-05,1765
4338,0.0023074322380125523,0.9992668628692627,1.0,0.052001953125,1.20893766568106e-05,2728
4339,0.002930508693680167,0.9996154308319092,1.0,0.04345703125,1.206384861600259e-05,5201
4340,0.0022650910541415215,0.9993183612823486,1.0,0.0537109375,1.2038476938839848e-05,2934
4341,0.0021681715734302998,0.9992730021476746,1.0,0.057861328125,1.20132616388652e-05,2751
4342,0.0026408210396766663,0.9992952942848206,1.0,0.10302734375,1.1988202729538189e-05,1419
4343,0.0031409573275595903,0.9995166659355164,1.0,0.037841796875,1.1963300224234672e-05,4138
4344,0.004055989906191826,0.9995189905166626,1.0,0.053955078125,1.1938554136247191e-05,2079
4345,0.0019451136467978358,0.9996092319488525,1.0,0.03515625,1.1913964478784677e-05,5118
4346,0.0027017376851290464,0.9989367127418518,1.0,0.05859375,1.1889531264972696e-05,1881
4347,0.0029672367963939905,0.9992771744728088,1.0,0.04345703125,1.1865254507853183e-05,2767
4348,0.002156529575586319,0.9994337558746338,1.0,0.061767578125,1.1841134220384541e-05,3532
4349,0.0018559842137619853,0.9994227290153503,1.0,0.03125,1.1817170415441768e-05,5197
4350,0.0026422443334013224,0.9993429780006409,1.0,0.0537109375,1.1793363105816267e-05,3044
4351,0.0020265013445168734,0.9994044303894043,1.0,0.08740234375,1.176971230421594e-05,1679
4352,0.0025009133387356997,0.9996516704559326,1.0,0.044921875,1.1746218023265119e-05,2871
4353,0.0032555812504142523,0.9988378882408142,1.0,0.07177734375,1.1722880275504576e-05,1721
4354,0.0030711961444467306,0.9988033771514893,1.0,0.072265625,1.169969907339161e-05,2507
4355,0.00252128136344254,0.9996408224105835,1.0,0.05078125,1.1676674429299759e-05,2784
4356,0.0026765463408082724,0.9991902709007263,1.0,0.0849609375,1.1653806355519325e-05,1235
4357,0.0018367607844993472,0.9994535446166992,1.0,0.042236328125,1.1631094864256674e-05,3660
4358,0.002206613542512059,0.9994201064109802,1.0,0.055419921875,1.1608539967634844e-05,3449
4359,0.003583447076380253,0.9993650913238525,1.0,0.10009765625,1.1586141677693173e-05,1575
4360,0.002935399767011404,0.9992218017578125,1.0,0.057861328125,1.1563900006387461e-05,2570
4361,0.0032697762362658978,0.9992498159408569,1.0,0.07080078125,1.1541814965589879e-05,1333
4362,0.002786005614325404,0.9993348717689514,1.0,0.060302734375,1.1519886567088964e-05,3007
4363,0.0032687063794583082,0.9996134042739868,1.0,0.0478515625,1.1498114822589722e-05,5173
4364,0.002213642932474613,0.999588668346405,1.0,0.041259765625,1.1476499743713418e-05,2431
4365,0.0017392969457432628,0.9995366334915161,1.0,0.0576171875,1.1455041341997828e-05,2158
4366,0.002191937295719981,0.9995967745780945,1.0,0.056396484375,1.1433739628896988e-05,2480
4367,0.0032090172171592712,0.9992539882659912,1.0,0.05615234375,1.1412594615781335e-05,2681
4368,0.003060717601329088,0.9987722635269165,1.0,0.08837890625,1.1391606313937706e-05,1629
4369,0.002956084441393614,0.9996482133865356,1.0,0.023193359375,1.1370774734569244e-05,5685
4370,0.00161213509272784,0.9995105266571045,1.0,0.05859375,1.135009988879545e-05,2043
4371,0.0025604432448744774,0.9995928406715393,1.0,0.07177734375,1.1329581787652098e-05,2456
4372,0.001356565160676837,0.9996101260185242,1.0,0.05908203125,1.1309220442091393e-05,2565
4373,0.002055242657661438,0.9994019269943237,1.0,0.06884765625,1.1289015862981843e-05,3344
4374,0.0028326634783297777,0.9996381998062134,1.0,0.035888671875,1.1268968061108253e-05,2764
4375,0.00280367280356586,0.9996395111083984,1.0,0.03515625,1.1249077047171728e-05,5548
4376,0.0023543096613138914,0.9992818832397461,1.0,0.07177734375,1.1229342831789711e-05,2785
4377,0.0017625477630645037,0.9997266530990601,1.0,0.042724609375,1.1209765425495976e-05,3658
4378,0.002548505086451769,0.9990436434745789,1.0,0.06787109375,1.1190344838740495e-05,3137
4379,0.0022260937839746475,0.999443531036377,1.0,0.052978515625,1.117108108188971e-05,3594
4380,0.003115206491202116,0.9985358715057373,1.0,0.0703125,1.1151974165226163e-05,2049
4381,0.0031547073740512133,0.9987478852272034,1.0,0.07666015625,1.1133024098948762e-05,2396
4382,0.0028501723427325487,0.9995728135108948,1.0,0.04150390625,1.111423089317265e-05,4682
4383,0.0024864075239747763,1.0,1.0,0.0546875,1.1095594557929399e-05,2434
4384,0.0021282683592289686,0.9994339346885681,1.0,0.035888671875,1.1077115103166589e-05,3533
4385,0.001780342310667038,0.9997502565383911,1.0,0.05224609375,1.1058792538748296e-05,4004
4386,0.00248496001586318,0.9996851682662964,1.0,0.041015625,1.1040626874454694e-05,3176
4387,0.0025714468210935593,0.9989705085754395,1.0,0.054443359375,1.1022618119982262e-05,2914
4388,0.002239181660115719,0.999206006526947,1.0,0.0771484375,1.1004766284943778e-05,2519
4389,0.0021487080957740545,0.999196469783783,1.0,0.07470703125,1.0987071378868084e-05,2489
4390,0.002951474394649267,0.9989230036735535,1.0,0.06396484375,1.096953341120056e-05,1857
4391,0.0026233200915157795,0.9992337226867676,1.0,0.06787109375,1.0952152391302449e-05,1305
4392,0.002684487961232662,0.9993453621864319,1.0,0.0556640625,1.093492832845153e-05,3055
4393,0.0012474533868953586,1.0,1.0,0.07080078125,1.0917861231841618e-05,1740
4394,0.0022308356128633022,0.9993148446083069,1.0,0.07275390625,1.0900951110582855e-05,2919
4395,0.003886473597958684,0.9987684488296509,1.0,0.0703125,1.0884197973701426e-05,1624
4396,0.002693832153454423,0.9996408224105835,1.0,0.0439453125,1.0867601830139971e-05,2784
4397,0.0022940710186958313,0.9992156624794006,1.0,0.057861328125,1.0851162688757075e-05,2550
4398,0.0029264555778354406,0.998921275138855,1.0,0.068359375,1.0834880558327653e-05,1854
4399,0.0018287800485268235,1.0,1.0,0.06298828125,1.0818755447542849e-05,1598
4400,0.0027606908697634935,0.9993094205856323,1.0,0.078125,1.0802787365009913e-05,2896
4401,0.002252050908282399,0.9993965029716492,1.0,0.060791015625,1.078697631925226e-05,1657
4402,0.0018833543872460723,0.9996209144592285,1.0,0.0439453125,1.0771322318709541e-05,5276
4403,0.002978299278765917,0.9997807741165161,1.0,0.0255126953125,1.075582537173757e-05,4562
4404,0.003126257797703147,0.9991666674613953,1.0,0.09326171875,1.074048548660833e-05,1200
4405,0.00329170236364007,0.9996023774147034,1.0,0.0419921875,1.0725302671509905e-05,2515
4406,0.0022002835758030415,0.9994410276412964,1.0,0.06298828125,1.0710276934546647e-05,1789
4407,0.002483538817614317,0.9995735883712769,1.0,0.0439453125,1.069540828373897e-05,4690
4408,0.003019057447090745,0.9995253682136536,1.0,0.048828125,1.068069672702343e-05,4214
4409,0.002008086070418358,0.9996135234832764,1.0,0.036376953125,1.0666142272252843e-05,5175
4410,0.003847748739644885,0.9982269406318665,1.0,0.08251953125,1.0651744927196093e-05,1692
4411,0.004482473246753216,0.9984025359153748,1.0,0.11865234375,1.0637504699538169e-05,1252
4412,0.002305254340171814,0.9997113943099976,1.0,0.058837890625,1.0623421596880221e-05,3465
4413,0.0023959027603268623,0.9993019104003906,1.0,0.060546875,1.0609495626739573e-05,2865
4414,0.0027670382987707853,0.9994293451309204,1.0,0.03857421875,1.0595726796549608e-05,5257
4415,0.0020872545428574085,0.9993724226951599,1.0,0.06298828125,1.0582115113659884e-05,3187
4416,0.002304394729435444,0.9993915557861328,1.0,0.06298828125,1.056866058533602e-05,3287
4417,0.0034533077850937843,0.9994837641716003,1.0,0.07421875,1.0555363218759838e-05,1937
4418,0.0024013477377593517,0.9993091821670532,1.0,0.046875,1.0542223021029162e-05,2895
4419,0.00279990048147738,0.999348521232605,1.0,0.044921875,1.0529239999158046e-05,3070
4420,0.0019122117664664984,0.9996073842048645,1.0,0.046875,1.0516414160076447e-05,5094
4421,0.004019405227154493,0.9993748068809509,1.0,0.051025390625,1.050374551063069e-05,3199
4422,0.0015118005685508251,1.0,1.0,0.05126953125,1.0491234057582965e-05,2173
4423,0.0019151408923789859,0.9994419813156128,1.0,0.064453125,1.0478879807611663e-05,3584
4424,0.001967525575309992,0.9991135001182556,1.0,0.07861328125,1.0466682767311241e-05,1128
4425,0.0022096685133874416,0.9994405508041382,1.0,0.05126953125,1.0454642943192293e-05,3575
4426,0.00238291104324162,0.9988123774528503,1.0,0.06884765625,1.044276034168141e-05,1684
4427,0.0017848180141299963,0.9994903206825256,1.0,0.06396484375,1.0431034969121254e-05,1962
4428,0.002105330815538764,0.99934983253479,1.0,0.050537109375,1.0419466831770651e-05,3076
4429,0.0018391766352578998,0.9994134902954102,1.0,0.0712890625,1.0408055935804427e-05,1705
4430,0.0027374133933335543,0.9995976090431213,1.0,0.0654296875,1.0396802287313476e-05,2485
4431,0.002370929578319192,0.999254584312439,1.0,0.052490234375,1.0385705892304863e-05,2683
4432,0.002274026395753026,0.9994184374809265,1.0,0.05712890625,1.0374766756701547e-05,3439
4433,0.0023709533270448446,0.9995095729827881,1.0,0.06005859375,1.0363984886342658e-05,4078
4434,0.0033005636651068926,0.9987431764602661,1.0,0.076171875,1.0353360286983325e-05,2387
4435,0.0035714046098291874,0.9993481040000916,1.0,0.09716796875,1.0342892964294813e-05,1534
4436,0.0023849443532526493,0.9991769790649414,1.0,0.055419921875,1.0332582923864286e-05,2430
4437,0.0021789318416267633,0.9992498159408569,1.0,0.0712890625,1.032243017119514e-05,2666
4438,0.003516745287925005,0.9989467859268188,1.0,0.0732421875,1.0312434711706641e-05,1899
4439,0.003791062394157052,0.9985975027084351,1.0,0.07763671875,1.0302596550734188e-05,2139
4440,0.002210416831076145,0.9997148513793945,1.0,0.03564453125,1.0292915693529214e-05,3507
4441,0.002631315728649497,0.9993268251419067,1.0,0.07373046875,1.0283392145259217e-05,2971
4442,0.0029269589576870203,0.998993456363678,1.0,0.0830078125,1.02740259110076e-05,1987
4443,0.0029893468599766493,0.9992542862892151,1.0,0.11181640625,1.0264816995773961e-05,1341
4444,0.0025222287513315678,0.9997541308403015,1.0,0.016845703125,1.0255765404473737e-05,4067
4445,0.0021646826062351465,0.9994544386863708,1.0,0.078125,1.0246871141938596e-05,1833
4446,0.0021585184149444103,0.9994857311248779,1.0,0.042724609375,1.023813421291607e-05,3889
4447,0.0019637253135442734,0.9996100664138794,1.0,0.0322265625,1.0229554622069735e-05,5129
4448,0.0019060324411839247,0.9995951652526855,1.0,0.02685546875,1.022113237397929e-05,4940
4449,0.0029861517250537872,0.9996342062950134,1.0,0.08740234375,1.0212867473140307e-05,2734
4450,0.00214891298674047,0.9997066855430603,1.0,0.04931640625,1.0204759923964456e-05,3409
4451,0.0028055456932634115,0.9990757703781128,1.0,0.05859375,1.0196809730779376e-05,2164
4452,0.004627880174666643,0.9981735348701477,1.0,0.099609375,1.018901689782874e-05,1095
4453,0.0026991190388798714,1.0,1.0,0.07763671875,1.0181381429272185e-05,1261
4454,0.003673921339213848,0.9994145035743713,1.0,0.07177734375,1.0173903329185417e-05,1708
4455,0.003679540939629078,0.9988317489624023,1.0,0.076171875,1.0166582601560047e-05,1712
4456,0.001658360823057592,0.9995771646499634,1.0,0.052734375,1.0159419250303813e-05,2365
4457,0.0026057283394038677,0.9996954798698425,1.0,0.0301513671875,1.015241327924029e-05,3284
4458,0.002254890277981758,0.9996801018714905,1.0,0.0439453125,1.0145564692109188e-05,3126
4459,0.0024848184548318386,0.9996598362922668,1.0,0.03759765625,1.0138873492566113e-05,2940
4460,0.0029083997942507267,0.9995531439781189,1.0,0.0458984375,1.0132339684182745e-05,4476
4461,0.002639751648530364,0.9991496801376343,1.0,0.050048828125,1.0125963270446657e-05,2352
4462,0.0011692611733451486,0.9995419383049011,1.0,0.059814453125,1.0119744254761498e-05,2183
4463,0.003131388919427991,0.9992856979370117,1.0,0.080078125,1.0113682640446773e-05,1400
4464,0.0020217879209667444,0.9992818832397461,1.0,0.0634765625,1.0107778430738166e-05,2785
4465,0.0027608098462224007,0.9993183612823486,1.0,0.062255859375,1.0102031628787155e-05,2934
4466,0.002745559439063072,0.9994415044784546,1.0,0.061279296875,1.0096442237661284e-05,3581
4467,0.0026154101360589266,0.9996272921562195,1.0,0.0595703125,1.0091010260344102e-05,2683
4468,0.002788765821605921,0.9992724657058716,1.0,0.05517578125,1.0085735699735054e-05,2749
4469,0.0023585723247379065,0.9996052384376526,1.0,0.0517578125,1.0080618558649656e-05,2533
4470,0.003004782134667039,0.9995450377464294,1.0,0.0537109375,1.007565883981919e-05,2198
4471,0.002632347634062171,0.9992503523826599,1.0,0.059814453125,1.0070856545891237e-05,2668
4472,0.0033118408173322678,0.9988405704498291,1.0,0.10009765625,1.0066211679429048e-05,1725
4473,0.0020953246857970953,0.9997444152832031,1.0,0.05517578125,1.0061724242912039e-05,3913
4474,0.0033210364636033773,0.9993710517883301,1.0,0.07763671875,1.0057394238735462e-05,1590
4475,0.004199346527457237,0.9995450377464294,1.0,0.041015625,1.0053221669210631e-05,2198
4476,0.003027255181223154,0.9995436072349548,1.0,0.06494140625,1.0049206536564735e-05,2191
4477,0.0023997467942535877,0.9996812343597412,1.0,0.04638671875,1.0045348842941026e-05,3137
4478,0.0024844782892614603,0.9996358156204224,1.0,0.0537109375,1.004164859039862e-05,2746
4479,0.0032667750492691994,0.999544620513916,1.0,0.07177734375,1.0038105780912674e-05,2196
4480,0.001582385622896254,0.9995511770248413,1.0,0.1513671875,1.0034720416374275e-05,2228
4481,0.002580700209364295,0.9993846416473389,1.0,0.03759765625,1.0031492498590444e-05,3250
4482,0.002194139873608947,0.9996384382247925,1.0,0.047607421875,1.0028422029284134e-05,2766
4483,0.0017348515102639794,0.9995022416114807,1.0,0.03955078125,1.0025509010094402e-05,4018
4484,0.0015013583470135927,1.0,1.0,0.050537109375,1.0022753442576104e-05,1828
4485,0.0036800222005695105,0.998132586479187,1.0,0.12353515625,1.002015532820013e-05,1071
4486,0.004021439701318741,0.9982832670211792,1.0,0.083984375,1.0017714668353272e-05,2330
4487,0.0031527122482657433,0.9995594620704651,1.0,0.052001953125,1.0015431464338319e-05,2270
4488,0.00327171478420496,0.9995707869529724,1.0,0.09033203125,1.0013305717374031e-05,2330
4489,0.003043348900973797,0.9987844228744507,1.0,0.07421875,1.0011337428595068e-05,2468
4490,0.002541824709624052,0.9996485114097595,1.0,0.042724609375,1.0009526599052054e-05,2845
4491,0.0037107099778950214,0.9990909099578857,1.0,0.0703125,1.0007873229711582e-05,1100
4492,0.0023397530894726515,0.9993932247161865,1.0,0.07080078125,1.0006377321456215e-05,1648
4493,0.0022221961989998817,0.9993268251419067,1.0,0.049560546875,1.0005038875084382e-05,2971
4494,0.0027484027668833733,0.9995054602622986,1.0,0.07177734375,1.000385789131054e-05,2022
4495,0.0021404356230050325,0.999659538269043,1.0,0.05126953125,1.0002834370765123e-05,2937
4496,0.002254775958135724,0.9997305870056152,1.0,0.052734375,1.0001968313994423e-05,3712
4497,0.0024300930090248585,0.9992877244949341,1.0,0.056396484375,1.0001259721460741e-05,2808
4498,0.002826861571520567,0.9992446899414062,1.0,0.05322265625,1.0000708593542306e-05,2648
4499,0.0032376807648688555,0.9991829991340637,1.0,0.09423828125,1.0000314930533282e-05,1224
4500,0.00235760398209095,0.9997031688690186,1.0,0.0294189453125,1.0000078732643835e-05,3369
