step,loss,acc,eos_acc,gnorm,lr,n_tok
1,7.361435890197754,0.0009950249223038554,0.0,512.0,5.999999999999999e-06,2010
2,6.91136360168457,0.045734841376543045,0.0,488.0,1.194e-05,1946
3,6.304339408874512,0.17664821445941925,0.0,424.0,1.7879999999999998e-05,1987
4,5.820502281188965,0.15505804121494293,0.0,304.0,2.382e-05,1206
5,5.149366855621338,0.1794871836900711,0.0,196.0,2.9759999999999996e-05,1404
6,4.87794303894043,0.19283971190452576,0.0,157.0,3.57e-05,1229
7,5.137072563171387,0.1516014188528061,0.0,122.5,4.163999999999999e-05,1405
8,4.934006214141846,0.17848700284957886,0.0,98.5,4.7579999999999995e-05,1692
9,4.532740592956543,0.22995951771736145,0.0,86.5,5.351999999999999e-05,1235
10,5.06171989440918,0.1582181304693222,0.0,83.0,5.945999999999999e-05,1302
11,4.415709972381592,0.21748633682727814,0.0,52.5,6.539999999999999e-05,1830
12,4.606800079345703,0.20221169292926788,0.0,55.0,7.133999999999999e-05,1266
13,4.849708557128906,0.18580375611782074,0.0,94.5,7.727999999999999e-05,479
14,4.388071060180664,0.19429025053977966,0.0,53.75,8.321999999999999e-05,1261
15,3.9751036167144775,0.2571219801902771,0.25,37.0,8.916e-05,1369
16,4.005959987640381,0.25166890025138855,0.0,39.25,9.51e-05,1498
17,4.196625232696533,0.20134228467941284,0.0,42.25,0.00010103999999999998,1341
18,4.684525966644287,0.17464953660964966,0.0,34.5,0.00010697999999999998,1712
19,4.559257507324219,0.19705340266227722,0.0,29.375,0.00011292,1629
20,3.9088780879974365,0.2589552104473114,0.0,26.0,0.00011885999999999998,1340
21,4.026310443878174,0.2344827651977539,0.25,27.5,0.0001248,1305
22,3.764946699142456,0.2681961953639984,0.0,33.25,0.00013073999999999998,1264
23,4.288851737976074,0.2184133231639862,0.0,23.125,0.00013668,2042
24,3.9327914714813232,0.2698412835597992,0.0,18.25,0.00014261999999999999,1575
25,3.4399139881134033,0.3191489279270172,0.0,21.375,0.00014855999999999997,1410
26,3.9008145332336426,0.25833332538604736,0.0,25.875,0.0001545,1200
27,4.348667144775391,0.16830065846443176,0.0,36.75,0.00016043999999999997,1224
28,3.801257610321045,0.28334957361221313,0.0,22.0,0.00016638,2054
29,3.8638932704925537,0.2451612949371338,0.0,19.125,0.00017232,1705
30,3.5807502269744873,0.2715053856372833,0.0,25.125,0.00017826,744
31,3.5735201835632324,0.2814045548439026,0.25,18.25,0.00018419999999999998,2022
32,3.6155076026916504,0.2710413634777069,0.0,17.875,0.00019014,2103
33,3.2502903938293457,0.30625584721565247,0.0,24.0,0.00019607999999999998,1071
34,3.6674818992614746,0.23030757904052734,0.0,22.625,0.00020202,1333
35,3.2114102840423584,0.2832981050014496,0.25,18.375,0.00020795999999999995,1419
36,3.531215190887451,0.24636363983154297,0.25,18.0,0.00021389999999999997,1100
37,3.2664778232574463,0.2944087088108063,0.0,22.75,0.00021983999999999998,2021
38,3.343867540359497,0.280303031206131,0.25,14.5,0.00022578,1188
39,3.2924141883850098,0.2891373932361603,0.0,12.5625,0.00023171999999999998,1252
40,3.047358989715576,0.31392931938171387,0.0,13.875,0.00023765999999999997,1443
41,2.9533703327178955,0.33995887637138367,0.0,12.0,0.00024359999999999999,1459
42,2.8710875511169434,0.37280702590942383,0.5,10.3125,0.00024953999999999997,1824
43,3.1812191009521484,0.2750977873802185,0.0,15.3125,0.00025548,1534
44,2.621211528778076,0.41223403811454773,0.25,13.125,0.00026142,1128
45,3.0098161697387695,0.31854838132858276,0.0,14.375,0.00026736,1488
46,2.6819286346435547,0.39701491594314575,0.5,12.5,0.0002733,2010
47,3.0597047805786133,0.2878667712211609,0.25,15.0,0.00027924,1261
48,2.8384037017822266,0.35805991291999817,0.25,11.5,0.00028517999999999995,2103
49,2.693883180618286,0.39362794160842896,0.25,9.9375,0.00029111999999999996,1946
50,2.6862287521362305,0.3409387171268463,0.0,12.3125,0.00029706,1534
51,2.3578336238861084,0.4862879514694214,0.75,8.9375,0.000303,2042
52,2.4731838703155518,0.43344879150390625,0.5,9.25,0.00030894,2021
53,2.5318195819854736,0.41764017939567566,0.0,8.9375,0.0003148799999999999,1712
54,2.0777347087860107,0.5231671333312988,0.5,11.625,0.0003208199999999999,1705
55,2.530888080596924,0.38999998569488525,0.0,12.0625,0.00032675999999999994,1200
56,2.4009625911712646,0.4215686321258545,0.25,12.0625,0.00033269999999999996,1224
57,2.484158515930176,0.4034302830696106,0.25,10.625,0.00033863999999999997,1341
58,2.5604822635650635,0.38718292117118835,0.75,15.4375,0.00034458,1498
59,2.050292730331421,0.5256830453872681,0.75,9.0625,0.00035052,1830
60,2.3128275871276855,0.43317973613739014,0.5,11.9375,0.00035645999999999996,1302
61,1.9558948278427124,0.5390702486038208,0.5,9.8125,0.00036239999999999997,2022
62,1.9243443012237549,0.5318711400032043,0.75,10.25,0.00036834,1459
63,2.178053855895996,0.46975088119506836,0.5,10.125,0.00037428,1405
64,2.059218406677246,0.4992537200450897,0.75,9.375,0.0003802199999999999,1340
65,1.745804786682129,0.5901898741722107,0.25,8.375,0.0003861599999999999,1264
66,1.8584904670715332,0.5398475527763367,0.75,9.3125,0.00039209999999999994,1443
67,1.9855691194534302,0.4913112223148346,0.75,10.1875,0.00039803999999999995,1266
68,1.9147870540618896,0.5386973023414612,0.75,8.625,0.00040397999999999996,1305
69,2.275484085083008,0.40709617733955383,0.5,15.0,0.0004099199999999999,1071
70,1.8381882905960083,0.591093122959137,0.5,8.25,0.00041586,1235
71,2.2536144256591797,0.42571884393692017,0.25,11.75,0.00042179999999999995,1252
72,1.9412633180618286,0.5414593815803528,0.0,7.9375,0.00042774,1206
73,1.7143350839614868,0.5815602540969849,0.75,7.90625,0.00043368,1128
74,1.7854753732681274,0.5449561476707458,0.25,10.5625,0.00043962,1824
75,1.900922179222107,0.5267770290374756,0.75,9.125,0.00044556,2054
76,1.7788221836090088,0.5198799967765808,0.25,9.375,0.00045149999999999997,1333
77,1.3443127870559692,0.6742424368858337,0.75,7.9375,0.00045743999999999993,1188
78,1.2127989530563354,0.7195032835006714,1.0,7.25,0.00046338,1369
79,1.969153642654419,0.4677419364452362,0.5,10.25,0.00046931999999999996,1488
80,1.962433934211731,0.4615384638309479,1.0,10.0,0.0004752599999999999,1404
81,2.165720224380493,0.46346554160118103,0.25,13.375,0.0004812,479
82,1.6874417066574097,0.5612698197364807,0.75,7.8125,0.00048713999999999995,1575
83,1.630359411239624,0.5690608024597168,1.0,6.40625,0.0004930799999999999,1629
84,1.093348503112793,0.7436363697052002,1.0,6.90625,0.00049902,1100
85,1.0395963191986084,0.7510170936584473,1.0,7.25,0.0005049599999999999,1229
86,1.7471097707748413,0.5255318880081177,1.0,10.375,0.0005109,1410
87,1.7120280265808105,0.5189125537872314,0.75,7.4375,0.00051684,1692
88,1.6421252489089966,0.5461592674255371,1.0,9.0625,0.0005227799999999999,1419
89,1.3405622243881226,0.6370967626571655,0.5,9.3125,0.00052872,744
90,1.7725720405578613,0.5178661346435547,0.5,8.875,0.00053466,1987
91,1.115208387374878,0.711690366268158,0.5,7.0625,0.0005405999999999999,1266
92,1.0456997156143188,0.7230769395828247,0.75,6.5,0.00054654,1235
93,1.0538227558135986,0.7091666460037231,1.0,6.78125,0.0005524799999999999,1200
94,1.3410565853118896,0.64446622133255,1.0,6.0,0.0005584199999999999,2042
95,1.2430760860443115,0.6463330984115601,1.0,6.78125,0.00056436,1459
96,0.7742851972579956,0.8175787925720215,1.0,5.40625,0.0005702999999999999,1206
97,1.2832109928131104,0.6602919101715088,0.75,6.28125,0.0005762399999999999,1987
98,0.9018067717552185,0.7891440391540527,0.5,8.75,0.00058218,479
99,1.207209587097168,0.6739237904548645,1.0,8.0,0.0005881199999999999,2021
100,1.8575966358184814,0.4910130798816681,0.5,8.75,0.00059406,1224
101,1.1698814630508423,0.6687808036804199,0.5,5.8125,0.0006,1419
102,0.5724576115608215,0.875,1.0,6.5,0.0005999999042888513,744
103,1.1011360883712769,0.6990049481391907,0.75,5.90625,0.0005999996171554676,2010
104,1.0974093675613403,0.6969936490058899,0.75,7.0625,0.000599999138600035,1264
105,1.076992154121399,0.7089611291885376,0.75,5.59375,0.0005999984686228642,1261
106,0.9354346990585327,0.757171094417572,0.75,5.0,0.0005999976072243898,2022
107,0.8484861850738525,0.7850877046585083,1.0,5.40625,0.0005999965544051709,1824
108,0.9222111105918884,0.73758864402771,1.0,6.21875,0.0005999953101658905,1128
109,0.6290991902351379,0.8434004187583923,1.0,5.84375,0.000599993874507356,1341
110,1.2066117525100708,0.634178876876831,0.75,8.125,0.0005999922474304992,1498
111,0.8572888374328613,0.7494252920150757,1.0,6.46875,0.0005999904289363757,1305
112,0.7100632786750793,0.8233618140220642,1.0,4.40625,0.0005999884190261654,1404
113,0.8661195635795593,0.7589552402496338,0.5,5.78125,0.0005999862177011728,1340
114,0.8780225515365601,0.7533602118492126,1.0,5.3125,0.000599983824962826,1488
115,0.6357642412185669,0.8290722966194153,1.0,4.3125,0.0005999812408126778,1369
116,0.566790759563446,0.8673718571662903,1.0,3.765625,0.0005999784652524051,1229
117,0.5143455862998962,0.8860877752304077,1.0,4.6875,0.0005999754982838087,1071
118,0.6773165464401245,0.8341121673583984,1.0,4.875,0.000599972339908814,1712
119,1.221291184425354,0.6241560578346252,0.25,6.40625,0.0005999689901294706,1333
120,0.6815291047096252,0.8129032254219055,1.0,4.75,0.0005999654489479518,1705
121,0.7657097578048706,0.7845454812049866,1.0,4.96875,0.0005999617163665555,1100
122,0.7934357523918152,0.7833495736122131,1.0,4.71875,0.0005999577923877038,2054
123,0.6714632511138916,0.8070921897888184,1.0,4.46875,0.0005999536770139429,1410
124,0.40974199771881104,0.9175084233283997,1.0,3.3125,0.0005999493702479434,1188
125,0.40357834100723267,0.9134438037872314,1.0,3.875,0.0005999448720924997,1629
126,0.7558860778808594,0.7801418304443359,1.0,4.5625,0.0005999401825505307,1692
127,0.5937920212745667,0.8495237827301025,0.5,4.15625,0.0005999353016250794,1575
128,0.6581169366836548,0.8311475515365601,0.75,4.375,0.0005999302293193128,1830
129,0.951865553855896,0.7209908962249756,0.5,5.40625,0.0005999249656365225,1534
130,0.4810296595096588,0.8825622797012329,1.0,3.671875,0.0005999195105801239,1405
131,0.31492137908935547,0.9345048069953918,1.0,3.5,0.0005999138641536568,1252
132,0.4922345280647278,0.8613998889923096,1.0,3.984375,0.0005999080263607852,1443
133,0.6446197032928467,0.8216832876205444,1.0,4.96875,0.0005999019972052969,2103
134,0.432419091463089,0.9016897082328796,1.0,4.375,0.0005998957766911045,1302
135,0.45823827385902405,0.8828365802764893,1.0,3.421875,0.0005998893648222441,1946
136,0.37746307253837585,0.9158333539962769,1.0,4.5,0.0005998827616028763,1200
137,0.42624717950820923,0.8969072103500366,0.75,3.6875,0.0005998759670372862,1261
138,0.4573727250099182,0.8915423154830933,0.75,3.609375,0.0005998689811298825,2010
139,0.27173516154289246,0.9558718800544739,1.0,2.78125,0.0005998618038851982,1405
140,0.36917126178741455,0.9143987894058228,1.0,3.015625,0.0005998544353078907,2021
141,0.1999826729297638,0.9707091450691223,1.0,1.9609375,0.0005998468754027413,1946
142,0.2019326239824295,0.9656716585159302,1.0,2.59375,0.0005998391241746556,1340
143,0.3598523736000061,0.927981972694397,1.0,3.921875,0.0005998311816286632,1333
144,0.3811499774456024,0.8999269604682922,1.0,4.40625,0.000599823047769918,1369
145,0.27807384729385376,0.9351266026496887,1.0,4.03125,0.0005998147226036979,1264
146,0.23803775012493134,0.9627530574798584,1.0,2.59375,0.0005998062061354051,1235
147,0.4040868282318115,0.8986152410507202,1.0,3.65625,0.0005997974983705658,2022
148,0.3736148774623871,0.9009126424789429,0.75,3.71875,0.0005997885993148304,1534
149,0.2936055064201355,0.9278688430786133,1.0,3.59375,0.0005997795089739734,1830
150,0.20132699608802795,0.9641985297203064,1.0,2.859375,0.0005997702273538932,1229
151,0.2502844035625458,0.9444444179534912,0.75,2.96875,0.000599760754460613,1188
152,0.29113179445266724,0.9334677457809448,1.0,3.734375,0.0005997510903002792,1488
153,0.10189973562955856,0.9904153347015381,1.0,1.5546875,0.0005997412348791632,1252
154,0.08071377873420715,0.9900497794151306,1.0,1.578125,0.0005997311882036596,1206
155,0.3102180063724518,0.9201558232307434,1.0,3.78125,0.0005997209502802879,2054
156,0.41740795969963074,0.8848526477813721,0.75,4.28125,0.0005997105211156914,1459
157,0.242366760969162,0.944136917591095,0.75,3.375,0.0005996999007166374,1987
158,0.24072147905826569,0.9385848045349121,1.0,3.140625,0.0005996890890900172,1498
159,0.20227006077766418,0.9490908980369568,0.75,3.71875,0.0005996780862428466,1100
160,0.36270418763160706,0.9056956171989441,1.0,5.0625,0.000599666892182265,1071
161,0.5325226783752441,0.858660101890564,0.75,5.0,0.0005996555069155363,1224
162,0.22366781532764435,0.9417624473571777,1.0,3.890625,0.0005996439304500481,1305
163,0.2304409295320511,0.9428571462631226,1.0,2.96875,0.0005996321627933125,1575
164,0.17107021808624268,0.9666993021965027,1.0,1.953125,0.000599620203952965,2042
165,0.15589554607868195,0.9688149690628052,1.0,2.5,0.0005996080539367659,1443
166,0.18145111203193665,0.9602836966514587,1.0,2.625,0.0005995957127525992,1410
167,0.3685835897922516,0.9005376100540161,1.0,5.125,0.0005995831804084729,744
168,0.1985839307308197,0.9566885828971863,0.5,2.875,0.0005995704569125189,1824
169,0.22031764686107635,0.9377880096435547,1.0,2.984375,0.0005995575422729937,1302
170,0.11507679522037506,0.9818181991577148,1.0,1.8671875,0.0005995444364982771,1705
171,0.23604483902454376,0.9415081143379211,1.0,3.0,0.0005995311395968736,1419
172,0.2538602352142334,0.9427570104598999,1.0,2.859375,0.0005995176515774112,1712
173,0.14227907359600067,0.9761372208595276,1.0,1.8203125,0.0005995039724486423,1341
174,0.19668951630592346,0.9572039842605591,1.0,2.09375,0.0005994901022194431,2103
175,0.12247776985168457,0.9729344844818115,1.0,1.890625,0.0005994760408988138,1404
176,0.1808001548051834,0.9521276354789734,1.0,3.125,0.0005994617884958786,1128
177,0.15407449007034302,0.975445032119751,1.0,2.21875,0.0005994473450198857,1629
178,0.38971713185310364,0.9081419706344604,0.75,5.40625,0.0005994327104802074,479
179,0.17642652988433838,0.9581358432769775,1.0,2.765625,0.0005994178848863401,1266
180,0.21013595163822174,0.9456264972686768,1.0,2.75,0.0005994028682479034,1692
181,0.10503484308719635,0.9887706637382507,1.0,1.2578125,0.000599387660574642,1692
182,0.1489822417497635,0.9640287756919861,1.0,2.1875,0.0005993722618764238,1946
183,0.13511578738689423,0.9707278609275818,1.0,2.375,0.0005993566721632408,1264
184,0.12126721441745758,0.9717618227005005,1.0,1.96875,0.000599340891445209,1629
185,0.09057506918907166,0.9814814925193787,1.0,2.15625,0.0005993249197325682,1188
186,0.07231030613183975,0.9867021441459656,1.0,1.484375,0.0005993087570356826,1128
187,0.17843592166900635,0.9514925479888916,1.0,2.796875,0.0005992924033650398,1340
188,0.1034916490316391,0.9795560836791992,1.0,1.828125,0.0005992758587312515,1712
189,0.1308489441871643,0.9668246507644653,1.0,2.609375,0.0005992591231450534,1266
190,0.17403848469257355,0.9533146619796753,0.75,2.953125,0.0005992421966173051,1071
191,0.11110445111989975,0.977150559425354,1.0,2.09375,0.0005992250791589898,744
192,0.21606327593326569,0.9431739449501038,1.0,3.21875,0.000599207770781215,1443
193,0.21288560330867767,0.9441723823547363,1.0,3.1875,0.000599190271495212,2042
194,0.11968251317739487,0.9730372428894043,1.0,2.09375,0.0005991725813123359,1261
195,0.2085999995470047,0.9451754093170166,1.0,3.0,0.0005991547002440654,1824
196,0.1879045069217682,0.9555555582046509,1.0,2.71875,0.0005991366283020035,1305
197,0.18059635162353516,0.9552736878395081,1.0,2.609375,0.0005991183654978769,1498
198,0.17478370666503906,0.9536741375923157,1.0,2.828125,0.0005990999118435362,1252
199,0.1464625895023346,0.9668325185775757,1.0,2.140625,0.0005990812673509557,1206
200,0.1786561906337738,0.9558333158493042,1.0,3.0625,0.0005990624320322335,1200
201,0.3240613341331482,0.9101284146308899,1.0,3.71875,0.0005990434058995919,2103
202,0.12952472269535065,0.9726368188858032,1.0,2.046875,0.0005990241889653765,2010
203,0.09363977611064911,0.9836363792419434,1.0,1.859375,0.000599004781242057,1100
204,0.26461637020111084,0.9317329525947571,0.75,2.890625,0.0005989851827422271,1333
205,0.16245825588703156,0.9558718800544739,1.0,2.484375,0.0005989653934786037,1405
206,0.14365391433238983,0.9615384340286255,0.75,2.890625,0.000598945413464028,1404
207,0.08379253000020981,0.9865771532058716,1.0,1.3828125,0.000598925242711465,1341
208,0.12302181124687195,0.970707893371582,1.0,2.21875,0.0005989048812340029,1229
209,0.17974385619163513,0.9540059566497803,1.0,2.671875,0.0005988843290448543,2022
210,0.12180978059768677,0.9636737704277039,1.0,2.078125,0.0005988635861573553,1459
211,0.09042203426361084,0.9859083890914917,1.0,1.1171875,0.0005988426525849657,1987
212,0.5004267692565918,0.8619281053543091,1.0,4.78125,0.000598821528341269,1224
213,0.10469382256269455,0.9737098217010498,1.0,1.734375,0.0005988002134399725,2054
214,0.1264139860868454,0.9745762944221497,1.0,1.7109375,0.0005987787078949073,1534
215,0.1243390217423439,0.9710382223129272,1.0,1.8671875,0.000598757011720028,1830
216,0.07863329350948334,0.9809523820877075,1.0,1.59375,0.0005987351249294131,1575
217,0.08001634478569031,0.9854070544242859,1.0,1.4296875,0.0005987130475372647,1302
218,0.12069232761859894,0.9704301357269287,1.0,2.21875,0.0005986907795579085,1488
219,0.14443477988243103,0.9578947424888611,1.0,2.6875,0.0005986683210057941,1235
220,0.09550376236438751,0.976039469242096,1.0,1.9453125,0.0005986456718954944,1419
221,0.07143731415271759,0.9858155846595764,1.0,1.359375,0.0005986228322417063,1410
222,0.2558479309082031,0.9227557182312012,1.0,5.3125,0.0005985998020592502,479
223,0.07965635508298874,0.9817385077476501,1.0,1.90625,0.0005985765813630701,1369
224,0.12951064109802246,0.9665688872337341,1.0,2.046875,0.0005985531701682336,1705
225,0.11756826937198639,0.9678376913070679,1.0,2.0625,0.0005985295684899321,2021
226,0.03686792403459549,0.9933664798736572,1.0,0.98828125,0.0005985057763434803,1206
227,0.07805519551038742,0.9850606918334961,1.0,2.296875,0.0005984817937443169,1071
228,0.04056567698717117,0.9958875775337219,1.0,0.96875,0.0005984576207080039,1459
229,0.09947707504034042,0.9751772880554199,1.0,2.15625,0.0005984332572502268,1128
230,0.112102210521698,0.9678536057472229,1.0,2.03125,0.0005984087033867947,2022
231,0.07486869394779205,0.9816784858703613,1.0,1.7578125,0.0005983839591336405,1692
232,0.24464067816734314,0.9346405267715454,1.0,3.15625,0.0005983590245068205,1224
233,0.06893472373485565,0.9833333492279053,1.0,1.78125,0.0005983338995225145,1200
234,0.06868705153465271,0.9865319728851318,1.0,1.7109375,0.0005983085841970257,1188
235,0.05593882501125336,0.987525999546051,0.75,1.46875,0.0005982830785467811,1443
236,0.04586854577064514,0.9919028282165527,1.0,1.125,0.0005982573825883309,1235
237,0.12845377624034882,0.9659810066223145,1.0,2.15625,0.0005982314963383489,1264
238,0.08299846947193146,0.9806408286094666,1.0,1.8671875,0.0005982054198136326,1498
239,0.03400691598653793,0.9905040264129639,1.0,1.140625,0.0005981791530311028,1369
240,0.0609966441988945,0.9848242998123169,1.0,1.578125,0.0005981526960078034,1252
241,0.10943648964166641,0.9700130224227905,1.0,2.078125,0.0005981260487609023,1534
242,0.14395225048065186,0.9672897458076477,1.0,2.125,0.0005980992113076906,1712
243,0.09597966074943542,0.9758006930351257,1.0,1.859375,0.0005980721836655828,1405
244,0.10314590483903885,0.9744623899459839,1.0,2.453125,0.0005980449658521169,744
245,0.16312956809997559,0.9568253755569458,0.75,2.421875,0.0005980175578849541,1575
246,0.06622704863548279,0.9907407164573669,1.0,1.15625,0.0005979899597818793,1404
247,0.06898742914199829,0.9871086478233337,0.75,1.453125,0.0005979621715608006,1629
248,0.06046346202492714,0.9879432916641235,1.0,1.3125,0.0005979341932397494,1410
249,0.09339243918657303,0.9790775179862976,1.0,1.5390625,0.0005979060248368805,2103
250,0.13706757128238678,0.9601989984512329,1.0,1.9609375,0.0005978776663704722,2010
251,0.05216248333454132,0.9912641048431396,1.0,1.0859375,0.0005978491178589258,1946
252,0.1592266857624054,0.9654913544654846,0.75,2.3125,0.0005978203793207663,1333
253,0.04451408609747887,0.9917234778404236,1.0,1.125,0.0005977914507746418,2054
254,0.04348120093345642,0.9912280440330505,1.0,0.98828125,0.0005977623322393238,1824
255,0.049610115587711334,0.9905914068222046,1.0,1.2109375,0.0005977330237337067,1488
256,0.061466705054044724,0.9831766486167908,1.0,1.1953125,0.0005977035252768086,2021
257,0.10798332095146179,0.971818208694458,1.0,1.8828125,0.0005976738368877708,1100
258,0.08621982485055923,0.9764035940170288,1.0,1.859375,0.000597643958585858,1229
259,0.04515725001692772,0.9917888641357422,1.0,0.8359375,0.0005976138903904574,1705
260,0.054437290877103806,0.9888059496879578,1.0,1.328125,0.0005975836323210803,1340
261,0.06814435869455338,0.984329104423523,1.0,1.3046875,0.0005975531843973608,2042
262,0.07489439100027084,0.9843400716781616,1.0,1.453125,0.000597522546639056,1341
263,0.02132251299917698,0.9992952942848206,1.0,0.42578125,0.0005974917190660466,1419
264,0.0906146764755249,0.9777777791023254,1.0,2.0,0.0005974607016983362,1305
265,0.09838560223579407,0.9788625836372375,1.0,1.5625,0.0005974294945560517,1987
266,0.17273610830307007,0.9540709853172302,1.0,3.203125,0.0005973980976594431,479
267,0.09648337960243225,0.9784946441650391,1.0,1.890625,0.0005973665110288834,1302
268,0.04638335481286049,0.9913111925125122,1.0,0.89453125,0.0005973347346848689,1266
269,0.07940823584794998,0.9792349934577942,1.0,1.6015625,0.0005973027686480189,1830
270,0.11163628101348877,0.9730372428894043,0.75,2.203125,0.0005972706129390758,1261
271,0.05060851573944092,0.9872673749923706,0.75,1.1796875,0.000597238267578905,2042
272,0.04394939914345741,0.9903057217597961,1.0,1.109375,0.0005972057325884954,1341
273,0.08205414563417435,0.9766963720321655,0.75,1.7734375,0.0005971730079889581,1459
274,0.06462222337722778,0.985981285572052,1.0,1.640625,0.0005971400938015281,1498
275,0.04534631222486496,0.9907407164573669,0.75,1.2109375,0.000597106990047563,1404
276,0.11804009228944778,0.9770354628562927,1.0,3.09375,0.0005970736967485433,479
277,0.023118019104003906,0.9961904883384705,1.0,0.73046875,0.0005970402139260729,1575
278,0.1080680713057518,0.9766666889190674,1.0,1.9609375,0.0005970065416018782,1200
279,0.0799800232052803,0.9824731945991516,1.0,1.4375,0.000596972679797809,2054
280,0.0436847098171711,0.9923245906829834,1.0,0.96484375,0.0005969386285358378,1824
281,0.022526314482092857,0.9944488406181335,1.0,0.92578125,0.0005969043878380599,1261
282,0.017793718725442886,0.9976539611816406,1.0,0.515625,0.0005968699577266942,1705
283,0.10790149867534637,0.9663299918174744,1.0,2.15625,0.0005968353382240814,1188
284,0.02645689994096756,0.9936708807945251,1.0,0.796875,0.0005968005293526862,1264
285,0.08534335345029831,0.9780309200286865,1.0,1.8046875,0.0005967655311350956,1229
286,0.09067842364311218,0.9738562107086182,1.0,2.015625,0.0005967303435940194,1071
287,0.02894832007586956,0.9959677457809448,1.0,0.91796875,0.0005966949667522905,744
288,0.10159967094659805,0.9715821743011475,1.0,2.21875,0.0005966594006328647,1302
289,0.24507926404476166,0.936274528503418,1.0,2.765625,0.0005966236452588202,1224
290,0.12486303597688675,0.9648862481117249,1.0,1.9140625,0.0005965877006533583,2022
291,0.07850372791290283,0.9759562611579895,1.0,1.484375,0.0005965515668398034,1830
292,0.051923997700214386,0.9901780486106873,1.0,0.94921875,0.000596515243841602,1629
293,0.09309796988964081,0.9772241711616516,0.75,1.7890625,0.0005964787316823238,1405
294,0.03188479319214821,0.9966714382171631,1.0,0.59765625,0.0005964420303856611,2103
295,0.026508569717407227,0.9943262338638306,1.0,0.83203125,0.0005964051399754291,1410
296,0.09428612887859344,0.9739463329315186,1.0,1.8203125,0.0005963680604755655,1305
297,0.028241612017154694,0.9965350031852722,1.0,0.63671875,0.0005963307919101308,1443
298,0.07796353846788406,0.9808306694030762,1.0,1.703125,0.0005962933343033083,1252
299,0.04611010104417801,0.9899345636367798,1.0,1.21875,0.0005962556876794034,1987
300,0.04652984440326691,0.9873149991035461,1.0,1.1796875,0.000596217852062845,1419
301,0.052925847470760345,0.9892473220825195,1.0,1.0234375,0.0005961798274781842,1488
302,0.017939461395144463,0.9970794320106506,1.0,0.51953125,0.0005961416139500947,1712
303,0.04135270044207573,0.9902985095977783,1.0,1.34375,0.0005961032115033725,1340
304,0.05654957890510559,0.9892205595970154,1.0,1.5078125,0.000596064620162937,1206
305,0.10028759390115738,0.9731343388557434,1.0,1.6484375,0.0005960258399538296,2010
306,0.10195023566484451,0.9731437563896179,1.0,2.125,0.0005959868709012141,1266
307,0.02658901922404766,0.9973404407501221,1.0,0.7265625,0.0005959477130303774,1128
308,0.06201400235295296,0.9830421209335327,1.0,1.28125,0.0005959083663667284,1946
309,0.04617316275835037,0.9919649362564087,1.0,1.1796875,0.0005958688309357988,1369
310,0.06120963767170906,0.9836714267730713,1.0,1.25,0.0005958291067632429,2021
311,0.022526957094669342,0.9945454597473145,1.0,0.98046875,0.000595789193874837,1100
312,0.08268110454082489,0.9767441749572754,1.0,1.7421875,0.0005957490922964802,1333
313,0.04882697016000748,0.9862348437309265,1.0,1.5,0.000595708802054194,1235
314,0.06643656641244888,0.9823989272117615,1.0,1.265625,0.0005956683231741224,1534
315,0.056279730051755905,0.9881796836853027,1.0,1.3359375,0.0005956276556825316,1692
316,0.016641492024064064,0.9975124597549438,1.0,0.61328125,0.0005955867996058103,1206
317,0.0581691674888134,0.983582079410553,1.0,1.375,0.0005955457549704697,2010
318,0.07645004242658615,0.9802215099334717,1.0,1.828125,0.0005955045218031431,1264
319,0.08414672315120697,0.9791666865348816,1.0,1.84375,0.0005954631001305862,1488
320,0.041839491575956345,0.990070104598999,1.0,1.0625,0.0005954214899796771,1712
321,0.05424034222960472,0.9877111911773682,1.0,1.3515625,0.0005953796913774162,1302
322,0.03163130208849907,0.991134762763977,1.0,0.97265625,0.0005953377043509263,1692
323,0.036886703222990036,0.991916298866272,1.0,0.9765625,0.0005952955289274521,2103
324,0.10113401710987091,0.9746732115745544,1.0,1.7890625,0.0005952531651343608,1224
325,0.024692147970199585,0.9966621994972229,1.0,0.9140625,0.0005952106129991421,1498
326,0.026134522631764412,0.9920831322669983,1.0,0.8828125,0.0005951678725494073,2021
327,0.02410108968615532,0.9921985864639282,1.0,0.95703125,0.0005951249438128903,1410
328,0.0727045089006424,0.9843400716781616,1.0,1.4453125,0.000595081826817447,1341
329,0.08395135402679443,0.9789311289787292,1.0,1.4453125,0.0005950385215910557,1946
330,0.0329563245177269,0.9934574961662292,1.0,0.87890625,0.0005949950281618168,1987
331,0.016944414004683495,0.9975271821022034,1.0,0.490234375,0.0005949513465579524,2022
332,0.024549001827836037,0.9941233992576599,1.0,0.78515625,0.0005949074768078072,2042
333,0.06096263602375984,0.980252742767334,1.0,1.515625,0.0005948634189398478,1266
334,0.053996942937374115,0.9872204661369324,1.0,1.296875,0.0005948191729826628,1252
335,0.02921529859304428,0.9959316253662109,1.0,0.78515625,0.0005947747389649631,1229
336,0.04703427106142044,0.9906798005104065,1.0,1.0546875,0.0005947301169155813,1824
337,0.04127347469329834,0.9925373196601868,1.0,1.2265625,0.0005946853068634721,1340
338,0.025894535705447197,0.996476411819458,1.0,0.74609375,0.0005946403088377124,1419
339,0.03443436697125435,0.9924980998039246,1.0,1.0859375,0.0005945951228675009,1333
340,0.038281723856925964,0.9898989796638489,1.0,1.2109375,0.0005945497489821581,1188
341,0.05892225354909897,0.9810126423835754,1.0,1.3203125,0.000594504187211127,2054
342,0.08351356536149979,0.9781376719474792,1.0,1.875,0.0005944584375839717,1235
343,0.04412352293729782,0.9896907210350037,1.0,1.4140625,0.000594412500130379,1261
344,0.020585661754012108,0.9964413046836853,1.0,0.640625,0.000594366374880157,1405
345,0.07497859746217728,0.9828115701675415,1.0,1.53125,0.0005943200618632361,1629
346,0.031237900257110596,0.9936507940292358,1.0,0.94140625,0.0005942735611096679,1575
347,0.13201560080051422,0.9623655676841736,1.0,2.875,0.0005942268726496267,744
348,0.05667642503976822,0.9852458834648132,1.0,1.1953125,0.0005941799965134078,1830
349,0.0577421560883522,0.9854469895362854,1.0,1.3828125,0.0005941329327314289,1443
350,0.07741665095090866,0.9874739050865173,1.0,1.828125,0.0005940856813342289,479
351,0.028151994571089745,0.9938313961029053,1.0,0.87109375,0.0005940382423524689,1459
352,0.03526492789387703,0.9918181896209717,1.0,1.28125,0.0005939906158169315,1100
353,0.025278713554143906,0.9955673813819885,1.0,0.88671875,0.0005939428017585209,1128
354,0.04982273653149605,0.9858333468437195,1.0,1.546875,0.0005938948002082633,1200
355,0.025816284120082855,0.9938697218894958,1.0,0.90234375,0.0005938466111973064,1305
356,0.013119623996317387,0.998132586479187,1.0,0.4609375,0.0005937982347569195,1071
357,0.10331415385007858,0.970664918422699,1.0,1.953125,0.0005937496709184934,1534
358,0.02976742945611477,0.9926953911781311,1.0,0.8984375,0.0005937009197135407,1369
359,0.055417753756046295,0.9857549667358398,1.0,1.2734375,0.0005936519811736957,1404
360,0.04402035474777222,0.9870967864990234,1.0,1.1328125,0.0005936028553307138,1705
361,0.012653344310820103,0.99676114320755,1.0,0.49609375,0.0005935535422164726,1235
362,0.08996673673391342,0.9773049354553223,1.0,1.7265625,0.0005935040418629705,1410
363,0.04754059761762619,0.9888142943382263,1.0,1.2734375,0.000593454354302328,1341
364,0.05577922239899635,0.9852150678634644,1.0,1.3671875,0.0005934044795667866,1488
365,0.093669094145298,0.9723200798034668,0.75,1.6875,0.0005933544176887096,1987
366,0.050528619438409805,0.9901639223098755,1.0,1.0390625,0.0005933041687005815,1830
367,0.05374220013618469,0.9872204661369324,1.0,1.2421875,0.0005932537326350085,1252
368,0.022670898586511612,0.9952531456947327,1.0,0.96484375,0.0005932031095247179,1264
369,0.05972399190068245,0.9877111911773682,1.0,1.109375,0.0005931522994025584,1302
370,0.06017697975039482,0.9845837354660034,1.0,1.09375,0.0005931013023015004,1946
371,0.03780641034245491,0.9941666722297668,1.0,1.0625,0.0005930501182546352,1200
372,0.014658710919320583,0.9985755085945129,1.0,0.6484375,0.0005929987472951755,1404
373,0.03668230026960373,0.9880596995353699,1.0,1.2265625,0.0005929471894564554,1340
374,0.01107137743383646,0.9980952143669128,1.0,0.376953125,0.0005928954447719304,1575
375,0.04091215878725052,0.990791916847229,1.0,1.2265625,0.0005928435132751768,1629
376,0.05783950537443161,0.981592059135437,1.0,1.2109375,0.0005927913949998926,2010
377,0.012546611949801445,1.0,1.0,0.2314453125,0.0005927390899798967,2054
378,0.027532214298844337,0.9945598244667053,1.0,0.8046875,0.0005926865982491292,2022
379,0.022686058655381203,0.994397759437561,1.0,1.015625,0.0005926339198416514,1071
380,0.03216581791639328,0.9904837608337402,1.0,1.234375,0.0005925810547916458,1261
381,0.028707988560199738,0.9945175647735596,1.0,0.7265625,0.0005925280031334162,1824
382,0.051462266594171524,0.9840067625045776,1.0,1.4765625,0.0005924747649013869,1188
383,0.025882557034492493,0.9953079223632812,1.0,0.828125,0.0005924213401301035,1705
384,0.047214627265930176,0.9901338815689087,1.0,1.15625,0.0005923677288542333,1419
385,0.04955952614545822,0.9905914068222046,1.0,1.5390625,0.0005923139311085635,744
386,0.023283710703253746,0.9936363697052002,1.0,0.7421875,0.0005922599469280034,1100
387,0.0515056848526001,0.9873164296150208,1.0,1.2734375,0.0005922057763475822,1498
388,0.04470666125416756,0.9853907823562622,1.0,1.234375,0.000592151419402451,1369
389,0.032469719648361206,0.9894859790802002,1.0,0.96875,0.0005920968761278813,1712
390,0.026377350091934204,0.9921011328697205,1.0,1.109375,0.0005920421465592657,1266
391,0.0464281365275383,0.9924980998039246,1.0,1.1953125,0.0005919872307321174,1333
392,0.03205088898539543,0.9920212626457214,1.0,1.03125,0.000591932128682071,1128
393,0.052726343274116516,0.9885877370834351,1.0,0.921875,0.0005918768404448814,2103
394,0.033488236367702484,0.9916748404502869,1.0,0.8515625,0.0005918213660564247,2042
395,0.1182791143655777,0.9632353186607361,1.0,2.0625,0.0005917657055526975,1224
396,0.03222939372062683,0.9923167824745178,1.0,1.015625,0.0005917098589698173,1692
397,0.025473956018686295,0.9947848916053772,1.0,0.65625,0.0005916538263440224,1534
398,0.061382342129945755,0.982179582118988,1.0,1.6171875,0.0005915976077116718,1459
399,0.04269831255078316,0.9892205595970154,1.0,1.4140625,0.0005915412031092451,1206
400,0.0361441895365715,0.9937629699707031,1.0,0.875,0.0005914846125733426,1443
401,0.008986088447272778,1.0,1.0,0.2177734375,0.0005914278361406853,1305
402,0.02340318076312542,0.9951179623603821,1.0,0.73046875,0.0005913708738481149,1229
403,0.13590224087238312,0.9728600978851318,1.0,2.75,0.0005913137257325934,479
404,0.07183946669101715,0.9793594479560852,1.0,1.65625,0.0005912563918312038,1405
405,0.05046367645263672,0.9861454963684082,1.0,1.0546875,0.0005911988721811494,2021
406,0.05903133749961853,0.9839338064193726,1.0,1.0625,0.0005911411668197541,2054
407,0.018473004922270775,0.9975124597549438,1.0,0.4296875,0.0005910832757844622,2010
408,0.0628991425037384,0.9804432988166809,1.0,1.328125,0.0005910251991128385,1534
409,0.02358148992061615,0.9951028227806091,1.0,0.7265625,0.0005909669368425686,2042
410,0.0452256053686142,0.9906542301177979,1.0,1.0234375,0.0005909084890114581,1498
411,0.0210746880620718,0.9956140518188477,1.0,0.55078125,0.000590849855657433,1824
412,0.04319661855697632,0.9891666769981384,1.0,1.28125,0.0005907910368185401,1200
413,0.021775022149086,0.9961748719215393,1.0,0.5546875,0.000590732032532946,1830
414,0.07669885456562042,0.9778369069099426,1.0,1.78125,0.0005906728428389384,1128
415,0.03945159912109375,0.9893238544464111,1.0,1.078125,0.0005906134677749245,1405
416,0.03362651914358139,0.9932795763015747,1.0,1.359375,0.0005905539073794322,744
417,0.060492128133773804,0.9828115701675415,1.0,1.2109375,0.0005904941616911096,1629
418,0.009402294643223286,0.9977611899375916,1.0,0.42578125,0.000590434230748725,1340
419,0.03787240386009216,0.9895387291908264,1.0,0.90234375,0.000590374114591167,2103
420,0.015989579260349274,0.9971988797187805,1.0,0.7734375,0.0005903138132574443,1071
421,0.044479575008153915,0.9847507476806641,1.0,0.98828125,0.0005902533267866859,1705
422,0.04812869057059288,0.9861676096916199,1.0,1.3828125,0.0005901926552181406,1229
423,0.05582937225699425,0.9853968024253845,1.0,1.1953125,0.0005901317985911777,1575
424,0.02593609131872654,0.9950544238090515,1.0,0.66015625,0.0005900707569452862,2022
425,0.047261618077754974,0.9865719079971313,1.0,1.1640625,0.0005900095303200757,1266
426,0.014814888127148151,0.9979838728904724,1.0,0.486328125,0.000589948118755275,1488
427,0.027019131928682327,0.9924606084823608,1.0,1.015625,0.0005898865222907339,1459
428,0.04798158258199692,0.9832985401153564,1.0,1.9296875,0.0005898247409664213,479
429,0.024761533364653587,0.994107723236084,1.0,0.765625,0.0005897627748224267,1188
430,0.020164359360933304,0.9960063695907593,1.0,0.61328125,0.0005897006238989592,1252
431,0.056474506855010986,0.9849962592124939,1.0,1.3203125,0.0005896382882363476,1333
432,0.032043952494859695,0.9893617033958435,1.0,1.1640625,0.0005895757678750412,1410
433,0.038464296609163284,0.9902979731559753,1.0,0.890625,0.0005895130628556085,1443
434,0.01734735257923603,0.9936363697052002,1.0,0.82421875,0.0005894501732187382,1100
435,0.04014451801776886,0.9877336621284485,1.0,0.97265625,0.0005893870990052389,1712
436,0.060630884021520615,0.9829059839248657,1.0,1.34375,0.0005893238402560385,1404
437,0.022587670013308525,0.9952418804168701,1.0,0.578125,0.000589260397012185,1261
438,0.05372181907296181,0.9867330193519592,1.0,1.3125,0.0005891967693148461,1206
439,0.031002653762698174,0.9907833933830261,1.0,1.125,0.0005891329572053091,1302
440,0.024714719504117966,0.9963477253913879,1.0,0.7109375,0.0005890689607249809,1369
441,0.02269858308136463,0.9961685538291931,1.0,0.70703125,0.0005890047799153881,1305
442,0.07536692917346954,0.9777337908744812,1.0,1.28125,0.0005889404148181771,2021
443,0.06208903342485428,0.981677234172821,1.0,1.1328125,0.0005888758654751137,1419
444,0.02505454421043396,0.9955257177352905,1.0,0.609375,0.0005888111319280831,1341
445,0.10895106941461563,0.9754902124404907,1.0,1.6484375,0.0005887462142190903,1224
446,0.05426894873380661,0.9856114983558655,1.0,1.015625,0.0005886811123902596,1946
447,0.024159375578165054,0.9959738254547119,1.0,0.55859375,0.000588615826483835,1987
448,0.01741320826113224,0.996835470199585,1.0,0.466796875,0.0005885503565421799,1264
449,0.03634924814105034,0.9886639714241028,1.0,1.0234375,0.0005884847026077768,1235
450,0.04083016887307167,0.9893617033958435,1.0,0.96484375,0.0005884188647232279,1692
451,0.06825502961874008,0.9800000190734863,1.0,1.4140625,0.0005883528429312547,1100
452,0.02852778695523739,0.9943622350692749,1.0,0.61328125,0.0005882866372746981,1419
453,0.01871393620967865,0.9933664798736572,1.0,0.78125,0.0005882202477965182,1206
454,0.00882206205278635,0.9985085725784302,1.0,0.5,0.0005881536745397943,1341
455,0.015338017605245113,0.9972677826881409,1.0,0.51953125,0.0005880869175477251,1830
456,0.01458185724914074,0.9980979561805725,1.0,0.484375,0.0005880199768636287,2103
457,0.0480477400124073,0.9885621070861816,1.0,0.96875,0.000587952852530942,1224
458,0.03201596438884735,0.9915825128555298,1.0,0.73046875,0.0005878855445932211,1188
459,0.047997936606407166,0.9882698059082031,1.0,0.859375,0.0005878180530941416,1705
460,0.05602377653121948,0.9808333516120911,1.0,1.4140625,0.0005877503780774982,1200
461,0.02619345858693123,0.992337167263031,1.0,0.89453125,0.000587682519587204,1305
462,0.006918604020029306,1.0,1.0,0.2373046875,0.0005876144776672919,1369
463,0.03681757301092148,0.9906033873558044,1.0,0.8359375,0.0005875462523619136,2022
464,0.028021370992064476,0.9906542301177979,1.0,1.03125,0.0005874778437153397,1498
465,0.024295320734381676,0.9950177669525146,1.0,0.56640625,0.0005874092517719597,1405
466,0.030880369246006012,0.9928728342056274,1.0,0.73046875,0.0005873404765762824,1824
467,0.005208668764680624,1.0,1.0,0.146484375,0.0005872715181729352,1410
468,0.04327692463994026,0.9877570867538452,1.0,0.94140625,0.0005872023766066645,2042
469,0.00865747220814228,0.9995131492614746,1.0,0.1845703125,0.0005871330519223353,2054
470,0.056877680122852325,0.9905914068222046,1.0,1.5078125,0.000587063544164932,744
471,0.01884220354259014,0.9949206113815308,1.0,0.640625,0.000586993853379557,1575
472,0.01854711025953293,0.9944488406181335,1.0,0.56640625,0.0005869239796114322,1261
473,0.05015234649181366,0.9869431853294373,1.0,1.2109375,0.0005868539229058977,1302
474,0.01980641856789589,0.9959316253662109,1.0,0.79296875,0.0005867836833084128,1229
475,0.05719759315252304,0.9892473220825195,1.0,0.953125,0.0005867132608645551,1488
476,0.02085454948246479,0.997544527053833,1.0,0.373046875,0.0005866426556200209,1629
477,0.013455190695822239,0.996835470199585,1.0,0.53125,0.0005865718676206252,1264
478,0.036907512694597244,0.9952718615531921,1.0,0.76171875,0.0005865008969123016,1692
479,0.01901119016110897,0.9927125573158264,1.0,0.75390625,0.0005864297435411022,1235
480,0.014779382385313511,0.9972280263900757,1.0,0.51171875,0.0005863584075531977,1443
481,0.018290625885128975,0.9964538812637329,1.0,0.61328125,0.0005862868889948772,1128
482,0.015116593800485134,0.9965729713439941,0.75,0.46484375,0.0005862151879125482,1459
483,0.060515522956848145,0.9842460751533508,1.0,1.4296875,0.0005861433043527369,1333
484,0.03924829885363579,0.9886947870254517,1.0,1.0703125,0.0005860712383620878,1946
485,0.01877955161035061,0.9955223798751831,1.0,0.609375,0.0005859989899873637,2010
486,0.02779519371688366,0.9925779104232788,1.0,0.62890625,0.0005859265592754458,2021
487,0.01724502258002758,0.9974836707115173,1.0,0.427734375,0.0005858539462733335,1987
488,0.031011860817670822,0.9897314310073853,1.0,1.0234375,0.0005857811510281446,1266
489,0.08455613255500793,0.9707724452018738,1.0,2.421875,0.0005857081735871152,479
490,0.032692842185497284,0.9935747385025024,1.0,0.75390625,0.0005856350139975996,1712
491,0.02752780355513096,0.9925373196601868,1.0,0.69921875,0.0005855616723070702,1340
492,0.05707734450697899,0.9841269850730896,1.0,1.1953125,0.0005854881485631176,1071
493,0.03692825511097908,0.9921652674674988,1.0,0.82421875,0.0005854144428134508,1404
494,0.06263784319162369,0.9810951948165894,1.0,1.1640625,0.0005853405551058964,1534
495,0.02632441185414791,0.9944089651107788,1.0,0.80078125,0.0005852664854883993,1252
496,0.02826078236103058,0.9923245906829834,1.0,0.77734375,0.0005851922340090227,1824
497,0.011815864592790604,0.9976266026496887,1.0,0.46875,0.0005851178007159473,1264
498,0.016990406438708305,0.9960886836051941,1.0,0.5546875,0.0005850431856574724,1534
499,0.016895635053515434,0.9971811175346375,1.0,0.490234375,0.0005849683888820146,1419
500,0.012166723608970642,0.9984996318817139,1.0,0.37890625,0.0005848934104381089,1333
501,0.01438171323388815,0.9964413046836853,1.0,0.470703125,0.0005848182503744079,1405
502,0.033361367881298065,0.9929078221321106,0.5,0.9609375,0.0005847429087396821,1128
503,0.06350615620613098,0.9825268983840942,1.0,1.3203125,0.00058466738558282,1488
504,0.019083091989159584,0.9947761297225952,1.0,0.73828125,0.0005845916809528277,1340
505,0.0066802119836211205,0.9985085725784302,1.0,0.48046875,0.0005845157948988291,1341
506,0.03375441953539848,0.9919649362564087,1.0,0.890625,0.0005844397274700658,1369
507,0.013340993784368038,0.9975708723068237,1.0,0.33203125,0.0005843634787158973,1235
508,0.03018135018646717,0.992530345916748,1.0,0.8046875,0.0005842870486858005,1071
509,0.049416426569223404,0.9862920045852661,1.0,1.0078125,0.0005842104374293698,1459
510,0.018279995769262314,0.9958944320678711,1.0,0.455078125,0.0005841336449963177,1705
511,0.026843490079045296,0.9917234778404236,1.0,0.703125,0.0005840566714364738,2054
512,0.036169055849313736,0.9889415502548218,1.0,1.0234375,0.0005839795167997856,1266
513,0.05024907737970352,0.9895387291908264,1.0,0.86328125,0.0005839021811363177,2103
514,0.031651321798563004,0.9926335215568542,1.0,0.8125,0.0005838246644962524,1629
515,0.007609943859279156,1.0,1.0,0.1396484375,0.0005837469669298897,1987
516,0.06625601649284363,0.9852941036224365,0.75,1.125,0.0005836690884876463,1224
517,0.015389549545943737,0.9970311522483826,1.0,0.380859375,0.0005835910292200568,2021
518,0.026599882170557976,0.9951028227806091,1.0,0.61328125,0.0005835127891777732,2042
519,0.039469458162784576,0.9916840195655823,1.0,0.83984375,0.0005834343684115644,1443
520,0.04826664179563522,0.9915514588356018,1.0,0.8984375,0.0005833557669723168,1302
521,0.053188618272542953,0.9832985401153564,1.0,2.1875,0.0005832769849110341,479
522,0.01702679507434368,0.9969348907470703,1.0,0.6171875,0.0005831980222788371,1305
523,0.06053270772099495,0.985981285572052,1.0,1.15625,0.0005831188791269639,1498
524,0.021010572090744972,0.9935747385025024,1.0,0.73828125,0.0005830395555067694,1712
525,0.01550054270774126,0.9950000047683716,1.0,0.66015625,0.000582960051469726,1200
526,0.03537190705537796,0.9896166324615479,1.0,1.0234375,0.0005828803670674231,1252
527,0.014654228463768959,0.9986559152603149,1.0,0.578125,0.0005828005023515668,744
528,0.03265830874443054,0.9932659864425659,0.75,0.5859375,0.0005827204573739805,1188
529,0.04817501828074455,0.9904761910438538,1.0,0.9453125,0.0005826402321866046,1575
530,0.02606232278048992,0.993655800819397,1.0,0.7109375,0.0005825598268414965,1261
531,0.03161143139004707,0.991256833076477,1.0,0.72265625,0.00058247924139083,1830
532,0.005402815528213978,0.9992877244949341,1.0,0.287109375,0.0005823984758868963,1404
533,0.016502324491739273,0.9951179623603821,1.0,0.62890625,0.0005823175303821034,1229
534,0.03450426086783409,0.9906033873558044,1.0,0.7265625,0.0005822364049289757,2022
535,0.026770684868097305,0.9940298795700073,1.0,0.65234375,0.0005821550995801549,2010
536,0.006033654324710369,0.9989722371101379,1.0,0.1982421875,0.0005820736143883989,1946
537,0.020146019756793976,0.9936363697052002,1.0,0.70703125,0.0005819919494065827,1100
538,0.014421028085052967,0.9970449209213257,1.0,0.486328125,0.0005819101046876978,1692
539,0.018589232116937637,0.9950248599052429,1.0,0.7265625,0.0005818280802848524,1206
540,0.011758537963032722,0.9971631169319153,1.0,0.54296875,0.000581745876251271,1410
541,0.013955561444163322,0.9955223798751831,1.0,0.5078125,0.0005816634926402953,1340
542,0.011958841234445572,0.9969167709350586,1.0,0.51171875,0.0005815809295053828,1946
543,0.013392557390034199,0.9983726739883423,1.0,0.58984375,0.0005814981869001079,1229
544,0.020612075924873352,0.9961685538291931,1.0,0.72265625,0.0005814152648781615,1305
545,0.00995582900941372,0.9979209899902344,1.0,0.51171875,0.0005813321634933506,1443
546,0.017203031107783318,0.9965381026268005,1.0,0.59375,0.0005812488827995991,2022
547,0.009500310756266117,0.9990489482879639,1.0,0.326171875,0.0005811654228509466,2103
548,0.024243826046586037,0.9913111925125122,1.0,0.87109375,0.0005810817837015495,1266
549,0.03724271431565285,0.9874739050865173,1.0,1.234375,0.0005809979654056804,479
550,0.05551312118768692,0.985200822353363,0.75,1.09375,0.000580913968017728,1419
551,0.012507593259215355,0.9970617294311523,1.0,0.50390625,0.0005808297915921972,2042
552,0.02608538046479225,0.995207667350769,1.0,0.75,0.0005807454361837095,1252
553,0.02918398007750511,0.9939693212509155,1.0,0.7265625,0.0005806609018470018,1824
554,0.009001902304589748,0.9975708723068237,1.0,0.56640625,0.0005805761886369278,1235
555,0.008853096514940262,0.9978723526000977,1.0,0.462890625,0.0005804912966084568,1410
556,0.04412134736776352,0.9872468113899231,1.0,1.078125,0.0005804062258166745,1333
557,0.0469510592520237,0.9883333444595337,1.0,1.078125,0.0005803209763167822,1200
558,0.005250248126685619,0.998664915561676,1.0,0.263671875,0.0005802355481640976,1498
559,0.017589515075087547,0.9953271150588989,1.0,0.671875,0.0005801499414140539,1712
560,0.01539585180580616,0.9974603056907654,1.0,0.4453125,0.0005800641561222004,1575
561,0.013102683238685131,0.9955673813819885,1.0,0.640625,0.0005799781923442024,1128
562,0.004536997061222792,0.9990909099578857,1.0,0.1396484375,0.0005798920501358408,1100
563,0.06676889210939407,0.9787581562995911,1.0,1.484375,0.0005798057295530124,1224
564,0.024491120129823685,0.9910897612571716,1.0,0.91015625,0.0005797192306517295,1459
565,0.01789933443069458,0.9952418804168701,1.0,0.796875,0.0005796325534881204,1261
566,0.01970578357577324,0.9947848916053772,1.0,0.64453125,0.0005795456981184291,1534
567,0.004447880666702986,1.0,1.0,0.1650390625,0.0005794586645990149,1302
568,0.027530765160918236,0.991256833076477,1.0,0.921875,0.000579371452986353,1830
569,0.01647549495100975,0.995726466178894,1.0,0.5859375,0.0005792840633370342,1404
570,0.025440851226449013,0.9912634491920471,1.0,0.9140625,0.0005791964957077644,1488
571,0.031205490231513977,0.9919354915618896,1.0,1.0703125,0.0005791087501553654,744
572,0.024182267487049103,0.9936708807945251,1.0,0.70703125,0.0005790208267367745,1264
573,0.021706238389015198,0.9962714314460754,1.0,0.5,0.0005789327255090441,1341
574,0.012874727137386799,0.9971988797187805,1.0,0.63671875,0.0005788444465293422,1071
575,0.04552057012915611,0.9912023544311523,1.0,0.89453125,0.000578755989854952,1705
576,0.04456551373004913,0.9924509525299072,1.0,0.73828125,0.0005786673555432721,1987
577,0.02120516262948513,0.9956182837486267,1.0,0.5234375,0.0005785785436518163,2054
578,0.03193575516343117,0.9925373196601868,1.0,0.78515625,0.0005784895542382139,1206
579,0.01654326729476452,0.9970311522483826,1.0,0.431640625,0.0005784003873602088,2021
580,0.012195033952593803,0.9985074400901794,1.0,0.23046875,0.0005783110430756606,2010
581,0.020864563062787056,0.9924242496490479,1.0,0.83203125,0.000578221521442544,1188
582,0.01613621599972248,0.995702862739563,1.0,0.4921875,0.0005781318225189483,1629
583,0.033817607909440994,0.9921708106994629,1.0,0.8671875,0.0005780419463630785,1405
584,0.009083414450287819,0.9994089603424072,1.0,0.322265625,0.000577951893033254,1692
585,0.01655278541147709,0.9963477253913879,1.0,0.486328125,0.0005778616625879095,1369
586,0.006166030187159777,0.9992012977600098,1.0,0.32421875,0.0005777712550855945,1252
587,0.016541946679353714,0.996195912361145,1.0,0.58984375,0.0005776806705849735,2103
588,0.011933187022805214,0.9970149397850037,1.0,0.47265625,0.0005775899091448259,1340
589,0.00900119449943304,0.9988317489624023,1.0,0.330078125,0.0005774989708240457,1712
590,0.003995932172983885,1.0,1.0,0.115234375,0.0005774078556816418,1692
591,0.01251855306327343,0.9978070259094238,1.0,0.33984375,0.0005773165637767379,1824
592,0.04967273026704788,0.9869281053543091,1.0,1.1796875,0.0005772250951685721,1224
593,0.01857513189315796,0.9961685538291931,1.0,0.46875,0.0005771334499164977,1305
594,0.01042807474732399,0.9993146061897278,1.0,0.28515625,0.0005770416280799822,1459
595,0.004931660834699869,1.0,1.0,0.28515625,0.0005769496297186075,1498
596,0.019170761108398438,0.9943473935127258,1.0,0.60546875,0.0005768574548920709,1946
597,0.007065855897963047,0.9993650913238525,1.0,0.24609375,0.0005767651036601831,1575
598,0.004630011040717363,0.9991902709007263,1.0,0.1796875,0.0005766725760828702,1235
599,0.010630196891725063,0.9980217814445496,1.0,0.33984375,0.0005765798722201721,2022
600,0.005967633333057165,0.9993069767951965,1.0,0.390625,0.0005764869921322435,1443
601,0.020127883180975914,0.9927272796630859,1.0,0.82421875,0.0005763939358793531,1100
602,0.03982911258935928,0.9887244701385498,1.0,0.9765625,0.0005763007035218842,1419
603,0.007075970061123371,0.9975590109825134,1.0,0.51171875,0.0005762072951203342,1229
604,0.005140583962202072,0.99858158826828,1.0,0.38671875,0.000576113710735315,1410
605,0.03682225942611694,0.9895697236061096,1.0,0.96484375,0.0005760199504275523,1534
606,0.014861318282783031,0.9936708807945251,1.0,0.8359375,0.0005759260142578861,1264
607,0.025508727878332138,0.9941577315330505,1.0,0.75,0.0005758319022872708,2054
608,0.007498438004404306,0.9984996318817139,1.0,0.44921875,0.0005757376145767743,1333
609,0.022449038922786713,0.9941666722297668,1.0,0.875,0.0005756431511875792,1200
610,0.03558158874511719,0.9956172108650208,1.0,0.69921875,0.0005755485121809816,1369
611,0.012558285146951675,0.9975124597549438,1.0,0.53125,0.0005754536976183917,1206
612,0.012602766044437885,0.9970149397850037,1.0,0.62109375,0.0005753587075613337,2010
613,0.01831621304154396,0.9976958632469177,1.0,0.73046875,0.0005752635420714456,1302
614,0.008092444390058517,0.9992101192474365,1.0,0.390625,0.0005751682012104793,1266
615,0.04322117939591408,0.9873116612434387,1.0,1.2734375,0.0005750726850403005,1261
616,0.015966134145855904,0.9979122877120972,1.0,0.98046875,0.0005749769936228883,479
617,0.03982572630047798,0.9912023544311523,1.0,0.88671875,0.0005748811270203362,1705
618,0.010123694315552711,0.9973118305206299,1.0,0.7265625,0.0005747850852948508,744
619,0.009402716532349586,0.9985308647155762,1.0,0.314453125,0.0005746888685087525,2042
620,0.029413923621177673,0.9907407164573669,1.0,1.1171875,0.0005745924767244755,1188
621,0.016600631177425385,0.9963167309761047,1.0,0.5390625,0.0005744959100045672,1629
622,0.024635206907987595,0.9928961992263794,1.0,0.76953125,0.0005743991684116887,1830
623,0.024494264274835587,0.991797149181366,1.0,0.93359375,0.0005743022520086148,1341
624,0.01160166971385479,0.997863233089447,1.0,0.41015625,0.0005742051608582333,1404
625,0.013389413245022297,0.9982269406318665,1.0,0.486328125,0.0005741078950235456,1128
626,0.020696278661489487,0.9960415363311768,1.0,0.5390625,0.0005740104545676665,2021
627,0.013946340419352055,0.9964771270751953,1.0,0.5234375,0.000573912839553824,1987
628,0.021505756303668022,0.996265172958374,1.0,0.84765625,0.0005738150500453595,1071
629,0.03045475110411644,0.9943060278892517,1.0,0.86328125,0.0005737170861057275,1405
630,0.0132472338154912,0.9973118305206299,1.0,0.58203125,0.0005736189477984957,1488
631,0.01628977246582508,0.9953079223632812,1.0,0.68359375,0.0005735206351873451,1705
632,0.005775527097284794,0.9991135001182556,1.0,0.353515625,0.0005734221483360696,1128
633,0.01758524216711521,0.9970617294311523,1.0,0.41015625,0.0005733234873085762,2042
634,0.015716897323727608,0.9937629699707031,1.0,0.6015625,0.0005732246521688852,1443
635,0.02699323184788227,0.9928910136222839,1.0,0.8671875,0.0005731256429811292,1266
636,0.03222911059856415,0.991134762763977,1.0,0.8828125,0.0005730264598095547,1692
637,0.012727192603051662,0.997544527053833,1.0,0.45703125,0.0005729271027185203,1629
638,0.017391197383403778,0.99858158826828,1.0,0.4375,0.0005728275717724978,1410
639,0.018405769020318985,0.9977611899375916,1.0,0.423828125,0.0005727278670360717,1340
640,0.0165651123970747,0.9957716464996338,1.0,0.64453125,0.0005726279885739393,1419
641,0.017800522968173027,0.9968253970146179,1.0,0.6953125,0.0005725279364509108,1575
642,0.007558675017207861,0.9969167709350586,1.0,0.3828125,0.0005724277107319089,1946
643,0.012243379838764668,0.9967105388641357,1.0,0.5859375,0.0005723273114819688,1824
644,0.0509839728474617,0.9869281053543091,1.0,1.2265625,0.0005722267387662387,1224
645,0.06916999816894531,0.9892473220825195,1.0,1.59375,0.000572125992649979,744
646,0.011012796312570572,0.9971530437469482,1.0,0.53515625,0.0005720250731985629,1405
647,0.04949454590678215,0.9875621795654297,1.0,1.140625,0.0005719239804774757,1206
648,0.007118552457541227,0.9986292123794556,1.0,0.41796875,0.0005718227145523156,1459
649,0.024328211322426796,0.9960442781448364,1.0,0.7421875,0.0005717212754887929,1264
650,0.027404148131608963,0.9918181896209717,1.0,0.8828125,0.0005716196633527303,1100
651,0.0065361447632312775,0.9984674453735352,1.0,0.494140625,0.0005715178782100626,1305
652,0.03388619050383568,0.9921773076057434,1.0,0.859375,0.0005714159201268375,1534
653,0.027957506477832794,0.9929541945457458,1.0,0.78125,0.0005713137891692143,1987
654,0.018800660967826843,0.9958333373069763,1.0,0.921875,0.0005712114854034645,1200
655,0.022871503606438637,0.9943042993545532,1.0,0.82421875,0.000571109008895972,1229
656,0.020732078701257706,0.99643874168396,1.0,0.56640625,0.0005710063597132329,1404
657,0.024791618809103966,0.9940342903137207,1.0,0.625,0.0005709035379218548,1341
658,0.02095191925764084,0.9976958632469177,1.0,0.52734375,0.000570800543588558,1302
659,0.013394217938184738,0.9951416850090027,1.0,0.765625,0.0005706973767801741,1235
660,0.018046557903289795,0.9953314661979675,1.0,0.6328125,0.000570594037563647,1071
661,0.038328927010297775,0.9933244585990906,1.0,0.84375,0.0005704905260060326,1498
662,0.008410310372710228,0.9984996318817139,1.0,0.380859375,0.0005703868421744981,1333
663,0.020794108510017395,0.995207667350769,1.0,0.59765625,0.000570282986136323,1252
664,0.014011033810675144,0.9979122877120972,1.0,0.83984375,0.0005701789579588984,479
665,0.02570798620581627,0.9918032884597778,1.0,0.83984375,0.0005700747577097269,1830
666,0.021405724808573723,0.9971469044685364,1.0,0.578125,0.000569970385456423,2103
667,0.014433803036808968,0.9941563010215759,1.0,0.765625,0.0005698658412667129,1369
668,0.008214595727622509,0.9990103840827942,1.0,0.25390625,0.0005697611252084338,2021
669,0.014975441619753838,0.9975271821022034,1.0,0.392578125,0.0005696562373495352,2022
670,0.015693802386522293,0.9976635575294495,1.0,0.404296875,0.0005695511777580774,1712
671,0.016680501401424408,0.9973118305206299,1.0,0.58984375,0.0005694459465022325,1488
672,0.027378005906939507,0.9928628206253052,1.0,0.71875,0.0005693405436502841,1261
673,0.028850510716438293,0.9907407164573669,1.0,1.1015625,0.0005692349692706267,1188
674,0.03801663964986801,0.9907497763633728,1.0,0.81640625,0.0005691292234317666,2054
675,0.015134294517338276,0.9975124597549438,1.0,0.421875,0.000569023306202321,2010
676,0.010414649732410908,0.9968404173851013,1.0,0.404296875,0.0005689172176510185,1266
677,0.011885355226695538,0.9955257177352905,1.0,0.5546875,0.0005688109578466987,1341
678,0.004194264765828848,0.9995024800300598,1.0,0.201171875,0.0005687045268583124,2010
679,0.011425046250224113,0.997544527053833,1.0,0.4609375,0.0005685979247549217,1629
680,0.01205194741487503,0.9980952143669128,1.0,0.49609375,0.0005684911516056996,1575
681,0.018664317205548286,0.9960063695907593,1.0,0.75,0.0005683842074799298,1252
682,0.015162612311542034,0.9954705834388733,1.0,0.474609375,0.0005682770924470074,1987
683,0.007347829639911652,0.9976266026496887,1.0,0.322265625,0.000568169806576438,1264
684,0.019072312861680984,0.9945571422576904,1.0,0.6640625,0.0005680623499378382,2021
685,0.004477291367948055,0.9992952942848206,1.0,0.21484375,0.0005679547226009356,1419
686,0.006854422856122255,0.9992877244949341,1.0,0.2353515625,0.0005678469246355684,1404
687,0.06286563724279404,0.9852150678634644,1.0,1.390625,0.0005677389561116856,744
688,0.010299699380993843,0.9975271821022034,1.0,0.26953125,0.0005676308170993466,2022
689,0.022013502195477486,0.9932482838630676,1.0,0.7109375,0.0005675225076687217,1333
690,0.018125426024198532,0.9958246350288391,1.0,0.6015625,0.0005674140278900916,479
691,0.011926956474781036,0.996363639831543,1.0,0.51953125,0.000567305377833848,1100
692,0.007168711628764868,0.9991666674613953,1.0,0.322265625,0.0005671965575704926,1200
693,0.03519149869680405,0.9907801151275635,1.0,1.015625,0.0005670875671706374,1410
694,0.005979935172945261,0.9982476830482483,1.0,0.296875,0.0005669784067050054,1712
695,0.009936961345374584,0.9964538812637329,1.0,0.5546875,0.0005668690762444296,1128
696,0.05805452540516853,0.9862920045852661,1.0,1.3125,0.0005667595758598532,1459
697,0.017138022929430008,0.9953079223632812,1.0,0.58203125,0.00056664990562233,1705
698,0.01711900345981121,0.9950177669525146,1.0,0.734375,0.0005665400656030236,1405
699,0.024085670709609985,0.9931439757347107,1.0,0.6640625,0.0005664300558732083,2042
700,0.011321406811475754,0.997474730014801,1.0,0.56640625,0.000566319876504268,1188
701,0.015518794767558575,0.9961748719215393,1.0,0.54296875,0.0005662095275676969,1830
702,0.007405356969684362,0.9993324279785156,1.0,0.353515625,0.0005660990091350992,1498
703,0.011915994808077812,0.9956182837486267,1.0,0.50390625,0.0005659883212781893,2054
704,0.007906177081167698,0.9983552694320679,1.0,0.341796875,0.0005658774640687912,1824
705,0.03477611765265465,0.994331955909729,1.0,0.9296875,0.0005657664375788389,1235
706,0.006611287593841553,0.9985390901565552,1.0,0.25390625,0.0005656552418803765,1369
707,0.030473513528704643,0.9902216196060181,1.0,0.98046875,0.0005655438770455574,1534
708,0.01968088559806347,0.9938183426856995,1.0,0.75390625,0.0005654323431466454,2103
709,0.010088223032653332,0.9973118305206299,1.0,0.466796875,0.0005653206402560132,1488
710,0.01993676647543907,0.9934640526771545,1.0,0.69921875,0.0005652087684461437,1224
711,0.011536378413438797,0.9977011680603027,0.75,0.53515625,0.0005650967277896296,1305
712,0.018471434712409973,0.9943042993545532,1.0,0.88671875,0.0005649845183591726,1229
713,0.0029485507402569056,1.0,1.0,0.07958984375,0.0005648721402275842,1206
714,0.010380784049630165,0.9986140131950378,1.0,0.515625,0.0005647595934677855,1443
715,0.029569534584879875,0.9948612451553345,1.0,0.81640625,0.0005646468781528068,1946
716,0.013219366781413555,0.9971988797187805,1.0,0.5703125,0.0005645339943557877,1071
717,0.026129473000764847,0.9932835698127747,1.0,0.84765625,0.0005644209421499773,1340
718,0.028585284948349,0.9938555955886841,1.0,0.88671875,0.0005643077216087342,1302
719,0.021464219316840172,0.9984139800071716,1.0,0.54296875,0.0005641943328055258,1261
720,0.018963351845741272,0.9958629012107849,1.0,0.58984375,0.0005640807758139288,1692
721,0.012378579936921597,0.9972727298736572,1.0,0.6015625,0.0005639670507076292,1100
722,0.015217529609799385,0.996195912361145,1.0,0.546875,0.0005638531575604221,2103
723,0.013689309358596802,0.9980443120002747,1.0,0.5703125,0.0005637390964462112,1534
724,0.008961097337305546,0.9975000023841858,1.0,0.498046875,0.0005636248674390097,1200
725,0.011107993312180042,0.9976359605789185,0.75,0.458984375,0.0005635104706129397,1692
726,0.06584742665290833,0.9830845594406128,1.0,1.21875,0.0005633959060422319,2010
727,0.018968170508742332,0.9965920448303223,1.0,0.44140625,0.0005632811738012259,2054
728,0.028140755370259285,0.9937369227409363,1.0,1.3125,0.0005631662739643704,479
729,0.02258882112801075,0.9917762875556946,1.0,0.9140625,0.0005630512066062226,1824
730,0.04659666493535042,0.9900497794151306,1.0,0.9921875,0.0005629359718014485,1206
731,0.012450188398361206,0.9952606558799744,1.0,0.6640625,0.0005628205696248227,1266
732,0.007337500341236591,0.9976038336753845,1.0,0.5390625,0.0005627050001512284,1252
733,0.02519710175693035,0.9933196306228638,1.0,0.76171875,0.0005625892634556573,1946
734,0.06436657160520554,0.9836714267730713,1.0,1.2109375,0.0005624733596132097,2021
735,0.041551392525434494,0.9885621070861816,1.0,1.171875,0.0005623572886990945,1224
736,0.02596915513277054,0.9936169981956482,1.0,0.99609375,0.0005622410507886286,1410
737,0.013009411282837391,0.9969992637634277,0.75,0.515625,0.0005621246459572379,1333
738,0.0262115728110075,0.9932795763015747,1.0,1.015625,0.0005620080742804558,744
739,0.01606345735490322,0.9959316253662109,1.0,0.52734375,0.0005618913358339246,1229
740,0.02290337346494198,0.9956172108650208,0.75,0.62109375,0.0005617744306933947,1369
741,0.04506754130125046,0.9892473220825195,0.75,0.87890625,0.0005616573589347245,1488
742,0.010853421874344349,0.9969348907470703,1.0,0.431640625,0.0005615401206338805,1305
743,0.03068631887435913,0.9912023544311523,1.0,0.79296875,0.0005614227158669376,1705
744,0.024225639179348946,0.9915433526039124,1.0,0.79296875,0.000561305144710078,1419
745,0.007185208611190319,0.9983805418014526,1.0,0.3359375,0.000561187407239593,1235
746,0.03764868155121803,0.9920196533203125,1.0,0.79296875,0.0005610695035318807,1629
747,0.0099871177226305,0.998132586479187,1.0,0.41015625,0.0005609514336634475,1071
748,0.009229080751538277,0.9972584247589111,0.75,0.4375,0.000560833197710908,1459
749,0.0261559896171093,0.9966621994972229,1.0,0.443359375,0.000560714795750984,1498
750,0.007824032567441463,0.9985765218734741,1.0,0.43359375,0.0005605962278605052,1405
751,0.02561941370368004,0.9941588640213013,1.0,0.6953125,0.0005604774941164093,1712
752,0.045292146503925323,0.9892063736915588,1.0,1.03125,0.0005603585945957411,1575
753,0.025513896718621254,0.9945598244667053,1.0,0.57421875,0.0005602395293756532,2022
754,0.04278761148452759,0.9890710115432739,1.0,0.76171875,0.0005601202985334058,1830
755,0.04321454092860222,0.9924242496490479,1.0,0.9765625,0.0005600009021463665,1188
756,0.020354991778731346,0.9940298795700073,1.0,0.72265625,0.0005598813402920103,1340
757,0.04150128737092018,0.9865771532058716,1.0,1.0546875,0.0005597616130479195,1341
758,0.024375205859541893,0.9909411072731018,1.0,0.76953125,0.000559641720491784,1987
759,0.007695116102695465,0.9973404407501221,1.0,0.396484375,0.0005595216627014007,1128
760,0.023244064301252365,0.9952418804168701,1.0,0.8828125,0.0005594014397546736,1261
761,0.010544830933213234,0.9984177350997925,1.0,0.37890625,0.0005592810517296144,1264
762,0.031064756214618683,0.9938555955886841,1.0,0.67578125,0.0005591604987043414,1302
763,0.01703147031366825,0.9958419799804688,1.0,0.734375,0.0005590397807570802,1443
764,0.017306843772530556,0.995726466178894,1.0,0.65234375,0.0005589188979661633,1404
765,0.01957704871892929,0.9941233992576599,1.0,0.51171875,0.0005587978504100302,2042
766,0.003182379761710763,1.0,1.0,0.06787109375,0.0005586766381672275,1575
767,0.02226676046848297,0.9950544238090515,1.0,0.4453125,0.0005585552613164085,2022
768,0.02167617343366146,0.9928292036056519,1.0,0.703125,0.000558433719936333,1534
769,0.03603094071149826,0.9932835698127747,1.0,0.77734375,0.0005583120141058683,1340
770,0.004912849981337786,0.9985755085945129,1.0,0.390625,0.0005581901439039879,1404
771,0.0170268751680851,0.9947693943977356,0.75,0.447265625,0.0005580681094097717,2103
772,0.022592416033148766,0.9946808218955994,1.0,1.109375,0.000557945910702407,1128
773,0.023835642263293266,0.9950000047683716,1.0,0.63671875,0.000557823547861187,1200
774,0.033297937363386154,0.9935483932495117,1.0,0.60546875,0.0005577010209655117,1705
775,0.006128344684839249,0.998993456363678,1.0,0.259765625,0.0005575783300948874,1987
776,0.012859364971518517,0.9975259900093079,1.0,0.43359375,0.0005574554753289269,2021
777,0.02890331670641899,0.9924980998039246,1.0,0.8359375,0.0005573324567473494,1333
778,0.02226465754210949,0.9941956996917725,1.0,0.71484375,0.0005572092744299802,1206
779,0.01015816442668438,0.9976359605789185,1.0,0.390625,0.000557085928456751,1692
780,0.009484261274337769,0.996265172958374,1.0,0.68359375,0.0005569624189076996,1071
781,0.01721256785094738,0.9961622953414917,1.0,0.54296875,0.0005568387458629702,1824
782,0.015073687769472599,0.9968051314353943,1.0,0.6796875,0.0005567149094028129,1252
783,0.012745467945933342,0.9965920448303223,1.0,0.5390625,0.0005565909096075835,2054
784,0.015147135592997074,0.9969306588172913,1.0,0.482421875,0.0005564667465577444,1629
785,0.006380216218531132,0.997551441192627,1.0,0.3125,0.0005563424203338636,2042
786,0.029750734567642212,0.9915433526039124,1.0,0.87109375,0.0005562179310166151,1419
787,0.015245362184941769,0.9984177350997925,1.0,0.373046875,0.0005560932786867785,1264
788,0.015145787037909031,0.9972727298736572,1.0,0.5859375,0.0005559684634252395,1100
789,0.00874324981123209,0.9976303577423096,1.0,0.490234375,0.0005558434853129892,1266
790,0.005229143891483545,0.9989722371101379,1.0,0.287109375,0.0005557183444311249,1946
791,0.03990847244858742,0.9931034445762634,1.0,0.75390625,0.0005555930408608486,1305
792,0.012805857695639133,0.9970781803131104,1.0,0.373046875,0.0005554675746834689,1369
793,0.0152435302734375,0.9967453479766846,1.0,0.4375,0.0005553419459803993,1229
794,0.04032507166266441,0.991830050945282,1.0,0.84765625,0.0005552161548331588,1224
795,0.002793408464640379,1.0,1.0,0.09521484375,0.000555090201323372,1235
796,0.015531412325799465,0.9979122877120972,1.0,0.98046875,0.0005549640855327687,479
797,0.034454233944416046,0.9913217425346375,1.0,0.7890625,0.0005548378075431843,1498
798,0.016466911882162094,0.9962714314460754,1.0,0.435546875,0.0005547113674365589,1341
799,0.019896045327186584,0.9940298795700073,1.0,0.625,0.0005545847652949383,2010
800,0.007214858662337065,0.9992907643318176,1.0,0.306640625,0.0005544580012004732,1410
801,0.032176949083805084,0.9932795763015747,1.0,0.71875,0.0005543310752354194,1488
802,0.008392262272536755,0.9993069767951965,1.0,0.376953125,0.0005542039874821378,1443
803,0.0037441037129610777,1.0,1.0,0.10595703125,0.0005540767380230944,1459
804,0.025524327531456947,0.9943060278892517,1.0,0.66796875,0.0005539493269408598,1405
805,0.016730448231101036,0.9982476830482483,1.0,0.380859375,0.0005538217543181097,1712
806,0.03937162086367607,0.9898989796638489,1.0,0.83984375,0.0005536940202376248,1188
807,0.015129663981497288,0.9976209402084351,1.0,0.361328125,0.0005535661247822901,1261
808,0.011384854093194008,0.9959677457809448,1.0,0.75,0.0005534380680350957,744
809,0.028858542442321777,0.9915514588356018,1.0,0.7109375,0.0005533098500791362,1302
810,0.026390286162495613,0.9934425950050354,1.0,0.7578125,0.0005531814709976108,1830
811,0.025916416198015213,0.9934906363487244,1.0,0.6484375,0.0005530529308738235,1229
812,0.009895531460642815,0.9958540797233582,1.0,0.376953125,0.0005529242297911823,1206
813,0.01924361288547516,0.9942857027053833,1.0,0.59765625,0.0005527953678332001,1575
814,0.021415790542960167,0.9964538812637329,1.0,0.75,0.000552666345083494,1410
815,0.006991521455347538,0.9992877244949341,1.0,0.19921875,0.0005525371616257852,1404
816,0.011735500767827034,0.9976266026496887,1.0,0.44140625,0.0005524078175439001,1264
817,0.00695752864703536,0.9989722371101379,1.0,0.240234375,0.0005522783129217679,1946
818,0.020275134593248367,0.9939516186714172,1.0,0.5703125,0.0005521486478434234,1488
819,0.015950635075569153,0.9965174198150635,1.0,0.458984375,0.0005520188223930044,2010
820,0.009272363036870956,0.9983805418014526,1.0,0.40625,0.0005518888366547535,1235
821,0.03512600436806679,0.9921773076057434,1.0,0.60546875,0.0005517586907130168,1534
822,0.008037849329411983,0.9979438185691833,1.0,0.33984375,0.0005516283846522448,1459
823,0.0027993246912956238,1.0,1.0,0.103515625,0.0005514979185569916,1369
824,0.02203795686364174,0.9947429895401001,1.0,0.56640625,0.0005513672925119153,1712
825,0.027247445657849312,0.9964413046836853,1.0,0.515625,0.0005512365066017775,1405
826,0.016990335658192635,0.9964538812637329,1.0,0.63671875,0.000551105560911444,1128
827,0.01011965237557888,0.9977611899375916,1.0,0.44921875,0.000550974455525884,1340
828,0.005021009594202042,0.9983333349227905,1.0,0.349609375,0.0005508431905301703,1200
829,0.006776644382625818,0.9978858232498169,1.0,0.31640625,0.0005507117660094792,1419
830,0.033190011978149414,0.9899345636367798,1.0,0.734375,0.0005505801820490909,1987
831,0.013491818681359291,0.9958944320678711,1.0,0.388671875,0.0005504484387343888,1705
832,0.0024970821104943752,1.0,1.0,0.072265625,0.0005503165361508595,1443
833,0.02092074044048786,0.9936363697052002,1.0,0.5546875,0.0005501844743840933,1100
834,0.0030809545423835516,0.9991582632064819,1.0,0.1259765625,0.0005500522535197835,1188
835,0.021224068477749825,0.9945571422576904,1.0,0.4921875,0.000549919873643727,2021
836,0.008314725011587143,0.9973118305206299,1.0,0.546875,0.0005497873348418235,744
837,0.011071289889514446,0.9970171451568604,1.0,0.416015625,0.000549654637200076,1341
838,0.01654251292347908,0.9982269406318665,1.0,0.345703125,0.0005495217808045907,1692
839,0.014156905002892017,0.9969992637634277,1.0,0.384765625,0.0005493887657415764,1333
840,0.015134851448237896,0.9960063695907593,1.0,0.609375,0.0005492555920973454,1252
841,0.018709611147642136,0.9965920448303223,1.0,0.466796875,0.0005491222599583126,2054
842,0.0026589289773255587,1.0,1.0,0.0947265625,0.0005489887694109957,1302
843,0.0036215526051819324,0.998420238494873,1.0,0.2255859375,0.0005488551205420152,1266
844,0.011187387630343437,0.9970617294311523,1.0,0.279296875,0.0005487213134380944,2042
845,0.004076678305864334,0.9989035129547119,1.0,0.1875,0.0005485873481860595,1824
846,0.0038113330956548452,0.9992337226867676,1.0,0.158203125,0.000548453224872839,1305
847,0.015773087739944458,0.9971988797187805,1.0,0.412109375,0.0005483189435854639,1071
848,0.008508963510394096,0.9981583952903748,1.0,0.3203125,0.000548184504411068,1629
849,0.018890053033828735,0.9952448606491089,1.0,0.466796875,0.0005480499074368873,2103
850,0.003290389897301793,0.9995054602622986,1.0,0.12890625,0.0005479151527502606,2022
851,0.03464977443218231,0.991830050945282,1.0,0.78125,0.0005477802404386286,1224
852,0.014602355659008026,0.9959946870803833,1.0,0.4296875,0.0005476451705895343,1498
853,0.009779002517461777,0.9976209402084351,1.0,0.48828125,0.0005475099432906232,1261
854,0.014512810856103897,0.9937369227409363,1.0,0.84375,0.0005473745586296426,479
855,0.004262810107320547,0.9994535446166992,1.0,0.173828125,0.0005472390166944426,1830
856,0.01233639009296894,0.9982476830482483,1.0,0.337890625,0.0005471033175729745,1712
857,0.004173428751528263,0.9986140131950378,1.0,0.2578125,0.0005469674613532921,1443
858,0.01567016914486885,0.9971988797187805,1.0,0.474609375,0.0005468314481235511,1071
859,0.04936349764466286,0.9896166324615479,1.0,1.109375,0.000546695277972009,1252
860,0.021625427529215813,0.9952418804168701,1.0,0.65234375,0.0005465589509870249,1261
861,0.010263080708682537,0.9971510171890259,1.0,0.3359375,0.0005464224672570602,1404
862,0.015788303688168526,0.9974306225776672,1.0,0.35546875,0.0005462858268706775,1946
863,0.038660693913698196,0.9934640526771545,1.0,0.796875,0.0005461490299165413,1224
864,0.016868731006979942,0.9947761297225952,1.0,0.5703125,0.0005460120764834177,1340
865,0.013810786418616772,0.9969992637634277,1.0,0.46875,0.0005458749666601744,1333
866,0.013145276345312595,0.9959946870803833,1.0,0.52734375,0.0005457377005357803,1498
867,0.05082061141729355,0.9918181896209717,1.0,1.1171875,0.0005456002781993061,1100
868,0.016312623396515846,0.9940342903137207,1.0,0.71484375,0.0005454626997399235,1341
869,0.01882857456803322,0.9958944320678711,1.0,0.47265625,0.0005453249652469057,1705
870,0.01740197464823723,0.9952957034111023,1.0,0.6484375,0.000545187074809627,1488
871,0.024922216311097145,0.9941563010215759,1.0,0.72265625,0.0005450490285175631,1369
872,0.008318821899592876,0.9984674453735352,1.0,0.37890625,0.000544910826460291,1305
873,0.016579804942011833,0.9970788955688477,1.0,0.46484375,0.0005447724687274881,2054
874,0.01578899472951889,0.9950519800186157,1.0,0.51171875,0.0005446339554089335,2021
875,0.023354077711701393,0.9944707751274109,1.0,0.63671875,0.0005444952865945068,1266
876,0.014871456660330296,0.9975124597549438,1.0,0.330078125,0.000544356462374189,1206
877,0.011480349116027355,0.9976266026496887,1.0,0.40625,0.0005442174828380613,1264
878,0.02371150441467762,0.9947848916053772,1.0,0.64453125,0.0005440783480763061,1534
879,0.06036292016506195,0.9895615577697754,1.0,1.6171875,0.0005439390581792065,479
880,0.004328998737037182,1.0,1.0,0.16796875,0.0005437996132371462,744
881,0.022071052342653275,0.9946808218955994,1.0,0.6640625,0.0005436600133406095,1128
882,0.023304754868149757,0.994331955909729,1.0,0.73046875,0.0005435202585801811,1235
883,0.019332246854901314,0.997551441192627,1.0,0.36328125,0.0005433803490465465,2042
884,0.029537055641412735,0.9930761456489563,1.0,0.6328125,0.0005432402848304917,2022
885,0.011119169183075428,0.9988179802894592,1.0,0.375,0.0005431000660229023,1692
886,0.005237933248281479,0.9995244741439819,1.0,0.1533203125,0.0005429596927147653,2103
887,0.00867151003330946,0.9984639286994934,1.0,0.361328125,0.0005428191649971671,1302
888,0.009056604467332363,0.9987722635269165,1.0,0.29296875,0.0005426784829612947,1629
889,0.005637370049953461,0.9994535446166992,1.0,0.11279296875,0.0005425376466984352,1830
890,0.02057231217622757,0.9957447052001953,1.0,0.51953125,0.0005423966562999755,1410
891,0.02299458347260952,0.9968253970146179,1.0,0.5078125,0.0005422555118574031,1575
892,0.003702642163261771,1.0,1.0,0.1396484375,0.0005421142134623048,1200
893,0.0183461494743824,0.998009979724884,1.0,0.37109375,0.0005419727612063677,2010
894,0.011700872331857681,0.9989035129547119,1.0,0.1923828125,0.0005418311551813787,1824
895,0.015497524291276932,0.9951179623603821,0.75,0.5703125,0.0005416893954792244,1229
896,0.02183706685900688,0.9964771270751953,1.0,0.431640625,0.0005415474821918909,1987
897,0.013005785644054413,0.9986292123794556,1.0,0.2451171875,0.0005414054154114644,1459
898,0.004050548188388348,0.9991582632064819,1.0,0.2041015625,0.0005412631952301305,1188
899,0.021524451673030853,0.9978647828102112,1.0,0.341796875,0.0005411208217401744,1405
900,0.015884319320321083,0.996476411819458,1.0,0.298828125,0.0005409782950339803,1419
901,0.008049145340919495,0.9988269805908203,1.0,0.2119140625,0.0005408356152040327,1705
902,0.006063181906938553,0.9988179802894592,1.0,0.263671875,0.0005406927823429149,1692
903,0.0024173040874302387,1.0,1.0,0.068359375,0.0005405497965433095,1498
904,0.002416266594082117,0.9992952942848206,1.0,0.103515625,0.0005404066578979983,1419
905,0.013729842379689217,0.9963477253913879,1.0,0.5078125,0.0005402633664998627,1369
906,0.004066583700478077,1.0,1.0,0.1376953125,0.0005401199224418828,1305
907,0.0016590156592428684,1.0,1.0,0.03271484375,0.0005399763258171378,1443
908,0.00513517064973712,0.9994967579841614,1.0,0.1357421875,0.0005398325767188061,1987
909,0.00548444502055645,0.9984139800071716,1.0,0.306640625,0.000539688675240165,1261
910,0.0017106019658967853,1.0,1.0,0.03759765625,0.0005395446214745904,1341
911,0.0216217041015625,0.9962490797042847,1.0,0.58203125,0.0005394004155155574,1333
912,0.0037064903881400824,0.9990909099578857,1.0,0.263671875,0.0005392560574566397,1100
913,0.003453661222010851,0.9990489482879639,1.0,0.1259765625,0.0005391115473915095,2103
914,0.002558643463999033,0.9993146061897278,1.0,0.1376953125,0.0005389668854139379,1459
915,0.0038579916581511497,0.9994158744812012,1.0,0.169921875,0.0005388220716177945,1712
916,0.003551523433998227,0.9990103840827942,1.0,0.17578125,0.0005386771060970475,2021
917,0.015548871830105782,0.9967405200004578,1.0,0.447265625,0.0005385319889457631,1534
918,0.005627716425806284,0.9995131492614746,1.0,0.10498046875,0.0005383867202581067,2054
919,0.002906669629737735,1.0,1.0,0.248046875,0.0005382413001283413,1128
920,0.025780940428376198,0.9942810535430908,1.0,0.78125,0.0005380957286508285,1224
921,0.028031058609485626,0.9950142502784729,1.0,0.39453125,0.0005379500059200282,1404
922,0.007643497548997402,0.9971988797187805,1.0,0.5390625,0.000537804132030498,1071
923,0.0019195915665477514,1.0,1.0,0.09765625,0.0005376581070768941,1264
924,0.012917276471853256,0.9977611899375916,1.0,0.50390625,0.0005375119311539704,1340
925,0.003954858053475618,0.9992882609367371,1.0,0.232421875,0.000537365604356579,1405
926,0.009803402237594128,0.9983416199684143,1.0,0.373046875,0.0005372191267796698,1206
927,0.0033613652922213078,0.9994861483573914,1.0,0.166015625,0.0005370724985182901,1946
928,0.008380179293453693,0.998009979724884,1.0,0.453125,0.0005369257196675859,2010
929,0.009043468162417412,0.9976958632469177,1.0,0.60546875,0.0005367787903228002,1302
930,0.027222903445363045,0.9937369227409363,1.0,1.7421875,0.0005366317105792738,479
931,0.009039497002959251,0.9987722635269165,1.0,0.5078125,0.0005364844805324452,1629
932,0.00815555453300476,0.9976038336753845,1.0,0.66015625,0.0005363371002778503,1252
933,0.039062824100255966,0.9943262338638306,1.0,0.60546875,0.0005361895699111227,1410
934,0.0071937995962798595,0.9985308647155762,1.0,0.373046875,0.0005360418895279932,2042
935,0.0022693558130413294,1.0,1.0,0.11083984375,0.0005358940592242898,1266
936,0.002301603090018034,1.0,1.0,0.1591796875,0.0005357460790959383,1200
937,0.006340690888464451,0.9990108609199524,1.0,0.390625,0.0005355979492389613,2022
938,0.004623120184987783,0.9986559152603149,1.0,0.357421875,0.0005354496697494784,744
939,0.01600482314825058,0.9961748719215393,1.0,0.77734375,0.0005353012407237069,1830
940,0.0015583886997774243,1.0,1.0,0.05029296875,0.0005351526622579606,1488
941,0.021638453006744385,0.9959316253662109,1.0,0.671875,0.0005350039344486506,1229
942,0.004093581810593605,0.9991582632064819,1.0,0.2216796875,0.0005348550573922845,1188
943,0.02178778499364853,0.9956140518188477,1.0,0.58203125,0.0005347060311854672,1824
944,0.019860846921801567,0.9935222864151001,1.0,0.875,0.0005345568559249002,1235
945,0.0074667660519480705,0.9974603056907654,1.0,0.4453125,0.0005344075317073817,1575
946,0.016086841002106667,0.9952531456947327,1.0,0.66796875,0.0005342580586298063,1264
947,0.0031874163541942835,0.9984025359153748,1.0,0.251953125,0.0005341084367891659,1252
948,0.01991915889084339,0.9959946870803833,1.0,0.38671875,0.0005339586662825481,1498
949,0.0037593746092170477,0.9990909099578857,1.0,0.271484375,0.0005338087472071376,1100
950,0.004817454610019922,0.9987722635269165,1.0,0.392578125,0.0005336586796602152,1629
951,0.003583172569051385,0.9991666674613953,1.0,0.2578125,0.000533508463739158,1200
952,0.0013562393141910434,1.0,1.0,0.02880859375,0.0005333580995414396,1488
953,0.011896282434463501,0.996927797794342,1.0,0.4453125,0.0005332075871646297,1302
954,0.011404973454773426,0.997551441192627,1.0,0.419921875,0.0005330569267063941,2042
955,0.022745374590158463,0.9958875775337219,1.0,0.474609375,0.0005329061182644946,1459
956,0.01395054068416357,0.9946359992027283,1.0,0.578125,0.0005327551619367895,1305
957,0.006939372513443232,0.9993069767951965,1.0,0.07373046875,0.0005326040578212324,1443
958,0.00526469387114048,0.9994134902954102,1.0,0.0947265625,0.0005324528060158733,1705
959,0.004785723518580198,0.9985755085945129,1.0,0.267578125,0.0005323014066188577,1404
960,0.023139281198382378,0.9946808218955994,1.0,0.51171875,0.0005321498597284273,1692
961,0.019036173820495605,0.996265172958374,1.0,0.52734375,0.0005319981654429189,1071
962,0.009356044232845306,0.9985156059265137,1.0,0.203125,0.0005318463238607655,2021
963,0.00192173826508224,1.0,1.0,0.06103515625,0.0005316943350804953,1575
964,0.015407097525894642,0.9968279004096985,1.0,0.384765625,0.0005315421992007323,1261
965,0.0053811813704669476,0.9991582632064819,1.0,0.35546875,0.0005313899163201958,1188
966,0.01604020968079567,0.9943060278892517,1.0,0.59375,0.0005312374865377005,1405
967,0.0243377648293972,0.9975708723068237,1.0,0.34765625,0.0005310849099521563,1235
968,0.0022341592703014612,0.9992907643318176,1.0,0.142578125,0.0005309321866625687,1410
969,0.008242259733378887,0.9978070259094238,1.0,0.32421875,0.000530779316768038,1824
970,0.013247658498585224,0.9937369227409363,1.0,1.1015625,0.0005306263003677599,479
971,0.0028795350808650255,0.9991135001182556,1.0,0.296875,0.0005304731375610252,1128
972,0.0044918786734342575,0.9989722371101379,1.0,0.287109375,0.0005303198284472194,1946
973,0.0023285544011741877,1.0,1.0,0.1318359375,0.0005301663731258231,1340
974,0.04985571652650833,0.9893791079521179,1.0,0.92578125,0.000530012771696412,1224
975,0.015447932295501232,0.9956284165382385,1.0,0.5859375,0.0005298590242586562,1830
976,0.013562419451773167,0.9966832399368286,1.0,0.52734375,0.0005297051309123208,1206
977,0.019860196858644485,0.9932482838630676,1.0,0.70703125,0.0005295510917572657,1333
978,0.02913397178053856,0.9950669407844543,1.0,0.59375,0.0005293969068934449,1419
979,0.00592045346274972,0.9992695450782776,1.0,0.4453125,0.0005292425764209076,1369
980,0.017421498894691467,0.9950544238090515,1.0,0.70703125,0.0005290881004397969,2022
981,0.008854763582348824,0.9980525970458984,1.0,0.365234375,0.0005289334790503507,2054
982,0.010066065937280655,0.9962714314460754,1.0,0.4296875,0.0005287787123529012,1341
983,0.0045127272605896,0.9994158744812012,1.0,0.2275390625,0.0005286238004478748,1712
984,0.027705052867531776,0.9928910136222839,1.0,0.8828125,0.0005284687434357921,1266
985,0.0041106040589511395,0.9994967579841614,1.0,0.201171875,0.000528313541417268,1987
986,0.010973305441439152,0.998009979724884,1.0,0.376953125,0.0005281581944930115,2010
987,0.006392444483935833,0.9985734820365906,1.0,0.390625,0.0005280027027638252,2103
988,0.024209054186940193,0.9932795763015747,1.0,1.15625,0.0005278470663306062,744
989,0.011890135705471039,0.9951179623603821,1.0,0.5546875,0.0005276912852943452,1229
990,0.04108475148677826,0.9921773076057434,1.0,0.703125,0.0005275353597561271,1534
991,0.002376161515712738,1.0,1.0,0.2578125,0.0005273792898171298,479
992,0.023308977484703064,0.9957912564277649,1.0,0.734375,0.000527223075578626,1188
993,0.01771514303982258,0.9947429895401001,1.0,0.609375,0.0005270667171419809,1712
994,0.024201881140470505,0.9940623641014099,1.0,0.62109375,0.000526910214608654,2021
995,0.014821507036685944,0.9950177669525146,0.75,0.5703125,0.0005267535680801981,1405
996,0.0036680824123322964,0.9994967579841614,1.0,0.169921875,0.0005265967776582595,1987
997,0.010820573195815086,0.9980443120002747,1.0,0.306640625,0.0005264398434445776,1534
998,0.015976356342434883,0.9961597323417664,1.0,0.44921875,0.0005262827655409855,1302
999,0.037613395601511,0.9917762875556946,1.0,0.7578125,0.0005261255440494093,1824
1000,0.027617186307907104,0.9920886158943176,1.0,0.83984375,0.0005259681790718681,1264
1001,0.029802311211824417,0.9936336874961853,1.0,0.62109375,0.0005258106707104747,2042
1002,0.022406762465834618,0.9952957034111023,1.0,0.65234375,0.0005256530190674344,1488
1003,0.00709712877869606,0.9984139800071716,1.0,0.376953125,0.0005254952242450456,1261
1004,0.004808826372027397,0.9995131492614746,1.0,0.22265625,0.0005253372863456996,2054
1005,0.006588565185666084,0.9981583952903748,1.0,0.392578125,0.0005251792054718807,1629
1006,0.015133766457438469,0.9955673813819885,1.0,0.5078125,0.0005250209817261658,1128
1007,0.01249754149466753,0.9967453479766846,1.0,0.53515625,0.0005248626152112246,1229
1008,0.02270626462996006,0.9946808218955994,1.0,0.7109375,0.0005247041060298194,1692
1009,0.0014329178957268596,1.0,1.0,0.03759765625,0.0005245454542848052,1252
1010,0.014297188259661198,0.9968404173851013,1.0,0.478515625,0.0005243866600791291,1266
1011,0.030665794387459755,0.9935483932495117,1.0,0.62890625,0.0005242277235158312,1705
1012,0.013327798806130886,0.9958875775337219,1.0,0.59765625,0.0005240686446980437,1459
1013,0.00768591882660985,0.9990662932395935,1.0,0.53125,0.0005239094237289909,1071
1014,0.010598738677799702,0.996476411819458,1.0,0.490234375,0.0005237500607119898,1419
1015,0.029147805646061897,0.9935897588729858,1.0,0.6875,0.0005235905557504493,1404
1016,0.018718227744102478,0.9939890503883362,1.0,0.66015625,0.0005234309089478703,1830
1017,0.025904839858412743,0.9930761456489563,1.0,0.734375,0.000523271120407846,2022
1018,0.030811060220003128,0.9927272796630859,1.0,0.79296875,0.0005231111902340614,1100
1019,0.03409932181239128,0.9927125573158264,1.0,0.890625,0.0005229511185302935,1235
1020,0.022784262895584106,0.9940298795700073,1.0,0.6171875,0.0005227909054004109,2010
1021,0.01133649330586195,0.9977011680603027,1.0,0.50390625,0.0005226305509483743,1305
1022,0.019316216930747032,0.9964028596878052,1.0,0.5234375,0.0005224700552782361,1946
1023,0.03408564254641533,0.9936169981956482,1.0,0.71484375,0.00052230941849414,1410
1024,0.031316984444856644,0.991916298866272,1.0,0.70703125,0.0005221486407003216,2103
1025,0.02465231530368328,0.9941666722297668,1.0,0.80859375,0.0005219877220011077,1200
1026,0.04518447816371918,0.9902475476264954,1.0,0.84375,0.0005218266625009168,1333
1027,0.005126361269503832,0.9985074400901794,1.0,0.29296875,0.0005216654623042587,1340
1028,0.015087775886058807,0.9959677457809448,1.0,0.74609375,0.0005215041215157345,744
1029,0.012655144557356834,0.9968253970146179,1.0,0.50390625,0.0005213426402400363,1575
1030,0.034756287932395935,0.9901960492134094,1.0,0.6484375,0.0005211810185819477,1224
1031,0.03274276852607727,0.9912344813346863,1.0,0.87890625,0.0005210192566463431,1369
1032,0.014237634837627411,0.9966832399368286,1.0,0.416015625,0.0005208573545381882,1206
1033,0.020824242383241653,0.9944559931755066,1.0,0.6015625,0.0005206953123625395,1443
1034,0.02285892888903618,0.9939919710159302,1.0,0.6875,0.0005205331302245444,1498
1035,0.033619895577430725,0.991051435470581,1.0,0.81640625,0.000520370808229441,1341
1036,0.03114159032702446,0.9918181896209717,1.0,0.8671875,0.0005202083464825583,1100
1037,0.014186457730829716,0.9953314661979675,1.0,0.70703125,0.0005200457450893164,1071
1038,0.009349229745566845,0.9977611899375916,1.0,0.396484375,0.000519883004155225,1340
1039,0.05311982333660126,0.9864116907119751,1.0,0.84375,0.0005197201237858852,1987
1040,0.016083508729934692,0.9968404173851013,1.0,0.59765625,0.0005195571040869882,1266
1041,0.013044248335063457,0.995720386505127,1.0,0.33203125,0.0005193939451643158,2103
1042,0.02868110127747059,0.9910130500793457,1.0,0.76953125,0.0005192306471237401,1224
1043,0.008747455663979053,0.9989070892333984,1.0,0.251953125,0.0005190672100712232,1830
1044,0.0053407070226967335,0.9986559152603149,1.0,0.46484375,0.0005189036341128178,744
1045,0.019149288535118103,0.9905914068222046,1.0,0.671875,0.0005187399193546667,1488
1046,0.02791452221572399,0.9938313961029053,1.0,0.6015625,0.0005185760659030023,1459
1047,0.033299531787633896,0.9888976812362671,1.0,0.78125,0.0005184120738641475,1261
1048,0.007115266285836697,0.9992877244949341,1.0,0.302734375,0.0005182479433445151,1404
1049,0.014201321639120579,0.9960435032844543,1.0,0.380859375,0.0005180836744506075,2022
1050,0.031636595726013184,0.9947848916053772,1.0,0.50390625,0.0005179192672890167,1534
1051,0.013486064039170742,0.9980952143669128,1.0,0.388671875,0.0005177547219664253,1575
1052,0.019677864387631416,0.9959316253662109,1.0,0.546875,0.0005175900385896044,1229
1053,0.021554287523031235,0.9961685538291931,1.0,0.5703125,0.0005174252172654157,1305
1054,0.012591498903930187,0.9957447052001953,1.0,0.451171875,0.0005172602581008097,1410
1055,0.015674937516450882,0.9971530437469482,1.0,0.5390625,0.0005170951612028267,1405
1056,0.017564281821250916,0.9947214126586914,1.0,0.578125,0.0005169299266785962,1705
1057,0.004467741120606661,0.9992952942848206,1.0,0.3125,0.0005167645546353372,1419
1058,0.01806715875864029,0.9938612580299377,1.0,0.6953125,0.0005165990451803579,1629
1059,0.007107016164809465,0.9979209899902344,1.0,0.46484375,0.0005164333984210554,1443
1060,0.015081709250807762,0.996666669845581,1.0,0.5703125,0.0005162676144649162,1200
1061,0.005373237654566765,0.9988317489624023,1.0,0.45703125,0.0005161016934195156,1712
1062,0.00852737296372652,0.9983416199684143,1.0,0.5703125,0.0005159356353925181,1206
1063,0.01651676930487156,0.993034839630127,1.0,0.5234375,0.000515769440491677,2010
1064,0.0059942943044006824,0.9979122877120972,1.0,0.55859375,0.0005156031088248341,479
1065,0.004673005547374487,0.9992542862892151,1.0,0.287109375,0.0005154366404999203,1341
1066,0.0020056392531841993,1.0,1.0,0.048095703125,0.0005152700356249553,1264
1067,0.029865488409996033,0.9946131110191345,1.0,0.5078125,0.0005151032943080469,2042
1068,0.024240178987383842,0.993794322013855,1.0,1.0,0.0005149364166573922,1128
1069,0.012635184451937675,0.9983165264129639,1.0,0.28515625,0.0005147694027812758,1188
1070,0.020281251519918442,0.9961597323417664,1.0,0.5859375,0.0005146022527880714,1302
1071,0.010545228607952595,0.9984583854675293,1.0,0.28125,0.0005144349667862406,1946
1072,0.02284199558198452,0.9959946870803833,1.0,0.58984375,0.0005142675448843337,1498
1073,0.004550354089587927,0.9976038336753845,1.0,0.318359375,0.0005140999871909891,1252
1074,0.016957974061369896,0.9956140518188477,1.0,0.640625,0.0005139322938149328,1824
1075,0.013982095755636692,0.9969992637634277,1.0,0.48828125,0.0005137644648649795,1333
1076,0.004522393923252821,0.9994089603424072,1.0,0.2421875,0.0005135965004500315,1692
1077,0.005051836837083101,0.9990262985229492,1.0,0.2119140625,0.0005134284006790789,2054
1078,0.025596078485250473,0.9955467581748962,1.0,0.50390625,0.0005132601656612001,2021
1079,0.042700979858636856,0.991093099117279,1.0,0.98828125,0.0005130917955055609,1235
1080,0.0072904834523797035,0.9970781803131104,1.0,0.4375,0.0005129232903214147,1369
1081,0.018212424591183662,0.9964771270751953,1.0,0.443359375,0.0005127546502181028,1987
1082,0.0025394377298653126,1.0,1.0,0.1494140625,0.0005125858753050539,1369
1083,0.019853215664625168,0.9932795763015747,1.0,0.9609375,0.0005124169656917844,744
1084,0.021372174844145775,0.9964028596878052,1.0,0.55078125,0.0005122479214878977,1946
1085,0.0073584322817623615,0.9976224303245544,1.0,0.392578125,0.0005120787428030847,2103
1086,0.0064702341333031654,0.9992101192474365,1.0,0.392578125,0.0005119094297471238,1266
1087,0.012106676585972309,0.9984639286994934,1.0,0.36328125,0.0005117399824298803,1302
1088,0.02434496022760868,0.9940898418426514,1.0,0.9921875,0.0005115704009613067,1692
1089,0.02343573048710823,0.9945175647735596,1.0,0.5859375,0.0005114006854514427,1824
1090,0.022255294024944305,0.9940298795700073,1.0,0.71484375,0.0005112308360104149,1340
1091,0.01932940073311329,0.9951179623603821,1.0,0.77734375,0.0005110608527484363,1229
1092,0.02591613121330738,0.9946595430374146,1.0,1.0625,0.0005108907357758077,1498
1093,0.014348295517265797,0.9985085725784302,1.0,0.35546875,0.000510720485202916,1341
1094,0.00850164145231247,0.9982404708862305,1.0,0.35546875,0.0005105501011402349,1705
1095,0.010167902335524559,0.9960349202156067,0.75,0.51953125,0.0005103795836983248,1261
1096,0.038277290761470795,0.9917460083961487,1.0,1.46875,0.0005102089329878327,1575
1097,0.04585236683487892,0.9871495366096497,1.0,0.94921875,0.0005100381491194917,1712
1098,0.053846608847379684,0.9869281053543091,1.0,1.2421875,0.0005098672322041219,1071
1099,0.010511445812880993,0.998516321182251,1.0,0.33984375,0.0005096961823526294,2022
1100,0.021000156179070473,0.9944559931755066,1.0,0.66015625,0.0005095249996760065,1443
1101,0.017239131033420563,0.9960198998451233,1.0,0.6640625,0.0005093536842853318,2010
1102,0.01737530156970024,0.9939985275268555,1.0,0.6953125,0.00050918223629177,1333
1103,0.023879818618297577,0.9928961992263794,1.0,0.7734375,0.0005090106558065718,1830
1104,0.003878819290548563,0.9995052218437195,1.0,0.1494140625,0.0005088389429410739,2021
1105,0.025561973452568054,0.9934640526771545,1.0,0.59375,0.0005086670978066991,1224
1106,0.017571255564689636,0.9965729713439941,1.0,0.51953125,0.0005084951205149557,1459
1107,0.003177858656272292,0.9993481040000916,1.0,0.1796875,0.000508323011177438,1534
1108,0.012240692041814327,0.997863233089447,1.0,0.3671875,0.0005081507699058256,1404
1109,0.03948017954826355,0.9932659864425659,1.0,0.7109375,0.0005079783968118842,1188
1110,0.06815679371356964,0.987500011920929,1.0,1.1015625,0.000507805892007465,1200
1111,0.012813974171876907,0.9961051344871521,1.0,0.44921875,0.0005076332556045041,2054
1112,0.027870357036590576,0.9935222864151001,1.0,0.6328125,0.0005074604877150237,1235
1113,0.02554050087928772,0.993247389793396,1.0,0.625,0.000507287588451131,1629
1114,0.018833603709936142,0.9936708807945251,1.0,0.6328125,0.0005071145579250182,1264
1115,0.05440104007720947,0.9853861927986145,1.0,1.5390625,0.000506941396248963,479
1116,0.021606091409921646,0.9952957034111023,1.0,0.55078125,0.0005067681035353284,1488
1117,0.006017827428877354,0.9985308647155762,1.0,0.28125,0.000506594679896562,2042
1118,0.01989739015698433,0.9968051314353943,1.0,0.56640625,0.0005064211254451964,1252
1119,0.038277942687273026,0.9914590716362,1.0,0.9453125,0.0005062474402938494,1405
1120,0.00836745835840702,0.9978723526000977,1.0,0.34765625,0.0005060736245552232,1410
1121,0.010146248154342175,0.996363639831543,1.0,0.5234375,0.0005058996783421051,1100
1122,0.011017726734280586,0.9984674453735352,1.0,0.3515625,0.0005057256017673669,1305
1123,0.004552147351205349,0.9982269406318665,1.0,0.2490234375,0.0005055513949439649,1128
1124,0.004107622429728508,0.9992952942848206,1.0,0.2265625,0.00050537705798494,1419
1125,0.012545151636004448,0.9983416199684143,1.0,0.337890625,0.0005052025910034177,1206
1126,0.008043680340051651,0.9964538812637329,1.0,0.369140625,0.0005050279941126078,1410
1127,0.030389677733182907,0.9943473935127258,1.0,0.65234375,0.000504853267425804,1946
1128,0.02566700614988804,0.9892473220825195,1.0,0.80859375,0.0005046784110563848,1488
1129,0.0016711123753339052,1.0,1.0,0.060546875,0.0005045034251178127,1252
1130,0.0039398567751049995,0.9992337226867676,1.0,0.2138671875,0.0005043283097236339,1305
1131,0.024102436378598213,0.9923245906829834,1.0,0.6015625,0.000504153064987479,1824
1132,0.006814590655267239,0.9987722635269165,1.0,0.2890625,0.0005039776910230622,1629
1133,0.016762802377343178,0.9955489635467529,1.0,0.423828125,0.0005038021879441822,2022
1134,0.03110787831246853,0.9935675263404846,1.0,0.43359375,0.0005036265558647208,2021
1135,0.019261255860328674,0.9952418804168701,1.0,0.486328125,0.0005034507948986437,1261
1136,0.012117556296288967,0.9971811175346375,1.0,0.447265625,0.0005032749051600003,1419
1137,0.008446142077445984,0.9970674514770508,1.0,0.365234375,0.0005030988867629237,1705
1138,0.0019481440540403128,1.0,1.0,0.07666015625,0.0005029227398216301,1206
1139,0.015466490760445595,0.9950980544090271,1.0,0.6328125,0.0005027464644504195,1224
1140,0.006978671532124281,0.9979973435401917,1.0,0.4765625,0.000502570060763675,1498
1141,0.011738544330000877,0.9982269406318665,1.0,0.5703125,0.0005023935288758631,1128
1142,0.00173015589825809,1.0,1.0,0.058837890625,0.0005022168689015334,1405
1143,0.003765087341889739,0.9994089603424072,1.0,0.2255859375,0.0005020400809553186,1692
1144,0.0747494250535965,0.9811828136444092,1.0,1.5546875,0.0005018631651519344,744
1145,0.006244508549571037,0.9993069767951965,1.0,0.380859375,0.0005016861216061798,1443
1146,0.0023689151275902987,1.0,1.0,0.111328125,0.0005015089504329361,1369
1147,0.008780451491475105,0.9957912564277649,1.0,0.5078125,0.0005013316517471681,1188
1148,0.008219456300139427,0.9974603056907654,1.0,0.470703125,0.0005011542256639227,1575
1149,0.004575877450406551,0.9989070892333984,1.0,0.205078125,0.0005009766722983299,1830
1150,0.009399525821208954,0.9965174198150635,1.0,0.41796875,0.0005007989917656023,2010
1151,0.0015734564512968063,1.0,1.0,0.0859375,0.0005006211841810345,1229
1152,0.0047637782990932465,0.9985085725784302,1.0,0.421875,0.0005004432496600042,1341
1153,0.024322835728526115,0.9906629323959351,1.0,0.9296875,0.0005002651883179711,1071
1154,0.0039038483519107103,0.9990205764770508,1.0,0.2275390625,0.0005000870002704772,2042
1155,0.002345338463783264,1.0,1.0,0.1982421875,0.000499908685633147,1235
1156,0.009057441726326942,0.9992877244949341,1.0,0.12890625,0.0004997302445216866,1404
1157,0.00705823116004467,1.0,1.0,0.345703125,0.0004995516770518848,479
1158,0.0297593642026186,0.9928910136222839,1.0,0.9140625,0.000499372983339612,1266
1159,0.01769590564072132,0.9972584247589111,1.0,0.431640625,0.0004991941635008204,1459
1160,0.00904881488531828,0.9984996318817139,1.0,0.373046875,0.0004990152176515447,1333
1161,0.02005075104534626,0.9935747385025024,1.0,0.734375,0.0004988361459079005,1712
1162,0.0024350134190171957,1.0,1.0,0.07861328125,0.0004986569483860857,2054
1163,0.006416653748601675,0.9985734820365906,1.0,0.294921875,0.0004984776252023797,2103
1164,0.0030131449457257986,1.0,1.0,0.2177734375,0.0004982981764731432,1100
1165,0.0069663128815591335,0.9986962080001831,1.0,0.3671875,0.0004981186023148184,1534
1166,0.00974137894809246,0.9985074400901794,1.0,0.4140625,0.0004979389028439295,1340
1167,0.003117137588560581,0.9994967579841614,1.0,0.19140625,0.0004977590781770811,1987
1168,0.007292021065950394,0.9983333349227905,1.0,0.447265625,0.0004975791284309596,1200
1169,0.007103931158781052,0.9984177350997925,1.0,0.427734375,0.0004973990537223325,1264
1170,0.0019438702147454023,1.0,1.0,0.119140625,0.0004972188541680483,1302
1171,0.00885230116546154,0.9983416199684143,1.0,0.490234375,0.0004970385298850366,1206
1172,0.002508175326511264,1.0,1.0,0.169921875,0.0004968580809903076,2103
1173,0.0024031265638768673,1.0,1.0,0.130859375,0.000496677507600953,1404
1174,0.001602847594767809,1.0,1.0,0.0908203125,0.0004964968098341446,1252
1175,0.015148086473345757,0.9964538812637329,1.0,0.62109375,0.0004963159878071355,1692
1176,0.003858841024339199,0.9986559152603149,1.0,0.353515625,0.0004961350416372588,1488
1177,0.0038705766201019287,0.9990909099578857,1.0,0.28515625,0.0004959539714419289,1100
1178,0.004708466120064259,0.9983659982681274,1.0,0.294921875,0.00049577277733864,1224
1179,0.0014265523059293628,1.0,1.0,0.05419921875,0.0004955914594449671,1333
1180,0.0023432031739503145,0.9993861317634583,1.0,0.30078125,0.0004954100178785653,1629
1181,0.0048251948319375515,0.9983726739883423,1.0,0.45703125,0.0004952284527571702,1229
1182,0.006331553217023611,0.9992882609367371,1.0,0.259765625,0.0004950467641985975,1405
1183,0.004651341587305069,0.998993456363678,1.0,0.234375,0.0004948649523207427,1987
1184,0.034176211804151535,0.9958246350288391,1.0,0.984375,0.0004946830172415817,479
1185,0.003751270705834031,0.9994861483573914,1.0,0.2158203125,0.0004945009590791702,1946
1186,0.0013775679981335998,1.0,1.0,0.10546875,0.0004943187779516436,1266
1187,0.0016218380769714713,1.0,1.0,0.1015625,0.0004941364739772176,1340
1188,0.0016416769940406084,1.0,1.0,0.1123046875,0.000493954047274187,1264
1189,0.004480426665395498,0.9992907643318176,1.0,0.318359375,0.0004937714979609265,1410
1190,0.013158312998712063,0.99676114320755,1.0,0.55859375,0.0004935888261558904,1235
1191,0.0025649750605225563,1.0,1.0,0.1865234375,0.0004934060319776126,1200
1192,0.008640136569738388,0.9980207681655884,1.0,0.3203125,0.0004932231155447061,2021
1193,0.0009182105422951281,1.0,1.0,0.0184326171875,0.0004930400769758633,1369
1194,0.0023820216301828623,0.9993324279785156,1.0,0.2197265625,0.0004928569163898563,1498
1195,0.009216316044330597,0.9985308647155762,1.0,0.328125,0.0004926736339055357,2042
1196,0.00728898448869586,0.9977011680603027,1.0,0.45703125,0.0004924902296418315,1305
1197,0.004278975538909435,0.9976958632469177,1.0,0.318359375,0.000492306703717753,1302
1198,0.006439756136387587,0.9986962080001831,1.0,0.310546875,0.000492123056252388,1534
1199,0.003798952791839838,0.998516321182251,1.0,0.3046875,0.0004919392873649033,2022
1200,0.0021333324257284403,0.9991582632064819,1.0,0.251953125,0.0004917553971745445,1188
1201,0.004446989390999079,0.9986140131950378,1.0,0.3203125,0.0004915713858006362,1443
1202,0.007133453618735075,0.998009979724884,1.0,0.322265625,0.0004913872533625813,2010
1203,0.0018474080134183168,1.0,1.0,0.05419921875,0.0004912029999798611,1824
1204,0.0027335314080119133,0.9994158744812012,1.0,0.17578125,0.0004910186257720358,1712
1205,0.0060926214791834354,0.9985905289649963,1.0,0.48828125,0.000490834130858744,1419
1206,0.001156940939836204,1.0,1.0,0.03955078125,0.000490649515359702,1705
1207,0.0018239066703245044,0.9990262985229492,1.0,0.162109375,0.000490464779394705,2054
1208,0.0008201369782909751,1.0,1.0,0.021240234375,0.0004902799230836265,1341
1209,0.0008768686675466597,1.0,1.0,0.016845703125,0.0004900949465464174,1459
1210,0.001275517395697534,1.0,1.0,0.11865234375,0.0004899098499031069,1128
1211,0.006306895986199379,0.9992069602012634,1.0,0.24609375,0.0004897246332738025,1261
1212,0.019648417830467224,0.9971988797187805,1.0,0.52734375,0.0004895392967786891,1071
1213,0.0029585915617644787,0.9994535446166992,1.0,0.23828125,0.0004893538405380294,1830
1214,0.0010357422288507223,1.0,1.0,0.0303955078125,0.000489168264672164,1575
1215,0.003715226659551263,0.9986559152603149,1.0,0.359375,0.0004889825693015113,744
1216,0.006489756982773542,0.9983726739883423,1.0,0.30859375,0.0004887967545465668,1229
1217,0.0007986950222402811,1.0,1.0,0.026611328125,0.0004886108205279038,1071
1218,0.0006579860346391797,1.0,1.0,0.01409912109375,0.0004884247673661727,744
1219,0.006621577311307192,0.9993324279785156,1.0,0.2177734375,0.00048823859518210146,1498
1220,0.000551668694242835,1.0,1.0,0.0211181640625,0.00048805230409649527,479
1221,0.0016332652885466814,0.999451756477356,1.0,0.166015625,0.00048786589423023633,1824
1222,0.0031637351494282484,0.9986140131950378,1.0,0.291015625,0.00048767936570428394,1443
1223,0.008856650441884995,0.997986912727356,1.0,0.359375,0.0004874927186396744,1987
1224,0.0017404956743121147,1.0,1.0,0.13671875,0.0004873059531575211,2021
1225,0.0009084836929105222,1.0,1.0,0.0361328125,0.0004871190693790141,1705
1226,0.004496751818805933,0.9992877244949341,1.0,0.3671875,0.00048693206742542015,1404
1227,0.0025104412343353033,0.9992319345474243,1.0,0.236328125,0.00048674494741808284,1302
1228,0.002298788633197546,0.9993279576301575,1.0,0.23828125,0.0004865577094784224,1488
1229,0.008226897567510605,0.9992537498474121,1.0,0.1748046875,0.00048637035372793536,1340
1230,0.0034446429926902056,0.9992952942848206,1.0,0.1962890625,0.0004861828802881949,1419
1231,0.0028496833983808756,0.9994861483573914,1.0,0.255859375,0.00048599528928085055,1946
1232,0.0009600885096006095,1.0,1.0,0.06103515625,0.00048580758082762807,1629
1233,0.0005977217224426568,1.0,1.0,0.015869140625,0.00048561975505032924,1341
1234,0.004200235474854708,0.9994158744812012,1.0,0.1376953125,0.00048543181207083243,1712
1235,0.0006681493250653148,1.0,1.0,0.0205078125,0.00048524375201109164,1692
1236,0.005881949327886105,0.9992498159408569,1.0,0.2890625,0.00048505557499313706,1333
1237,0.0010112486779689789,1.0,1.0,0.0306396484375,0.00048486728113907474,1534
1238,0.00316885975189507,0.9981818199157715,1.0,0.4140625,0.0004846788705710864,1100
1239,0.0005097163957543671,1.0,1.0,0.01361083984375,0.00048449034341142974,1200
1240,0.0010633121710270643,1.0,1.0,0.06640625,0.0004843016997824379,2022
1241,0.0005355555913411081,1.0,1.0,0.01068115234375,0.0004841129398065197,1405
1242,0.000445721932919696,1.0,1.0,0.00970458984375,0.0004839240636061595,1188
1243,0.0010045351227745414,1.0,1.0,0.06298828125,0.0004837350713039171,1235
1244,0.002475321525707841,0.9991829991340637,1.0,0.3203125,0.0004835459630224273,1224
1245,0.0067153191193938255,0.9984139800071716,1.0,0.439453125,0.0004833567388844006,1261
1246,0.0009592275600880384,1.0,1.0,0.0576171875,0.0004831673990126223,1575
1247,0.0005944955628365278,1.0,1.0,0.0130615234375,0.00048297794352995316,1459
1248,0.0007777721621096134,1.0,1.0,0.042724609375,0.0004827883725593289,2010
1249,0.0005275263101793826,1.0,1.0,0.01519775390625,0.00048259868622375977,1252
1250,0.0006160030607134104,1.0,1.0,0.01416015625,0.0004824088846463313,1206
1251,0.0005368611891753972,1.0,1.0,0.01251220703125,0.00048221896795020374,1264
1252,0.000560647516977042,1.0,1.0,0.01031494140625,0.00048202893625861183,1305
1253,0.001935310778208077,0.9995244741439819,1.0,0.20703125,0.0004818387896948653,2103
1254,0.0031708332244306803,0.9991135001182556,1.0,0.40625,0.000481648528382348,1128
1255,0.004222019575536251,0.99858158826828,1.0,0.43359375,0.0004814581524445184,1410
1256,0.0006050295778550208,1.0,1.0,0.01080322265625,0.00048126766200490945,1830
1257,0.00047852471470832825,1.0,1.0,0.007476806640625,0.0004810770571871284,1369
1258,0.0005495286313816905,1.0,1.0,0.00970458984375,0.00048088633811485656,2054
1259,0.0007119931979104877,1.0,1.0,0.037841796875,0.00048069550491184953,2042
1260,0.008668866008520126,0.9992101192474365,1.0,0.37109375,0.00048050455770193686,1266
1261,0.0005986035685054958,1.0,1.0,0.027587890625,0.0004803134966090221,1443
1262,0.004376830067485571,0.9994861483573914,1.0,0.19921875,0.0004801223217570827,1946
1263,0.004237634129822254,0.9975489974021912,1.0,0.48828125,0.00047993103327017,1224
1264,0.0017472876934334636,0.9994535446166992,1.0,0.24609375,0.0004797396312724091,1830
1265,0.002862031338736415,0.9992537498474121,1.0,0.259765625,0.00047954811588799847,1340
1266,0.0005210652598179877,1.0,1.0,0.009765625,0.0004793564872412106,1692
1267,0.0011314740404486656,1.0,1.0,0.1591796875,0.000479164745456391,1206
1268,0.000567373470403254,1.0,1.0,0.026123046875,0.00047897289065795904,1824
1269,0.005191119387745857,0.9990489482879639,1.0,0.24609375,0.000478780922970407,2103
1270,0.0005568717024289072,1.0,1.0,0.0205078125,0.0004785888425183009,1266
1271,0.005856420379132032,0.9991666674613953,1.0,0.2431640625,0.00047839664942627954,1200
1272,0.0007224389701150358,1.0,1.0,0.043212890625,0.00047820434381905475,1305
1273,0.002660989761352539,0.9984996318817139,1.0,0.275390625,0.0004780119258214118,1333
1274,0.0006126574007794261,1.0,1.0,0.018798828125,0.0004778193955582085,1369
1275,0.002702517667785287,0.9990662932395935,1.0,0.3046875,0.00047762675315437587,1071
1276,0.0013659604592248797,1.0,1.0,0.1552734375,0.0004774339987349171,1128
1277,0.002438441850244999,0.998516321182251,1.0,0.26171875,0.0004772411324249088,2022
1278,0.0005162979359738529,1.0,1.0,0.01470947265625,0.00047704815434949953,1100
1279,0.000441010546637699,1.0,1.0,0.00823974609375,0.0004768550646339108,1188
1280,0.0006717115174978971,1.0,1.0,0.0247802734375,0.0004766618634034365,2042
1281,0.0006218249327503145,1.0,1.0,0.026123046875,0.00047646855078344275,1498
1282,0.003715089289471507,0.9992088675498962,1.0,0.412109375,0.000476275126899368,1264
1283,0.0009231565636582673,1.0,1.0,0.055908203125,0.00047608159187672287,2021
1284,0.00045665353536605835,1.0,1.0,0.01007080078125,0.0004758879458410902,1229
1285,0.000668957072775811,1.0,1.0,0.0277099609375,0.00047569418891812477,1488
1286,0.0007102268282324076,1.0,1.0,0.0439453125,0.0004755003212335534,744
1287,0.0019031877163797617,0.9992319345474243,1.0,0.2021484375,0.0004753063429131746,1302
1288,0.0005614324472844601,1.0,1.0,0.0150146484375,0.0004751122540828589,2054
1289,0.002926003187894821,0.9993146061897278,1.0,0.326171875,0.00047491805486854835,1459
1290,0.0004636039666365832,1.0,1.0,0.01190185546875,0.0004747237453962569,1235
1291,0.00045492860954254866,1.0,1.0,0.01153564453125,0.00047452932579206966,1410
1292,0.0014437532518059015,0.9992882609367371,1.0,0.201171875,0.00047433479618214346,1405
1293,0.0005386242992244661,1.0,1.0,0.0093994140625,0.0004741401566927065,1419
1294,0.0014356691390275955,0.9994134902954102,1.0,0.275390625,0.0004739454074500581,1705
1295,0.00048697853344492614,1.0,1.0,0.0130615234375,0.00047375054858056904,479
1296,0.012029451318085194,0.9960349202156067,1.0,0.59765625,0.0004735555802106812,1261
1297,0.0009358577081002295,1.0,1.0,0.0517578125,0.0004733605024669073,1987
1298,0.009041501209139824,0.9986962080001831,1.0,0.294921875,0.00047316531547583117,1534
1299,0.0006751712062396109,1.0,1.0,0.0198974609375,0.00047297001936410767,1712
1300,0.0005995503161102533,1.0,1.0,0.013427734375,0.0004727746142584621,1575
1301,0.007558679673820734,0.9987722635269165,1.0,0.1796875,0.0004725791002856909,1629
1302,0.007975159212946892,0.9985755085945129,1.0,0.3125,0.00047238347757266094,1404
1303,0.00492488918825984,0.9992542862892151,1.0,0.2021484375,0.0004721877462463096,1341
1304,0.001540700439363718,0.9995024800300598,1.0,0.1708984375,0.00047199190643364483,2010
1305,0.001542179728858173,1.0,1.0,0.1572265625,0.00047179595826174497,1252
1306,0.0007452408317476511,1.0,1.0,0.058837890625,0.00047159990185775873,1266
1307,0.0005684359930455685,1.0,1.0,0.02685546875,0.0004714037373489049,1200
1308,0.0005930856568738818,1.0,1.0,0.019287109375,0.0004712074648624726,1443
1309,0.002141059609130025,0.9992069602012634,1.0,0.30859375,0.0004710110845258207,1261
1310,0.0005500895786099136,1.0,1.0,0.0093994140625,0.00047081459646637847,2054
1311,0.0005150979850441217,1.0,1.0,0.00946044921875,0.0004706180008116448,1575
1312,0.003372253617271781,0.9995054602622986,1.0,0.1162109375,0.00047042129768918846,2022
1313,0.01183242630213499,0.9978858232498169,1.0,0.322265625,0.0004702244872266481,1419
1314,0.0006221359362825751,1.0,1.0,0.0289306640625,0.00047002756955173176,2010
1315,0.0009066123748198152,1.0,1.0,0.07421875,0.00046983054479221716,1333
1316,0.0003986921801697463,1.0,1.0,0.0074462890625,0.00046963341307595165,1071
1317,0.00098967005033046,1.0,1.0,0.09765625,0.00046943617453085184,1987
1318,0.0007188764284364879,1.0,1.0,0.033203125,0.0004692388292849035,1712
1319,0.001995965139940381,0.9994089603424072,1.0,0.20703125,0.00046904137746616207,1692
1320,0.0004453535075299442,1.0,1.0,0.01171875,0.0004688438192027517,1410
1321,0.0005354537279345095,1.0,1.0,0.024169921875,0.0004686461546228659,1946
1322,0.0004895444726571441,1.0,1.0,0.01129150390625,0.00046844838385476703,1705
1323,0.0030858886893838644,0.9993481040000916,1.0,0.328125,0.0004682505070267864,1534
1324,0.0003202703665010631,1.0,1.0,0.00653076171875,0.0004680525242673242,479
1325,0.0006148130050860345,1.0,1.0,0.031494140625,0.00046785443570484923,1830
1326,0.0005054695648141205,1.0,1.0,0.018798828125,0.000467656241467899,1498
1327,0.0003749303868971765,1.0,1.0,0.0267333984375,0.00046745794168507964,744
1328,0.0026385742239654064,0.9992537498474121,1.0,0.2197265625,0.0004672595364850656,1340
1329,0.0005028808955103159,1.0,1.0,0.0274658203125,0.0004670610259966,1459
1330,0.0005358955240808427,1.0,1.0,0.033203125,0.00046686241034849424,1188
1331,0.010266827419400215,0.9978086352348328,1.0,0.443359375,0.00046666368966962764,1369
1332,0.0003797640383709222,1.0,1.0,0.0081787109375,0.0004664648640889479,1100
1333,0.00047413562424480915,1.0,1.0,0.005859375,0.0004662659337354709,2021
1334,0.0004988448927178979,1.0,1.0,0.018310546875,0.0004660668987382803,1229
1335,0.0019041548948734999,0.9992088675498962,1.0,0.23828125,0.0004658677592265279,1264
1336,0.0005219571758061647,1.0,1.0,0.059814453125,0.00046566851532943296,1305
1337,0.0005156360566616058,1.0,1.0,0.0164794921875,0.00046546916717628273,1235
1338,0.0005012546316720545,1.0,1.0,0.01806640625,0.00046526971489643223,1488
1339,0.0008277096203528345,1.0,1.0,0.0908203125,0.00046507015861930366,1252
1340,0.0003845625324174762,1.0,1.0,0.0115966796875,0.000464870498474387,1128
1341,0.0005981770809739828,1.0,1.0,0.0234375,0.0004646707345912397,1206
1342,0.0020341253839433193,0.9992542862892151,1.0,0.326171875,0.0004644708670994861,1341
1343,0.0004800935566890985,1.0,1.0,0.019287109375,0.00046427089612881826,1405
1344,0.0011211175005882978,0.9995102882385254,1.0,0.189453125,0.00046407082180899517,2042
1345,0.0007798118749633431,1.0,1.0,0.12353515625,0.0004638706442698428,1629
1346,0.011706411838531494,0.9983659982681274,1.0,0.384765625,0.00046367036364125416,1224
1347,0.0004763886099681258,1.0,1.0,0.01068115234375,0.00046346998005318915,2103
1348,0.0038520542439073324,0.9989035129547119,1.0,0.2392578125,0.00046326949363567464,1824
1349,0.0013799654552713037,0.9992319345474243,1.0,0.169921875,0.0004630689045188039,1302
1350,0.002197076566517353,0.9992877244949341,1.0,0.220703125,0.00046286821283273723,1404
1351,0.0032345831859856844,0.9991863369941711,1.0,0.3203125,0.00046266741870770126,1229
1352,0.0004677697434090078,1.0,1.0,0.01165771484375,0.000462466522273989,2103
1353,0.0004909796989522874,1.0,1.0,0.0174560546875,0.0004622655236619601,1705
1354,0.0008561781141906977,1.0,1.0,0.09033203125,0.0004620644230020402,1369
1355,0.0006413080845959485,1.0,1.0,0.08447265625,0.0004618632204247214,1987
1356,0.0004655749653466046,1.0,1.0,0.032470703125,0.0004616619160605621,1410
1357,0.00041542635881341994,1.0,1.0,0.00970458984375,0.00046146051004018616,1488
1358,0.003643176518380642,0.9992498159408569,1.0,0.271484375,0.000461259002494284,1333
1359,0.01253089401870966,0.9962714314460754,1.0,0.5859375,0.00046105739355361153,1341
1360,0.0003978286113124341,1.0,1.0,0.0260009765625,0.0004608556833489907,1128
1361,0.0008327158866450191,1.0,1.0,0.08203125,0.0004606538720113091,1302
1362,0.0005465307622216642,1.0,1.0,0.056396484375,0.0004604519596715199,1443
1363,0.0010362708708271384,0.9993324279785156,1.0,0.173828125,0.00046024994646064166,1498
1364,0.0005930921761319041,1.0,1.0,0.036376953125,0.0004600478325097587,1459
1365,0.0033482860308140516,0.9985765218734741,1.0,0.333984375,0.0004598456179500206,1405
1366,0.015988364815711975,0.9975489974021912,1.0,0.484375,0.00045964330291264216,1224
1367,0.008272874169051647,0.9975124597549438,1.0,0.4609375,0.00045944088752890327,1206
1368,0.0004061217186972499,1.0,1.0,0.015625,0.0004592383719301494,1305
1369,0.0005212508258409798,1.0,1.0,0.0146484375,0.0004590357562477904,1340
1370,0.004831370431929827,0.9984025359153748,1.0,0.31640625,0.0004588330406133016,1252
1371,0.0023348089307546616,0.9992101192474365,1.0,0.1513671875,0.0004586302251582228,1266
1372,0.0009657279588282108,1.0,1.0,0.06884765625,0.0004584273100141589,1830
1373,0.0006806004676036537,1.0,1.0,0.0322265625,0.00045822429531277924,1235
1374,0.0016029922990128398,1.0,1.0,0.251953125,0.00045802118118581784,1071
1375,0.00265772663988173,0.9989035129547119,1.0,0.244140625,0.00045781796776507333,1824
1376,0.0007527422858402133,1.0,1.0,0.026123046875,0.00045761465518240867,2021
1377,0.00044437931501306593,1.0,1.0,0.017333984375,0.0004574112435697512,479
1378,0.0014423002721741796,0.9995054602622986,1.0,0.2265625,0.00045720773305909243,2022
1379,0.006077065598219633,0.997863233089447,1.0,0.390625,0.0004570041237824883,1404
1380,0.0033354018814861774,0.9991582632064819,1.0,0.2099609375,0.00045680041587205835,1188
1381,0.0006203436059877276,1.0,1.0,0.023193359375,0.00045659660945998674,1100
1382,0.0027074445970356464,0.9990262985229492,1.0,0.2392578125,0.000456392704678521,2054
1383,0.0028526263777166605,0.9993861317634583,1.0,0.1708984375,0.0004561887016599729,1629
1384,0.0007644188590347767,1.0,1.0,0.030517578125,0.00045598460053671784,2010
1385,0.0007600094540975988,1.0,1.0,0.021484375,0.00045578040144119455,1946
1386,0.00036137286224402487,1.0,1.0,0.01361083984375,0.0004555761045059058,744
1387,0.0013063627993687987,1.0,1.0,0.10546875,0.0004553717098634176,1261
1388,0.0005243871128186584,1.0,1.0,0.0223388671875,0.00045516721764635946,1200
1389,0.0008600810542702675,1.0,1.0,0.047119140625,0.00045496262798742416,2042
1390,0.003574004163965583,0.9988179802894592,1.0,0.3203125,0.00045475794101936765,1692
1391,0.0005174932302907109,1.0,1.0,0.01055908203125,0.00045455315687500914,1575
1392,0.0012527914950624108,1.0,1.0,0.1474609375,0.0004543482756872308,1264
1393,0.001354530337266624,1.0,1.0,0.1455078125,0.0004541432975889777,1419
1394,0.003689852776005864,0.9988317489624023,1.0,0.455078125,0.00045393822271325824,1712
1395,0.009380276314914227,0.9980443120002747,1.0,0.30078125,0.0004537330511931429,1534
1396,0.0017747959354892373,0.9986559152603149,1.0,0.30078125,0.0004535277831617655,744
1397,0.001782038016244769,0.9995054602622986,1.0,0.1552734375,0.0004533224187523221,2022
1398,0.002988579450175166,0.9986140131950378,1.0,0.294921875,0.00045311695809807146,1443
1399,0.0008969997870735824,1.0,1.0,0.0693359375,0.00045291140133233473,1235
1400,0.006946358364075422,0.997474730014801,1.0,0.34765625,0.0004527057485884957,1188
1401,0.0013863465283066034,0.9994158744812012,1.0,0.25390625,0.00045249999999999994,1712
1402,0.0012678182683885098,1.0,1.0,0.1513671875,0.0004522941557003556,1824
1403,0.00894167646765709,0.9976209402084351,1.0,0.6171875,0.00045208821582313276,1261
1404,0.0006708034197799861,1.0,1.0,0.0361328125,0.00045188218050196355,1410
1405,0.018114926293492317,0.9977628588676453,1.0,0.77734375,0.00045167604987054213,1341
1406,0.007318833842873573,0.9975259900093079,1.0,0.4609375,0.0004514698240626244,2021
1407,0.00480435136705637,0.9977011680603027,1.0,0.353515625,0.00045126350321202796,1305
1408,0.0031935065053403378,0.9991135001182556,1.0,0.4453125,0.0004510570874526323,1128
1409,0.018511813133955002,0.9933664798736572,1.0,0.68359375,0.00045085057691837834,1206
1410,0.0008926504524424672,1.0,1.0,0.0595703125,0.00045064397174326845,1692
1411,0.0006363679422065616,1.0,1.0,0.0216064453125,0.00045043727206136653,1340
1412,0.0033168429508805275,0.9992952942848206,1.0,0.1708984375,0.00045023047800679775,1419
1413,0.015331863425672054,0.9938555955886841,1.0,0.65234375,0.00045002358971374856,1302
1414,0.013231529854238033,0.997565746307373,1.0,0.5234375,0.00044981660731646656,2054
1415,0.010806772857904434,0.9974306225776672,1.0,0.322265625,0.00044960953094926016,1946
1416,0.006282354239374399,0.996835470199585,1.0,0.56640625,0.00044940236074649925,1264
1417,0.006703542545437813,0.9979122877120972,1.0,0.828125,0.0004491950968426142,479
1418,0.01410700287669897,0.9985390901565552,1.0,0.3359375,0.00044898773937209635,1369
1419,0.018102623522281647,0.9961748719215393,1.0,0.703125,0.0004487802884694976,1830
1420,0.028162997215986252,0.9952021837234497,1.0,0.66796875,0.0004485727442694307,1459
1421,0.00916898250579834,0.9979973435401917,1.0,0.439453125,0.0004483651069065687,1498
1422,0.03149860352277756,0.9910130500793457,1.0,0.765625,0.00044815737651564546,1224
1423,0.026632679626345634,0.9952448606491089,1.0,0.5,0.00044794955323145474,2103
1424,0.03269318863749504,0.9910496473312378,1.0,0.92578125,0.000447741637188851,1229
1425,0.021575698629021645,0.9936808943748474,1.0,0.67578125,0.00044753362852274856,1266
1426,0.02036716789007187,0.9941329956054688,1.0,0.69140625,0.000447325527368122,1534
1427,0.008414678275585175,0.9976038336753845,1.0,0.46484375,0.0004471173338600059,1252
1428,0.02759706601500511,0.9912023544311523,1.0,0.8203125,0.00044690904813349497,1705
1429,0.01933731883764267,0.9943060278892517,1.0,0.70703125,0.00044670067032374325,1405
1430,0.017201276496052742,0.9955925345420837,1.0,0.58203125,0.000446492200565965,2042
1431,0.015319718047976494,0.995555579662323,1.0,0.490234375,0.00044628363899543405,1575
1432,0.046794742345809937,0.9852150678634644,1.0,1.125,0.0004460749857474835,1488
1433,0.0044848681427538395,0.9991666674613953,1.0,0.1962890625,0.00044586624095750645,1200
1434,0.013002974912524223,0.9950889945030212,1.0,0.54296875,0.000445657404760955,1629
1435,0.008592545986175537,0.9990662932395935,1.0,0.37890625,0.00044544847729334063,1071
1436,0.008132685907185078,0.997863233089447,1.0,0.5546875,0.00044523945869023423,1404
1437,0.024996154010295868,0.9918181896209717,1.0,0.87890625,0.0004450303490872656,1100
1438,0.04073786735534668,0.9889280200004578,1.0,0.90625,0.00044482114862012367,1987
1439,0.0418979786336422,0.9902475476264954,1.0,0.94921875,0.0004446118574245566,1333
1440,0.035838402807712555,0.9915422797203064,1.0,0.58203125,0.0004444024756363709,2010
1441,0.010291189886629581,0.9985074400901794,1.0,0.259765625,0.00044419300339143216,2010
1442,0.028620079159736633,0.9912634491920471,1.0,0.8046875,0.0004439834408256648,1488
1443,0.043202951550483704,0.9926953911781311,1.0,0.69921875,0.00044377378807505157,1369
1444,0.020796436816453934,0.9936102032661438,1.0,0.578125,0.00044356404527563396,1252
1445,0.04148801788687706,0.9886121153831482,1.0,0.9453125,0.00044335421256351174,1405
1446,0.026059307157993317,0.9962714314460754,1.0,0.6328125,0.000443144290074843,1341
1447,0.020219245925545692,0.9939985275268555,1.0,0.578125,0.0004429342779458443,1333
1448,0.008609549142420292,0.9982269406318665,1.0,0.37109375,0.0004427241763127901,1128
1449,0.039404239505529404,0.9959677457809448,1.0,0.62109375,0.0004425139853120132,744
1450,0.017099609598517418,0.9938313961029053,1.0,0.5859375,0.00044230370507990425,1459
1451,0.010043928399682045,0.9978858232498169,1.0,0.453125,0.00044209333575291165,1419
1452,0.03669411689043045,0.990070104598999,1.0,0.81640625,0.00044188287746754187,1712
1453,0.014157730154693127,0.996835470199585,1.0,0.51953125,0.0004416723303603592,1264
1454,0.06153000146150589,0.9856584072113037,1.0,1.0078125,0.000441461694567985,1534
1455,0.01616840809583664,0.9950544238090515,1.0,0.4765625,0.0004412509702270989,2022
1456,0.008194993250072002,0.9981583952903748,1.0,0.359375,0.00044104015747443737,1629
1457,0.005062115378677845,0.9992319345474243,1.0,0.244140625,0.0004408292564467946,1302
1458,0.03192312270402908,0.989776074886322,1.0,0.7578125,0.000440618267281022,2054
1459,0.017313512042164803,0.9969167709350586,1.0,0.423828125,0.00044040719011402817,1946
1460,0.028389090672135353,0.9930700063705444,1.0,0.77734375,0.00044019602508277875,1443
1461,0.026311907917261124,0.9947761297225952,1.0,0.67578125,0.00043998477232429656,1340
1462,0.008232500404119492,0.9976539611816406,1.0,0.3203125,0.000439773431975661,1705
1463,0.019052518531680107,0.9949495196342468,1.0,0.5859375,0.0004395620041740087,1188
1464,0.00409094849601388,0.9984674453735352,1.0,0.244140625,0.0004393504890565328,1305
1465,0.01941727101802826,0.9957447052001953,1.0,0.5,0.0004391388867604831,1410
1466,0.013314144685864449,0.9960822463035583,1.0,0.470703125,0.00043892719742316623,2042
1467,0.026997607201337814,0.9941666722297668,1.0,0.76171875,0.00043871542118194496,1200
1468,0.013783781789243221,0.9934640526771545,1.0,0.57421875,0.0004385035581742385,1071
1469,0.03198537230491638,0.9901039004325867,1.0,0.6640625,0.0004382916085375228,2021
1470,0.008876417763531208,0.99676114320755,1.0,0.6171875,0.0004380795724093292,1235
1471,0.004114469978958368,0.9994535446166992,1.0,0.173828125,0.000437867449927246,1830
1472,0.016972769051790237,0.9971510171890259,1.0,0.4921875,0.000437655241228917,1404
1473,0.009066878817975521,0.9979973435401917,1.0,0.384765625,0.0004374429464520423,1498
1474,0.027217397466301918,0.9928910136222839,1.0,0.765625,0.00043723056573437746,1266
1475,0.022643039003014565,0.9916492700576782,1.0,1.2734375,0.00043701809921373413,479
1476,0.037859443575143814,0.9877451062202454,1.0,0.91796875,0.00043680554702797957,1224
1477,0.015218361280858517,0.9964538812637329,1.0,0.640625,0.00043659290931503643,1692
1478,0.053088635206222534,0.9910496473312378,1.0,0.93359375,0.00043638018621288327,1229
1479,0.015819834545254707,0.995720386505127,1.0,0.478515625,0.0004361673778595536,2103
1480,0.004287134390324354,0.9991708397865295,1.0,0.24609375,0.0004359544843931364,1206
1481,0.02911275625228882,0.9936507940292358,1.0,0.6328125,0.00043574150595177615,1575
1482,0.019852131605148315,0.9959738254547119,1.0,0.376953125,0.00043552844267367215,1987
1483,0.01524266880005598,0.996363639831543,1.0,0.5859375,0.00043531529469707867,1100
1484,0.020785290747880936,0.9960349202156067,1.0,0.7421875,0.00043510206216030537,1261
1485,0.03734146058559418,0.9873903393745422,1.0,0.8359375,0.0004348887452017164,1824
1486,0.03747780993580818,0.9910130500793457,1.0,0.81640625,0.0004346753439597309,1224
1487,0.01152440533041954,0.9977011680603027,1.0,0.423828125,0.0004344618585728225,1305
1488,0.017791466787457466,0.9976958632469177,1.0,0.33984375,0.00043424828917951967,1302
1489,0.016071610152721405,0.9958246350288391,1.0,0.7109375,0.0004340346359184053,479
1490,0.012939470820128918,0.9960442781448364,1.0,0.58984375,0.0004338208989281165,1264
1491,0.03332032263278961,0.9899193644523621,1.0,0.84765625,0.00043360707834734497,1488
1492,0.009004599414765835,0.9975590109825134,1.0,0.5390625,0.00043339317431483656,1229
1493,0.005697800312191248,0.998420238494873,1.0,0.25390625,0.0004331791869693913,1266
1494,0.0061784726567566395,0.997544527053833,1.0,0.34765625,0.0004329651164498632,1629
1495,0.017899947240948677,0.9971811175346375,1.0,0.451171875,0.00043275096289516044,1419
1496,0.002352817915380001,1.0,1.0,0.062255859375,0.0004325367264442447,1341
1497,0.02230084128677845,0.99643874168396,1.0,0.353515625,0.0004323224072361319,1404
1498,0.018426163122057915,0.9945571422576904,1.0,0.52734375,0.00043210800540989134,2021
1499,0.017838535830378532,0.9978647828102112,1.0,0.388671875,0.00043189352110464607,1405
1500,0.008458889089524746,0.9970781803131104,1.0,0.455078125,0.00043167895445957264,1369
1501,0.002958314260467887,1.0,1.0,0.1044921875,0.00043146430561390094,1200
1502,0.022351300343871117,0.9931439757347107,1.0,0.50390625,0.0004312495747069143,2042
1503,0.01486768014729023,0.998009979724884,1.0,0.42578125,0.0004310347618779494,2010
1504,0.013318510726094246,0.9964809417724609,1.0,0.40625,0.00043081986726639583,1705
1505,0.011287770234048367,0.9955223798751831,1.0,0.578125,0.00043060489101169635,1340
1506,0.0055421991273760796,0.9984902143478394,1.0,0.318359375,0.00043038983325334684,1987
1507,0.017655957490205765,0.99676114320755,1.0,0.6328125,0.0004301746941308958,1235
1508,0.009123287163674831,0.9972727298736572,1.0,0.32421875,0.0004299594737839448,1100
1509,0.005296936258673668,0.9982269406318665,1.0,0.404296875,0.0004297441723521478,1128
1510,0.010803152807056904,0.9984139800071716,1.0,0.306640625,0.00042952878997521186,1261
1511,0.02251753956079483,0.9959677457809448,1.0,0.81640625,0.0004293133267928961,744
1512,0.010402192361652851,0.9950354695320129,1.0,0.578125,0.0004290977829450121,1410
1513,0.007163192145526409,0.9983552694320679,1.0,0.318359375,0.000428882158571424,1824
1514,0.005201231222599745,0.9988317489624023,1.0,0.2353515625,0.00042866645381204834,1712
1515,0.0059732478111982346,0.9990262985229492,1.0,0.236328125,0.0004284506688068534,2054
1516,0.0012640231288969517,1.0,1.0,0.054931640625,0.0004282348036958597,1071
1517,0.003650602651759982,0.9993650913238525,1.0,0.2158203125,0.0004280188586191399,1575
1518,0.02183011919260025,0.9941956996917725,1.0,0.75390625,0.00042780283371681826,1206
1519,0.013390937820076942,0.9975271821022034,1.0,0.265625,0.0004275867291290711,2022
1520,0.015973087400197983,0.9967213273048401,1.0,0.349609375,0.0004273705449961264,1830
1521,0.009169814176857471,0.9972584247589111,1.0,0.43359375,0.00042715428145826344,1459
1522,0.02184135466814041,0.9947848916053772,1.0,0.48828125,0.0004269379386558136,1534
1523,0.0033296255860477686,0.998664915561676,1.0,0.2314453125,0.0004267215167291592,1498
1524,0.00362411024980247,0.9994089603424072,1.0,0.09814453125,0.000426505015818734,1692
1525,0.005605088081210852,0.9984996318817139,1.0,0.2021484375,0.00042628843606502326,1333
1526,0.02213510498404503,0.9957912564277649,1.0,0.4921875,0.00042607177760856324,1188
1527,0.012458095327019691,0.9986140131950378,1.0,0.298828125,0.00042585504058994107,1443
1528,0.003454111283645034,0.9995244741439819,1.0,0.15625,0.00042563822514979523,2103
1529,0.004760856740176678,0.9979444742202759,1.0,0.2578125,0.00042542133142881483,1946
1530,0.013454803265631199,0.9976038336753845,1.0,0.4765625,0.0004252043595677399,1252
1531,0.010720408521592617,0.9991829991340637,1.0,0.23046875,0.00042498730970736104,1224
1532,0.0012428349582478404,1.0,1.0,0.047119140625,0.0004247701819885196,2042
1533,0.0011829773429781199,1.0,1.0,0.06201171875,0.0004245529765521074,1100
1534,0.00273936172015965,0.9995024800300598,1.0,0.1259765625,0.0004243356935390667,2010
1535,0.006739333737641573,0.9992101192474365,1.0,0.43359375,0.0004241183330903899,1266
1536,0.01747034676373005,0.9957716464996338,1.0,0.5,0.00042390089534712023,1419
1537,0.0016639115056023002,1.0,1.0,0.1259765625,0.0004236833804503504,1459
1538,0.0014797620242461562,1.0,1.0,0.126953125,0.0004234657885412235,1071
1539,0.0030855871737003326,0.9985755085945129,1.0,0.265625,0.00042324811976093265,1404
1540,0.004273359663784504,0.9983726739883423,1.0,0.322265625,0.00042303037425072055,1229
1541,0.0017279653111472726,0.999451756477356,1.0,0.09716796875,0.00042281255215188005,1824
1542,0.01097297016531229,0.9970449209213257,1.0,0.4453125,0.0004225946536057537,1692
1543,0.000853467732667923,1.0,1.0,0.0184326171875,0.00042237667875373325,1705
1544,0.002718146424740553,0.9990103840827942,1.0,0.16015625,0.0004221586277372602,2021
1545,0.0012397825485095382,1.0,1.0,0.0859375,0.00042194050069782575,479
1546,0.0010170966852456331,1.0,1.0,0.0264892578125,0.0004217222977769698,1830
1547,0.0006535310531035066,1.0,1.0,0.0177001953125,0.00042150401911628224,744
1548,0.011421230621635914,0.9966832399368286,1.0,0.427734375,0.0004212856648574015,1206
1549,0.0013016595039516687,1.0,1.0,0.06640625,0.00042106723514201525,1200
1550,0.004656913690268993,0.9992012977600098,1.0,0.291015625,0.0004208487301118603,1252
1551,0.0029026775155216455,0.9992695450782776,1.0,0.486328125,0.0004206301499087221,1369
1552,0.008181723766028881,0.9981583952903748,1.0,0.326171875,0.00042041149467443497,1629
1553,0.0055795530788600445,0.9992319345474243,1.0,0.232421875,0.0004201927645508821,1302
1554,0.004000670742243528,0.9993481040000916,1.0,0.19140625,0.00041997395967999484,1534
1555,0.013576232828199863,0.9979973435401917,1.0,0.466796875,0.0004197550802037533,1498
1556,0.004835126921534538,0.9986140131950378,1.0,0.37109375,0.00041953612626418626,1443
1557,0.0006827628239989281,1.0,1.0,0.01458740234375,0.00041931709800337034,1333
1558,0.0036080642603337765,0.9987301826477051,1.0,0.2392578125,0.00041909799556343063,1575
1559,0.005406357813626528,0.9992088675498962,1.0,0.3046875,0.00041887881908654037,1264
1560,0.0010800892487168312,1.0,1.0,0.064453125,0.0004186595687149207,1946
1561,0.008360754698514938,0.9988317489624023,1.0,0.23046875,0.000418440244590841,1712
1562,0.005812377203255892,0.9980979561805725,1.0,0.310546875,0.00041822084685661805,2103
1563,0.0011005798587575555,1.0,1.0,0.0458984375,0.0004180013756546168,1987
1564,0.0018061873270198703,1.0,1.0,0.1962890625,0.00041778183112724986,1340
1565,0.007370333187282085,0.9991135001182556,1.0,0.1962890625,0.00041756221341697703,1128
1566,0.0009242844535037875,1.0,1.0,0.0302734375,0.0004173425226663061,1341
1567,0.004309807438403368,0.9991902709007263,1.0,0.34765625,0.00041712275901779184,1235
1568,0.001286191283725202,1.0,1.0,0.08154296875,0.00041690292261403647,2054
1569,0.001493454328738153,1.0,1.0,0.140625,0.00041668301359768965,1410
1570,0.003587617538869381,0.9992069602012634,1.0,0.2451171875,0.0004164630321114478,1261
1571,0.0008240715251304209,1.0,1.0,0.025634765625,0.0004162429782980545,1405
1572,0.002268692245706916,0.9995054602622986,1.0,0.1171875,0.00041602285230030037,2022
1573,0.003015984781086445,0.9993279576301575,1.0,0.236328125,0.0004158026542610227,1488
1574,0.0006639533094130456,1.0,1.0,0.01806640625,0.00041558238432310563,1305
1575,0.0013866904191672802,1.0,1.0,0.06591796875,0.00041536204262948014,1188
1576,0.0005441879038698971,1.0,1.0,0.009033203125,0.0004151416293231232,1488
1577,0.0005348572740331292,1.0,1.0,0.01177978515625,0.00041492114454705874,1340
1578,0.0006947856745682657,1.0,1.0,0.032470703125,0.0004147005884443571,1575
1579,0.0008240700699388981,1.0,1.0,0.044921875,0.00041447996115813457,2054
1580,0.0004915167228318751,1.0,1.0,0.009033203125,0.0004142592628315538,1405
1581,0.0013118656352162361,1.0,1.0,0.12353515625,0.0004140384936078237,1987
1582,0.0008175150724127889,1.0,1.0,0.041748046875,0.0004138176536301988,1824
1583,0.0004314790421631187,1.0,1.0,0.006439208984375,0.00041359674304197996,1341
1584,0.0004801798495464027,1.0,1.0,0.0089111328125,0.0004133757619865135,1305
1585,0.0004922926309518516,1.0,1.0,0.01397705078125,0.00041315471060719174,1229
1586,0.00738571910187602,0.9992498159408569,1.0,0.28125,0.0004129335890474526,1333
1587,0.00046770626795478165,1.0,1.0,0.006317138671875,0.00041271239745077924,1946
1588,0.0006060062441974878,1.0,1.0,0.032470703125,0.00041249113596070056,1629
1589,0.00045164054608903825,1.0,1.0,0.006591796875,0.00041226980472079086,1712
1590,0.0004639588878490031,1.0,1.0,0.007232666015625,0.00041204840387466937,1459
1591,0.0004443262005224824,1.0,1.0,0.00555419921875,0.00041182693356600083,2042
1592,0.0004917906480841339,1.0,1.0,0.01202392578125,0.00041160539393849505,1498
1593,0.0004307689960114658,1.0,1.0,0.016845703125,0.0004113837851359064,1188
1594,0.0004979358054697514,1.0,1.0,0.00970458984375,0.0004111621073020346,1692
1595,0.00039116089465096593,1.0,1.0,0.0133056640625,0.00041094036058072396,1264
1596,0.00042470506741665304,1.0,1.0,0.0128173828125,0.00041071854511586344,1128
1597,0.0004599440726451576,1.0,1.0,0.00640869140625,0.0004104966610513869,2103
1598,0.00040679381345398724,1.0,1.0,0.0076904296875,0.00041027470853127236,1302
1599,0.0003921586321666837,1.0,1.0,0.0064697265625,0.0004100526876995424,1206
1600,0.0004266523465048522,1.0,1.0,0.0054931640625,0.0004098305987002638,1705
1601,0.00052541249897331,1.0,1.0,0.032470703125,0.00040960844167754794,1266
1602,0.00046794849913567305,1.0,1.0,0.028076171875,0.00040938621677555,1419
1603,0.0003851725487038493,1.0,1.0,0.0062255859375,0.0004091639241384693,1235
1604,0.0009046412887983024,1.0,1.0,0.03955078125,0.0004089415639105491,1534
1605,0.00045159546425566077,1.0,1.0,0.0081787109375,0.00040871913623607644,1830
1606,0.0003337823145557195,1.0,1.0,0.004669189453125,0.0004084966412593825,1261
1607,0.013404552824795246,0.998132586479187,1.0,0.349609375,0.0004082740791248416,1071
1608,0.0003432778757996857,1.0,1.0,0.004547119140625,0.0004080514499768721,1369
1609,0.0003981910995207727,1.0,1.0,0.0167236328125,0.0004078287539599354,1200
1610,0.00044576101936399937,1.0,1.0,0.0279541015625,0.00040760599121853673,744
1611,0.00034680639510042965,1.0,1.0,0.004669189453125,0.0004073831618972243,1404
1612,0.00043319578981027007,1.0,1.0,0.01080322265625,0.00040716026614058965,2022
1613,0.0003282650432083756,1.0,1.0,0.0042724609375,0.0004069373040932675,1252
1614,0.000409536442020908,1.0,1.0,0.006134033203125,0.00040671427589993546,2021
1615,0.0023463827092200518,0.9991829991340637,1.0,0.1318359375,0.000406491181705314,1224
1616,0.00041341729229316115,1.0,1.0,0.0084228515625,0.0004062680216541666,2010
1617,0.0003386710013728589,1.0,1.0,0.004791259765625,0.0004060447958912995,1410
1618,0.0003689704171847552,1.0,1.0,0.005462646484375,0.00040582150456156137,1443
1619,0.0003484034677967429,1.0,1.0,0.0086669921875,0.00040559814780984343,479
1620,0.0003199990896973759,1.0,1.0,0.004180908203125,0.0004053747257810796,1100
1621,0.0005443663103505969,1.0,1.0,0.04150390625,0.00040515123862024593,1629
1622,0.0003590787819121033,1.0,1.0,0.00537109375,0.0004049276864723609,1488
1623,0.0003227212291676551,1.0,1.0,0.004425048828125,0.000404704069482485,1305
1624,0.00036859087413176894,1.0,1.0,0.005584716796875,0.0004044803877957209,1459
1625,0.0003885659680236131,1.0,1.0,0.00927734375,0.0004042566415572132,1419
1626,0.0004900732892565429,1.0,1.0,0.03955078125,0.0004040328309121484,1188
1627,0.0004064315580762923,1.0,1.0,0.00579833984375,0.0004038089560057547,2010
1628,0.0003756490768864751,1.0,1.0,0.006683349609375,0.00040358501698330233,1405
1629,0.0003945415955968201,1.0,1.0,0.00732421875,0.0004033610139901028,1712
1630,0.0003046802885364741,1.0,1.0,0.003875732421875,0.00040313694717150904,1100
1631,0.0015508427750319242,0.9992088675498962,1.0,0.13671875,0.0004029128166729159,1264
1632,0.0003098950255662203,1.0,1.0,0.0037384033203125,0.0004026886226397589,1302
1633,0.0003311878826934844,1.0,1.0,0.009521484375,0.0004024643652175153,1071
1634,0.00031258430681191385,1.0,1.0,0.006561279296875,0.0004022400445517032,1404
1635,0.00040536365122534335,1.0,1.0,0.004425048828125,0.000402015660787882,1534
1636,0.00036587234353646636,1.0,1.0,0.0050048828125,0.0004017912140716518,1946
1637,0.0003492643008939922,1.0,1.0,0.0034027099609375,0.0004015667045486536,2022
1638,0.00032901763916015625,1.0,1.0,0.0035400390625,0.0004013421323645692,1692
1639,0.00035800656769424677,1.0,1.0,0.00335693359375,0.0004011174976651211,2103
1640,0.0003622641961555928,1.0,1.0,0.00396728515625,0.00040089280059607237,2054
1641,0.00030879085534252226,1.0,1.0,0.0098876953125,0.0004006680413032264,479
1642,0.00031413324177265167,1.0,1.0,0.0037841796875,0.00040044321993242703,1498
1643,0.00030851204064674675,1.0,1.0,0.0032958984375,0.00040021833662955847,1575
1644,0.000385590159567073,1.0,1.0,0.0198974609375,0.000399993391540545,1369
1645,0.00033090662327595055,1.0,1.0,0.003936767578125,0.00039976838481135113,1705
1646,0.000259008607827127,1.0,1.0,0.002960205078125,0.0003995433165879813,1261
1647,0.0002806152042467147,1.0,1.0,0.0034332275390625,0.0003993181870164798,1341
1648,0.0002929057227447629,1.0,1.0,0.00335693359375,0.00039909299624293063,1443
1649,0.00028270581969991326,1.0,1.0,0.003387451171875,0.0003988677444134577,1410
1650,0.0002752545406110585,1.0,1.0,0.0032501220703125,0.0003986424316742247,1229
1651,0.0002730288833845407,1.0,1.0,0.00506591796875,0.0003984170581714344,744
1652,0.0002665297070052475,1.0,1.0,0.0032806396484375,0.00039819162405132916,1200
1653,0.0003269546723458916,1.0,1.0,0.003082275390625,0.00039796612946019097,2021
1654,0.0002756757312454283,1.0,1.0,0.0031890869140625,0.00039774057454434065,1266
1655,0.00025824675685726106,1.0,1.0,0.00286865234375,0.00039751495945013833,1252
1656,0.000304692453937605,1.0,1.0,0.00299072265625,0.00039728928432398325,2042
1657,0.00031025370117276907,1.0,1.0,0.0034027099609375,0.0003970635493123136,1824
1658,0.00027418494573794305,1.0,1.0,0.0035400390625,0.00039683775456160627,1235
1659,0.00031092765857465565,1.0,1.0,0.002899169921875,0.0003966119002183771,1987
1660,0.00026170851197093725,1.0,1.0,0.0031890869140625,0.00039638598642918044,1206
1661,0.0003094011917710304,1.0,1.0,0.0033111572265625,0.00039616001334060943,1830
1662,0.0005493266507983208,1.0,1.0,0.0152587890625,0.0003959339810992955,1224
1663,0.0002853829355444759,1.0,1.0,0.0031585693359375,0.00039570788985190844,1333
1664,0.0002417885116301477,1.0,1.0,0.002685546875,0.00039548173974515645,1128
1665,0.0002670766843948513,1.0,1.0,0.003173828125,0.0003952555309257858,1340
1666,0.00027270097052678466,1.0,1.0,0.0031890869140625,0.0003950292635405811,1498
1667,0.0002698892494663596,1.0,1.0,0.0032501220703125,0.00039480293773636483,1405
1668,0.00028949082479812205,1.0,1.0,0.00286865234375,0.0003945765536599971,1946
1669,0.0002715162409003824,1.0,1.0,0.002777099609375,0.00039435011145837624,1629
1670,0.0002313781005796045,1.0,1.0,0.0027618408203125,0.00039412361127843815,1188
1671,0.0002691296685952693,1.0,1.0,0.0032806396484375,0.0003938970532671562,1443
1672,0.00027132578543387353,1.0,1.0,0.0034027099609375,0.00039367043757154165,1459
1673,0.00029465058469213545,1.0,1.0,0.0033111572265625,0.0003934437643386429,2010
1674,0.00024192479031626135,1.0,1.0,0.002838134765625,0.0003932170337155455,1341
1675,0.0004286810290068388,1.0,1.0,0.005645751953125,0.00039299024584937283,1224
1676,0.00024038442643359303,1.0,1.0,0.0031890869140625,0.00039276340088728487,1071
1677,0.00022023027122486383,1.0,1.0,0.002532958984375,0.0003925364989764788,1264
1678,0.0002591706579551101,1.0,1.0,0.0025634765625,0.0003923095402641891,1575
1679,0.0002933857904281467,1.0,1.0,0.0028076171875,0.00039208252489768655,2021
1680,0.0002327271067770198,1.0,1.0,0.00244140625,0.00039185545302427904,1404
1681,0.0002361773804295808,1.0,1.0,0.0026092529296875,0.000391628324791311,1369
1682,0.00026487011928111315,1.0,1.0,0.0027923583984375,0.0003914011403461635,1692
1683,0.00027323016547597945,1.0,1.0,0.0030517578125,0.0003911738998362542,1705
1684,0.0002792740415316075,1.0,1.0,0.002777099609375,0.0003909466034090368,2054
1685,0.0002551499637775123,1.0,1.0,0.002838134765625,0.00039071925121200154,1333
1686,0.00024248921545222402,1.0,1.0,0.0029449462890625,0.00039049184339267484,1266
1687,0.00023652924573980272,1.0,1.0,0.00286865234375,0.0003902643800986191,1305
1688,0.00027319820947013795,1.0,1.0,0.002410888671875,0.00039003686147743276,2022
1689,0.0002331997238798067,1.0,1.0,0.002655029296875,0.0003898092876767504,1340
1690,0.0002446604776196182,1.0,1.0,0.002532958984375,0.0003895816588442419,1488
1691,0.00028084058430977166,1.0,1.0,0.002471923828125,0.00038935397512761326,2103
1692,0.0002591172233223915,1.0,1.0,0.0024871826171875,0.0003891262366746061,1712
1693,0.00020614918321371078,1.0,1.0,0.002288818359375,0.00038889844363299713,1261
1694,0.00021552309044636786,1.0,1.0,0.0022735595703125,0.00038867059615059913,1252
1695,0.00024712225422263145,1.0,1.0,0.00244140625,0.0003884426943752597,2042
1696,0.0002966049069073051,1.0,1.0,0.003143310546875,0.0003882147384548616,1534
1697,0.00020956095249857754,1.0,1.0,0.0031890869140625,0.0003879867285373233,744
1698,0.00021739061048720032,1.0,1.0,0.00250244140625,0.00038775866477059776,1419
1699,0.0002589979558251798,1.0,1.0,0.0024261474609375,0.00038753054730267326,1987
1700,0.00021654066222254187,1.0,1.0,0.0027618408203125,0.00038730237628157265,1100
1701,0.0002209363301517442,1.0,1.0,0.00274658203125,0.0003870741518553535,1206
1702,0.00020572877838276327,1.0,1.0,0.003936767578125,0.0003868458741721083,479
1703,0.0002076097298413515,1.0,1.0,0.002166748046875,0.000386617543379964,1128
1704,0.00021719919459428638,1.0,1.0,0.0025787353515625,0.0003863891596270818,1410
1705,0.00022828750661574304,1.0,1.0,0.0030670166015625,0.00038616072306165767,1235
1706,0.00024047569604590535,1.0,1.0,0.00274658203125,0.00038593223383192145,1824
1707,0.0002056397352134809,1.0,1.0,0.0023040771484375,0.00038570369208613736,1229
1708,0.00020447475253604352,1.0,1.0,0.0023651123046875,0.0003854750979726037,1200
1709,0.00025394742260687053,1.0,1.0,0.002777099609375,0.00038524645163965255,1830
1710,0.00020627868070732802,1.0,1.0,0.0024261474609375,0.0003850177532356502,1302
1711,0.00024932509404607117,1.0,1.0,0.002655029296875,0.0003847890029089967,1830
1712,0.00019832445832435042,1.0,1.0,0.002227783203125,0.0003845602008081252,1200
1713,0.00021465399186126888,1.0,1.0,0.0026092529296875,0.00038433134708150337,1235
1714,0.0002476892259437591,1.0,1.0,0.00213623046875,0.0003841024418776316,2103
1715,0.00019829558732453734,1.0,1.0,0.002227783203125,0.0003838734853450441,1302
1716,0.00021213247964624316,1.0,1.0,0.0023040771484375,0.00038364447763230837,1498
1717,0.00022992918093223125,1.0,1.0,0.00225830078125,0.00038341541888802487,2010
1718,0.00017741057672537863,1.0,1.0,0.0025634765625,0.0003831863092608274,744
1719,0.000179180278792046,1.0,1.0,0.0033111572265625,0.00038295714889938264,479
1720,0.00018618660396896303,1.0,1.0,0.002044677734375,0.00038272793795239037,1188
1721,0.00018810790788847953,1.0,1.0,0.00193023681640625,0.0003824986765685831,1128
1722,0.00021882484725210816,1.0,1.0,0.00201416015625,0.0003822693648967259,1712
1723,0.0001936706539709121,1.0,1.0,0.002197265625,0.0003820400030856168,1341
1724,0.00021997197472956032,1.0,1.0,0.0023956298828125,0.0003818105912840861,1705
1725,0.00019659452664200217,1.0,1.0,0.0019073486328125,0.00038158112964099665,1488
1726,0.00018032384105026722,1.0,1.0,0.002044677734375,0.00038135161830524353,1100
1727,0.00022330402862280607,1.0,1.0,0.0020751953125,0.0003811220574257543,2054
1728,0.00019550193974282593,1.0,1.0,0.00213623046875,0.0003808924471514885,1405
1729,0.00016729750495869666,1.0,1.0,0.0019989013671875,0.00038066278763143754,1071
1730,0.00022900055046193302,1.0,1.0,0.002227783203125,0.00038043307901462525,2021
1731,0.0002087943285005167,1.0,1.0,0.00201416015625,0.00038020332145010695,1575
1732,0.00020725636568386108,1.0,1.0,0.0023193359375,0.0003799735150869698,1824
1733,0.00018683412054087967,1.0,1.0,0.0020294189453125,0.00037974366007433274,1340
1734,0.00021821362315677106,1.0,1.0,0.00201416015625,0.0003795137565613461,1987
1735,0.00018391154299024493,1.0,1.0,0.0020751953125,0.0003792838046971918,1206
1736,0.00020165331079624593,1.0,1.0,0.0023040771484375,0.0003790538046310832,1333
1737,0.00017728633247315884,1.0,1.0,0.0019989013671875,0.0003788237565122646,1261
1738,0.0001952519960468635,1.0,1.0,0.0019073486328125,0.00037859366049001206,1692
1739,0.00020019238581880927,1.0,1.0,0.00177764892578125,0.00037836351671363216,2042
1740,0.0001781222817953676,1.0,1.0,0.0018157958984375,0.00037813332533246274,1404
1741,0.00020376034080982208,1.0,1.0,0.00176239013671875,0.00037790308649587244,2022
1742,0.00018267448467668146,1.0,1.0,0.00191497802734375,0.00037767280035326095,1369
1743,0.00019698789401445538,1.0,1.0,0.00174713134765625,0.0003774424670540582,1946
1744,0.00016152719035744667,1.0,1.0,0.001739501953125,0.00037721208674772514,1264
1745,0.00016819547454360873,1.0,1.0,0.00176239013671875,0.00037698165958375304,1229
1746,0.0001956082705873996,1.0,1.0,0.002349853515625,0.0003767511857116634,1443
1747,0.00018755542987491935,1.0,1.0,0.0021820068359375,0.0003765206652810085,1305
1748,0.00018707936396822333,1.0,1.0,0.00225830078125,0.0003762900984413702,1459
1749,0.000161236384883523,1.0,1.0,0.00156402587890625,0.0003760594853423611,1252
1750,0.0001809215173125267,1.0,1.0,0.0017242431640625,0.0003758288261336235,1629
1751,0.00033647887175902724,1.0,1.0,0.004486083984375,0.0003755981209648295,1224
1752,0.00017076927179004997,1.0,1.0,0.0017852783203125,0.0003753673699856813,1419
1753,0.00024272479640785605,1.0,1.0,0.002655029296875,0.0003751365733459107,1534
1754,0.0001683412556303665,1.0,1.0,0.001800537109375,0.00037490573119527916,1410
1755,0.0001642243005335331,1.0,1.0,0.00177001953125,0.00037467484368357756,1266
1756,0.0001932692975969985,1.0,1.0,0.001739501953125,0.0003744439109606264,1987
1757,0.0001733580866130069,1.0,1.0,0.001556396484375,0.00037421293317627525,1575
1758,0.0001861838245531544,1.0,1.0,0.0015869140625,0.00037398191048040327,2022
1759,0.00016661384142935276,1.0,1.0,0.0017547607421875,0.00037375084302291846,1459
1760,0.00015689183783251792,1.0,1.0,0.001708984375,0.000373519730953758,1200
1761,0.00016060486086644232,1.0,1.0,0.00162506103515625,0.0003732885744228882,1340
1762,0.00014901267422828823,1.0,1.0,0.00173187255859375,0.0003730573735803037,1071
1763,0.00016002744087018073,1.0,1.0,0.0016021728515625,0.0003728261285760284,1405
1764,0.00015602473285980523,1.0,1.0,0.00160980224609375,0.0003725948395601147,1410
1765,0.00017755631415639073,1.0,1.0,0.00162506103515625,0.0003723635066826434,2042
1766,0.00017354915325995535,1.0,1.0,0.0018463134765625,0.00037213213009372405,1705
1767,0.00015835596423130482,1.0,1.0,0.00157928466796875,0.0003719007099434943,1369
1768,0.00015846882888581604,1.0,1.0,0.0015411376953125,0.0003716692463821201,1488
1769,0.0001514263276476413,1.0,1.0,0.00159454345703125,0.00037143773955979585,1341
1770,0.00014609946811106056,1.0,1.0,0.00145721435546875,0.0003712061896267437,1229
1771,0.00018500085570849478,1.0,1.0,0.00151824951171875,0.0003709745967332139,2103
1772,0.00014295379514805973,1.0,1.0,0.001556396484375,0.00037074296102948453,1261
1773,0.00016095805040095001,1.0,1.0,0.001708984375,0.00037051128266586144,1235
1774,0.0002670189714990556,1.0,1.0,0.0032196044921875,0.00037027956179267824,1224
1775,0.0001482657971791923,1.0,1.0,0.0015869140625,0.0003700477985602963,1302
1776,0.00013090563879814,1.0,1.0,0.00177764892578125,0.000369815993119104,744
1777,0.00015228473057504743,1.0,1.0,0.00150299072265625,0.0003695841456195174,1305
1778,0.00015105177590157837,1.0,1.0,0.00165557861328125,0.00036935225621198005,1100
1779,0.00014780994388274848,1.0,1.0,0.00154876708984375,0.0003691203250469622,1128
1780,0.00016941400826908648,1.0,1.0,0.00164794921875,0.0003688883522749615,2010
1781,0.00016478414181619883,1.0,1.0,0.00147247314453125,0.00036865633804650277,1946
1782,0.00013922851940151304,1.0,1.0,0.0016326904296875,0.00036842428251213734,1188
1783,0.00013939380005467683,1.0,1.0,0.00136566162109375,0.0003681921858224436,1404
1784,0.000177799811353907,1.0,1.0,0.0018157958984375,0.0003679600481280265,1830
1785,0.00016037956811487675,1.0,1.0,0.0015106201171875,0.0003677278695795177,1712
1786,0.00016545115795452148,1.0,1.0,0.00144195556640625,0.00036749565032757545,2054
1787,0.00016212341142818332,1.0,1.0,0.00154876708984375,0.00036726339052288416,1692
1788,0.0001485528628109023,1.0,1.0,0.0014190673828125,0.00036703109031615465,1629
1789,0.0001242037396878004,1.0,1.0,0.001220703125,0.00036679874985812426,1264
1790,0.00013756475527770817,1.0,1.0,0.00146484375,0.00036656636929955586,1266
1791,0.0001536832278361544,1.0,1.0,0.0014801025390625,0.0003663339487912389,1824
1792,0.00013337371638044715,1.0,1.0,0.0013275146484375,0.0003661014884839885,1206
1793,0.00014224188635125756,1.0,1.0,0.00138092041015625,0.00036586898852864565,1443
1794,0.0001695372920949012,1.0,1.0,0.00189208984375,0.0003656364490760769,2021
1795,0.000141694545163773,1.0,1.0,0.00139617919921875,0.0003654038702771747,1498
1796,0.0001261854631593451,1.0,1.0,0.001220703125,0.0003651712522828568,1252
1797,0.0001285980106331408,1.0,1.0,0.00213623046875,0.00036493859524406664,479
1798,0.0001507172710262239,1.0,1.0,0.00153350830078125,0.0003647058993117728,1333
1799,0.00018356651708018035,1.0,1.0,0.0019683837890625,0.000364473164636969,1534
1800,0.00013207044685259461,1.0,1.0,0.00127410888671875,0.00036424039137067447,1419
1801,0.00012097428407287225,1.0,1.0,0.0019073486328125,0.0003640075796639331,479
1802,0.00013462419155985117,1.0,1.0,0.00128936767578125,0.0003637747296678139,1443
1803,0.00011165834439452738,1.0,1.0,0.00138092041015625,0.0003635418415334107,744
1804,0.00013132093590684235,1.0,1.0,0.00130462646484375,0.00036330891541184215,1459
1805,0.0001697727566352114,1.0,1.0,0.00171661376953125,0.00036307595145425146,1534
1806,0.00014465540880337358,1.0,1.0,0.0012054443359375,0.0003628429498118064,1946
1807,0.000151969536091201,1.0,1.0,0.00131988525390625,0.00036260991063569913,1987
1808,0.00013277232937980443,1.0,1.0,0.0014190673828125,0.0003623768340771464,1235
1809,0.00013236636004876345,1.0,1.0,0.001251220703125,0.0003621437202873889,1333
1810,0.00013498269254341722,1.0,1.0,0.0012969970703125,0.0003619105694176917,1629
1811,0.00013545138062909245,1.0,1.0,0.0012664794921875,0.00036167738161934395,1824
1812,0.00013975602632854134,1.0,1.0,0.00133514404296875,0.0003614441570436585,1712
1813,0.00011129460472147912,1.0,1.0,0.0010986328125,0.00036121089584197243,1264
1814,0.00012681575026363134,1.0,1.0,0.001220703125,0.0003609775981656463,1405
1815,0.00012902708840556443,1.0,1.0,0.001220703125,0.00036074426416606454,1705
1816,0.0001339001173619181,1.0,1.0,0.0011749267578125,0.0003605108939946348,1575
1817,0.00012286356650292873,1.0,1.0,0.001190185546875,0.0003602774878027887,1410
1818,0.00011723138595698401,1.0,1.0,0.00121307373046875,0.0003600440457419809,1200
1819,0.00010853863204829395,1.0,1.0,0.0011749267578125,0.00035981056796368944,1071
1820,0.00011884709965670481,1.0,1.0,0.0010986328125,0.0003595770546194156,1340
1821,0.00011505692236823961,1.0,1.0,0.001129150390625,0.0003593435058606834,1341
1822,0.0001167390146292746,1.0,1.0,0.0012054443359375,0.0003591099218390403,1100
1823,0.0001091686135623604,1.0,1.0,0.0010986328125,0.00035887630270605634,1261
1824,0.00013290099741425365,1.0,1.0,0.001190185546875,0.00035864264861332445,1692
1825,0.00013440399197861552,1.0,1.0,0.0010986328125,0.00035840895971246044,2042
1826,0.00012986383808311075,1.0,1.0,0.00110626220703125,0.0003581752361551022,2010
1827,0.00011181000445503742,1.0,1.0,0.00103759765625,0.0003579414780929105,1404
1828,0.00011672442633425817,1.0,1.0,0.0011444091796875,0.0003577076856775685,1206
1829,0.00014404489775188267,1.0,1.0,0.0012359619140625,0.0003574738590607814,2021
1830,0.00011917800293304026,1.0,1.0,0.00116729736328125,0.00035723999839427706,1305
1831,0.00011550223280210048,1.0,1.0,0.001068115234375,0.0003570061038298048,1369
1832,0.00011619725410128012,1.0,1.0,0.0011138916015625,0.00035677217551913643,1488
1833,0.00012761207472067326,1.0,1.0,0.001007080078125,0.00035653821361406545,2054
1834,0.00010791810200316831,1.0,1.0,0.001068115234375,0.00035630421826640706,1302
1835,0.00011111943604191765,1.0,1.0,0.00112152099609375,0.0003560701896279986,1252
1836,0.00010979219223372638,1.0,1.0,0.00109100341796875,0.0003558361278506985,1266
1837,0.00010791863314807415,1.0,1.0,0.00103759765625,0.00035560203308638693,1229
1838,0.00011090601765317842,1.0,1.0,0.001007080078125,0.00035536790548696545,1498
1839,0.0001980985834961757,1.0,1.0,0.0026397705078125,0.000355133745204357,1224
1840,0.00010467935499036685,1.0,1.0,0.00098419189453125,0.00035489955239050556,1419
1841,0.00013879132166039199,1.0,1.0,0.00107574462890625,0.0003546653271973763,2103
1842,0.0001071364022209309,1.0,1.0,0.0010986328125,0.00035443106977695553,1128
1843,0.00010059666237793863,1.0,1.0,0.00098419189453125,0.00035419678028125013,1188
1844,0.00012851123756263405,1.0,1.0,0.00115203857421875,0.00035396245886228816,2022
1845,0.000124672194942832,1.0,1.0,0.00110626220703125,0.00035372810567211823,1830
1846,9.60529941949062e-05,1.0,1.0,0.00089263916015625,0.0003534937208628095,1252
1847,0.00010015467705670744,1.0,1.0,0.000904083251953125,0.0003532593045864519,1410
1848,0.0001085615367628634,1.0,1.0,0.00104522705078125,0.00035302485699515546,1305
1849,0.00010848636156879365,1.0,1.0,0.00101470947265625,0.0003527903782410507,1488
1850,9.015548130264506e-05,1.0,1.0,0.00084686279296875,0.00035255586847628834,1264
1851,0.0001091768717742525,1.0,1.0,0.00101470947265625,0.0003523213278530392,1333
1852,9.849066555034369e-05,1.0,1.0,0.00086212158203125,0.0003520867565234942,1369
1853,0.00012142503692302853,1.0,1.0,0.00099945068359375,0.00035185215463986416,1987
1854,8.718166645849124e-05,1.0,1.0,0.00102996826171875,0.0003516175223543796,744
1855,0.00016572304593864828,1.0,1.0,0.00186920166015625,0.00035138285981929087,1224
1856,9.713239705888554e-05,1.0,1.0,0.00098419189453125,0.00035114816718686805,1200
1857,9.811287600314245e-05,1.0,1.0,0.000904083251953125,0.0003509134446094005,1405
1858,9.376843081554398e-05,1.0,1.0,0.000858306884765625,0.00035067869223919727,1266
1859,8.988498302642256e-05,1.0,1.0,0.000858306884765625,0.0003504439102285866,1128
1860,9.481194865657017e-05,1.0,1.0,0.000858306884765625,0.0003502090987299159,1340
1861,8.440050442004576e-05,1.0,1.0,0.000762939453125,0.0003499742578955519,1188
1862,8.615465776529163e-05,1.0,1.0,0.000865936279296875,0.00034973938787788016,1071
1863,8.545210584998131e-05,1.0,1.0,0.0007781982421875,0.0003495044888293053,1100
1864,8.660736784804612e-05,1.0,1.0,0.000774383544921875,0.00034926956090225106,1302
1865,0.00010000201291404665,1.0,1.0,0.00087738037109375,0.0003490346042491592,1629
1866,9.131756814895198e-05,1.0,1.0,0.0008544921875,0.0003487996190224907,1419
1867,8.474088099319488e-05,1.0,1.0,0.000732421875,0.000348564605374725,1229
1868,0.00011644851474557072,1.0,1.0,0.00106048583984375,0.0003483295634583598,1534
1869,0.00011372229346306995,1.0,1.0,0.000972747802734375,0.00034809449342591137,1830
1870,8.72988166520372e-05,1.0,1.0,0.000820159912109375,0.000347859395429914,1341
1871,0.00011972300126217306,1.0,1.0,0.00091552734375,0.0003476242696229203,2103
1872,9.442261216463521e-05,1.0,1.0,0.0008392333984375,0.0003473891161575007,1498
1873,0.00011983200238319114,1.0,1.0,0.0013275146484375,0.0003471539351862438,1824
1874,8.062578126555309e-05,1.0,1.0,0.00115966796875,0.0003469187268617562,479
1875,0.00010028603719547391,1.0,1.0,0.0011138916015625,0.0003466834913366618,1235
1876,0.00010347533680032939,1.0,1.0,0.00107574462890625,0.0003464482287636023,1712
1877,0.00010609059245325625,1.0,1.0,0.000823974609375,0.0003462129392952372,2022
1878,0.0001193258649436757,1.0,1.0,0.001007080078125,0.0003459776230842433,2042
1879,0.00011422436364227906,1.0,1.0,0.00103759765625,0.0003457422802833146,1575
1880,9.632390720071271e-05,1.0,1.0,0.000759124755859375,0.0003455069110451626,1692
1881,0.00011502071720315143,1.0,1.0,0.00093841552734375,0.0003452715155225158,2054
1882,0.00010836214642040431,1.0,1.0,0.00090789794921875,0.0003450360938681197,2010
1883,9.774101636139676e-05,1.0,1.0,0.0009613037109375,0.0003448006462347371,1459
1884,9.628388215787709e-05,1.0,1.0,0.000911712646484375,0.0003445651727751471,1404
1885,9.640075586503372e-05,1.0,1.0,0.00093841552734375,0.0003443296736421463,1443
1886,8.599537250120193e-05,1.0,1.0,0.0008392333984375,0.0003440941489885471,1261
1887,0.00010558288340689614,1.0,1.0,0.0010528564453125,0.000343858598967179,2021
1888,9.54142160480842e-05,1.0,1.0,0.00083160400390625,0.00034362302373088795,1705
1889,9.98167524812743e-05,1.0,1.0,0.000732421875,0.0003433874234325362,1946
1890,8.329214324476197e-05,1.0,1.0,0.0007781982421875,0.00034315179822500214,1206
1891,7.952782470965758e-05,1.0,1.0,0.00070953369140625,0.0003429161482611804,1266
1892,8.831232116790488e-05,1.0,1.0,0.00075531005859375,0.0003426804736939817,1488
1893,9.625322127249092e-05,1.0,1.0,0.000698089599609375,0.00034244477467633265,2054
1894,9.113360283663496e-05,1.0,1.0,0.000682830810546875,0.00034220905136117595,2010
1895,7.659741095267236e-05,1.0,1.0,0.0007171630859375,0.00034197330390146966,1100
1896,0.00010236541129415855,1.0,1.0,0.0007476806640625,0.000341737532450188,2103
1897,7.086369441822171e-05,1.0,1.0,0.000797271728515625,0.00034150173716032044,744
1898,9.791310003492981e-05,1.0,1.0,0.000736236572265625,0.00034126591818487177,2021
1899,9.176335879601538e-05,1.0,1.0,0.000713348388671875,0.00034103007567686254,1830
1900,8.541319402866066e-05,1.0,1.0,0.000774383544921875,0.0003407942097893285,1340
1901,7.872410060372204e-05,1.0,1.0,0.00074005126953125,0.00034055832067532026,1200
1902,8.635138510726392e-05,1.0,1.0,0.000675201416015625,0.00034032240848790377,1575
1903,8.701418846612796e-05,1.0,1.0,0.00060272216796875,0.00034008647338016,1946
1904,7.96764506958425e-05,1.0,1.0,0.000766754150390625,0.00033985051550518443,1341
1905,8.478885138174519e-05,1.0,1.0,0.000766754150390625,0.0003396145350160878,1369
1906,8.13155056675896e-05,1.0,1.0,0.000675201416015625,0.0003393785320659952,1705
1907,6.814278458477929e-05,1.0,1.0,0.000949859619140625,0.00033914250680804644,479
1908,8.094048826023936e-05,1.0,1.0,0.000762939453125,0.00033890645939539557,1419
1909,8.018226799322292e-05,1.0,1.0,0.000621795654296875,0.00033867038998121145,1824
1910,6.856150139356032e-05,1.0,1.0,0.00063323974609375,0.00033843429871867667,1071
1911,8.66893824422732e-05,1.0,1.0,0.000835418701171875,0.0003381981857609886,1305
1912,0.00011230960808461532,1.0,1.0,0.00112152099609375,0.0003379620512613581,1534
1913,7.62197669246234e-05,1.0,1.0,0.000698089599609375,0.0003377258953730105,1229
1914,8.840097871143371e-05,1.0,1.0,0.000820159912109375,0.00033748971824918464,1333
1915,9.108991071116179e-05,1.0,1.0,0.000789642333984375,0.0003372535200431333,1712
1916,7.404741336358711e-05,1.0,1.0,0.000640869140625,0.000337017300908123,1459
1917,7.445474329870194e-05,1.0,1.0,0.000629425048828125,0.0003367810609974338,1404
1918,7.86782693467103e-05,1.0,1.0,0.00080108642578125,0.00033654480046435917,1405
1919,8.260158938355744e-05,1.0,1.0,0.0006866455078125,0.0003363085194622059,1629
1920,7.500491483369842e-05,1.0,1.0,0.000766754150390625,0.0003360722181442944,1252
1921,7.510045543313026e-05,1.0,1.0,0.000732421875,0.00033583589666395775,1128
1922,7.190275937318802e-05,1.0,1.0,0.000621795654296875,0.0003355995551745426,1302
1923,0.00013302115257829428,1.0,1.0,0.00168609619140625,0.00033536319382940834,1224
1924,7.136296335374936e-05,1.0,1.0,0.00061798095703125,0.00033512681278192715,1206
1925,8.222703036153689e-05,1.0,1.0,0.000576019287109375,0.0003348904121854843,2042
1926,7.64672877267003e-05,1.0,1.0,0.00067138671875,0.00033465399219347747,1410
1927,8.308266842504963e-05,1.0,1.0,0.000659942626953125,0.0003344175529593171,1692
1928,8.799484930932522e-05,1.0,1.0,0.00069427490234375,0.000334181094636426,2022
1929,8.909029565984383e-05,1.0,1.0,0.000732421875,0.0003339446173782394,1987
1930,6.54638497508131e-05,1.0,1.0,0.000579833984375,0.0003337081213382047,1264
1931,7.909987471066415e-05,1.0,1.0,0.000797271728515625,0.00033347160666978196,1235
1932,7.449608528986573e-05,1.0,1.0,0.000659942626953125,0.0003332350735264426,1443
1933,6.749924796167761e-05,1.0,1.0,0.000591278076171875,0.0003329985220616707,1261
1934,7.390068640233949e-05,1.0,1.0,0.000614166259765625,0.00033276195242896176,1498
1935,6.456493429141119e-05,1.0,1.0,0.000553131103515625,0.00033252536478182326,1188
1936,6.908903014846146e-05,1.0,1.0,0.000583648681640625,0.00033228875927377436,1419
1937,6.281630339799449e-05,1.0,1.0,0.000591278076171875,0.0003320521360583459,1071
1938,7.402239862130955e-05,1.0,1.0,0.000621795654296875,0.00033181549528908,1705
1939,0.00011262828775215894,1.0,1.0,0.00115203857421875,0.0003315788371195304,1224
1940,7.392996485577896e-05,1.0,1.0,0.000583648681640625,0.000331342161703262,1629
1941,7.466143142664805e-05,1.0,1.0,0.000591278076171875,0.0003311054691938507,1824
1942,7.177560473792255e-05,1.0,1.0,0.000629425048828125,0.000330868759744884,1305
1943,8.662889013066888e-05,1.0,1.0,0.00061798095703125,0.00033063203350995986,2103
1944,6.66941050440073e-05,1.0,1.0,0.000591278076171875,0.0003303952906426876,1302
1945,7.658258255105466e-05,1.0,1.0,0.00057220458984375,0.0003301585312966868,2010
1946,6.631470751017332e-05,1.0,1.0,0.000576019287109375,0.00032992175562558825,1266
1947,6.432694499380887e-05,1.0,1.0,0.00054931640625,0.00032968496378303305,1206
1948,8.244272612500936e-05,1.0,1.0,0.00061798095703125,0.0003294481559226728,2021
1949,5.8616409660317004e-05,1.0,1.0,0.0005035400390625,0.0003292113321981697,1264
1950,6.301654502749443e-05,1.0,1.0,0.000560760498046875,0.0003289744927631959,1341
1951,7.998604996828362e-05,1.0,1.0,0.000591278076171875,0.00032873763777143414,1946
1952,5.84998051635921e-05,1.0,1.0,0.0008087158203125,0.00032850076737657685,479
1953,6.848194607300684e-05,1.0,1.0,0.000568389892578125,0.0003282638817323268,1333
1954,6.281403329921886e-05,1.0,1.0,0.000560760498046875,0.00032802698099239645,1200
1955,6.731185567332432e-05,1.0,1.0,0.00057220458984375,0.0003277900653105081,1410
1956,6.63133614580147e-05,1.0,1.0,0.0005645751953125,0.00032755313484039385,1405
1957,6.660815415671095e-05,1.0,1.0,0.000568389892578125,0.0003273161897357953,1404
1958,6.028961070114747e-05,1.0,1.0,0.000522613525390625,0.00032707923015046344,1188
1959,6.547705561388284e-05,1.0,1.0,0.000545501708984375,0.0003268422562381589,1340
1960,6.824176671216264e-05,1.0,1.0,0.0005645751953125,0.0003266052681526513,1488
1961,6.455549009842798e-05,1.0,1.0,0.00054168701171875,0.00032636826604771983,1369
1962,7.515848119510338e-05,1.0,1.0,0.0006103515625,0.00032613125007715263,1712
1963,6.406250031432137e-05,1.0,1.0,0.000553131103515625,0.00032589422039474653,1443
1964,7.730810466455296e-05,1.0,1.0,0.000614166259765625,0.0003256571771543077,1987
1965,5.940057963016443e-05,1.0,1.0,0.000518798828125,0.0003254201205096509,1100
1966,6.135026342235506e-05,1.0,1.0,0.000518798828125,0.00032518305061459953,1459
1967,6.980439502513036e-05,1.0,1.0,0.0005340576171875,0.0003249459676229859,1692
1968,6.065677007427439e-05,1.0,1.0,0.00054931640625,0.0003247088716886503,1128
1969,6.018875865265727e-05,1.0,1.0,0.000553131103515625,0.00032447176296544186,1252
1970,7.211329648271203e-05,1.0,1.0,0.000579833984375,0.00032423464160721783,1575
1971,6.231289444258437e-05,1.0,1.0,0.0005035400390625,0.0003239975077678437,1498
1972,7.521041698055342e-05,1.0,1.0,0.00054931640625,0.0003237603616011931,2042
1973,5.7031393225770444e-05,1.0,1.0,0.000484466552734375,0.00032352320326114743,1229
1974,7.602164259878919e-05,1.0,1.0,0.00055694580078125,0.0003232860329015963,2054
1975,7.023027137620375e-05,1.0,1.0,0.00051116943359375,0.000323048850676437,1830
1976,8.285556396003813e-05,1.0,1.0,0.000759124755859375,0.00032281165673957434,1534
1977,7.134377665352076e-05,1.0,1.0,0.00051116943359375,0.000322574451244921,2022
1978,5.1474027713993564e-05,1.0,1.0,0.00055694580078125,0.00032233723434639723,744
1979,6.323499837890267e-05,1.0,1.0,0.00058746337890625,0.00032210000619793016,1235
1980,5.709442120860331e-05,1.0,1.0,0.0004825592041015625,0.0003218627669534548,1261
1981,5.101535498397425e-05,1.0,1.0,0.000400543212890625,0.00032162551676691303,1188
1982,4.94770283694379e-05,1.0,1.0,0.000518798828125,0.00032138825579225384,744
1983,5.364709431887604e-05,1.0,1.0,0.000484466552734375,0.00032115098418343345,1071
1984,6.753834168193862e-05,1.0,1.0,0.000457763671875,0.0003209137020944148,2042
1985,5.7292669225716963e-05,1.0,1.0,0.000476837158203125,0.0003206764096791676,1302
1986,7.129209552658722e-05,1.0,1.0,0.000499725341796875,0.00032043910709166843,2021
1987,7.686465687584132e-05,1.0,1.0,0.00064849853515625,0.00032020179448590013,1534
1988,6.309099990176037e-05,1.0,1.0,0.000484466552734375,0.0003199644720158525,1629
1989,6.066550486139022e-05,1.0,1.0,0.000522613525390625,0.0003197271398355216,1305
1990,5.220732418820262e-05,1.0,1.0,0.00042724609375,0.00031948979809890945,1100
1991,6.542379560414702e-05,1.0,1.0,0.000438690185546875,0.0003192524469600245,1946
1992,6.486404890893027e-05,1.0,1.0,0.000461578369140625,0.00031901508657288164,1830
1993,5.877466901438311e-05,1.0,1.0,0.00049591064453125,0.0003187777170915011,1419
1994,7.153674232540652e-05,1.0,1.0,0.000507354736328125,0.00031854033866990963,2103
1995,4.51587256975472e-05,1.0,1.0,0.00055694580078125,0.00031830295146213945,479
1996,5.170471558813006e-05,1.0,1.0,0.0004329681396484375,0.0003180655556222284,1200
1997,5.060250259703025e-05,1.0,1.0,0.0004177093505859375,0.00031782815130422016,1128
1998,5.7438697695033625e-05,1.0,1.0,0.0005035400390625,0.0003175907386621638,1459
1999,5.464766582008451e-05,1.0,1.0,0.000507354736328125,0.00031735331785011383,1341
2000,5.818316276418045e-05,1.0,1.0,0.000492095947265625,0.0003171158890221301,1405
2001,5.829950168845244e-05,1.0,1.0,0.000518798828125,0.00031687845233227747,1235
2002,6.598705658689141e-05,1.0,1.0,0.000476837158203125,0.00031664100793462604,2022
2003,6.234325701370835e-05,1.0,1.0,0.00054931640625,0.000316403555983251,1705
2004,9.159257024293765e-05,1.0,1.0,0.000957489013671875,0.00031616609663223227,1224
2005,5.207821595831774e-05,1.0,1.0,0.0004177093505859375,0.00031592863003565466,1266
2006,6.554436549777165e-05,1.0,1.0,0.0005035400390625,0.0003156911563476077,2010
2007,6.137458694865927e-05,1.0,1.0,0.0004749298095703125,0.00031545367572218544,1575
2008,5.2465351473074406e-05,1.0,1.0,0.0004520416259765625,0.0003152161883134865,1229
2009,6.307812145678326e-05,1.0,1.0,0.000484466552734375,0.0003149786942756138,1712
2010,5.497905658558011e-05,1.0,1.0,0.0004558563232421875,0.0003147411937626748,1410
2011,4.745629121316597e-05,1.0,1.0,0.0003948211669921875,0.000314503686928781,1264
2012,5.5871805670903996e-05,1.0,1.0,0.00045013427734375,0.0003142661739280478,1498
2013,5.084020449430682e-05,1.0,1.0,0.00041961669921875,0.000314028654914595,1261
2014,5.862094258191064e-05,1.0,1.0,0.0004329681396484375,0.00031379113004254607,1824
2015,5.675475040334277e-05,1.0,1.0,0.0004482269287109375,0.00031355359946602825,1333
2016,5.0422833737684414e-05,1.0,1.0,0.0004405975341796875,0.00031331606333917267,1252
2017,5.286623854772188e-05,1.0,1.0,0.0004177093505859375,0.0003130785218161138,1340
2018,6.300210952758789e-05,1.0,1.0,0.0004215240478515625,0.00031284097505098987,2054
2019,5.6687116739340127e-05,1.0,1.0,0.0004100799560546875,0.00031260342319794235,1692
2020,5.276332012726925e-05,1.0,1.0,0.0004673004150390625,0.000312365866411116,1206
2021,5.221703395363875e-05,1.0,1.0,0.000423431396484375,0.00031212830484465896,1404
2022,5.6374032283201814e-05,1.0,1.0,0.00045013427734375,0.0003118907386527223,1488
2023,6.333305645966902e-05,1.0,1.0,0.000469207763671875,0.0003116531679894602,1987
2024,5.259906538412906e-05,1.0,1.0,0.00041961669921875,0.0003114155930090296,1369
2025,5.198053622734733e-05,1.0,1.0,0.00042724609375,0.00031117801386559027,1443
2026,6.037759521859698e-05,1.0,1.0,0.0003986358642578125,0.00031094043071330487,2054
2027,5.313101428328082e-05,1.0,1.0,0.00045013427734375,0.00031070284370633846,1235
2028,6.233026942936704e-05,1.0,1.0,0.0004329681396484375,0.00031046525299885874,2021
2029,4.531433660304174e-05,1.0,1.0,0.0003509521484375,0.0003102276587450356,1261
2030,5.2925795898772776e-05,1.0,1.0,0.0004138946533203125,0.0003099900610990414,1705
2031,6.293456681305543e-05,1.0,1.0,0.0004253387451171875,0.0003097524602150509,2103
2032,4.9418347771279514e-05,1.0,1.0,0.0003871917724609375,0.00030951485624724053,1405
2033,4.609607640304603e-05,1.0,1.0,0.000377655029296875,0.00030927724934978886,1252
2034,4.759835792356171e-05,1.0,1.0,0.000370025634765625,0.0003090396396768766,1443
2035,4.4878943299409e-05,1.0,1.0,0.00035858154296875,0.000308802027382686,1229
2036,6.680746446363628e-05,1.0,1.0,0.0005645751953125,0.0003085644126214011,1534
2037,5.4277232266031206e-05,1.0,1.0,0.0004100799560546875,0.0003083267955472075,1575
2038,4.598435043590143e-05,1.0,1.0,0.0003528594970703125,0.0003080891763142925,1459
2039,5.509480615728535e-05,1.0,1.0,0.0003871917724609375,0.00030785155507684445,2010
2040,5.7567602198105305e-05,1.0,1.0,0.0003986358642578125,0.0003076139319890533,2022
2041,4.5024342398392037e-05,1.0,1.0,0.000362396240234375,0.00030737630720511003,1188
2042,5.603086174232885e-05,1.0,1.0,0.0003833770751953125,0.0003071386808792068,2042
2043,5.56393715669401e-05,1.0,1.0,0.000438690185546875,0.00030690105316553685,1629
2044,4.455835005501285e-05,1.0,1.0,0.000354766845703125,0.000306663424218294,1206
2045,5.438543303171173e-05,1.0,1.0,0.00035858154296875,0.0003064257941916734,1946
2046,4.720506694866344e-05,1.0,1.0,0.000370025634765625,0.0003061881632398703,1419
2047,4.951811206410639e-05,1.0,1.0,0.0003948211669921875,0.0003059505315170811,1498
2048,4.330060983193107e-05,1.0,1.0,0.000354766845703125,0.0003057128991775021,1128
2049,5.5205349781317636e-05,1.0,1.0,0.0003986358642578125,0.0003054752663753308,1987
2050,4.4864191295346245e-05,1.0,1.0,0.000370025634765625,0.0003052376332647643,1341
2051,4.822314076591283e-05,1.0,1.0,0.000335693359375,0.00030499999999999993,1824
2052,5.511346535058692e-05,1.0,1.0,0.0004444122314453125,0.0003047623667352358,1333
2053,4.404817445902154e-05,1.0,1.0,0.00061798095703125,0.0003045247336246692,479
2054,4.5792621676810086e-05,1.0,1.0,0.0003662109375,0.00030428710082249774,1410
2055,5.3851614211453125e-05,1.0,1.0,0.0003814697265625,0.00030404946848291894,1830
2056,3.9547911001136526e-05,1.0,1.0,0.0003070831298828125,0.00030381183676012963,1264
2057,5.2071958634769544e-05,1.0,1.0,0.0004100799560546875,0.0003035742058083266,1488
2058,4.47488491772674e-05,1.0,1.0,0.000339508056640625,0.00030333657578170587,1369
2059,4.475430614547804e-05,1.0,1.0,0.0003414154052734375,0.0003030989468344632,1404
2060,4.810245081898756e-05,1.0,1.0,0.0003871917724609375,0.0003028613191207931,1266
2061,4.4738302676705644e-05,1.0,1.0,0.00034332275390625,0.00030262369279488994,1340
2062,7.762221503071487e-05,1.0,1.0,0.00077056884765625,0.0003023860680109468,1224
2063,4.5741348003502935e-05,1.0,1.0,0.0003833770751953125,0.00030214844492315547,1200
2064,4.686576721724123e-05,1.0,1.0,0.0003662109375,0.00030191082368570755,1302
2065,4.611644908436574e-05,1.0,1.0,0.0003681182861328125,0.0003016732044527924,1305
2066,4.240252383169718e-05,1.0,1.0,0.0003662109375,0.0003014355873785988,1071
2067,5.167043491383083e-05,1.0,1.0,0.0003833770751953125,0.0003011979726173139,1712
2068,4.837381129618734e-05,1.0,1.0,0.0003452301025390625,0.00030096036032312335,1692
2069,4.3326344894012436e-05,1.0,1.0,0.0003509521484375,0.0003007227506502111,1100
2070,3.725291389855556e-05,1.0,1.0,0.0003833770751953125,0.00030048514375275945,744
2071,5.361146395443939e-05,1.0,1.0,0.0003490447998046875,0.00030024753978494907,2021
2072,5.589833381236531e-05,1.0,1.0,0.0004444122314453125,0.0003000099389009584,1534
2073,4.13363850384485e-05,1.0,1.0,0.000324249267578125,0.00029977234125496435,1100
2074,5.114801024319604e-05,1.0,1.0,0.0003414154052734375,0.00029953474700114124,2022
2075,4.453098517842591e-05,1.0,1.0,0.000362396240234375,0.00029929715629366146,1235
2076,5.1065468142041937e-05,1.0,1.0,0.000354766845703125,0.0002990595692866951,1987
2077,4.519210779108107e-05,1.0,1.0,0.0003204345703125,0.00029882198613440965,1629
2078,5.2728955779457465e-05,1.0,1.0,0.00040435791015625,0.0002985844069909704,2010
2079,4.2467676394153386e-05,1.0,1.0,0.000331878662109375,0.00029834683201053984,1498
2080,4.773701948579401e-05,1.0,1.0,0.000324249267578125,0.0002981092613472776,1830
2081,3.6571094824466854e-05,1.0,1.0,0.0002880096435546875,0.000297871695155341,1071
2082,4.073034870089032e-05,1.0,1.0,0.000331878662109375,0.00029763413358888384,1341
2083,5.336539834388532e-05,1.0,1.0,0.0003757476806640625,0.0002973965768020576,2054
2084,3.784412547247484e-05,1.0,1.0,0.000286102294921875,0.00029715902494901016,1188
2085,4.309737414587289e-05,1.0,1.0,0.0002918243408203125,0.00029692147818388616,1692
2086,5.16131694894284e-05,1.0,1.0,0.0003604888916015625,0.0002966839366608273,1946
2087,4.257365071680397e-05,1.0,1.0,0.0003299713134765625,0.00029644640053397167,1369
2088,4.133646871196106e-05,1.0,1.0,0.000316619873046875,0.0002962088699574539,1405
2089,4.01549186790362e-05,1.0,1.0,0.0003299713134765625,0.0002959713450854049,1261
2090,4.558580258162692e-05,1.0,1.0,0.0003223419189453125,0.0002957338260719521,1712
2091,4.9061112804338336e-05,1.0,1.0,0.0003299713134765625,0.000295496313071219,2042
2092,3.690391167765483e-05,1.0,1.0,0.0002841949462890625,0.00029525880623732507,1200
2093,3.5729437513509765e-05,1.0,1.0,0.0002841949462890625,0.0002950213057243861,1264
2094,4.012267163489014e-05,1.0,1.0,0.0003070831298828125,0.0002947838116865134,1266
2095,4.634894139599055e-05,1.0,1.0,0.0003414154052734375,0.00029454632427781453,1824
2096,4.461667049326934e-05,1.0,1.0,0.000339508056640625,0.0002943088436523923,1333
2097,4.086972330696881e-05,1.0,1.0,0.000316619873046875,0.0002940713699643453,1404
2098,3.9878177631180733e-05,1.0,1.0,0.000301361083984375,0.0002938339033677677,1340
2099,3.337117232149467e-05,1.0,1.0,0.000415802001953125,0.0002935964440167489,479
2100,4.050656934850849e-05,1.0,1.0,0.000339508056640625,0.00029335899206537393,1229
2101,6.350820331135765e-05,1.0,1.0,0.000579833984375,0.00029312154766772256,1224
2102,4.106012056581676e-05,1.0,1.0,0.0003414154052734375,0.00029288411097786983,1206
2103,4.2678828322095796e-05,1.0,1.0,0.000339508056640625,0.00029264668214988614,1305
2104,3.827566615655087e-05,1.0,1.0,0.000308990478515625,0.00029240926133783607,1128
2105,3.749719326151535e-05,1.0,1.0,0.00028228759765625,0.00029217184869577976,1419
2106,5.002372927265242e-05,1.0,1.0,0.0003566741943359375,0.00029193444437777165,2103
2107,3.7758127291454e-05,1.0,1.0,0.0002765655517578125,0.0002916970485378605,1302
2108,4.3736603402066976e-05,1.0,1.0,0.0003261566162109375,0.0002914596613300903,1575
2109,3.7070203688926995e-05,1.0,1.0,0.0002899169921875,0.00029122228290849876,1410
2110,4.50660809292458e-05,1.0,1.0,0.00037384033203125,0.00029098491342711833,1705
2111,4.032894139527343e-05,1.0,1.0,0.0003185272216796875,0.0002907475530399754,1443
2112,3.668987119453959e-05,1.0,1.0,0.000316619873046875,0.00029051020190109053,1252
2113,4.015674130641855e-05,1.0,1.0,0.00031280517578125,0.0002902728601644784,1459
2114,4.0358634578296915e-05,1.0,1.0,0.00029754638671875,0.00029003552798414735,1488
2115,3.0825729481875896e-05,1.0,1.0,0.00029754638671875,0.00028979820551409974,744
2116,4.638355676434003e-05,1.0,1.0,0.0003070831298828125,0.00028956089290833154,2054
2117,3.3259235351579264e-05,1.0,1.0,0.00026702880859375,0.00028932359032083233,1071
2118,4.696105679613538e-05,1.0,1.0,0.00031280517578125,0.00028908629790558516,2021
2119,4.0492192056262866e-05,1.0,1.0,0.0002899169921875,0.00028884901581656647,1629
2120,2.9097869628458284e-05,1.0,1.0,0.0002689361572265625,0.0002886117442077461,744
2121,4.3727508455049247e-05,1.0,1.0,0.0002899169921875,0.0002883744832330869,2010
2122,4.050244024256244e-05,1.0,1.0,0.000286102294921875,0.00028813723304654517,1692
2123,3.5841494536725804e-05,1.0,1.0,0.0002613067626953125,0.0002878999938020698,1459
2124,3.692010068334639e-05,1.0,1.0,0.0002803802490234375,0.0002876627656536027,1340
2125,3.692199243232608e-05,1.0,1.0,0.0002899169921875,0.00028742554875507893,1206
2126,3.791775452555157e-05,1.0,1.0,0.0002918243408203125,0.0002871883432604255,1305
2127,4.2455070797586814e-05,1.0,1.0,0.0003108978271484375,0.000286951149323563,1712
2128,3.5445846151560545e-05,1.0,1.0,0.0002918243408203125,0.0002867139670984037,1341
2129,4.397882366902195e-05,1.0,1.0,0.0002899169921875,0.0002864767967388525,1946
2130,3.5915083572035655e-05,1.0,1.0,0.0002841949462890625,0.0002862396383988069,1100
2131,3.5281052987556905e-05,1.0,1.0,0.000244140625,0.0002860024922321562,1488
2132,4.098246063222177e-05,1.0,1.0,0.0002765655517578125,0.0002857653583927821,1830
2133,3.706950519699603e-05,1.0,1.0,0.0002841949462890625,0.0002855282370345581,1266
2134,3.027993625437375e-05,1.0,1.0,0.000217437744140625,0.0002852911283113496,1200
2135,4.2679530452005565e-05,1.0,1.0,0.000278472900390625,0.00028505403237701413,2022
2136,4.938862184644677e-05,1.0,1.0,0.00040435791015625,0.00028481694938540034,1534
2137,3.6289879062678665e-05,1.0,1.0,0.0002651214599609375,0.00028457987949034907,1369
2138,3.335233122925274e-05,1.0,1.0,0.000247955322265625,0.00028434282284569223,1188
2139,4.509736754698679e-05,1.0,1.0,0.0002899169921875,0.00028410577960525345,2103
2140,4.25328325945884e-05,1.0,1.0,0.0002841949462890625,0.00028386874992284745,1987
2141,3.47859640896786e-05,1.0,1.0,0.000278472900390625,0.0002836317339522801,1261
2142,3.789683250943199e-05,1.0,1.0,0.000286102294921875,0.00028339473184734864,1705
2143,3.500879756757058e-05,1.0,1.0,0.000263214111328125,0.00028315774376184104,1405
2144,3.888217543135397e-05,1.0,1.0,0.000270843505859375,0.00028292076984953653,1824
2145,3.3228261600015685e-05,1.0,1.0,0.00023937225341796875,0.0002826838102642048,1443
2146,3.3660046028671786e-05,1.0,1.0,0.0002460479736328125,0.00028244686515960606,1419
2147,4.116410855203867e-05,1.0,1.0,0.00031280517578125,0.0002822099346894918,1575
2148,3.103481139987707e-05,1.0,1.0,0.000244140625,0.00028197301900760347,1264
2149,3.4095122828148305e-05,1.0,1.0,0.00026702880859375,0.00028173611826767315,1229
2150,2.8027439839206636e-05,1.0,1.0,0.0003299713134765625,0.0002814992326234231,479
2151,3.322892007417977e-05,1.0,1.0,0.00025177001953125,0.00028126236222856583,1410
2152,4.2153566027991474e-05,1.0,1.0,0.00028228759765625,0.000281025507236804,2042
2153,3.4813052479876205e-05,1.0,1.0,0.000263214111328125,0.00028078866780183024,1498
2154,3.5602821299107745e-05,1.0,1.0,0.0002841949462890625,0.0002805518440773271,1235
2155,3.489469600026496e-05,1.0,1.0,0.000263214111328125,0.00028031503621696693,1302
2156,3.306477083242498e-05,1.0,1.0,0.000270843505859375,0.0002800782443744117,1252
2157,3.422861118451692e-05,1.0,1.0,0.0002574920654296875,0.00027984146870331316,1404
2158,3.199177808710374e-05,1.0,1.0,0.0002460479736328125,0.0002796047093573124,1128
2159,5.7615776313468814e-05,1.0,1.0,0.0005340576171875,0.0002793679664900401,1224
2160,3.81848840333987e-05,1.0,1.0,0.0002841949462890625,0.000279131240255116,1333
2161,3.774985088966787e-05,1.0,1.0,0.0002593994140625,0.0002788945308061492,1712
2162,3.6680095945484936e-05,1.0,1.0,0.0002574920654296875,0.00027865783829673804,1575
2163,4.205805089441128e-05,1.0,1.0,0.0002689361572265625,0.0002784211628804695,2103
2164,2.991238397953566e-05,1.0,1.0,0.00021648406982421875,0.00027818450471092,1188
2165,3.551891495590098e-05,1.0,1.0,0.0002593994140625,0.000277947863941654,1705
2166,3.111155820079148e-05,1.0,1.0,0.0002288818359375,0.00027771124072622556,1410
2167,3.168262628605589e-05,1.0,1.0,0.00022411346435546875,0.0002774746352181768,1404
2168,3.0855127988616005e-05,1.0,1.0,0.00022983551025390625,0.0002772380475710382,1229
2169,3.03802498820005e-05,1.0,1.0,0.00022220611572265625,0.0002770014779383293,1100
2170,2.586168920970522e-05,1.0,1.0,0.000244140625,0.00027676492647355725,744
2171,3.594184454414062e-05,1.0,1.0,0.0002460479736328125,0.000276528393330218,1824
2172,3.8958263758104295e-05,1.0,1.0,0.0002574920654296875,0.0002762918786617952,2042
2173,3.142380955978297e-05,1.0,1.0,0.0002422332763671875,0.00027605538262176054,1341
2174,3.528656088747084e-05,1.0,1.0,0.000247955322265625,0.000275818905363574,1629
2175,3.108006785623729e-05,1.0,1.0,0.00022602081298828125,0.0002755824470406828,1459
2176,3.793951327679679e-05,1.0,1.0,0.000263214111328125,0.00027534600780652245,1830
2177,3.449815994827077e-05,1.0,1.0,0.00026702880859375,0.0002751095878145157,1235
2178,3.0783376132603735e-05,1.0,1.0,0.00021839141845703125,0.0002748731872180728,1266
2179,3.3037187677109614e-05,1.0,1.0,0.0002307891845703125,0.0002746368061705917,1488
2180,3.865910548483953e-05,1.0,1.0,0.000244140625,0.00027440044482545734,2054
2181,2.9128230380592868e-05,1.0,1.0,0.00021648406982421875,0.0002741641033360422,1261
2182,3.754366116481833e-05,1.0,1.0,0.00024127960205078125,0.00027392778185570565,2022
2183,3.6212572013027966e-05,1.0,1.0,0.0002269744873046875,0.000273691480537794,1946
2184,3.154405203531496e-05,1.0,1.0,0.00023746490478515625,0.00027345519953564086,1405
2185,3.490437302389182e-05,1.0,1.0,0.0002422332763671875,0.00027321893900256606,1692
2186,2.9881704904255457e-05,1.0,1.0,0.000209808349609375,0.00027298269909187695,1443
2187,3.140426997561008e-05,1.0,1.0,0.00023651123046875,0.00027274647995686655,1340
2188,2.8182752430438995e-05,1.0,1.0,0.0002079010009765625,0.0002725102817508153,1200
2189,3.772133277379908e-05,1.0,1.0,0.000274658203125,0.00027227410462698956,1987
2190,4.108669963898137e-05,1.0,1.0,0.000316619873046875,0.0002720379487386418,1534
2191,2.9193277441663668e-05,1.0,1.0,0.0002079010009765625,0.00027180181423901135,1419
2192,4.789239028468728e-05,1.0,1.0,0.0004119873046875,0.00027156570128132314,1224
2193,2.814737854350824e-05,1.0,1.0,0.00020599365234375,0.0002713296100187885,1128
2194,2.6977964807883836e-05,1.0,1.0,0.00021457672119140625,0.00027109354060460435,1071
2195,3.7474208511412144e-05,1.0,1.0,0.00023651123046875,0.00027085749319195353,2021
2196,3.2713927794247866e-05,1.0,1.0,0.00024127960205078125,0.0002706214679340047,1369
2197,2.9278862712089904e-05,1.0,1.0,0.000225067138671875,0.0002703854649839121,1252
2198,3.1711606425233185e-05,1.0,1.0,0.000247955322265625,0.00027014948449481543,1206
2199,3.209260830772109e-05,1.0,1.0,0.00022411346435546875,0.00026991352661984,1333
2200,3.0367937142727897e-05,1.0,1.0,0.00022411346435546875,0.00026967759151209615,1498
2201,3.129597462248057e-05,1.0,1.0,0.00023174285888671875,0.0002694416793246797,1305
2202,2.6415043976157904e-05,1.0,1.0,0.00020599365234375,0.00026920579021067143,1264
2203,3.684702096506953e-05,1.0,1.0,0.0002574920654296875,0.0002689699243231374,2010
2204,2.4821974875521846e-05,1.0,1.0,0.0002899169921875,0.0002687340818151282,479
2205,2.9186361643951386e-05,1.0,1.0,0.00020599365234375,0.00026849826283967954,1302
2206,4.078520942130126e-05,1.0,1.0,0.0003223419189453125,0.000268262467549812,1224
2207,2.829871118592564e-05,1.0,1.0,0.0002002716064453125,0.00026802669609853015,1206
2208,3.170597483403981e-05,1.0,1.0,0.00021266937255859375,0.00026779094863882397,1692
2209,3.393552833586e-05,1.0,1.0,0.000232696533203125,0.0002675552253236673,1712
2210,2.4930337531259283e-05,1.0,1.0,0.000186920166015625,0.00026731952630601826,1071
2211,2.965698149637319e-05,1.0,1.0,0.00020313262939453125,0.00026708385173881955,1488
2212,3.266145722591318e-05,1.0,1.0,0.000209808349609375,0.0002668482017749978,1830
2213,2.5203500626957975e-05,1.0,1.0,0.0001773834228515625,0.0002666125765674637,1200
2214,2.8547776310006157e-05,1.0,1.0,0.00019931793212890625,0.0002663769762691119,1266
2215,3.6583754990715533e-05,1.0,1.0,0.00022983551025390625,0.00026614140103282095,2103
2216,3.402279253350571e-05,1.0,1.0,0.00020599365234375,0.0002659058510114529,2021
2217,2.8898184609715827e-05,1.0,1.0,0.0002079010009765625,0.0002656703263578537,1235
2218,3.581638520699926e-05,1.0,1.0,0.00023651123046875,0.00026543482722485274,2042
2219,3.529111563693732e-05,1.0,1.0,0.0002422332763671875,0.00026519935376526283,2010
2220,2.8717789973597974e-05,1.0,1.0,0.00021266937255859375,0.0002649639061318802,1340
2221,3.2514974009245634e-05,1.0,1.0,0.00023174285888671875,0.00026472848447748416,1824
2222,2.7085428882855922e-05,1.0,1.0,0.0001983642578125,0.00026449308895483734,1410
2223,2.6740035536931828e-05,1.0,1.0,0.00020694732666015625,0.00026425771971668534,1252
2224,2.1332347387215123e-05,1.0,1.0,0.000232696533203125,0.00026402237691575657,479
2225,3.4576070902403444e-05,1.0,1.0,0.0002231597900390625,0.00026378706070476275,2054
2226,2.7542608222574927e-05,1.0,1.0,0.000213623046875,0.00026355177123639766,1341
2227,2.866274371626787e-05,1.0,1.0,0.0002040863037109375,0.00026331650866333816,1305
2228,3.343061689520255e-05,1.0,1.0,0.000247955322265625,0.0002630812731382438,1575
2229,3.3214877475984395e-05,1.0,1.0,0.0002346038818359375,0.000262846064813756,1987
2230,3.0088465791777708e-05,1.0,1.0,0.00022125244140625,0.0002626108838424992,1705
2231,2.6508876544539817e-05,1.0,1.0,0.00019073486328125,0.00026237573037707975,1419
2232,2.7034466256736778e-05,1.0,1.0,0.00018978118896484375,0.0002621406045700859,1302
2233,2.6718582375906408e-05,1.0,1.0,0.0001811981201171875,0.00026190550657408855,1369
2234,2.646399116201792e-05,1.0,1.0,0.0001983642578125,0.00026167043654164006,1188
2235,2.7197887902730145e-05,1.0,1.0,0.00019168853759765625,0.0002614353946252749,1459
2236,2.5571356673026457e-05,1.0,1.0,0.00018405914306640625,0.0002612003809775092,1229
2237,2.4528020730940625e-05,1.0,1.0,0.00018787384033203125,0.0002609653957508408,1264
2238,2.891608528443612e-05,1.0,1.0,0.00022029876708984375,0.00026073043909774897,1404
2239,2.5098244805121794e-05,1.0,1.0,0.00018215179443359375,0.00026049551117069455,1128
2240,2.5456831281189807e-05,1.0,1.0,0.00017833709716796875,0.0002602606121221198,1405
2241,2.5449175154790282e-05,1.0,1.0,0.00018405914306640625,0.0002600257421044481,1100
2242,2.542533547966741e-05,1.0,1.0,0.0001735687255859375,0.0002597909012700841,1443
2243,3.237026612623595e-05,1.0,1.0,0.000209808349609375,0.0002595560897714134,1946
2244,2.642510116857011e-05,1.0,1.0,0.00019073486328125,0.00025932130776080265,1498
2245,2.5234634449589066e-05,1.0,1.0,0.00018978118896484375,0.00025908655539059946,1261
2246,2.101722202496603e-05,1.0,1.0,0.00020885467529296875,0.0002588518328131318,744
2247,2.887671689677518e-05,1.0,1.0,0.00020599365234375,0.00025861714018070905,1333
2248,3.310626925667748e-05,1.0,1.0,0.00022125244140625,0.00025838247764562036,2022
2249,2.9776469091302715e-05,1.0,1.0,0.0002155303955078125,0.00025814784536013575,1629
2250,3.379848203621805e-05,1.0,1.0,0.00025177001953125,0.00025791324347650574,1534
2251,2.391227098996751e-05,1.0,1.0,0.0001697540283203125,0.00025767867214696066,1341
2252,2.81824468402192e-05,1.0,1.0,0.0001888275146484375,0.0002574441315237116,1692
2253,2.0149178453721106e-05,1.0,1.0,0.000179290771484375,0.00025720962175894934,744
2254,3.198068588972092e-05,1.0,1.0,0.0002269744873046875,0.0002569751430048445,1534
2255,2.658072298800107e-05,1.0,1.0,0.000179290771484375,0.0002567406954135481,1488
2256,3.285518323536962e-05,1.0,1.0,0.00020694732666015625,0.0002565062791371904,2103
2257,3.0571387469535694e-05,1.0,1.0,0.0001888275146484375,0.00025627189432788174,2022
2258,2.401041092525702e-05,1.0,1.0,0.000164031982421875,0.0002560375411377118,1405
2259,3.0451790735241957e-05,1.0,1.0,0.00018596649169921875,0.0002558032197187498,2021
2260,2.2399490262614563e-05,1.0,1.0,0.00016021728515625,0.0002555689302230445,1200
2261,2.4514789402019233e-05,1.0,1.0,0.00017452239990234375,0.0002553346728026236,1340
2262,2.386857522651553e-05,1.0,1.0,0.00017070770263671875,0.0002551004476094944,1410
2263,3.265469058533199e-05,1.0,1.0,0.0002193450927734375,0.0002548662547956429,2054
2264,2.558340747782495e-05,1.0,1.0,0.00016307830810546875,0.00025463209451303447,1629
2265,2.6370276827947237e-05,1.0,1.0,0.00018215179443359375,0.00025439796691361304,1369
2266,2.3444734324584715e-05,1.0,1.0,0.00017452239990234375,0.0002541638721493015,1261
2267,2.439836498524528e-05,1.0,1.0,0.0001811981201171875,0.0002539298103720014,1100
2268,2.4114364350680262e-05,1.0,1.0,0.00017833709716796875,0.0002536957817335928,1252
2269,2.3370495910057798e-05,1.0,1.0,0.00016880035400390625,0.0002534617863859345,1128
2270,2.6467339921509847e-05,1.0,1.0,0.00018978118896484375,0.00025322782448086365,1305
2271,2.3902315660961904e-05,1.0,1.0,0.00016117095947265625,0.00025299389617019515,1302
2272,2.484486685716547e-05,1.0,1.0,0.00018024444580078125,0.0002527600016057229,1206
2273,2.2173087927512825e-05,1.0,1.0,0.00014972686767578125,0.0002525261409392184,1419
2274,3.101064430666156e-05,1.0,1.0,0.00020122528076171875,0.0002522923143224314,2042
2275,2.8162381568108685e-05,1.0,1.0,0.00020885467529296875,0.0002520585219070895,1705
2276,2.5426610591239296e-05,1.0,1.0,0.00018405914306640625,0.0002518247638448978,1235
2277,2.9009182981099002e-05,1.0,1.0,0.00020313262939453125,0.00025159104028753954,1987
2278,2.3364380467683077e-05,1.0,1.0,0.00015544891357421875,0.0002513573513866754,1266
2279,2.1537991415243596e-05,1.0,1.0,0.00014781951904296875,0.00025112369729394363,1188
2280,2.0204692191327922e-05,1.0,1.0,0.000148773193359375,0.00025089007816095967,1071
2281,2.5078386897803284e-05,1.0,1.0,0.0001678466796875,0.0002506564941393166,1333
2282,2.7775120543083176e-05,1.0,1.0,0.0001811981201171875,0.00025042294538058445,1830
2283,3.648075653472915e-05,1.0,1.0,0.0003337860107421875,0.0002501894320363105,1224
2284,2.3419488570652902e-05,1.0,1.0,0.00016021728515625,0.000249955954258019,1443
2285,2.2192336473381147e-05,1.0,1.0,0.0001544952392578125,0.00024972251219721115,1229
2286,2.116816358466167e-05,1.0,1.0,0.0001583099365234375,0.00024948910600536517,1264
2287,1.8678529158933088e-05,1.0,1.0,0.000202178955078125,0.00024925573583393554,479
2288,2.384799336141441e-05,1.0,1.0,0.00017070770263671875,0.00024902240183435355,1498
2289,2.685340223251842e-05,1.0,1.0,0.00017833709716796875,0.00024878910415802755,1712
2290,2.8705884687951766e-05,1.0,1.0,0.0002079010009765625,0.00024855584295634136,1575
2291,3.004338032042142e-05,1.0,1.0,0.00019550323486328125,0.00024832261838065597,1946
2292,2.9760012694168836e-05,1.0,1.0,0.00019931793212890625,0.0002480894305823083,2010
2293,2.7197262170375325e-05,1.0,1.0,0.0001850128173828125,0.000247856279712611,1824
2294,2.373830102442298e-05,1.0,1.0,0.00016880035400390625,0.00024762316592285357,1459
2295,2.421330464130733e-05,1.0,1.0,0.00017452239990234375,0.00024739008936430074,1404
2296,2.5237199224648066e-05,1.0,1.0,0.0001678466796875,0.00024715705018819357,1692
2297,2.400072662567254e-05,1.0,1.0,0.0001544952392578125,0.00024692404854574846,1629
2298,2.762672920653131e-05,1.0,1.0,0.00019168853759765625,0.0002466910845881577,1534
2299,2.0554787624860182e-05,1.0,1.0,0.00014209747314453125,0.00024645815846658926,1128
2300,2.687318374228198e-05,1.0,1.0,0.0001621246337890625,0.00024622527033218603,2010
2301,2.1687508706236258e-05,1.0,1.0,0.00015735626220703125,0.0002459924203360669,1341
2302,2.7052818040829152e-05,1.0,1.0,0.0001678466796875,0.00024575960862932556,2022
2303,2.0461162421270274e-05,1.0,1.0,0.00014209747314453125,0.0002455268353630309,1188
2304,2.413100992271211e-05,1.0,1.0,0.000148773193359375,0.00024529410068822725,1824
2305,2.2142012312542647e-05,1.0,1.0,0.00015735626220703125,0.0002450614047559333,1405
2306,2.1683634258806705e-05,1.0,1.0,0.0001544952392578125,0.00024482874771714313,1410
2307,2.3074351702234708e-05,1.0,1.0,0.000152587890625,0.00024459612972282523,1333
2308,2.5983676096075214e-05,1.0,1.0,0.0001697540283203125,0.00024436355092392306,1830
2309,2.0610415958799422e-05,1.0,1.0,0.00014495849609375,0.00024413101147135435,1252
2310,2.1381360056693666e-05,1.0,1.0,0.00014019012451171875,0.00024389851151601137,1266
2311,2.5367704438394867e-05,1.0,1.0,0.00017547607421875,0.00024366605120876102,1575
2312,2.4960072551039048e-05,1.0,1.0,0.00016021728515625,0.00024343363070044398,1712
2313,2.8538423066493124e-05,1.0,1.0,0.00017833709716796875,0.00024320125014187568,2103
2314,2.06512904696865e-05,1.0,1.0,0.00013256072998046875,0.00024296890968384532,1302
2315,2.6305002393200994e-05,1.0,1.0,0.000164031982421875,0.00024273660947711582,1946
2316,2.01484563149279e-05,1.0,1.0,0.0001621246337890625,0.00024250434967242453,1071
2317,2.277828025398776e-05,1.0,1.0,0.000152587890625,0.00024227213042048217,1705
2318,2.6007228370872326e-05,1.0,1.0,0.00016498565673828125,0.00024203995187197346,1987
2319,2.3764430807204917e-05,1.0,1.0,0.00017070770263671875,0.00024180781417755643,1305
2320,2.216987377323676e-05,1.0,1.0,0.00014495849609375,0.00024157571748786258,1488
2321,2.3399135898216628e-05,1.0,1.0,0.0001621246337890625,0.00024134366195349718,1369
2322,1.9259936379967257e-05,1.0,1.0,0.00012874603271484375,0.0002411116477250384,1100
2323,2.053827302006539e-05,1.0,1.0,0.00014781951904296875,0.0002408796749530378,1261
2324,1.731453085085377e-05,1.0,1.0,0.00018978118896484375,0.00024064774378801997,479
2325,2.151463741029147e-05,1.0,1.0,0.0001544952392578125,0.00024041585438048247,1340
2326,2.0689214579761028e-05,1.0,1.0,0.00014400482177734375,0.00024018400688089598,1419
2327,2.572325502114836e-05,1.0,1.0,0.00015926361083984375,0.00023995220143970366,2021
2328,2.0784178559551947e-05,1.0,1.0,0.00013828277587890625,0.00023972043820732165,1443
2329,2.096053140121512e-05,1.0,1.0,0.000148773193359375,0.0002394887173341386,1229
2330,1.673249607847538e-05,1.0,1.0,0.00014591217041015625,0.00023925703897051547,744
2331,2.1275543986121193e-05,1.0,1.0,0.000148773193359375,0.00023902540326678617,1498
2332,2.1112260583322495e-05,1.0,1.0,0.00014591217041015625,0.00023879381037325624,1404
2333,3.239163197577e-05,1.0,1.0,0.0002803802490234375,0.0002385622604402041,1224
2334,2.6370787963969633e-05,1.0,1.0,0.00016689300537109375,0.00023833075361787977,2054
2335,1.879194132925477e-05,1.0,1.0,0.0001316070556640625,0.00023809929005650567,1200
2336,2.0290810425649397e-05,1.0,1.0,0.00013637542724609375,0.00023786786990627595,1459
2337,1.854119182098657e-05,1.0,1.0,0.0001316070556640625,0.00023763649331735653,1264
2338,2.1367473891586997e-05,1.0,1.0,0.00015354156494140625,0.00023740516043988528,1206
2339,2.4919801944633946e-05,1.0,1.0,0.00014972686767578125,0.0002371738714239715,2042
2340,2.164857869502157e-05,1.0,1.0,0.00015354156494140625,0.00023694262641969625,1235
2341,1.9466058802208863e-05,1.0,1.0,0.00013446807861328125,0.00023671142557711182,1341
2342,2.1387366359704174e-05,1.0,1.0,0.00014209747314453125,0.00023648026904624187,1333
2343,2.0018303985125385e-05,1.0,1.0,0.000141143798828125,0.0002362491569770815,1340
2344,1.7347378161503002e-05,1.0,1.0,0.000125885009765625,0.00023601808951959668,1071
2345,2.005547685257625e-05,1.0,1.0,0.0001373291015625,0.00023578706682372472,1206
2346,2.3880063963588327e-05,1.0,1.0,0.0001392364501953125,0.00023555608903937366,2042
2347,2.6557907403912395e-05,1.0,1.0,0.00017070770263671875,0.0002353251563164224,2103
2348,2.0113284335820936e-05,1.0,1.0,0.0001316070556640625,0.00023509426880472084,1305
2349,2.480051807651762e-05,1.0,1.0,0.0001697540283203125,0.00023486342665408918,1534
2350,1.4946409464755561e-05,1.0,1.0,0.0001506805419921875,0.00023463263001431865,479
2351,1.8694847312872298e-05,1.0,1.0,0.00013256072998046875,0.0002344018790351705,1261
2352,1.8753808035398833e-05,1.0,1.0,0.000125885009765625,0.00023417117386637643,1405
2353,2.3524597054347396e-05,1.0,1.0,0.0001506805419921875,0.0002339405146576389,1830
2354,2.222522016381845e-05,1.0,1.0,0.00014591217041015625,0.0002337099015586297,1824
2355,2.180806768592447e-05,1.0,1.0,0.00014209747314453125,0.0002334793347189915,1575
2356,2.4214717996073887e-05,1.0,1.0,0.00014495849609375,0.0002332488142883365,2021
2357,1.906054421851877e-05,1.0,1.0,0.00011968612670898438,0.0002330183404162469,1369
2358,1.8943323084386066e-05,1.0,1.0,0.00012874603271484375,0.00023278791325227478,1229
2359,1.9053302821703255e-05,1.0,1.0,0.0001430511474609375,0.00023255753294594168,1252
2360,1.849545878940262e-05,1.0,1.0,0.0001201629638671875,0.000232327199646739,1443
2361,1.9604654880822636e-05,1.0,1.0,0.000133514404296875,0.00023209691350412743,1498
2362,2.111099638568703e-05,1.0,1.0,0.00013256072998046875,0.00023186667466753723,1692
2363,2.4784596462268382e-05,1.0,1.0,0.0001621246337890625,0.00023163648328636784,2022
2364,1.4780860510654747e-05,1.0,1.0,0.000125885009765625,0.0002314063395099879,744
2365,2.4053288143477403e-05,1.0,1.0,0.00016498565673828125,0.0002311762434877353,1987
2366,1.9587972929002717e-05,1.0,1.0,0.0001316070556640625,0.00023094619536891679,1302
2367,1.6781721569714136e-05,1.0,1.0,0.00011920928955078125,0.00023071619530280814,1264
2368,1.8891038052970544e-05,1.0,1.0,0.0001354217529296875,0.00023048624343865388,1188
2369,2.1120469682500698e-05,1.0,1.0,0.000152587890625,0.00023025633992566723,1705
2370,1.8469452697900124e-05,1.0,1.0,0.00012111663818359375,0.00023002648491303012,1235
2371,2.3610900825588033e-05,1.0,1.0,0.00015163421630859375,0.0002297966785498929,2010
2372,2.0921075702062808e-05,1.0,1.0,0.0001468658447265625,0.0002295669209853747,1488
2373,1.7885660781757906e-05,1.0,1.0,0.0001239776611328125,0.0002293372123685624,1410
2374,1.773856820364017e-05,1.0,1.0,0.0001277923583984375,0.00022910755284851145,1200
2375,1.7783735529519618e-05,1.0,1.0,0.00012302398681640625,0.00022887794257424565,1128
2376,1.940819129231386e-05,1.0,1.0,0.00012969970703125,0.0002286483816947563,1266
2377,1.9170214727637358e-05,1.0,1.0,0.00013256072998046875,0.00022841887035900325,1404
2378,2.2355332475854084e-05,1.0,1.0,0.00014495849609375,0.0002281894087159139,1712
2379,1.7816006220527925e-05,1.0,1.0,0.00011968612670898438,0.0002279599969143831,1419
2380,2.3653637981624343e-05,1.0,1.0,0.00014400482177734375,0.00022773063510327397,2054
2381,2.0304674762883224e-05,1.0,1.0,0.00013065338134765625,0.00022750132343141684,1629
2382,1.8171062038163655e-05,1.0,1.0,0.0001220703125,0.00022727206204760952,1459
2383,2.2475358491647057e-05,1.0,1.0,0.00013637542724609375,0.00022704285110061726,1946
2384,2.8760656277881935e-05,1.0,1.0,0.00024127960205078125,0.0002268136907391726,1224
2385,1.7729889805195853e-05,1.0,1.0,0.0001239776611328125,0.00022658458111197516,1100
2386,1.8017513866652735e-05,1.0,1.0,0.0001163482666015625,0.00022635552236769163,1305
2387,2.1687948901671916e-05,1.0,1.0,0.0001277923583984375,0.00022612651465495583,1946
2388,1.8053917301585898e-05,1.0,1.0,0.0001220703125,0.0002258975581223683,1498
2389,1.609329046914354e-05,1.0,1.0,0.00010919570922851562,0.00022566865291849663,1200
2390,1.7134852896560915e-05,1.0,1.0,0.00011777877807617188,0.00022543979919187473,1100
2391,1.6995274563669227e-05,1.0,1.0,0.00011587142944335938,0.00022521099709100326,1410
2392,1.3980555195303168e-05,1.0,1.0,0.00011777877807617188,0.0002249822467643497,744
2393,1.9439339666860178e-05,1.0,1.0,0.00012969970703125,0.0002247535483603473,1333
2394,1.766342575137969e-05,1.0,1.0,0.00011539459228515625,0.00022452490202739628,1302
2395,1.7652142560109496e-05,1.0,1.0,0.00012493133544921875,0.00022429630791386264,1341
2396,1.796112337615341e-05,1.0,1.0,0.000125885009765625,0.00022406776616807847,1206
2397,1.7429736544727348e-05,1.0,1.0,0.0001220703125,0.0002238392769383423,1340
2398,2.2759004423278384e-05,1.0,1.0,0.0001506805419921875,0.00022361084037291805,1987
2399,2.0901396055705845e-05,1.0,1.0,0.00012302398681640625,0.00022338245662003594,2042
2400,2.0309375031501986e-05,1.0,1.0,0.00013256072998046875,0.00022315412582789166,1824
2401,2.1690042558475398e-05,1.0,1.0,0.00012874603271484375,0.00022292584814464643,2054
2402,2.0387829863466322e-05,1.0,1.0,0.00012969970703125,0.00022269762371842738,1712
2403,1.6094005331979133e-05,1.0,1.0,0.00010824203491210938,0.0002224694526973267,1188
2404,1.7477012079325505e-05,1.0,1.0,0.00011157989501953125,0.00022224133522940213,1488
2405,1.4756177733943332e-05,1.0,1.0,0.00010442733764648438,0.0002220132714626766,1071
2406,1.3372354260354768e-05,1.0,1.0,0.00013637542724609375,0.00022178526154513834,479
2407,2.2015688955434598e-05,1.0,1.0,0.00015163421630859375,0.00022155730562474038,1534
2408,1.652520222705789e-05,1.0,1.0,0.00010442733764648438,0.00022132940384940084,1266
2409,1.6635289284749888e-05,1.0,1.0,0.00011348724365234375,0.0002211015563670028,1405
2410,1.6033198335208e-05,1.0,1.0,0.00011587142944335938,0.00022087376332539382,1264
2411,1.7209667930728756e-05,1.0,1.0,0.00012493133544921875,0.0002206460248723867,1261
2412,1.7917747754836455e-05,1.0,1.0,0.0001239776611328125,0.0002204183411557581,1404
2413,1.8600188923301175e-05,1.0,1.0,0.00012302398681640625,0.00022019071232324953,1705
2414,1.6025607692427002e-05,1.0,1.0,0.00010442733764648438,0.00021996313852256716,1419
2415,2.3702254111412913e-05,1.0,1.0,0.000156402587890625,0.00021973561990138083,2103
2416,1.735910882416647e-05,1.0,1.0,0.00010728836059570312,0.0002195081566073251,1629
2417,1.673432234383654e-05,1.0,1.0,0.00011777877807617188,0.00021928074878799849,1252
2418,1.713123310764786e-05,1.0,1.0,0.00011730194091796875,0.00021905339659096312,1459
2419,1.8617394744069315e-05,1.0,1.0,0.0001201629638671875,0.00021882610016374574,1575
2420,1.6652966223773547e-05,1.0,1.0,0.00011157989501953125,0.0002185988596538363,1443
2421,1.7319951439276338e-05,1.0,1.0,0.0001220703125,0.0002183716752086889,1229
2422,2.2320675270748325e-05,1.0,1.0,0.00014591217041015625,0.00021814454697572096,2021
2423,2.0789981135749258e-05,1.0,1.0,0.00013828277587890625,0.00021791747510231337,1830
2424,1.972718382603489e-05,1.0,1.0,0.0001201629638671875,0.00021769045973581087,2010
2425,1.748014983604662e-05,1.0,1.0,0.00011491775512695312,0.00021746350102352103,1369
2426,1.9770432118093595e-05,1.0,1.0,0.00011730194091796875,0.0002172365991127151,2022
2427,2.5427230866625905e-05,1.0,1.0,0.0002117156982421875,0.0002170097541506272,1224
2428,1.8719192667049356e-05,1.0,1.0,0.00012063980102539062,0.00021678296628445441,1692
2429,1.5230905773933046e-05,1.0,1.0,0.00010061264038085938,0.00021655623566135715,1128
2430,1.729380528558977e-05,1.0,1.0,0.000118255615234375,0.00021632956242845827,1235
2431,1.5695330148446374e-05,1.0,1.0,0.0001010894775390625,0.0002161029467328437,1459
2432,1.647140561544802e-05,1.0,1.0,0.000110626220703125,0.00021587638872156174,1498
2433,1.4010888662596699e-05,1.0,1.0,0.00010204315185546875,0.0002156498885416237,1071
2434,1.7543638023198582e-05,1.0,1.0,0.00011491775512695312,0.00021542344634000292,1333
2435,1.8549957530922256e-05,1.0,1.0,0.00011682510375976562,0.00021519706226363512,1712
2436,1.9054996300837956e-05,1.0,1.0,0.00011205673217773438,0.00021497073645941888,2022
2437,1.936153603310231e-05,1.0,1.0,0.00011920928955078125,0.00021474446907421407,1987
2438,1.6096526451292448e-05,1.0,1.0,0.00011348724365234375,0.00021451826025484352,1340
2439,1.54284352902323e-05,1.0,1.0,0.00010728836059570312,0.00021429211014809162,1261
2440,1.429465464752866e-05,1.0,1.0,9.822845458984375e-05,0.00021406601890070447,1264
2441,1.9456065274425782e-05,1.0,1.0,0.00011873245239257812,0.00021383998665939054,1946
2442,1.680641435086727e-05,1.0,1.0,0.00011205673217773438,0.00021361401357081943,1705
2443,1.5009056369308382e-05,1.0,1.0,9.72747802734375e-05,0.00021338809978162284,1419
2444,1.5129509847611189e-05,1.0,1.0,9.870529174804688e-05,0.0002131622454383937,1405
2445,1.249237175215967e-05,1.0,1.0,0.00013065338134765625,0.00021293645068768633,479
2446,1.4674546036985703e-05,1.0,1.0,9.72747802734375e-05,0.00021271071567601673,1341
2447,1.619495014892891e-05,1.0,1.0,0.00010442733764648438,0.0002124850405498616,1369
2448,1.5679908756283112e-05,1.0,1.0,0.0001010894775390625,0.00021225942545565935,1488
2449,1.5721749150543474e-05,1.0,1.0,0.0001049041748046875,0.00021203387053980906,1404
2450,1.93855903489748e-05,1.0,1.0,0.0001163482666015625,0.00021180837594867076,2103
2451,1.4367049516295083e-05,1.0,1.0,9.489059448242188e-05,0.00021158294182856564,1410
2452,2.309793489985168e-05,1.0,1.0,0.00018310546875,0.0002113575683257752,1224
2453,1.5660740245948546e-05,1.0,1.0,0.000102996826171875,0.00021113225558654222,1305
2454,1.5550955140497535e-05,1.0,1.0,0.00011157989501953125,0.00021090700375706931,1100
2455,1.95776538021164e-05,1.0,1.0,0.00013065338134765625,0.0002106818129835202,1534
2456,1.5730147424619645e-05,1.0,1.0,9.679794311523438e-05,0.0002104566834120187,1629
2457,1.8318562069907784e-05,1.0,1.0,0.00010633468627929688,0.00021023161518864873,2021
2458,1.6083864466054365e-05,1.0,1.0,0.00010824203491210938,0.0002100066084594549,1266
2459,1.579232957737986e-05,1.0,1.0,0.00010824203491210938,0.00020978166337044145,1206
2460,1.9540888388291933e-05,1.0,1.0,0.00012302398681640625,0.00020955678006757294,2042
2461,1.5204573173832614e-05,1.0,1.0,0.00010442733764648438,0.00020933195869677362,1252
2462,1.6523334124940448e-05,1.0,1.0,0.00010251998901367188,0.00020910719940392755,1692
2463,1.5300847735488787e-05,1.0,1.0,0.00010013580322265625,0.0002088825023348788,1235
2464,1.7796650354284793e-05,1.0,1.0,0.00012063980102539062,0.00020865786763543066,1824
2465,1.710764081508387e-05,1.0,1.0,0.00011205673217773438,0.00020843329545134636,1575
2466,1.375341435050359e-05,1.0,1.0,9.489059448242188e-05,0.00020820878592834818,1200
2467,1.876547685242258e-05,1.0,1.0,0.00011682510375976562,0.00020798433921211795,2010
2468,1.9333037926116958e-05,1.0,1.0,0.00011777877807617188,0.00020775995544829672,2054
2469,1.6855974536156282e-05,1.0,1.0,0.00010251998901367188,0.00020753563478248464,1830
2470,1.1988832739007194e-05,1.0,1.0,0.00010395050048828125,0.00020731137736024107,744
2471,1.5029775568109471e-05,1.0,1.0,9.679794311523438e-05,0.00020708718332708415,1302
2472,1.4429751900024712e-05,1.0,1.0,9.965896606445312e-05,0.00020686305282849085,1128
2473,1.478243666497292e-05,1.0,1.0,9.965896606445312e-05,0.0002066389860098972,1229
2474,1.4271916370489635e-05,1.0,1.0,9.822845458984375e-05,0.0002064149830166975,1188
2475,1.4202804777596612e-05,1.0,1.0,9.298324584960938e-05,0.00020619104399424517,1443
2476,1.437771334167337e-05,1.0,1.0,9.489059448242188e-05,0.00020596716908785165,1498
2477,1.4434879631153308e-05,1.0,1.0,9.965896606445312e-05,0.00020574335844278672,1340
2478,1.3052389476797543e-05,1.0,1.0,8.821487426757812e-05,0.00020551961220427911,1200
2479,1.387650081596803e-05,1.0,1.0,8.916854858398438e-05,0.0002052959305175149,1443
2480,1.4610836842621211e-05,1.0,1.0,9.441375732421875e-05,0.000205072313527639,1488
2481,1.3878076970286202e-05,1.0,1.0,9.1552734375e-05,0.00020484876137975396,1405
2482,1.6637215594528243e-05,1.0,1.0,0.00010728836059570312,0.00020462527421892033,1712
2483,1.4453525182034355e-05,1.0,1.0,9.250640869140625e-05,0.00020440185219015655,1302
2484,1.7291084077442065e-05,1.0,1.0,0.00010395050048828125,0.0002041784954384386,2021
2485,1.1034712770197075e-05,1.0,1.0,9.012222290039062e-05,0.00020395520410870048,744
2486,1.3637246411235537e-05,1.0,1.0,8.726119995117188e-05,0.0002037319783458333,1229
2487,1.7978998585022055e-05,1.0,1.0,0.00011920928955078125,0.00020350881829468595,1534
2488,1.336884633929003e-05,1.0,1.0,8.535385131835938e-05,0.0002032857241000645,1419
2489,1.6507763575646095e-05,1.0,1.0,0.0001087188720703125,0.00020306269590673241,1575
2490,1.3642774320032913e-05,1.0,1.0,9.250640869140625e-05,0.00020283973385941027,1341
2491,1.2869008060079068e-05,1.0,1.0,8.916854858398438e-05,0.0002026168381027756,1264
2492,1.329615588474553e-05,1.0,1.0,8.7738037109375e-05,0.0002023940087814632,1100
2493,1.275740851269802e-05,1.0,1.0,8.249282836914062e-05,0.00020217124604006456,1128
2494,1.4078571439313237e-05,1.0,1.0,9.107589721679688e-05,0.00020194855002312784,1305
2495,1.2830400009988807e-05,1.0,1.0,8.153915405273438e-05,0.0002017259208751583,1252
2496,1.2862875337305013e-05,1.0,1.0,8.487701416015625e-05,0.00020150335874061738,1410
2497,1.3783651411358733e-05,1.0,1.0,9.107589721679688e-05,0.00020128086376392345,1206
2498,1.6780772057245485e-05,1.0,1.0,0.00010156631469726562,0.00020105843608945095,2022
2499,1.6945476090768352e-05,1.0,1.0,0.00010013580322265625,0.00020083607586153065,1946
2500,1.4968372852308676e-05,1.0,1.0,9.632110595703125e-05,0.00020061378322445,1333
2501,1.4262891454563942e-05,1.0,1.0,8.821487426757812e-05,0.00020039155832245195,1629
2502,1.7756607121555135e-05,1.0,1.0,0.0001068115234375,0.00020016940129973608,2054
2503,1.3713740372622851e-05,1.0,1.0,8.869171142578125e-05,0.00019994731230045756,1235
2504,1.0891942110902164e-05,1.0,1.0,0.00011205673217773438,0.00019972529146872756,479
2505,1.3202659829403274e-05,1.0,1.0,7.867813110351562e-05,0.00019950333894861298,1369
2506,1.3477383618010208e-05,1.0,1.0,8.392333984375e-05,0.00019928145488413637,1266
2507,1.3205622053646948e-05,1.0,1.0,9.012222290039062e-05,0.00019905963941927596,1261
2508,1.4901118447596673e-05,1.0,1.0,9.489059448242188e-05,0.00019883789269796532,1692
2509,1.617676934984047e-05,1.0,1.0,0.0001049041748046875,0.00019861621486409354,1824
2510,1.6196536307688802e-05,1.0,1.0,9.012222290039062e-05,0.000198394606061505,2042
2511,1.2024495845253114e-05,1.0,1.0,7.62939453125e-05,0.00019817306643399906,1188
2512,2.034899443970062e-05,1.0,1.0,0.0001678466796875,0.0001979515961253306,1224
2513,1.7213480532518588e-05,1.0,1.0,0.00011539459228515625,0.00019773019527920906,1987
2514,1.5759291272843257e-05,1.0,1.0,9.870529174804688e-05,0.0001975088640392994,1830
2515,1.6275764210149646e-05,1.0,1.0,9.489059448242188e-05,0.00019728760254922082,2010
2516,1.7623000530875288e-05,1.0,1.0,0.00010585784912109375,0.00019706641095254736,2103
2517,1.3639758435601834e-05,1.0,1.0,9.107589721679688e-05,0.0001968452893928082,1459
2518,1.1613766218943056e-05,1.0,1.0,8.296966552734375e-05,0.00019662423801348637,1071
2519,1.3841408872394823e-05,1.0,1.0,9.1552734375e-05,0.00019640325695801996,1404
2520,1.4522466699418146e-05,1.0,1.0,9.34600830078125e-05,0.00019618234636980118,1705
2521,1.2612246791832149e-05,1.0,1.0,8.392333984375e-05,0.00019596150639217624,1261
2522,1.374436487822095e-05,1.0,1.0,8.440017700195312e-05,0.00019574073716844612,1629
2523,1.4819439456914552e-05,1.0,1.0,8.96453857421875e-05,0.00019552003884186535,1712
2524,1.1740531590476166e-05,1.0,1.0,7.486343383789062e-05,0.00019529941155564288,1188
2525,1.120718297897838e-05,1.0,1.0,7.677078247070312e-05,0.0001950788554529412,1071
2526,1.277295177715132e-05,1.0,1.0,7.724761962890625e-05,0.00019485837067687682,1488
2527,1.314552082476439e-05,1.0,1.0,8.535385131835938e-05,0.0001946379573705199,1235
2528,1.451151092624059e-05,1.0,1.0,9.250640869140625e-05,0.00019441761567689427,1575
2529,1.2433072697604075e-05,1.0,1.0,8.0108642578125e-05,0.00019419734573897723,1229
2530,1.5835788872209378e-05,1.0,1.0,9.298324584960938e-05,0.00019397714769969957,2054
2531,1.098925440601306e-05,1.0,1.0,6.866455078125e-05,0.00019375702170194544,1200
2532,1.4179060599417426e-05,1.0,1.0,9.1552734375e-05,0.00019353696788855222,1692
2533,1.2757917829731014e-05,1.0,1.0,8.0108642578125e-05,0.00019331698640231033,1305
2534,1.872416032711044e-05,1.0,1.0,0.00014209747314453125,0.00019309707738596345,1224
2535,1.249988235940691e-05,1.0,1.0,7.486343383789062e-05,0.00019287724098220808,1369
2536,1.4768726941838395e-05,1.0,1.0,8.153915405273438e-05,0.0001926574773336939,2042
2537,1.4476399883278646e-05,1.0,1.0,7.963180541992188e-05,0.00019243778658302295,1946
2538,1.5455865650437772e-05,1.0,1.0,9.679794311523438e-05,0.00019221816887275003,1987
2539,1.4382400877366308e-05,1.0,1.0,8.726119995117188e-05,0.00019199862434538315,1830
2540,1.2836319001507945e-05,1.0,1.0,8.678436279296875e-05,0.00019177915314338184,1419
2541,1.3248783943708986e-05,1.0,1.0,9.202957153320312e-05,0.000191559755409159,1405
2542,9.71687950368505e-06,1.0,1.0,7.772445678710938e-05,0.00019134043128507929,744
2543,1.2442274964996614e-05,1.0,1.0,8.440017700195312e-05,0.00019112118091345958,1341
2544,1.1819538485724479e-05,1.0,1.0,7.486343383789062e-05,0.00019090200443656934,1443
2545,1.4006021956447512e-05,1.0,1.0,8.678436279296875e-05,0.00019068290199662956,1824
2546,1.2909954421047587e-05,1.0,1.0,8.916854858398438e-05,0.0001904638737358137,1340
2547,1.3441010196402203e-05,1.0,1.0,8.96453857421875e-05,0.0001902449197962466,1302
2548,1.4519217984343413e-05,1.0,1.0,8.58306884765625e-05,0.00019002604032000513,2022
2549,1.3264075278129894e-05,1.0,1.0,8.392333984375e-05,0.00018980723544911792,1705
2550,1.1939036085095722e-05,1.0,1.0,7.581710815429688e-05,0.0001895885053255649,1459
2551,1.2214754860906396e-05,1.0,1.0,7.724761962890625e-05,0.00018936985009127788,1404
2552,1.4038600056665018e-05,1.0,1.0,7.963180541992188e-05,0.00018915126988813965,2010
2553,1.1856657692987937e-05,1.0,1.0,7.963180541992188e-05,0.00018893276485798473,1252
2554,1.2236260772624519e-05,1.0,1.0,8.0108642578125e-05,0.00018871433514259855,1206
2555,1.1591772818064783e-05,1.0,1.0,7.581710815429688e-05,0.00018849598088371773,1128
2556,9.581173799233511e-06,1.0,1.0,9.775161743164062e-05,0.00018827770222303015,479
2557,1.5346537111327052e-05,1.0,1.0,8.96453857421875e-05,0.0001880594993021742,2103
2558,1.4105322406976484e-05,1.0,1.0,9.393692016601562e-05,0.0001878413722627397,1333
2559,1.1911859473912045e-05,1.0,1.0,7.867813110351562e-05,0.00018762332124626677,1100
2560,1.2558286471175961e-05,1.0,1.0,8.630752563476562e-05,0.0001874053463942462,1498
2561,1.085044459614437e-05,1.0,1.0,7.200241088867188e-05,0.00018718744784811984,1264
2562,1.1805585018009879e-05,1.0,1.0,8.0108642578125e-05,0.0001869696257492793,1410
2563,1.2666198927036021e-05,1.0,1.0,8.153915405273438e-05,0.00018675188023906732,1266
2564,1.429992335033603e-05,1.0,1.0,8.20159912109375e-05,0.00018653421145877646,2021
2565,1.5654990420443937e-05,1.0,1.0,0.00010442733764648438,0.00018631661954964955,1534
2566,1.2751715075864922e-05,1.0,1.0,7.677078247070312e-05,0.0001860991046528797,1692
2567,1.3146773198968731e-05,1.0,1.0,8.20159912109375e-05,0.0001858816669096099,1333
2568,1.107186108129099e-05,1.0,1.0,6.818771362304688e-05,0.0001856643064609333,1419
2569,9.031681656779256e-06,1.0,1.0,8.678436279296875e-05,0.00018544702344789262,479
2570,1.3623575796373188e-05,1.0,1.0,7.915496826171875e-05,0.00018522981801148038,2010
2571,1.3668161955138203e-05,1.0,1.0,7.62939453125e-05,0.00018501269029263896,2021
2572,1.3924971426604316e-05,1.0,1.0,8.153915405273438e-05,0.00018479564043226006,2022
2573,1.1492268640722614e-05,1.0,1.0,6.866455078125e-05,0.00018457866857118512,1302
2574,1.1185185030626599e-05,1.0,1.0,7.343292236328125e-05,0.00018436177485020474,1261
2575,1.4208429092832375e-05,1.0,1.0,8.153915405273438e-05,0.00018414495941005885,2054
2576,1.1107217687822413e-05,1.0,1.0,7.009506225585938e-05,0.00018392822239143676,1459
2577,1.0910480341408402e-05,1.0,1.0,7.009506225585938e-05,0.0001837115639349766,1341
2578,1.1461093890829943e-05,1.0,1.0,7.390975952148438e-05,0.00018349498418126595,1229
2579,1.0998919606208801e-05,1.0,1.0,6.818771362304688e-05,0.0001832784832708407,1405
2580,1.389455883327173e-05,1.0,1.0,7.62939453125e-05,0.00018306206134418633,2103
2581,1.2537237125798129e-05,1.0,1.0,7.867813110351562e-05,0.0001828457185417365,1629
2582,1.2047323252772912e-05,1.0,1.0,6.866455078125e-05,0.00018262945500387357,1824
2583,1.103479735320434e-05,1.0,1.0,7.009506225585938e-05,0.00018241327087092877,1340
2584,1.315190274908673e-05,1.0,1.0,7.963180541992188e-05,0.00018219716628318169,1712
2585,1.0606689102132805e-05,1.0,1.0,6.723403930664062e-05,0.00018198114138086,1410
2586,1.1846258530567866e-05,1.0,1.0,7.82012939453125e-05,0.00018176519630414025,1404
2587,1.2059444998158142e-05,1.0,1.0,7.915496826171875e-05,0.00018154933119314654,1235
2588,8.912557859730441e-06,1.0,1.0,7.390975952148438e-05,0.00018133354618795155,744
2589,1.0891214515140746e-05,1.0,1.0,6.914138793945312e-05,0.0001811178414285758,1252
2590,1.171350413642358e-05,1.0,1.0,7.152557373046875e-05,0.0001809022170549879,1369
2591,1.3579666301666293e-05,1.0,1.0,7.915496826171875e-05,0.00018068667320710394,1946
2592,1.0473085239937063e-05,1.0,1.0,7.05718994140625e-05,0.00018047121002478806,1200
2593,1.0669001312635373e-05,1.0,1.0,6.580352783203125e-05,0.00018025582764785212,1498
2594,1.4230997294362169e-05,1.0,1.0,9.393692016601562e-05,0.00018004052621605507,1534
2595,1.2921341294713784e-05,1.0,1.0,7.486343383789062e-05,0.0001798253058691041,1987
2596,1.2082346984243486e-05,1.0,1.0,7.009506225585938e-05,0.00017961016674665308,1830
2597,1.1383171113266144e-05,1.0,1.0,7.200241088867188e-05,0.00017939510898830352,1305
2598,1.0692660907807294e-05,1.0,1.0,6.914138793945312e-05,0.00017918013273360414,1188
2599,1.2608858924068045e-05,1.0,1.0,7.915496826171875e-05,0.00017896523812205054,1575
2600,9.618658623367082e-06,1.0,1.0,6.580352783203125e-05,0.00017875042529308556,1071
2601,1.055553093465278e-05,1.0,1.0,6.628036499023438e-05,0.00017853569438609895,1443
2602,9.787397175387014e-06,1.0,1.0,6.246566772460938e-05,0.00017832104554042736,1264
2603,1.1524804904183839e-05,1.0,1.0,7.2479248046875e-05,0.0001781064788953539,1705
2604,1.0964437933580484e-05,1.0,1.0,6.914138793945312e-05,0.00017789199459010858,1206
2605,1.1011226888513193e-05,1.0,1.0,6.818771362304688e-05,0.0001776775927638681,1488
2606,1.068404071702389e-05,1.0,1.0,6.914138793945312e-05,0.00017746327355575508,1100
2607,1.2934720871271566e-05,1.0,1.0,7.295608520507812e-05,0.0001772490371048395,2042
2608,1.6528811102034524e-05,1.0,1.0,0.00013446807861328125,0.00017703488355013674,1224
2609,1.1200054359505884e-05,1.0,1.0,6.866455078125e-05,0.00017682081303060853,1266
2610,1.0084367204399314e-05,1.0,1.0,6.341934204101562e-05,0.0001766068256851634,1128
2611,1.097765016311314e-05,1.0,1.0,6.628036499023438e-05,0.00017639292165265495,1266
2612,1.0126268534804694e-05,1.0,1.0,6.29425048828125e-05,0.00017617910107188342,1100
2613,1.1609646207944024e-05,1.0,1.0,6.866455078125e-05,0.0001759653640815947,1824
2614,1.0118765203515068e-05,1.0,1.0,6.29425048828125e-05,0.00017575171082048023,1459
2615,1.305753266933607e-05,1.0,1.0,7.343292236328125e-05,0.00017553814142717735,2054
2616,1.0354961887060199e-05,1.0,1.0,6.103515625e-05,0.00017532465604026896,1302
2617,1.1222912689845543e-05,1.0,1.0,6.961822509765625e-05,0.00017511125479828353,1629
2618,1.1352110959705897e-05,1.0,1.0,7.104873657226562e-05,0.00017489793783969452,1692
2619,9.707141543913167e-06,1.0,1.0,6.389617919921875e-05,0.00017468470530292122,1264
2620,1.2355954822851345e-05,1.0,1.0,6.914138793945312e-05,0.00017447155732632793,1946
2621,9.090009370993357e-06,1.0,1.0,5.364418029785156e-05,0.00017425849404822382,1188
2622,1.2644316484511364e-05,1.0,1.0,7.486343383789062e-05,0.00017404551560686347,2022
2623,1.0170472705794964e-05,1.0,1.0,6.628036499023438e-05,0.00017383262214044646,1261
2624,1.0511267646506894e-05,1.0,1.0,6.961822509765625e-05,0.00017361981378711673,1340
2625,1.0906737770710606e-05,1.0,1.0,6.580352783203125e-05,0.00017340709068496346,1333
2626,1.0305449904990382e-05,1.0,1.0,6.151199340820312e-05,0.00017319445297202035,1488
2627,1.2696734302153345e-05,1.0,1.0,8.0108642578125e-05,0.00017298190078626584,1534
2628,1.1315394658595324e-05,1.0,1.0,6.723403930664062e-05,0.0001727694342656224,1575
2629,9.864654202829115e-06,1.0,1.0,6.29425048828125e-05,0.00017255705354795768,1410
2630,1.0778202522487845e-05,1.0,1.0,6.961822509765625e-05,0.00017234475877108297,1235
2631,1.3344721992325503e-05,1.0,1.0,7.772445678710938e-05,0.00017213255007275386,2103
2632,1.0344398106099106e-05,1.0,1.0,6.628036499023438e-05,0.00017192042759067076,1229
2633,9.86944814940216e-06,1.0,1.0,6.29425048828125e-05,0.00017170839146247722,1341
2634,9.10155267774826e-06,1.0,1.0,5.53131103515625e-05,0.00017149644182576132,1128
2635,1.0367866707383655e-05,1.0,1.0,6.532669067382812e-05,0.00017128457881805502,1305
2636,9.549196875013877e-06,1.0,1.0,5.91278076171875e-05,0.0001710728025768337,1252
2637,1.0063114132208284e-05,1.0,1.0,6.103515625e-05,0.0001708611132395167,1404
2638,1.2450396752683446e-05,1.0,1.0,7.390975952148438e-05,0.00017064951094346707,1987
2639,9.478055289946496e-06,1.0,1.0,5.817413330078125e-05,0.00017043799582599126,1443
2640,1.0139713594981004e-05,1.0,1.0,5.91278076171875e-05,0.0001702265680243389,1369
2641,1.2190398592792917e-05,1.0,1.0,7.05718994140625e-05,0.00017001522767570338,2021
2642,9.251626579498406e-06,1.0,1.0,6.008148193359375e-05,0.00016980397491722117,1200
2643,1.1311125490465201e-05,1.0,1.0,6.67572021484375e-05,0.0001695928098859718,1712
2644,1.1819847713923082e-05,1.0,1.0,6.67572021484375e-05,0.0001693817327189779,2042
2645,1.130457894760184e-05,1.0,1.0,6.628036499023438e-05,0.00016917074355320545,1830
2646,9.737189429870341e-06,1.0,1.0,5.888938903808594e-05,0.00016895984252556268,1206
2647,8.457048352283891e-06,1.0,1.0,8.58306884765625e-05,0.00016874902977290112,479
2648,8.73279532243032e-06,1.0,1.0,5.745887756347656e-05,0.00016853830543201486,1071
2649,1.4441227904171683e-05,1.0,1.0,0.000110626220703125,0.00016832766963964082,1224
2650,8.020751920412295e-06,1.0,1.0,6.29425048828125e-05,0.00016811712253245788,744
2651,9.827951544139069e-06,1.0,1.0,6.341934204101562e-05,0.00016790666424708824,1498
2652,9.627440704207402e-06,1.0,1.0,6.079673767089844e-05,0.0001676962949200958,1419
2653,1.1936795090150554e-05,1.0,1.0,7.009506225585938e-05,0.00016748601468798667,2010
2654,1.0630931683408562e-05,1.0,1.0,6.771087646484375e-05,0.00016727582368720982,1705
2655,9.737115760799497e-06,1.0,1.0,6.198883056640625e-05,0.00016706572205415563,1405
2656,1.1187215932295658e-05,1.0,1.0,6.246566772460938e-05,0.0001668557099251569,2022
2657,1.0337011190131307e-05,1.0,1.0,6.389617919921875e-05,0.00016664578743648826,1705
2658,1.189066551887663e-05,1.0,1.0,7.343292236328125e-05,0.00016643595472436596,1534
2659,8.672985131852329e-06,1.0,1.0,5.340576171875e-05,0.0001662262119249483,1188
2660,1.3221742847235873e-05,1.0,1.0,9.393692016601562e-05,0.00016601655917433507,1224
2661,9.646865692047868e-06,1.0,1.0,5.888938903808594e-05,0.00016580699660856776,1302
2662,8.441518730251119e-06,1.0,1.0,5.412101745605469e-05,0.00016559752436362906,1200
2663,8.776367394602858e-06,1.0,1.0,5.245208740234375e-05,0.00016538814257544332,1443
2664,1.1814409845101181e-05,1.0,1.0,6.771087646484375e-05,0.00016517885137987622,2054
2665,8.823277312330902e-06,1.0,1.0,5.7697296142578125e-05,0.00016496965091273438,1264
2666,9.415583917871118e-06,1.0,1.0,6.008148193359375e-05,0.00016476054130976572,1498
2667,9.31403883441817e-06,1.0,1.0,5.53131103515625e-05,0.00016455152270665937,1266
2668,7.891891982581e-06,1.0,1.0,5.173683166503906e-05,0.000164342595239045,1071
2669,9.286827662435826e-06,1.0,1.0,5.9604644775390625e-05,0.0001641337590424935,1340
2670,8.918949788494501e-06,1.0,1.0,5.650520324707031e-05,0.0001639250142525164,1410
2671,1.1201604138477705e-05,1.0,1.0,6.389617919921875e-05,0.00016371636100456598,2021
2672,1.1786674804170616e-05,1.0,1.0,6.628036499023438e-05,0.00016350779943403494,2103
2673,8.76131252880441e-06,1.0,1.0,5.412101745605469e-05,0.00016329932967625667,1252
2674,7.091274710546713e-06,1.0,1.0,6.628036499023438e-05,0.0001630909518665051,479
2675,8.324595000885893e-06,1.0,1.0,5.030632019042969e-05,0.00016288266613999393,1128
2676,9.404277989233378e-06,1.0,1.0,5.888938903808594e-05,0.000162674472631878,1206
2677,1.1275365977780893e-05,1.0,1.0,6.437301635742188e-05,0.0001624663714772514,2042
2678,6.925299658178119e-06,1.0,1.0,5.125999450683594e-05,0.00016225836281114894,744
2679,8.75825026014354e-06,1.0,1.0,5.245208740234375e-05,0.0001620504467685452,1229
2680,1.0873859537241515e-05,1.0,1.0,6.151199340820312e-05,0.00016184262348435452,1987
2681,1.0783297511807177e-05,1.0,1.0,6.031990051269531e-05,0.0001616348930934312,2010
2682,1.0551188097451814e-05,1.0,1.0,6.29425048828125e-05,0.00016142725573056922,1712
2683,9.320801837020554e-06,1.0,1.0,5.7697296142578125e-05,0.0001612197115305024,1235
2684,8.859132321958896e-06,1.0,1.0,5.626678466796875e-05,0.00016101226062790365,1459
2685,8.734511538932566e-06,1.0,1.0,5.340576171875e-05,0.0001608049031573857,1405
2686,9.52490881900303e-06,1.0,1.0,5.698204040527344e-05,0.00016059763925350073,1629
2687,8.640776286483742e-06,1.0,1.0,5.245208740234375e-05,0.00016039046905073976,1419
2688,8.360389074368868e-06,1.0,1.0,5.1975250244140625e-05,0.00016018339268353344,1100
2689,9.988642887037713e-06,1.0,1.0,6.628036499023438e-05,0.00015997641028625144,1404
2690,9.642297300160863e-06,1.0,1.0,5.459785461425781e-05,0.00015976952199320222,1824
2691,9.553036761644762e-06,1.0,1.0,5.6743621826171875e-05,0.00015956272793863344,1692
2692,9.293672519561369e-06,1.0,1.0,6.341934204101562e-05,0.0001593560282567315,1261
2693,1.0582142749626655e-05,1.0,1.0,6.67572021484375e-05,0.00015914942308162172,1575
2694,1.0823316188179888e-05,1.0,1.0,6.079673767089844e-05,0.0001589429125473677,1946
2695,8.579424502386246e-06,1.0,1.0,5.3882598876953125e-05,0.00015873649678797196,1341
2696,8.813902240945026e-06,1.0,1.0,5.125999450683594e-05,0.00015853017593737566,1369
2697,8.754409464017954e-06,1.0,1.0,5.269050598144531e-05,0.00015832395012945776,1488
2698,9.775039870874025e-06,1.0,1.0,5.984306335449219e-05,0.0001581178194980364,1333
2699,8.799281204119325e-06,1.0,1.0,5.364418029785156e-05,0.00015791178417686719,1305
2700,9.836395292950328e-06,1.0,1.0,5.6743621826171875e-05,0.0001577058442996443,1830
2701,1.0361578461015597e-05,1.0,1.0,6.008148193359375e-05,0.00015750000000000003,1987
2702,1.0537800335441716e-05,1.0,1.0,5.6743621826171875e-05,0.0001572942514115043,2054
2703,9.987716111936606e-06,1.0,1.0,5.269050598144531e-05,0.0001570885986676651,1946
2704,9.017639058583882e-06,1.0,1.0,5.2928924560546875e-05,0.00015688304190192843,1705
2705,9.278682227886748e-06,1.0,1.0,5.269050598144531e-05,0.00015667758124767795,1575
2706,6.552727882080944e-06,1.0,1.0,5.888938903808594e-05,0.0001564722168382345,479
2707,8.43347061163513e-06,1.0,1.0,4.76837158203125e-05,0.000156266948806857,1369
2708,7.607666702824645e-06,1.0,1.0,4.744529724121094e-05,0.00015606177728674182,1200
2709,9.953776498150546e-06,1.0,1.0,5.53131103515625e-05,0.0001558567024110222,2022
2710,8.189093023247551e-06,1.0,1.0,4.9591064453125e-05,0.0001556517243127692,1341
2711,1.075712589226896e-05,1.0,1.0,6.628036499023438e-05,0.00015544684312499091,1534
2712,8.768036423134618e-06,1.0,1.0,5.078315734863281e-05,0.00015524205898063232,1629
2713,8.187858838937245e-06,1.0,1.0,4.9591064453125e-05,0.00015503737201257581,1405
2714,8.167597115971148e-06,1.0,1.0,5.1021575927734375e-05,0.00015483278235364043,1100
2715,8.066357622737996e-06,1.0,1.0,4.9114227294921875e-05,0.0001546282901365824,1459
2716,7.865340194257442e-06,1.0,1.0,4.673004150390625e-05,0.00015442389549409418,1443
2717,9.531019713904243e-06,1.0,1.0,5.555152893066406e-05,0.00015421959855880545,1830
2718,8.746223102207296e-06,1.0,1.0,5.245208740234375e-05,0.00015401539946328227,1302
2719,8.10798883321695e-06,1.0,1.0,4.696846008300781e-05,0.00015381129834002695,1488
2720,9.24393316381611e-06,1.0,1.0,5.507469177246094e-05,0.00015360729532147894,1333
2721,1.1926160368602723e-05,1.0,1.0,9.012222290039062e-05,0.00015340339054001323,1224
2722,8.11798690847354e-06,1.0,1.0,5.0067901611328125e-05,0.00015319958412794157,1229
2723,8.168955901055597e-06,1.0,1.0,5.14984130859375e-05,0.00015299587621751178,1340
2724,6.3637116909376346e-06,1.0,1.0,4.76837158203125e-05,0.0001527922669409075,744
2725,8.326175702677574e-06,1.0,1.0,5.245208740234375e-05,0.00015258875643024873,1498
2726,1.0301680958946235e-05,1.0,1.0,5.650520324707031e-05,0.0001523853448175912,2103
2727,9.697039786260575e-06,1.0,1.0,5.4836273193359375e-05,0.00015218203223492662,2010
2728,6.801888957852498e-06,1.0,1.0,4.291534423828125e-05,0.00015197881881418208,1071
2729,9.494292498857249e-06,1.0,1.0,5.1975250244140625e-05,0.00015177570468722067,2042
2730,8.121276550809853e-06,1.0,1.0,4.887580871582031e-05,0.00015157268998584113,1206
2731,8.847980097925756e-06,1.0,1.0,4.9591064453125e-05,0.00015136977484177702,1824
2732,8.0410181908519e-06,1.0,1.0,5.054473876953125e-05,0.00015116695938669836,1261
2733,7.65528511692537e-06,1.0,1.0,4.5299530029296875e-05,0.0001509642437522096,1419
2734,8.048817107919604e-06,1.0,1.0,4.76837158203125e-05,0.00015076162806985048,1235
2735,8.273193088825792e-06,1.0,1.0,4.887580871582031e-05,0.00015055911247109662,1266
2736,8.662725122121628e-06,1.0,1.0,5.078315734863281e-05,0.00015035669708735776,1692
2737,7.693942279729526e-06,1.0,1.0,4.792213439941406e-05,0.00015015438204997933,1188
2738,7.7130116551416e-06,1.0,1.0,4.863739013671875e-05,0.00014995216749024128,1252
2739,7.882626050559338e-06,1.0,1.0,4.649162292480469e-05,0.00014975005353935828,1305
2740,9.058260729943868e-06,1.0,1.0,5.316734313964844e-05,0.00014954804032848008,1712
2741,7.518907750636572e-06,1.0,1.0,4.601478576660156e-05,0.0001493461279886908,1410
2742,8.138580597005785e-06,1.0,1.0,4.9114227294921875e-05,0.0001491443166510092,1404
2743,7.285756964847678e-06,1.0,1.0,4.482269287109375e-05,0.00014894260644638838,1264
2744,7.3406067713222e-06,1.0,1.0,4.458427429199219e-05,0.00014874099750571593,1128
2745,9.532312105875462e-06,1.0,1.0,5.3882598876953125e-05,0.0001485394899598138,2021
2746,9.458701242692769e-06,1.0,1.0,5.2928924560546875e-05,0.0001483380839394379,2021
2747,9.240367035090458e-06,1.0,1.0,5.14984130859375e-05,0.00014813677957527843,2022
2748,8.508988685207441e-06,1.0,1.0,4.792213439941406e-05,0.0001479355769979597,1824
2749,7.14592715667095e-06,1.0,1.0,4.124641418457031e-05,0.0001477344763380399,1252
2750,7.508439011871815e-06,1.0,1.0,4.363059997558594e-05,0.00014753347772601092,1206
2751,8.560416063119192e-06,1.0,1.0,5.030632019042969e-05,0.00014733258129229866,1575
2752,8.007092219486367e-06,1.0,1.0,4.458427429199219e-05,0.0001471317871672627,1692
2753,1.0962403393932618e-05,1.0,1.0,7.963180541992188e-05,0.00014693109548119591,1224
2754,7.42889733373886e-06,1.0,1.0,4.506111145019531e-05,0.00014673050636432536,1340
2755,6.816647328378167e-06,1.0,1.0,3.9577484130859375e-05,0.00014653001994681088,1128
2756,6.9586853896908e-06,1.0,1.0,4.363059997558594e-05,0.00014632963635874578,1200
2757,9.496518032392487e-06,1.0,1.0,5.2928924560546875e-05,0.00014612935573015721,2054
2758,7.924151759652887e-06,1.0,1.0,4.57763671875e-05,0.00014592917819100475,1629
2759,6.79336926623364e-06,1.0,1.0,3.9577484130859375e-05,0.00014572910387118158,1188
2760,7.404796633636579e-06,1.0,1.0,4.57763671875e-05,0.00014552913290051384,1459
2761,8.423528015555348e-06,1.0,1.0,5.054473876953125e-05,0.00014532926540876024,1333
2762,8.938428436522372e-06,1.0,1.0,4.935264587402344e-05,0.00014512950152561287,1987
2763,7.378199825325282e-06,1.0,1.0,4.5299530029296875e-05,0.00014492984138069623,1341
2764,9.246848094335292e-06,1.0,1.0,5.507469177246094e-05,0.00014473028510356777,1534
2765,8.838581379677635e-06,1.0,1.0,4.863739013671875e-05,0.0001445308328237172,2010
2766,7.193385954451514e-06,1.0,1.0,4.291534423828125e-05,0.000144331484670567,1443
2767,8.365167559531983e-06,1.0,1.0,4.744529724121094e-05,0.00014413224077347212,1712
2768,7.506835572712589e-06,1.0,1.0,4.482269287109375e-05,0.0001439331012617196,1235
2769,6.868437594675925e-06,1.0,1.0,4.1961669921875e-05,0.00014373406626452904,1264
2770,7.39063352739322e-06,1.0,1.0,4.363059997558594e-05,0.0001435351359110521,1305
2771,7.2862808337958995e-06,1.0,1.0,4.172325134277344e-05,0.00014333631033037239,1488
2772,7.044463472993812e-06,1.0,1.0,4.100799560546875e-05,0.0001431375896515057,1419
2773,9.026581210491713e-06,1.0,1.0,4.744529724121094e-05,0.00014293897400339986,2103
2774,7.189416919572977e-06,1.0,1.0,3.981590270996094e-05,0.00014274046351493437,1369
2775,7.1962654146773275e-06,1.0,1.0,4.4345855712890625e-05,0.00014254205831492025,1261
2776,6.4162177295656875e-06,1.0,1.0,4.100799560546875e-05,0.00014234375853210094,1071
2777,8.787324077275116e-06,1.0,1.0,4.839897155761719e-05,0.0001421455642951508,1946
2778,7.28093073121272e-06,1.0,1.0,4.38690185546875e-05,0.00014194747573267568,1498
2779,7.616597940796055e-06,1.0,1.0,4.458427429199219e-05,0.0001417494929732135,1302
2780,7.611420187458862e-06,1.0,1.0,4.4345855712890625e-05,0.00014155161614523288,1705
2781,7.048307452350855e-06,1.0,1.0,4.172325134277344e-05,0.00014135384537713398,1405
2782,7.589118013129337e-06,1.0,1.0,4.4345855712890625e-05,0.00014115618079724827,1266
2783,6.951871455385117e-06,1.0,1.0,4.2438507080078125e-05,0.00014095862253383788,1410
2784,6.041175311111147e-06,1.0,1.0,4.696846008300781e-05,0.00014076117071509637,744
2785,8.598553904448636e-06,1.0,1.0,4.696846008300781e-05,0.00014056382546914808,2042
2786,6.076890713302419e-06,1.0,1.0,5.8650970458984375e-05,0.00014036658692404832,479
2787,7.329519121412886e-06,1.0,1.0,4.363059997558594e-05,0.00014016945520778273,1404
2788,6.730956101819174e-06,1.0,1.0,3.981590270996094e-05,0.00013997243044826813,1229
2789,6.780353942303918e-06,1.0,1.0,4.029273986816406e-05,0.00013977551277335185,1100
2790,8.04524006525753e-06,1.0,1.0,4.601478576660156e-05,0.00013957870231081143,1830
2791,7.238916168716969e-06,1.0,1.0,4.1484832763671875e-05,0.00013938199918835513,1629
2792,6.86462362864404e-06,1.0,1.0,3.790855407714844e-05,0.00013918540353362153,1369
2793,6.90037904860219e-06,1.0,1.0,3.9577484130859375e-05,0.00013898891547417928,1488
2794,5.520674676517956e-06,1.0,1.0,4.8160552978515625e-05,0.00013879253513752739,479
2795,8.741758392716292e-06,1.0,1.0,4.696846008300781e-05,0.000138596262651095,2054
2796,7.874247785366606e-06,1.0,1.0,4.410743713378906e-05,0.00013840009814224127,1830
2797,7.759111213090364e-06,1.0,1.0,4.363059997558594e-05,0.00013820404173825487,1824
2798,6.7389864852884784e-06,1.0,1.0,4.076957702636719e-05,0.0001380080935663551,1459
2799,6.54424093227135e-06,1.0,1.0,3.743171691894531e-05,0.00013781225375369047,1229
2800,6.5389886003686115e-06,1.0,1.0,3.790855407714844e-05,0.00013761652242733896,1419
2801,6.554944775416516e-06,1.0,1.0,3.838539123535156e-05,0.00013742089971430907,1100
2802,7.741839908703696e-06,1.0,1.0,4.38690185546875e-05,0.00013722538574153785,1712
2803,7.651054147572722e-06,1.0,1.0,4.482269287109375e-05,0.00013702998063589228,1333
2804,6.268059223657474e-06,1.0,1.0,3.600120544433594e-05,0.0001368346845241688,1252
2805,7.73088959249435e-06,1.0,1.0,4.482269287109375e-05,0.00013663949753309264,1575
2806,6.621793090744177e-06,1.0,1.0,3.886222839355469e-05,0.00013644441978931867,1405
2807,6.688181201752741e-06,1.0,1.0,3.814697265625e-05,0.0001362494514194308,1305
2808,6.163859779917402e-06,1.0,1.0,3.5762786865234375e-05,0.00013605459254994182,1128
2809,6.927453796379268e-06,1.0,1.0,3.910064697265625e-05,0.00013585984330729346,1266
2810,6.891467819514219e-06,1.0,1.0,3.886222839355469e-05,0.00013566520381785643,1302
2811,8.723148312128615e-06,1.0,1.0,4.76837158203125e-05,0.00013547067420793035,2103
2812,6.516725079563912e-06,1.0,1.0,3.933906555175781e-05,0.00013527625460374305,1341
2813,6.550767466251273e-06,1.0,1.0,3.886222839355469e-05,0.0001350819451314515,1340
2814,8.233193511841819e-06,1.0,1.0,4.5299530029296875e-05,0.0001348877459171411,2021
2815,6.455640232161386e-06,1.0,1.0,3.695487976074219e-05,0.00013469365708682537,1206
2816,6.354398010444129e-06,1.0,1.0,3.7670135498046875e-05,0.00013449967876644656,1410
2817,1.0014105100708548e-05,1.0,1.0,7.82012939453125e-05,0.00013430581108187515,1224
2818,8.42009194457205e-06,1.0,1.0,5.221366882324219e-05,0.00013411205415890978,1534
2819,7.874213224567939e-06,1.0,1.0,4.2438507080078125e-05,0.00013391840812327702,2022
2820,5.347722435544711e-06,1.0,1.0,3.910064697265625e-05,0.00013372487310063196,744
2821,6.083306288928725e-06,1.0,1.0,3.790855407714844e-05,0.00013353144921655726,1200
2822,8.117116522043943e-06,1.0,1.0,4.506111145019531e-05,0.00013333813659656334,2042
2823,5.865198545507155e-06,1.0,1.0,3.337860107421875e-05,0.00013314493536608913,1188
2824,6.317631687124958e-06,1.0,1.0,3.743171691894531e-05,0.0001329518456505004,1443
2825,5.696409061783925e-06,1.0,1.0,3.552436828613281e-05,0.00013275886757509113,1071
2826,7.043643108772812e-06,1.0,1.0,4.00543212890625e-05,0.00013256600126508282,1692
2827,6.6307625274930615e-06,1.0,1.0,4.124641418457031e-05,0.0001323732468456241,1261
2828,7.986080163391307e-06,1.0,1.0,4.267692565917969e-05,0.00013218060444179135,1946
2829,6.426826530514518e-06,1.0,1.0,3.7670135498046875e-05,0.00013198807417858803,1498
2830,6.033231329638511e-06,1.0,1.0,3.62396240234375e-05,0.00013179565618094517,1264
2831,7.867251042625867e-06,1.0,1.0,4.291534423828125e-05,0.0001316033505737204,1987
2832,8.001287824299652e-06,1.0,1.0,4.410743713378906e-05,0.000131411157481699,2010
2833,6.466017111961264e-06,1.0,1.0,3.719329833984375e-05,0.0001312190770295929,1235
2834,6.715144991176203e-06,1.0,1.0,3.910064697265625e-05,0.00013102710934204096,1404
2835,7.140044999687234e-06,1.0,1.0,4.267692565917969e-05,0.0001308352545436089,1705
2836,7.1019444476405624e-06,1.0,1.0,3.8623809814453125e-05,0.00013064351275878948,1830
2837,7.742779416730627e-06,1.0,1.0,4.506111145019531e-05,0.00013045188411200148,1534
2838,6.839142315584468e-06,1.0,1.0,3.838539123535156e-05,0.0001302603687275909,1333
2839,6.36666436548694e-06,1.0,1.0,3.504753112792969e-05,0.0001300689667298299,1302
2840,5.74436080569285e-06,1.0,1.0,3.337860107421875e-05,0.0001298776782429173,1264
2841,7.567470674985088e-06,1.0,1.0,4.100799560546875e-05,0.00012968650339097786,2022
2842,6.861291240056744e-06,1.0,1.0,3.933906555175781e-05,0.0001294954422980631,1705
2843,5.92035257795942e-06,1.0,1.0,3.337860107421875e-05,0.00012930449508815036,1419
2844,5.890673492103815e-06,1.0,1.0,3.4332275390625e-05,0.00012911366188514327,1410
2845,5.876635896129301e-06,1.0,1.0,3.409385681152344e-05,0.00012892294281287154,1252
2846,5.0458579607948195e-06,1.0,1.0,3.600120544433594e-05,0.00012873233799509044,744
2847,5.7633305914350785e-06,1.0,1.0,3.3855438232421875e-05,0.00012854184755548153,1128
2848,7.378872396657243e-06,1.0,1.0,3.8623809814453125e-05,0.00012835147161765201,2021
2849,5.876863724552095e-06,1.0,1.0,3.409385681152344e-05,0.0001281612103051347,1341
2850,7.5468801696843e-06,1.0,1.0,4.100799560546875e-05,0.00012797106374138806,2010
2851,5.755583515565377e-06,1.0,1.0,3.5762786865234375e-05,0.00012778103204979615,1200
2852,6.229777227417799e-06,1.0,1.0,3.62396240234375e-05,0.00012759111535366868,1206
2853,6.141213361843256e-06,1.0,1.0,3.337860107421875e-05,0.0001274013137762402,1266
2854,5.870912900718395e-06,1.0,1.0,3.337860107421875e-05,0.0001272116274406711,1405
2855,6.251171271287603e-06,1.0,1.0,3.457069396972656e-05,0.00012702205647004678,1369
2856,7.400683898595162e-06,1.0,1.0,3.933906555175781e-05,0.00012683260098737755,1987
2857,7.1076838139561005e-06,1.0,1.0,4.1484832763671875e-05,0.0001266432611155994,1575
2858,6.247889814403607e-06,1.0,1.0,3.62396240234375e-05,0.00012645403697757274,1305
2859,6.845257757959189e-06,1.0,1.0,3.719329833984375e-05,0.00012626492869608283,1824
2860,7.462514531653142e-06,1.0,1.0,3.981590270996094e-05,0.00012607593639384038,1946
2861,6.456908067775657e-06,1.0,1.0,3.600120544433594e-05,0.0001258870601934802,1692
2862,5.806166427646531e-06,1.0,1.0,3.337860107421875e-05,0.000125698300217562,1340
2863,5.8670243561209645e-06,1.0,1.0,3.4332275390625e-05,0.00012550965658857026,1261
2864,5.954049356660107e-06,1.0,1.0,3.528594970703125e-05,0.00012532112942891357,1459
2865,7.501949767174665e-06,1.0,1.0,3.8623809814453125e-05,0.00012513271886092523,2103
2866,5.565272203966742e-06,1.0,1.0,3.1948089599609375e-05,0.00012494442500686283,1188
2867,6.085403128963662e-06,1.0,1.0,3.4332275390625e-05,0.00012475624798890836,1404
2868,8.654927114548627e-06,1.0,1.0,6.532669067382812e-05,0.00012456818792916754,1224
2869,6.642292191827437e-06,1.0,1.0,3.933906555175781e-05,0.00012438024494967065,1629
2870,5.820525075250771e-06,1.0,1.0,3.314018249511719e-05,0.000124192419172372,1498
2871,7.587648269691272e-06,1.0,1.0,4.00543212890625e-05,0.00012400471071914937,2054
2872,6.3073848650674336e-06,1.0,1.0,3.790855407714844e-05,0.000123817119711805,1488
2873,5.707055152015528e-06,1.0,1.0,3.218650817871094e-05,0.00012362964627206453,1443
2874,4.9477798711450305e-06,1.0,1.0,4.4345855712890625e-05,0.00012344229052157755,479
2875,5.967084689473268e-06,1.0,1.0,3.3855438232421875e-05,0.00012325505258191705,1235
2876,6.907043825776782e-06,1.0,1.0,3.8623809814453125e-05,0.00012306793257457977,1712
2877,7.119505880837096e-06,1.0,1.0,3.743171691894531e-05,0.00012288093062098592,2042
2878,5.2240307013562415e-06,1.0,1.0,3.1948089599609375e-05,0.00012269404684247875,1071
2879,5.664393484039465e-06,1.0,1.0,3.24249267578125e-05,0.0001225072813603255,1229
2880,5.665330718329642e-06,1.0,1.0,3.314018249511719e-05,0.00012232063429571608,1100
2881,6.962293809920084e-06,1.0,1.0,3.600120544433594e-05,0.00012213410576976356,2010
2882,5.924850029259687e-06,1.0,1.0,3.266334533691406e-05,0.00012194769590350465,1488
2883,5.951085313427029e-06,1.0,1.0,3.2901763916015625e-05,0.00012176140481789844,1302
2884,5.625842732115416e-06,1.0,1.0,3.2901763916015625e-05,0.00012157523263382719,1340
2885,5.4777592595200986e-06,1.0,1.0,3.218650817871094e-05,0.00012138917947209621,1410
2886,5.571689598582452e-06,1.0,1.0,3.170967102050781e-05,0.00012120324545343313,1341
2887,5.270265319268219e-06,1.0,1.0,3.0517578125e-05,0.0001210174306984886,1264
2888,5.649272679875139e-06,1.0,1.0,3.24249267578125e-05,0.00012083173532783583,1498
2889,6.163737452880014e-06,1.0,1.0,3.457069396972656e-05,0.00012064615946197063,1705
2890,5.545608473767061e-06,1.0,1.0,3.1948089599609375e-05,0.00012046070322131093,1261
2891,4.618776529241586e-06,1.0,1.0,3.9577484130859375e-05,0.00012027536672619745,479
2892,5.584170594374882e-06,1.0,1.0,3.24249267578125e-05,0.00012009015009689303,1459
2893,5.348322702047881e-06,1.0,1.0,3.0994415283203125e-05,0.00011990505345358257,1128
2894,6.519651833514217e-06,1.0,1.0,3.647804260253906e-05,0.0001197200769163734,1830
2895,4.5539650272985455e-06,1.0,1.0,3.170967102050781e-05,0.00011953522060529475,744
2896,8.165447070496157e-06,1.0,1.0,5.9604644775390625e-05,0.000119350484640298,1224
2897,4.852271558775101e-06,1.0,1.0,2.8967857360839844e-05,0.00011916586914125609,1071
2898,5.23845528732636e-06,1.0,1.0,2.956390380859375e-05,0.00011898137422796409,1188
2899,5.808736659673741e-06,1.0,1.0,3.218650817871094e-05,0.0001187970000201389,1369
2900,6.839293291704962e-06,1.0,1.0,3.647804260253906e-05,0.00011861274663741865,2042
2901,6.7856203713745344e-06,1.0,1.0,3.5762786865234375e-05,0.00011842861419936373,1946
2902,6.9689435804320965e-06,1.0,1.0,4.0531158447265625e-05,0.00011824460282545544,1534
2903,6.576021405635402e-06,1.0,1.0,3.719329833984375e-05,0.00011806071263509661,1712
2904,7.139528861443978e-06,1.0,1.0,3.981590270996094e-05,0.000117876943747612,1987
2905,6.132393536972813e-06,1.0,1.0,3.4332275390625e-05,0.00011769329628224695,1333
2906,6.258173925743904e-06,1.0,1.0,3.457069396972656e-05,0.00011750977035816832,1575
2907,5.391253580455668e-06,1.0,1.0,3.0517578125e-05,0.00011732636609446428,1229
2908,5.604412763204891e-06,1.0,1.0,3.147125244140625e-05,0.00011714308361014364,1404
2909,5.358932867238764e-06,1.0,1.0,3.0517578125e-05,0.00011695992302413651,1443
2910,5.291971319820732e-06,1.0,1.0,3.0040740966796875e-05,0.0001167768844552938,1419
2911,5.394337222242029e-06,1.0,1.0,3.123283386230469e-05,0.00011659396802238737,1405
2912,7.203788754850393e-06,1.0,1.0,3.838539123535156e-05,0.00011641117384410951,2103
2913,6.866023795737419e-06,1.0,1.0,3.504753112792969e-05,0.00011622850203907344,2054
2914,6.1604700931638945e-06,1.0,1.0,3.361701965332031e-05,0.00011604595272581307,1824
2915,6.652844604104757e-06,1.0,1.0,3.528594970703125e-05,0.00011586352602278236,2022
2916,5.983740720694186e-06,1.0,1.0,3.361701965332031e-05,0.00011568122204835624,1692
2917,5.694607807527063e-06,1.0,1.0,3.147125244140625e-05,0.00011549904092082971,1266
2918,5.591929493675707e-06,1.0,1.0,3.147125244140625e-05,0.00011531698275841827,1305
2919,5.593015430349624e-06,1.0,1.0,3.1948089599609375e-05,0.00011513504767925725,1206
2920,5.2682612476928625e-06,1.0,1.0,3.0279159545898438e-05,0.00011495323580140245,1100
2921,5.5210452956089284e-06,1.0,1.0,3.075599670410156e-05,0.00011477154724282974,1235
2922,6.646112069574883e-06,1.0,1.0,3.504753112792969e-05,0.00011458998212143454,2021
2923,5.015901024307823e-06,1.0,1.0,3.0159950256347656e-05,0.00011440854055503287,1200
2924,5.085124030301813e-06,1.0,1.0,2.86102294921875e-05,0.00011422722266136,1252
2925,5.783841515949462e-06,1.0,1.0,3.24249267578125e-05,0.000114046028558071,1629
2926,6.5005415308405645e-06,1.0,1.0,3.457069396972656e-05,0.00011386495836274106,1987
2927,4.284945589461131e-06,1.0,1.0,2.9325485229492188e-05,0.00011368401219286447,744
2928,5.095140295452438e-06,1.0,1.0,2.86102294921875e-05,0.00011350319016585526,1419
2929,4.852754955209093e-06,1.0,1.0,2.8014183044433594e-05,0.00011332249239904702,1264
2930,4.5805759327777196e-06,1.0,1.0,2.682209014892578e-05,0.0001131419190096923,1071
2931,5.164935828361195e-06,1.0,1.0,2.9802322387695312e-05,0.00011296147011496337,1340
2932,5.941009021626087e-06,1.0,1.0,3.1948089599609375e-05,0.00011278114583195158,1824
2933,6.375746579578845e-06,1.0,1.0,3.361701965332031e-05,0.00011260094627766744,2010
2934,5.346214948076522e-06,1.0,1.0,2.9921531677246094e-05,0.00011242087156904034,1404
2935,5.666912329616025e-06,1.0,1.0,3.123283386230469e-05,0.00011224092182291886,1705
2936,6.5579661168158054e-06,1.0,1.0,3.3855438232421875e-05,0.00011206109715607057,2054
2937,6.513660537166288e-06,1.0,1.0,3.314018249511719e-05,0.00011188139768518152,2103
2938,5.017171133658849e-06,1.0,1.0,2.765655517578125e-05,0.00011170182352685682,1443
2939,5.233850970398635e-06,1.0,1.0,2.849102020263672e-05,0.00011152237479762038,1305
2940,7.533964435424423e-06,1.0,1.0,5.412101745605469e-05,0.00011134305161391428,1224
2941,6.120374109741533e-06,1.0,1.0,3.0994415283203125e-05,0.00011116385409209947,2042
2942,4.126265594095457e-06,1.0,1.0,3.457069396972656e-05,0.00011098478234845527,479
2943,5.233910542301601e-06,1.0,1.0,2.9325485229492188e-05,0.0001108058364991795,1206
2944,5.749329375248635e-06,1.0,1.0,3.123283386230469e-05,0.00011062701666038795,1575
2945,6.43313251202926e-06,1.0,1.0,3.6716461181640625e-05,0.00011044832294811516,1534
2946,5.3653379836759996e-06,1.0,1.0,3.24249267578125e-05,0.00011026975547831337,1498
2947,4.660363629227504e-06,1.0,1.0,2.7060508728027344e-05,0.00011009131436685294,1200
2948,4.9031127673515584e-06,1.0,1.0,2.7060508728027344e-05,0.00010991299972952272,1341
2949,4.968098437529989e-06,1.0,1.0,2.849102020263672e-05,0.00010973481168202884,1261
2950,5.703617716790177e-06,1.0,1.0,3.24249267578125e-05,0.0001095567503399957,1692
2951,4.941452061757445e-06,1.0,1.0,2.9087066650390625e-05,0.00010937881581896547,1128
2952,5.93911272517289e-06,1.0,1.0,3.2901763916015625e-05,0.00010920100823439769,1712
2953,4.989206445316086e-06,1.0,1.0,2.8014183044433594e-05,0.00010902332770166996,1229
2954,5.682301434717374e-06,1.0,1.0,3.170967102050781e-05,0.00010884577433607716,1333
2955,5.088473699288443e-06,1.0,1.0,2.968311309814453e-05,0.00010866834825283191,1100
2956,5.090182185085723e-06,1.0,1.0,2.658367156982422e-05,0.0001084910495670638,1369
2957,5.801738097943598e-06,1.0,1.0,3.123283386230469e-05,0.00010831387839382018,1830
2958,5.183968823985197e-06,1.0,1.0,2.9325485229492188e-05,0.00010813683484806559,1488
2959,5.850464276591083e-06,1.0,1.0,2.968311309814453e-05,0.00010795991904468144,1946
2960,4.906019057671074e-06,1.0,1.0,2.8014183044433594e-05,0.00010778313109846655,1459
2961,4.989582066627918e-06,1.0,1.0,2.682209014892578e-05,0.00010760647112413691,1235
2962,4.709980657935375e-06,1.0,1.0,2.574920654296875e-05,0.00010742993923632492,1252
2963,6.004634542478016e-06,1.0,1.0,3.170967102050781e-05,0.00010725353554958044,2022
2964,6.040461357770255e-06,1.0,1.0,3.147125244140625e-05,0.00010707726017836982,2021
2965,4.872758381679887e-06,1.0,1.0,2.8371810913085938e-05,0.00010690111323707624,1410
2966,5.2461841733020265e-06,1.0,1.0,2.8967857360839844e-05,0.00010672509483999952,1302
2967,4.7010162234073505e-06,1.0,1.0,2.5987625122070312e-05,0.00010654920510135624,1188
2968,4.942619398207171e-06,1.0,1.0,2.8252601623535156e-05,0.00010637344413527914,1405
2969,5.24056349604507e-06,1.0,1.0,2.872943878173828e-05,0.00010619781205581769,1266
2970,5.243565738055622e-06,1.0,1.0,2.872943878173828e-05,0.00010602230897693769,1629
2971,5.438887001218973e-06,1.0,1.0,2.8848648071289062e-05,0.00010584693501252104,1824
2972,4.556220574158942e-06,1.0,1.0,2.467632293701172e-05,0.00010567169027636608,1188
2973,3.941107479477068e-06,1.0,1.0,3.266334533691406e-05,0.00010549657488218735,479
2974,4.8422475629195105e-06,1.0,1.0,2.7179718017578125e-05,0.0001053215889436151,1405
2975,5.806827175547369e-06,1.0,1.0,3.0279159545898438e-05,0.00010514673257419588,2042
2976,4.75372053188039e-06,1.0,1.0,2.682209014892578e-05,0.00010497200588739217,1459
2977,4.8331116886402015e-06,1.0,1.0,2.586841583251953e-05,0.00010479740899658223,1305
2978,4.759460352943279e-06,1.0,1.0,2.7298927307128906e-05,0.00010462294201505993,1261
2979,5.8583768804965075e-06,1.0,1.0,3.039836883544922e-05,0.00010444860505603507,2021
2980,5.411157872003969e-06,1.0,1.0,2.956390380859375e-05,0.00010427439823263313,1575
2981,4.680166057369206e-06,1.0,1.0,2.6702880859375e-05,0.0001041003216578948,1410
2982,5.550713922275463e-06,1.0,1.0,2.9802322387695312e-05,0.00010392637544477672,1712
2983,4.552689006231958e-06,1.0,1.0,2.491474151611328e-05,0.00010375255970615063,1100
2984,5.816434622829547e-06,1.0,1.0,3.039836883544922e-05,0.00010357887455480344,1987
2985,4.916932539344998e-06,1.0,1.0,2.6226043701171875e-05,0.00010340532010343798,1266
2986,4.401764272188302e-06,1.0,1.0,2.5033950805664062e-05,0.00010323189646467149,1264
2987,5.63979801881942e-06,1.0,1.0,2.8371810913085938e-05,0.00010305860375103681,1946
2988,5.8946652643498965e-06,1.0,1.0,2.968311309814453e-05,0.00010288544207498181,2054
2989,5.009468168282183e-06,1.0,1.0,2.6941299438476562e-05,0.00010271241154886903,1629
2990,4.390556568978354e-06,1.0,1.0,2.5510787963867188e-05,0.00010253951228497619,1200
2991,4.496390374697512e-06,1.0,1.0,2.4199485778808594e-05,0.00010236674439549575,1443
2992,4.16084230892011e-06,1.0,1.0,2.4437904357910156e-05,0.00010219410799253503,1071
2993,4.752043423650321e-06,1.0,1.0,2.562999725341797e-05,0.00010202160318811571,1404
2994,4.835656909563113e-06,1.0,1.0,2.562999725341797e-05,0.00010184923009417434,1369
2995,4.530686965154018e-06,1.0,1.0,2.47955322265625e-05,0.00010167698882256206,1419
2996,5.489720479090465e-06,1.0,1.0,2.777576446533203e-05,0.00010150487948504422,2022
2997,5.522198989638127e-06,1.0,1.0,2.777576446533203e-05,0.0001013329021933008,2010
2998,4.369401722215116e-06,1.0,1.0,2.4318695068359375e-05,0.00010116105705892596,1128
2999,4.982849532098044e-06,1.0,1.0,2.6941299438476562e-05,0.00010098934419342819,1705
3000,6.014351129124407e-06,1.0,1.0,3.5762786865234375e-05,0.00010081776370823002,1534
3001,4.648897174774902e-06,1.0,1.0,2.47955322265625e-05,0.00010064631571466818,1488
3002,4.628677743312437e-06,1.0,1.0,2.6464462280273438e-05,0.00010047500032399352,1340
3003,4.437667939782841e-06,1.0,1.0,2.4437904357910156e-05,0.00010030381764737047,1252
3004,5.867344043508638e-06,1.0,1.0,3.0159950256347656e-05,0.000100132767795878,2103
3005,4.576295395963825e-06,1.0,1.0,2.5510787963867188e-05,9.996185088050826e-05,1229
3006,5.204875833442202e-06,1.0,1.0,2.944469451904297e-05,9.979106701216725e-05,1692
3007,4.664100288209738e-06,1.0,1.0,2.5153160095214844e-05,9.962041630167514e-05,1235
3008,4.446014372661011e-06,1.0,1.0,2.4437904357910156e-05,9.944989885976501e-05,1341
3009,6.846770247648237e-06,1.0,1.0,5.1021575927734375e-05,9.927951479708386e-05,1224
3010,5.3518760978477076e-06,1.0,1.0,2.8967857360839844e-05,9.910926422419222e-05,1830
3011,5.172828878130531e-06,1.0,1.0,2.872943878173828e-05,9.893914725156363e-05,1333
3012,4.647755304176826e-06,1.0,1.0,2.5391578674316406e-05,9.876916398958514e-05,1206
3013,4.72384908789536e-06,1.0,1.0,2.5391578674316406e-05,9.859931454855715e-05,1302
3014,3.7964161947456887e-06,1.0,1.0,2.6941299438476562e-05,9.842959903869319e-05,744
3015,4.6789791667833924e-06,1.0,1.0,2.658367156982422e-05,9.826001757011962e-05,1498
3016,5.64797528568306e-06,1.0,1.0,2.7894973754882812e-05,9.809057025287609e-05,2103
3017,4.94872347189812e-06,1.0,1.0,2.6345252990722656e-05,9.792125719691527e-05,1333
3018,4.504854132392211e-06,1.0,1.0,2.4437904357910156e-05,9.775207851210232e-05,1488
3019,4.4333764890325256e-06,1.0,1.0,2.4557113647460938e-05,9.758303430821556e-05,1405
3020,5.399276233220007e-06,1.0,1.0,3.0040740966796875e-05,9.741412469494591e-05,1534
3021,4.354753855295712e-06,1.0,1.0,2.467632293701172e-05,9.724534978189718e-05,1410
3022,5.372181931306841e-06,1.0,1.0,2.7894973754882812e-05,9.70767096785853e-05,1987
3023,4.5660890464205295e-06,1.0,1.0,2.4080276489257812e-05,9.690820449443908e-05,1266
3024,4.165860445937142e-06,1.0,1.0,2.288818359375e-05,9.673983433879987e-05,1128
3025,5.0066901167156175e-06,1.0,1.0,2.6464462280273438e-05,9.657159932092094e-05,1712
3026,4.446307684702333e-06,1.0,1.0,2.384185791015625e-05,9.640349954996848e-05,1206
3027,5.140706434758613e-06,1.0,1.0,2.574920654296875e-05,9.623553513502049e-05,2022
3028,4.416531282913638e-06,1.0,1.0,2.4199485778808594e-05,9.606770618506703e-05,1498
3029,3.7024412904429482e-06,1.0,1.0,3.170967102050781e-05,9.590001280901088e-05,479
3030,3.6425990401767194e-06,1.0,1.0,2.467632293701172e-05,9.573245511566614e-05,744
3031,4.26075757786748e-06,1.0,1.0,2.3603439331054688e-05,9.55650332137593e-05,1341
3032,4.109401743335184e-06,1.0,1.0,2.396106719970703e-05,9.539774721192872e-05,1264
3033,3.968261808040552e-06,1.0,1.0,2.2411346435546875e-05,9.523059721872423e-05,1200
3034,5.166232767805923e-06,1.0,1.0,2.9802322387695312e-05,9.506358334260775e-05,1575
3035,5.174158104637172e-06,1.0,1.0,2.6106834411621094e-05,9.489670569195285e-05,2021
3036,5.493979188031517e-06,1.0,1.0,2.956390380859375e-05,9.47299643750446e-05,2042
3037,4.0968020584841724e-06,1.0,1.0,2.205371856689453e-05,9.456335950007956e-05,1252
3038,4.20438527726219e-06,1.0,1.0,2.3126602172851562e-05,9.439689117516582e-05,1100
3039,3.707272526298766e-06,1.0,1.0,2.110004425048828e-05,9.423055950832304e-05,1071
3040,4.224260464980034e-06,1.0,1.0,2.372264862060547e-05,9.406436460748182e-05,1340
3041,5.3665880841435865e-06,1.0,1.0,2.7894973754882812e-05,9.38983065804843e-05,1946
3042,4.116534455533838e-06,1.0,1.0,2.193450927734375e-05,9.373238553508369e-05,1229
3043,4.277428615750978e-06,1.0,1.0,2.4318695068359375e-05,9.356660157894458e-05,1261
3044,5.590260570897954e-06,1.0,1.0,2.872943878173828e-05,9.340095481964205e-05,2054
3045,4.963900209986605e-06,1.0,1.0,2.86102294921875e-05,9.323544536466267e-05,1705
3046,4.407588221511105e-06,1.0,1.0,2.300739288330078e-05,9.307007332140379e-05,1369
3047,4.8497054194740485e-06,1.0,1.0,2.562999725341797e-05,9.290483879717323e-05,1830
3048,4.4398734644346405e-06,1.0,1.0,2.4318695068359375e-05,9.273974189919031e-05,1235
3049,5.2908994803146925e-06,1.0,1.0,2.7179718017578125e-05,9.257478273458437e-05,2010
3050,4.418478056322783e-06,1.0,1.0,2.3603439331054688e-05,9.240996141039546e-05,1629
3051,4.9706177378539e-06,1.0,1.0,2.6345252990722656e-05,9.224527803357471e-05,1824
3052,4.057802925672149e-06,1.0,1.0,2.193450927734375e-05,9.208073271098317e-05,1419
3053,4.3304239625285845e-06,1.0,1.0,2.4318695068359375e-05,9.191632554939248e-05,1443
3054,5.995083483867347e-06,1.0,1.0,4.291534423828125e-05,9.175205665548483e-05,1224
3055,4.300212822272442e-06,1.0,1.0,2.2530555725097656e-05,9.158792613585235e-05,1302
3056,4.56628413303406e-06,1.0,1.0,2.4318695068359375e-05,9.142393409699758e-05,1692
3057,4.3851646296388935e-06,1.0,1.0,2.4199485778808594e-05,9.126008064533324e-05,1404
3058,4.321581400290597e-06,1.0,1.0,2.4437904357910156e-05,9.109636588718211e-05,1459
3059,3.963592007494299e-06,1.0,1.0,2.1576881408691406e-05,9.093278992877674e-05,1188
3060,4.32677416029037e-06,1.0,1.0,2.300739288330078e-05,9.07693528762599e-05,1305
3061,4.35269066656474e-06,1.0,1.0,2.3484230041503906e-05,9.06060548356842e-05,1629
3062,4.899460691376589e-06,1.0,1.0,2.5033950805664062e-05,9.044289591301179e-05,2022
3063,3.774051947402768e-06,1.0,1.0,2.1219253540039062e-05,9.02798762141148e-05,1200
3064,4.184952103969408e-06,1.0,1.0,2.193450927734375e-05,9.011699584477494e-05,1235
3065,4.483782504394185e-06,1.0,1.0,2.3603439331054688e-05,8.995425491068363e-05,1692
3066,3.3713361062837066e-06,1.0,1.0,2.2172927856445312e-05,8.979165351744153e-05,744
3067,3.819774974544998e-06,1.0,1.0,2.1338462829589844e-05,8.962919177055894e-05,1264
3068,4.0860236367734615e-06,1.0,1.0,2.1576881408691406e-05,8.946686977545567e-05,1488
3069,4.080418875673786e-06,1.0,1.0,2.2411346435546875e-05,8.930468763746038e-05,1405
3070,4.4894190978084225e-06,1.0,1.0,2.384185791015625e-05,8.91426454618117e-05,1333
3071,3.965943506045733e-06,1.0,1.0,2.086162567138672e-05,8.898074335365689e-05,1443
3072,4.942233317706268e-06,1.0,1.0,2.5391578674316406e-05,8.881898141805224e-05,2010
3073,4.083425665157847e-06,1.0,1.0,2.086162567138672e-05,8.865735975996366e-05,1305
3074,3.308730583739816e-06,1.0,1.0,2.7060508728027344e-05,8.849587848426547e-05,479
3075,4.989664375898428e-06,1.0,1.0,2.8133392333984375e-05,8.833453769574115e-05,1534
3076,3.4556105674710125e-06,1.0,1.0,1.9073486328125e-05,8.817333749908311e-05,1071
3077,4.581232133205049e-06,1.0,1.0,2.3603439331054688e-05,8.801227799889224e-05,1824
3078,4.2530973587417975e-06,1.0,1.0,2.2530555725097656e-05,8.785135929967836e-05,1266
3079,4.711805559054483e-06,1.0,1.0,2.586841583251953e-05,8.769058150585989e-05,1575
3080,3.965026280638995e-06,1.0,1.0,2.1457672119140625e-05,8.752994472176385e-05,1229
3081,4.897767212241888e-06,1.0,1.0,2.491474151611328e-05,8.73694490516256e-05,2042
3082,4.543924660538323e-06,1.0,1.0,2.384185791015625e-05,8.720909459958907e-05,1712
3083,4.090820311830612e-06,1.0,1.0,2.110004425048828e-05,8.70488814697066e-05,1302
3084,4.151376742811408e-06,1.0,1.0,2.3484230041503906e-05,8.68888097659386e-05,1498
3085,4.006344624940539e-06,1.0,1.0,2.288818359375e-05,8.672887959215393e-05,1410
3086,4.030284799227957e-06,1.0,1.0,2.0265579223632812e-05,8.656909105212971e-05,1369
3087,3.898155227943789e-06,1.0,1.0,2.1219253540039062e-05,8.640944424955067e-05,1341
3088,3.847996140393661e-06,1.0,1.0,2.086162567138672e-05,8.624993928801009e-05,1188
3089,3.949821348214755e-06,1.0,1.0,2.1696090698242188e-05,8.609057627100898e-05,1100
3090,4.665551841753768e-06,1.0,1.0,2.5272369384765625e-05,8.593135530195622e-05,1830
3091,4.031945536553394e-06,1.0,1.0,2.1338462829589844e-05,8.577227648416864e-05,1206
3092,4.201088813715614e-06,1.0,1.0,2.3245811462402344e-05,8.56133399208708e-05,1404
3093,3.918774382327683e-06,1.0,1.0,2.1696090698242188e-05,8.54545457151948e-05,1459
3094,3.973783350375015e-06,1.0,1.0,2.2530555725097656e-05,8.529589397018048e-05,1261
3095,3.855258000839967e-06,1.0,1.0,2.09808349609375e-05,8.513738478877533e-05,1419
3096,4.9550485528016e-06,1.0,1.0,2.467632293701172e-05,8.49790182738341e-05,2054
3097,5.604349553323118e-06,1.0,1.0,4.00543212890625e-05,8.48207945281192e-05,1224
3098,3.943142473872285e-06,1.0,1.0,2.181529998779297e-05,8.466271365430037e-05,1340
3099,3.776977109737345e-06,1.0,1.0,1.990795135498047e-05,8.450477575495438e-05,1252
3100,4.7261373765650205e-06,1.0,1.0,2.3484230041503906e-05,8.434698093256552e-05,1946
3101,5.164228241483215e-06,1.0,1.0,2.682209014892578e-05,8.418932928952512e-05,2103
3102,4.935740889777662e-06,1.0,1.0,2.5987625122070312e-05,8.403182092813178e-05,2021
3103,3.7401769077405334e-06,1.0,1.0,2.0265579223632812e-05,8.387445595059072e-05,1128
3104,4.903269200440263e-06,1.0,1.0,2.586841583251953e-05,8.371723445901442e-05,1987
3105,4.2379574551887345e-06,1.0,1.0,2.2649765014648438e-05,8.356015655542237e-05,1705
3106,4.471856755117187e-06,1.0,1.0,2.3603439331054688e-05,8.340322234174041e-05,1712
3107,3.900678620993858e-06,1.0,1.0,2.0503997802734375e-05,8.324643191980179e-05,1206
3108,3.8333919292199425e-06,1.0,1.0,2.09808349609375e-05,8.308978539134598e-05,1459
3109,4.659939804696478e-06,1.0,1.0,2.5272369384765625e-05,8.293328285801902e-05,1534
3110,4.604909008776303e-06,1.0,1.0,2.2649765014648438e-05,8.277692442137402e-05,1946
3111,3.872240085911471e-06,1.0,1.0,1.9431114196777344e-05,8.262071018287004e-05,1369
3112,4.394436018628767e-06,1.0,1.0,2.276897430419922e-05,8.246464024387288e-05,1830
3113,3.9121646295825485e-06,1.0,1.0,2.1576881408691406e-05,8.230871470565463e-05,1498
3114,3.2011757866712287e-06,1.0,1.0,2.09808349609375e-05,8.215293366939379e-05,744
3115,3.590129153963062e-06,1.0,1.0,2.014636993408203e-05,8.199729723617477e-05,1264
3116,3.723868758243043e-06,1.0,1.0,2.002716064453125e-05,8.184180550698845e-05,1419
3117,4.0511213228455745e-06,1.0,1.0,2.1576881408691406e-05,8.168645858273188e-05,1629
3118,4.777340109285433e-06,1.0,1.0,2.3603439331054688e-05,8.153125656420776e-05,2054
3119,3.6696167171612615e-06,1.0,1.0,1.919269561767578e-05,8.137619955212506e-05,1443
3120,4.765169705933658e-06,1.0,1.0,2.3126602172851562e-05,8.122128764709873e-05,2103
3121,4.547032858681632e-06,1.0,1.0,2.2530555725097656e-05,8.106652094964922e-05,2042
3122,3.8950338421273045e-06,1.0,1.0,2.09808349609375e-05,8.091189956020305e-05,1488
3123,3.786690058404929e-06,1.0,1.0,1.9431114196777344e-05,8.075742357909237e-05,1235
3124,3.4982831493834965e-06,1.0,1.0,1.9550323486328125e-05,8.060309310655506e-05,1200
3125,3.7218489978840807e-06,1.0,1.0,2.0384788513183594e-05,8.044890824273426e-05,1261
3126,4.4877610889670905e-06,1.0,1.0,2.205371856689453e-05,8.029486908767906e-05,2010
3127,4.4674939090327825e-06,1.0,1.0,2.2172927856445312e-05,8.014097574134375e-05,2022
3128,4.507219728111522e-06,1.0,1.0,2.2292137145996094e-05,7.998722830358789e-05,2021
3129,3.1250649499270367e-06,1.0,1.0,2.562999725341797e-05,7.983362687417679e-05,479
3130,3.94341168430401e-06,1.0,1.0,2.086162567138672e-05,7.968017155278063e-05,1302
3131,5.237477125774603e-06,1.0,1.0,3.552436828613281e-05,7.95268624389747e-05,1224
3132,4.0206127778219525e-06,1.0,1.0,2.1219253540039062e-05,7.937369963224e-05,1266
3133,3.7372196857177187e-06,1.0,1.0,1.895427703857422e-05,7.92206832319619e-05,1305
3134,4.436038125277264e-06,1.0,1.0,2.205371856689453e-05,7.906781333743127e-05,1987
3135,3.803294930548873e-06,1.0,1.0,2.1219253540039062e-05,7.891509004784368e-05,1340
3136,3.5967366329714423e-06,1.0,1.0,1.895427703857422e-05,7.876251346229951e-05,1252
3137,4.01646138925571e-06,1.0,1.0,2.110004425048828e-05,7.861008367980414e-05,1705
3138,3.630269020504784e-06,1.0,1.0,1.9788742065429688e-05,7.845780079926762e-05,1128
3139,3.715594857567339e-06,1.0,1.0,2.0742416381835938e-05,7.830566491950469e-05,1410
3140,3.5718501294468297e-06,1.0,1.0,1.9073486328125e-05,7.815367613923447e-05,1188
3141,4.070805061928695e-06,1.0,1.0,2.1338462829589844e-05,7.800183455708101e-05,1333
3142,4.12740564570413e-06,1.0,1.0,2.09808349609375e-05,7.785014027157274e-05,1824
3143,3.2509192351426464e-06,1.0,1.0,1.8477439880371094e-05,7.769859338114221e-05,1071
3144,3.5613281852420187e-06,1.0,1.0,1.8715858459472656e-05,7.754719398412662e-05,1229
3145,3.7071824863232905e-06,1.0,1.0,2.014636993408203e-05,7.739594217876747e-05,1405
3146,3.903832293872256e-06,1.0,1.0,2.1576881408691406e-05,7.72448380632105e-05,1404
3147,3.595645239329315e-06,1.0,1.0,1.9431114196777344e-05,7.709388173550526e-05,1341
3148,4.029847787023755e-06,1.0,1.0,2.1457672119140625e-05,7.694307329360586e-05,1692
3149,4.225967131787911e-06,1.0,1.0,2.288818359375e-05,7.679241283537029e-05,1575
3150,3.60931903742312e-06,1.0,1.0,1.919269561767578e-05,7.664190045856024e-05,1100
3151,3.6549340620695148e-06,1.0,1.0,1.8715858459472656e-05,7.64915362608419e-05,1235
3152,3.993563495896524e-06,1.0,1.0,2.09808349609375e-05,7.634132033978482e-05,1692
3153,3.5836185361404205e-06,1.0,1.0,1.9431114196777344e-05,7.619125279286228e-05,1459
3154,4.51565210823901e-06,1.0,1.0,2.2292137145996094e-05,7.604133371745182e-05,2054
3155,3.796850933213136e-06,1.0,1.0,2.0384788513183594e-05,7.589156321083407e-05,1404
3156,3.6795579489989905e-06,1.0,1.0,1.9669532775878906e-05,7.574194137019358e-05,1498
3157,3.0271698960859794e-06,1.0,1.0,1.9788742065429688e-05,7.559246829261836e-05,744
3158,3.723307145264698e-06,1.0,1.0,1.919269561767578e-05,7.544314407509975e-05,1302
3159,3.5227481021138374e-06,1.0,1.0,1.9073486328125e-05,7.52939688145327e-05,1410
3160,3.5389241475058952e-06,1.0,1.0,1.919269561767578e-05,7.514494260771542e-05,1261
3161,3.4613528896443313e-06,1.0,1.0,1.800060272216797e-05,7.499606555134942e-05,1443
3162,4.175159574515419e-06,1.0,1.0,2.2292137145996094e-05,7.484733774203929e-05,1712
3163,3.5978237065137364e-06,1.0,1.0,1.823902130126953e-05,7.469875927629302e-05,1305
3164,3.990944151155418e-06,1.0,1.0,2.002716064453125e-05,7.455033025052153e-05,1824
3165,3.816709067905322e-06,1.0,1.0,1.9669532775878906e-05,7.440205076103875e-05,1705
3166,4.309846644900972e-06,1.0,1.0,2.181529998779297e-05,7.425392090406163e-05,2022
3167,3.516553078952711e-06,1.0,1.0,1.8596649169921875e-05,7.410594077571006e-05,1100
3168,3.9489136725023855e-06,1.0,1.0,2.0742416381835938e-05,7.395811047200684e-05,1333
3169,4.2091351133421995e-06,1.0,1.0,2.0623207092285156e-05,7.381043008887727e-05,2010
3170,3.4767920169542776e-06,1.0,1.0,1.8477439880371094e-05,7.366289972214963e-05,1341
3171,4.254383838997455e-06,1.0,1.0,2.09808349609375e-05,7.351551946755483e-05,2042
3172,3.6907456433254993e-06,1.0,1.0,1.990795135498047e-05,7.33682894207261e-05,1488
3173,3.349789722051355e-06,1.0,1.0,1.7523765563964844e-05,7.322120967719977e-05,1188
3174,4.486848411033861e-06,1.0,1.0,2.2172927856445312e-05,7.307428033241409e-05,2103
3175,3.47285094903782e-06,1.0,1.0,1.8358230590820312e-05,7.292750148170969e-05,1419
3176,3.5010939427593257e-06,1.0,1.0,1.8596649169921875e-05,7.278087322033021e-05,1229
3177,3.769822342292173e-06,1.0,1.0,1.9788742065429688e-05,7.263439564342087e-05,1629
3178,4.181677468295675e-06,1.0,1.0,2.0265579223632812e-05,7.248806884602944e-05,1946
3179,3.961288257414708e-06,1.0,1.0,2.0623207092285156e-05,7.234189292310582e-05,1575
3180,3.5150917483406374e-06,1.0,1.0,1.8715858459472656e-05,7.21958679695019e-05,1405
3181,4.372954208520241e-06,1.0,1.0,2.4437904357910156e-05,7.204999407997171e-05,1534
3182,3.6049143545824336e-06,1.0,1.0,1.811981201171875e-05,7.190427134917133e-05,1369
3183,3.6599749364540912e-06,1.0,1.0,1.8715858459472656e-05,7.175869987165859e-05,1266
3184,3.288376547061489e-06,1.0,1.0,1.823902130126953e-05,7.16132797418932e-05,1200
3185,4.028212970297318e-06,1.0,1.0,2.1219253540039062e-05,7.146801105423676e-05,1830
3186,3.358415142429294e-06,1.0,1.0,1.7404556274414062e-05,7.132289390295257e-05,1252
3187,3.5895113796868827e-06,1.0,1.0,1.895427703857422e-05,7.117792838220543e-05,1206
3188,4.264673862053314e-06,1.0,1.0,2.1576881408691406e-05,7.103311458606206e-05,2021
3189,3.2566479148954386e-06,1.0,1.0,1.7642974853515625e-05,7.088845260849046e-05,1264
3190,3.3157618872792227e-06,1.0,1.0,1.7523765563964844e-05,7.07439425433603e-05,1128
3191,3.1278150345315225e-06,1.0,1.0,1.7642974853515625e-05,7.059958448444251e-05,1071
3192,3.463284656390897e-06,1.0,1.0,1.8596649169921875e-05,7.045537852540948e-05,1340
3193,4.966727374267066e-06,1.0,1.0,3.4332275390625e-05,7.0311324759835e-05,1224
3194,2.967281716337311e-06,1.0,1.0,2.4437904357910156e-05,7.01674232811937e-05,479
3195,4.208000973449089e-06,1.0,1.0,2.110004425048828e-05,7.00236741828621e-05,1987
3196,3.370652393641649e-06,1.0,1.0,1.7881393432617188e-05,6.988007755811722e-05,1261
3197,4.339184670243412e-06,1.0,1.0,2.086162567138672e-05,6.973663350013719e-05,2103
3198,3.8103673887235345e-06,1.0,1.0,1.919269561767578e-05,6.95933421020016e-05,1824
3199,3.4235188195452793e-06,1.0,1.0,1.8358230590820312e-05,6.945020345669047e-05,1340
3200,3.307891802251106e-06,1.0,1.0,1.71661376953125e-05,6.930721765708499e-05,1341
3201,4.08053392675356e-06,1.0,1.0,2.014636993408203e-05,6.916438479596722e-05,2042
3202,4.19243224314414e-06,1.0,1.0,2.2649765014648438e-05,6.902170496601959e-05,1534
3203,4.062293101014802e-06,1.0,1.0,1.990795135498047e-05,6.887917825982563e-05,2022
3204,4.071454895893112e-06,1.0,1.0,1.990795135498047e-05,6.87368047698694e-05,1987
3205,2.8513086363091134e-06,1.0,1.0,2.2649765014648438e-05,6.859458458853554e-05,479
3206,3.036878069906379e-06,1.0,1.0,1.704692840576172e-05,6.845251780810905e-05,1071
3207,3.3637495562288677e-06,1.0,1.0,1.800060272216797e-05,6.83106045207756e-05,1100
3208,3.4811703244486125e-06,1.0,1.0,1.823902130126953e-05,6.816884481862126e-05,1404
3209,3.857087904179934e-06,1.0,1.0,1.9788742065429688e-05,6.802723879363217e-05,1830
3210,3.4986242098966613e-06,1.0,1.0,1.7881393432617188e-05,6.788578653769509e-05,1302
3211,3.5910466067434754e-06,1.0,1.0,1.8715858459472656e-05,6.774448814259683e-05,1629
3212,3.3404098758182954e-06,1.0,1.0,1.7642974853515625e-05,6.76033437000243e-05,1443
3213,3.989334800280631e-06,1.0,1.0,1.9431114196777344e-05,6.746235330156477e-05,2021
3214,3.469629746177816e-06,1.0,1.0,1.8835067749023438e-05,6.732151703870523e-05,1498
3215,3.702448793774238e-06,1.0,1.0,1.9073486328125e-05,6.71808350028328e-05,1333
3216,4.195287147013005e-06,1.0,1.0,2.0503997802734375e-05,6.704030728523459e-05,2054
3217,4.003693447884871e-06,1.0,1.0,1.9788742065429688e-05,6.689993397709758e-05,2010
3218,3.3639125831541605e-06,1.0,1.0,1.823902130126953e-05,6.675971516950828e-05,1459
3219,3.4990532640222227e-06,1.0,1.0,1.7762184143066406e-05,6.661965095345332e-05,1266
3220,3.2437590107292635e-06,1.0,1.0,1.6927719116210938e-05,6.647974141981883e-05,1419
3221,3.30994839714549e-06,1.0,1.0,1.800060272216797e-05,6.633998665939053e-05,1410
3222,3.5015539197047474e-06,1.0,1.0,1.7762184143066406e-05,6.620038676285377e-05,1369
3223,2.7969244911218993e-06,1.0,1.0,1.800060272216797e-05,6.60609418207935e-05,744
3224,3.1663612389820628e-06,1.0,1.0,1.6450881958007812e-05,6.592165192369387e-05,1188
3225,3.4576364669192117e-06,1.0,1.0,1.7881393432617188e-05,6.578251716193867e-05,1235
3226,3.106385520368349e-06,1.0,1.0,1.71661376953125e-05,6.564353762581092e-05,1200
3227,3.4743552532745525e-06,1.0,1.0,1.8358230590820312e-05,6.550471340549307e-05,1206
3228,3.7600343603116926e-06,1.0,1.0,1.9669532775878906e-05,6.536604459106643e-05,1575
3229,3.4179602153017186e-06,1.0,1.0,1.7404556274414062e-05,6.52275312725118e-05,1305
3230,3.5864804885932244e-06,1.0,1.0,1.8358230590820312e-05,6.508917353970901e-05,1692
3231,3.178059159836266e-06,1.0,1.0,1.6808509826660156e-05,6.49509714824367e-05,1128
3232,4.634232027456164e-06,1.0,1.0,3.147125244140625e-05,6.481292519037294e-05,1224
3233,3.0899066132406006e-06,1.0,1.0,1.6689300537109375e-05,6.46750347530944e-05,1264
3234,3.7871068343520164e-06,1.0,1.0,1.9550323486328125e-05,6.453730026007647e-05,1712
3235,3.233481038478203e-06,1.0,1.0,1.6808509826660156e-05,6.439972180069387e-05,1229
3236,3.5522837151802378e-06,1.0,1.0,1.8358230590820312e-05,6.426229946421958e-05,1705
3237,3.2654754704708466e-06,1.0,1.0,1.704692840576172e-05,6.412503333982549e-05,1405
3238,3.916369223588845e-06,1.0,1.0,1.895427703857422e-05,6.398792351658216e-05,1946
3239,3.1366610073746415e-06,1.0,1.0,1.5974044799804688e-05,6.385097008345869e-05,1252
3240,3.399695515327039e-06,1.0,1.0,1.800060272216797e-05,6.37141731293225e-05,1488
3241,3.962409209634643e-06,1.0,1.0,2.110004425048828e-05,6.35775327429398e-05,1534
3242,3.0329729270306416e-06,1.0,1.0,1.6450881958007812e-05,6.344104901297512e-05,1200
3243,2.686805828489014e-06,1.0,1.0,2.086162567138672e-05,6.330472202799104e-05,479
3244,4.47451020590961e-06,1.0,1.0,2.8848648071289062e-05,6.31685518764488e-05,1224
3245,4.027815521112643e-06,1.0,1.0,1.9431114196777344e-05,6.303253864670783e-05,2103
3246,3.2513785299670417e-06,1.0,1.0,1.71661376953125e-05,6.289668242702539e-05,1340
3247,3.512011517159408e-06,1.0,1.0,1.823902130126953e-05,6.276098330555729e-05,1705
3248,2.8484375889092917e-06,1.0,1.0,1.5616416931152344e-05,6.262544137035719e-05,1071
3249,3.2062562240753323e-06,1.0,1.0,1.728534698486328e-05,6.24900567093768e-05,1261
3250,3.326770183775807e-06,1.0,1.0,1.6808509826660156e-05,6.235482941046569e-05,1302
3251,3.3047613214876037e-06,1.0,1.0,1.71661376953125e-05,6.221975956137137e-05,1488
3252,3.864498921757331e-06,1.0,1.0,1.9073486328125e-05,6.208484724973932e-05,2010
3253,3.6190067476127297e-06,1.0,1.0,1.811981201171875e-05,6.195009256311248e-05,1824
3254,3.3804096801759442e-06,1.0,1.0,1.71661376953125e-05,6.18154955889319e-05,1266
3255,3.6540716337185586e-06,1.0,1.0,1.9073486328125e-05,6.168105641453608e-05,1575
3256,2.649035423019086e-06,1.0,1.0,1.633167266845703e-05,6.154677512716091e-05,744
3257,3.1346316973213106e-06,1.0,1.0,1.633167266845703e-05,6.141265181394039e-05,1419
3258,3.866409770125756e-06,1.0,1.0,1.919269561767578e-05,6.127868656190545e-05,2021
3259,3.5330763239471707e-06,1.0,1.0,1.8477439880371094e-05,6.114487945798472e-05,1692
3260,3.6562703371600946e-06,1.0,1.0,1.8596649169921875e-05,6.10112305890042e-05,1712
3261,3.173915729348664e-06,1.0,1.0,1.71661376953125e-05,6.087774004168733e-05,1410
3262,3.3044113934010966e-06,1.0,1.0,1.633167266845703e-05,6.074440790265444e-05,1369
3263,3.2707639547879808e-06,1.0,1.0,1.7523765563964844e-05,6.0611234258423416e-05,1498
3264,3.0285893899417715e-06,1.0,1.0,1.5616416931152344e-05,6.047821919540931e-05,1188
3265,3.294824409749708e-06,1.0,1.0,1.6689300537109375e-05,6.034536279992391e-05,1305
3266,3.5859704894392053e-06,1.0,1.0,1.811981201171875e-05,6.021266515817644e-05,1830
3267,3.3229046039195964e-06,1.0,1.0,1.7404556274414062e-05,6.0080126356272986e-05,1404
3268,3.143298954455531e-06,1.0,1.0,1.621246337890625e-05,5.994774648021644e-05,1443
3269,3.1063664209796116e-06,1.0,1.0,1.609325408935547e-05,5.981552561590667e-05,1341
3270,3.148700216115685e-06,1.0,1.0,1.6689300537109375e-05,5.96834638491404e-05,1459
3271,3.2684588404663373e-06,1.0,1.0,1.6927719116210938e-05,5.9551561265611156e-05,1206
3272,3.81345580535708e-06,1.0,1.0,1.8715858459472656e-05,5.941981795090898e-05,1946
3273,3.0419414542848244e-06,1.0,1.0,1.5974044799804688e-05,5.928823399052067e-05,1128
3274,3.126667706965236e-06,1.0,1.0,1.609325408935547e-05,5.9156809469829715e-05,1405
3275,3.337481984999613e-06,1.0,1.0,1.728534698486328e-05,5.902554447411592e-05,1629
3276,3.771348019654397e-06,1.0,1.0,1.8596649169921875e-05,5.889443908855591e-05,2022
3277,3.940330771001754e-06,1.0,1.0,1.919269561767578e-05,5.8763493398222486e-05,2054
3278,3.798422085310449e-06,1.0,1.0,1.9073486328125e-05,5.8632707488084695e-05,1987
3279,3.796933015109971e-06,1.0,1.0,1.8477439880371094e-05,5.850208144300837e-05,2042
3280,2.939669911938836e-06,1.0,1.0,1.5616416931152344e-05,5.837161534775515e-05,1264
3281,3.0041223908483516e-06,1.0,1.0,1.52587890625e-05,5.824130928698311e-05,1252
3282,3.470381443548831e-06,1.0,1.0,1.7762184143066406e-05,5.811116334524643e-05,1333
3283,3.1098359158932e-06,1.0,1.0,1.633167266845703e-05,5.798117760699552e-05,1100
3284,3.0460842026514e-06,1.0,1.0,1.5616416931152344e-05,5.7851352156576556e-05,1229
3285,3.1704746561445063e-06,1.0,1.0,1.5974044799804688e-05,5.772168707823191e-05,1235
3286,2.9617519885505317e-06,1.0,1.0,1.4960765838623047e-05,5.7592182456099925e-05,1252
3287,3.8655266507703345e-06,1.0,1.0,1.8358230590820312e-05,5.746283837421463e-05,2103
3288,3.7082568269397598e-06,1.0,1.0,1.7762184143066406e-05,5.7333654916506024e-05,2042
3289,2.9278057809278835e-06,1.0,1.0,1.4960765838623047e-05,5.720463216679992e-05,1128
3290,3.6624569474952295e-06,1.0,1.0,1.7404556274414062e-05,5.7075770208817695e-05,2022
3291,3.026485956070246e-06,1.0,1.0,1.5497207641601562e-05,5.694706912617648e-05,1443
3292,3.1416082038049353e-06,1.0,1.0,1.6570091247558594e-05,5.6818529002389044e-05,1498
3293,3.3339333640469704e-06,1.0,1.0,1.71661376953125e-05,5.6690149920863736e-05,1705
3294,3.1234653761202935e-06,1.0,1.0,1.5020370483398438e-05,5.656193196490422e-05,1369
3295,3.4833083191188052e-06,1.0,1.0,1.7523765563964844e-05,5.64338752177098e-05,1830
3296,3.092908400503802e-06,1.0,1.0,1.5497207641601562e-05,5.6305979762375184e-05,1206
3297,3.773028083742247e-06,1.0,1.0,2.014636993408203e-05,5.617824568189012e-05,1534
3298,3.423920816203463e-06,1.0,1.0,1.6927719116210938e-05,5.605067305914014e-05,1824
3299,3.2506552543054568e-06,1.0,1.0,1.6570091247558594e-05,5.592326197690562e-05,1266
3300,3.031541837117402e-06,1.0,1.0,1.621246337890625e-05,5.57960125178621e-05,1410
3301,3.624244072852889e-06,1.0,1.0,1.7404556274414062e-05,5.566892476458059e-05,2010
3302,3.0644539492641343e-06,1.0,1.0,1.6450881958007812e-05,5.5541998799526765e-05,1261
3303,3.475438461464364e-06,1.0,1.0,1.7404556274414062e-05,5.541523470506164e-05,1712
3304,3.3831886412372114e-06,1.0,1.0,1.71661376953125e-05,5.528863256344105e-05,1333
3305,4.2413535084051546e-06,1.0,1.0,2.753734588623047e-05,5.516219245681568e-05,1224
3306,2.9975292363815242e-06,1.0,1.0,1.5497207641601562e-05,5.503591446723114e-05,1419
3307,2.9855341381335165e-06,1.0,1.0,1.5616416931152344e-05,5.4909798676627904e-05,1459
3308,2.623238742671674e-06,1.0,1.0,1.6689300537109375e-05,5.4783845166841156e-05,744
3309,2.83623012364842e-06,1.0,1.0,1.436471939086914e-05,5.4658054019600686e-05,1188
3310,3.0495425562548917e-06,1.0,1.0,1.5735626220703125e-05,5.453242531653099e-05,1405
3311,3.2240550353890285e-06,1.0,1.0,1.6570091247558594e-05,5.440695913915134e-05,1629
3312,3.057320782318129e-06,1.0,1.0,1.5079975128173828e-05,5.428165556887517e-05,1305
3313,3.595702310121851e-06,1.0,1.0,1.7523765563964844e-05,5.415651468701068e-05,1987
3314,3.1104184472496854e-06,1.0,1.0,1.5497207641601562e-05,5.403153657476047e-05,1302
3315,2.8563938485604012e-06,1.0,1.0,1.52587890625e-05,5.390672131322148e-05,1264
3316,2.7467037853057263e-06,1.0,1.0,1.537799835205078e-05,5.378206898338492e-05,1071
3317,3.617140691858367e-06,1.0,1.0,1.7642974853515625e-05,5.365757966613632e-05,2021
3318,2.577054146968294e-06,1.0,1.0,2.0265579223632812e-05,5.3533253442255596e-05,479
3319,3.291489292678307e-06,1.0,1.0,1.6808509826660156e-05,5.340909039241639e-05,1692
3320,3.462354015937308e-06,1.0,1.0,1.800060272216797e-05,5.3285090597187144e-05,1575
3321,2.8298215966060525e-06,1.0,1.0,1.537799835205078e-05,5.316125413702976e-05,1200
3322,3.7380716548796045e-06,1.0,1.0,1.7881393432617188e-05,5.303758109230024e-05,2054
3323,3.014028834513738e-06,1.0,1.0,1.5854835510253906e-05,5.291407154324898e-05,1340
3324,3.0889366371411597e-06,1.0,1.0,1.5974044799804688e-05,5.2790725570019744e-05,1488
3325,2.9530224310292397e-06,1.0,1.0,1.52587890625e-05,5.2667543252650536e-05,1100
3326,2.9316870495676994e-06,1.0,1.0,1.5020370483398438e-05,5.254452467107302e-05,1341
3327,3.031285359611502e-06,1.0,1.0,1.5079975128173828e-05,5.242166990511251e-05,1235
3328,3.606342261264217e-06,1.0,1.0,1.728534698486328e-05,5.2298979034488164e-05,1946
3329,2.865088845283026e-06,1.0,1.0,1.4483928680419922e-05,5.217645213881284e-05,1229
3330,3.1507995572610525e-06,1.0,1.0,1.6570091247558594e-05,5.205408929759291e-05,1404
3331,2.934468284365721e-06,1.0,1.0,1.52587890625e-05,5.1931890590228146e-05,1459
3332,2.9233285658847308e-06,1.0,1.0,1.5020370483398438e-05,5.180985609601209e-05,1100
3333,2.9525635909521952e-06,1.0,1.0,1.5020370483398438e-05,5.168798589413165e-05,1405
3334,3.6746373552887235e-06,1.0,1.0,1.728534698486328e-05,5.156628006366681e-05,2054
3335,2.884572268158081e-06,1.0,1.0,1.4662742614746094e-05,5.144473868359148e-05,1341
3336,2.7377332116884645e-06,1.0,1.0,1.4603137969970703e-05,5.132336183277237e-05,1200
3337,2.7711371330951806e-06,1.0,1.0,1.4424324035644531e-05,5.120214958996961e-05,1264
3338,2.7608716663962696e-06,1.0,1.0,1.3887882232666016e-05,5.108110203383665e-05,1188
3339,2.9136863304302096e-06,1.0,1.0,1.537799835205078e-05,5.096021924291973e-05,1410
3340,3.5051043596467935e-06,1.0,1.0,1.6927719116210938e-05,5.0839501295658466e-05,2022
3341,2.7646581202134257e-06,1.0,1.0,1.3768672943115234e-05,5.071894827038544e-05,1252
3342,2.9993218504387187e-06,1.0,1.0,1.5616416931152344e-05,5.059856024532627e-05,1498
3343,3.5524933537089964e-06,1.0,1.0,1.728534698486328e-05,5.047833729859927e-05,2021
3344,3.2846483009052463e-06,1.0,1.0,1.609325408935547e-05,5.0358279508215904e-05,1824
3345,3.5046339235123014e-06,1.0,1.0,1.6689300537109375e-05,5.023838695208042e-05,2042
3346,2.7548055641091196e-06,1.0,1.0,1.3887882232666016e-05,5.01186597079897e-05,1128
3347,3.0723463169124443e-06,1.0,1.0,1.5974044799804688e-05,4.999909785363344e-05,1404
3348,2.615919356685481e-06,1.0,1.0,1.430511474609375e-05,4.987970146659417e-05,1071
3349,2.9885247840866214e-06,1.0,1.0,1.4901161193847656e-05,4.976047062434677e-05,1235
3350,2.8111137453379342e-06,1.0,1.0,1.4066696166992188e-05,4.964140540425883e-05,1419
3351,3.321953272461542e-06,1.0,1.0,1.6689300537109375e-05,4.952250588359057e-05,1830
3352,3.2950842978607398e-06,1.0,1.0,1.6570091247558594e-05,4.9403772139494644e-05,1575
3353,3.4454174056008924e-06,1.0,1.0,1.621246337890625e-05,4.928520424901593e-05,1946
3354,2.9839684430044144e-06,1.0,1.0,1.4781951904296875e-05,4.916680228909191e-05,1305
3355,4.123800863453653e-06,1.0,1.0,2.7060508728027344e-05,4.904856633655243e-05,1224
3356,3.167067234244314e-06,1.0,1.0,1.5854835510253906e-05,4.893049646811928e-05,1692
3357,3.356091156092589e-06,1.0,1.0,1.704692840576172e-05,4.881259276040702e-05,1712
3358,3.6026863199367654e-06,1.0,1.0,1.919269561767578e-05,4.869485528992184e-05,1534
3359,3.2610291782475542e-06,1.0,1.0,1.6570091247558594e-05,4.85772841330624e-05,1333
3360,3.6297747101343703e-06,1.0,1.0,1.71661376953125e-05,4.84598793661194e-05,2103
3361,3.068769046876696e-06,1.0,1.0,1.5616416931152344e-05,4.834264106527545e-05,1629
3362,2.484723609086359e-06,1.0,1.0,1.9311904907226562e-05,4.8225569306605174e-05,479
3363,2.976137011501123e-06,1.0,1.0,1.52587890625e-05,4.810866416607522e-05,1488
3364,2.9604570954688825e-06,1.0,1.0,1.430511474609375e-05,4.799192571954413e-05,1369
3365,2.952052454929799e-06,1.0,1.0,1.4901161193847656e-05,4.787535404276209e-05,1206
3366,3.461195319687249e-06,1.0,1.0,1.6689300537109375e-05,4.775894921137125e-05,1987
3367,2.7829330520035e-06,1.0,1.0,1.3947486877441406e-05,4.764271130090547e-05,1229
3368,2.8855686196038732e-06,1.0,1.0,1.4901161193847656e-05,4.752664038679019e-05,1340
3369,3.0620497000199975e-06,1.0,1.0,1.537799835205078e-05,4.7410736544342656e-05,1266
3370,3.4288848382857395e-06,1.0,1.0,1.6450881958007812e-05,4.729499984877162e-05,2010
3371,3.1473246053792536e-06,1.0,1.0,1.621246337890625e-05,4.717943037517722e-05,1705
3372,3.0037535907467827e-06,1.0,1.0,1.4960765838623047e-05,4.7064028198551365e-05,1302
3373,2.82450059785333e-06,1.0,1.0,1.436471939086914e-05,4.6948793393777216e-05,1443
3374,2.4457074232486775e-06,1.0,1.0,1.5079975128173828e-05,4.68337260356295e-05,744
3375,2.840595243469579e-06,1.0,1.0,1.4901161193847656e-05,4.6718826198773996e-05,1261
3376,2.825469209710718e-06,1.0,1.0,1.4543533325195312e-05,4.660409395776808e-05,1100
3377,2.9550908493547468e-06,1.0,1.0,1.5079975128173828e-05,4.6489529387060286e-05,1404
3378,2.8178967568237567e-06,1.0,1.0,1.4722347259521484e-05,4.6375132560990135e-05,1410
3379,3.3975704809563467e-06,1.0,1.0,1.621246337890625e-05,4.626090355378872e-05,2010
3380,3.4561242046038387e-06,1.0,1.0,1.7762184143066406e-05,4.614684243957791e-05,1534
3381,3.349609642100404e-06,1.0,1.0,1.5616416931152344e-05,4.603294929237061e-05,1946
3382,2.416546294625732e-06,1.0,1.0,1.4841556549072266e-05,4.5919224186071066e-05,744
3383,2.7682694963004906e-06,1.0,1.0,1.3947486877441406e-05,4.580566719447408e-05,1419
3384,2.8452689093683148e-06,1.0,1.0,1.4603137969970703e-05,4.569227839126565e-05,1340
3385,3.1550619041809114e-06,1.0,1.0,1.5735626220703125e-05,4.557905785002247e-05,1575
3386,3.4139202398364432e-06,1.0,1.0,1.6570091247558594e-05,4.546600564421226e-05,1987
3387,2.7920341381104663e-06,1.0,1.0,1.4007091522216797e-05,4.5353121847193154e-05,1443
3388,2.667451781235286e-06,1.0,1.0,1.341104507446289e-05,4.5240406532214366e-05,1188
3389,3.4734225664578844e-06,1.0,1.0,1.609325408935547e-05,4.512785977241567e-05,2054
3390,3.5377183849050198e-06,1.0,1.0,1.6689300537109375e-05,4.501548164082729e-05,2103
3391,3.1677927836426534e-06,1.0,1.0,1.537799835205078e-05,4.490327221037028e-05,1824
3392,2.654474656083039e-06,1.0,1.0,1.3887882232666016e-05,4.4791231553856186e-05,1264
3393,3.3917597193067195e-06,1.0,1.0,1.633167266845703e-05,4.46793597439868e-05,2021
3394,2.8873992050648667e-06,1.0,1.0,1.3768672943115234e-05,4.4567656853354635e-05,1369
3395,2.8758420285157626e-06,1.0,1.0,1.436471939086914e-05,4.445612295444246e-05,1206
3396,2.864913540179259e-06,1.0,1.0,1.4841556549072266e-05,4.434475811962345e-05,1498
3397,3.1872414183453657e-06,1.0,1.0,1.5854835510253906e-05,4.423356242116098e-05,1830
3398,2.997931915160734e-06,1.0,1.0,1.519918441772461e-05,4.412253593120872e-05,1629
3399,2.778544967441121e-06,1.0,1.0,1.3828277587890625e-05,4.401167872181067e-05,1405
3400,2.7477622097649146e-06,1.0,1.0,1.4066696166992188e-05,4.390099086490065e-05,1261
3401,2.966946794913383e-06,1.0,1.0,1.4722347259521484e-05,4.3790472432303116e-05,1266
3402,2.7986732220597332e-06,1.0,1.0,1.4603137969970703e-05,4.368012349573202e-05,1459
3403,2.843737320290529e-06,1.0,1.0,1.3947486877441406e-05,4.3569944126791635e-05,1235
3404,2.646972689035465e-06,1.0,1.0,1.3113021850585938e-05,4.345993439697632e-05,1252
3405,2.661171720319544e-06,1.0,1.0,1.3530254364013672e-05,4.335009437766996e-05,1128
3406,3.292195742687909e-06,1.0,1.0,1.537799835205078e-05,4.324042414014674e-05,2042
3407,2.8408271646185312e-06,1.0,1.0,1.3828277587890625e-05,4.3130923755570343e-05,1305
3408,2.9217176233942155e-06,1.0,1.0,1.436471939086914e-05,4.302159329499453e-05,1302
3409,2.90916204903624e-06,1.0,1.0,1.4960765838623047e-05,4.29124328293625e-05,1488
3410,3.0193957627489e-06,1.0,1.0,1.4841556549072266e-05,4.2803442429507394e-05,1692
3411,2.6375980723969406e-06,1.0,1.0,1.4126300811767578e-05,4.269462216615191e-05,1200
3412,2.7019814297091216e-06,1.0,1.0,1.3530254364013672e-05,4.258597210990824e-05,1341
3413,3.0923667964088963e-06,1.0,1.0,1.537799835205078e-05,4.247749233127827e-05,1333
3414,3.888696483045351e-06,1.0,1.0,2.5272369384765625e-05,4.2369182900653445e-05,1224
3415,3.1985855457605794e-06,1.0,1.0,1.5974044799804688e-05,4.22610438883144e-05,1712
3416,2.5026099592651008e-06,1.0,1.0,1.3709068298339844e-05,4.21530753644315e-05,1071
3417,2.9939267278678017e-06,1.0,1.0,1.5020370483398438e-05,4.204527739906428e-05,1705
3418,2.669447212610976e-06,1.0,1.0,1.329183578491211e-05,4.1937650062161756e-05,1229
3419,3.2948687476164196e-06,1.0,1.0,1.5616416931152344e-05,4.183019342356202e-05,2022
3420,2.377958708166261e-06,1.0,1.0,1.823902130126953e-05,4.172290755299257e-05,479
3421,3.3613944196986267e-06,1.0,1.0,1.728534698486328e-05,4.161579252007011e-05,1534
3422,2.6800244086189196e-06,1.0,1.0,1.33514404296875e-05,4.1508848394300284e-05,1341
3423,2.9050825105514377e-06,1.0,1.0,1.430511474609375e-05,4.140207524507815e-05,1266
3424,2.9044097118458012e-06,1.0,1.0,1.4424324035644531e-05,4.129547314168754e-05,1629
3425,2.8424287847883534e-06,1.0,1.0,1.3768672943115234e-05,4.11890421533013e-05,1302
3426,2.349090664210962e-06,1.0,1.0,1.424551010131836e-05,4.108278234898155e-05,744
3427,3.4316046821913915e-06,1.0,1.0,1.5854835510253906e-05,4.097669379767899e-05,2103
3428,2.731370386754861e-06,1.0,1.0,1.3709068298339844e-05,4.087077656823334e-05,1405
3429,2.7893984224647284e-06,1.0,1.0,1.3470649719238281e-05,4.076503072937318e-05,1305
3430,2.790434564303723e-06,1.0,1.0,1.3828277587890625e-05,4.065945634971589e-05,1488
3431,2.564974238339346e-06,1.0,1.0,1.3232231140136719e-05,4.055405349776737e-05,1264
3432,2.704465032365988e-06,1.0,1.0,1.3947486877441406e-05,4.044882224192254e-05,1261
3433,2.7836904337164015e-06,1.0,1.0,1.3172626495361328e-05,4.0343762650464784e-05,1369
3434,3.0836151836410863e-06,1.0,1.0,1.5079975128173828e-05,4.0238874791566066e-05,1824
3435,2.965646217489848e-06,1.0,1.0,1.436471939086914e-05,4.0134158733287045e-05,1333
3436,3.2554694371356163e-06,1.0,1.0,1.5497207641601562e-05,4.0029614543576874e-05,2010
3437,2.7278344987280434e-06,1.0,1.0,1.4066696166992188e-05,3.992524229027301e-05,1459
3438,3.4014567518170225e-06,1.0,1.0,1.5974044799804688e-05,3.982104204110155e-05,2054
3439,2.9409998205665033e-06,1.0,1.0,1.4662742614746094e-05,3.97170138636769e-05,1705
3440,3.088305220444454e-06,1.0,1.0,1.5497207641601562e-05,3.961315782550188e-05,1575
3441,2.5073627512028906e-06,1.0,1.0,1.2934207916259766e-05,3.9509473993967446e-05,1200
3442,2.6364684799773386e-06,1.0,1.0,1.3113021850585938e-05,3.9405962436352903e-05,1229
3443,3.234811629226897e-06,1.0,1.0,1.5139579772949219e-05,3.930262321982592e-05,1946
3444,3.710566488734912e-06,1.0,1.0,2.3365020751953125e-05,3.919945641144194e-05,1224
3445,3.109137196588563e-06,1.0,1.0,1.5616416931152344e-05,3.909646207814511e-05,1830
3446,3.0751298254472204e-06,1.0,1.0,1.5020370483398438e-05,3.899364028676709e-05,1712
3447,3.2153116080735344e-06,1.0,1.0,1.4960765838623047e-05,3.8890991104027856e-05,2042
3448,2.99262296721281e-06,1.0,1.0,1.5139579772949219e-05,3.878851459653546e-05,1692
3449,2.638046225911239e-06,1.0,1.0,1.2993812561035156e-05,3.8686210830785666e-05,1443
3450,2.7969538223260315e-06,1.0,1.0,1.4603137969970703e-05,3.858407987316239e-05,1498
3451,2.710947228479199e-06,1.0,1.0,1.424551010131836e-05,3.848212178993727e-05,1410
3452,3.260577159380773e-06,1.0,1.0,1.5616416931152344e-05,3.838033664726973e-05,2021
3453,2.2911028736416483e-06,1.0,1.0,1.728534698486328e-05,3.827872451120706e-05,479
3454,2.74348667517188e-06,1.0,1.0,1.3649463653564453e-05,3.8177285447684326e-05,1206
3455,2.728106210270198e-06,1.0,1.0,1.4007091522216797e-05,3.807601952252427e-05,1340
3456,2.586875325505389e-06,1.0,1.0,1.3113021850585938e-05,3.7974926801437136e-05,1188
3457,2.7285825581202516e-06,1.0,1.0,1.329183578491211e-05,3.787400735002094e-05,1235
3458,2.695423518161988e-06,1.0,1.0,1.3828277587890625e-05,3.7773261233761306e-05,1100
3459,3.204548875146429e-06,1.0,1.0,1.5139579772949219e-05,3.767268851803108e-05,2022
3460,2.5666115561762126e-06,1.0,1.0,1.2636184692382812e-05,3.757228926809108e-05,1252
3461,3.2504360660823295e-06,1.0,1.0,1.5616416931152344e-05,3.74720635490891e-05,1987
3462,2.621085741338902e-06,1.0,1.0,1.2993812561035156e-05,3.737201142606056e-05,1419
3463,2.7950422918365803e-06,1.0,1.0,1.4126300811767578e-05,3.727213296392827e-05,1404
3464,2.5802196432778146e-06,1.0,1.0,1.3053417205810547e-05,3.717242822750214e-05,1128
3465,2.3958677957125474e-06,1.0,1.0,1.2874603271484375e-05,3.707289728147957e-05,1071
3466,3.1552988275507232e-06,1.0,1.0,1.4603137969970703e-05,3.697354019044515e-05,2042
3467,2.8930005555594107e-06,1.0,1.0,1.4126300811767578e-05,3.687435701887066e-05,1692
3468,2.8029835448251106e-06,1.0,1.0,1.3768672943115234e-05,3.677534783111479e-05,1629
3469,2.666887439772836e-06,1.0,1.0,1.3232231140136719e-05,3.667651269142364e-05,1405
3470,2.2420754248742014e-06,1.0,1.0,1.6570091247558594e-05,3.657785166393032e-05,479
3471,3.1307340577768628e-06,1.0,1.0,1.436471939086914e-05,3.647936481265479e-05,1946
3472,2.708020474528894e-06,1.0,1.0,1.2695789337158203e-05,3.638105220150415e-05,1369
3473,2.5058411665668245e-06,1.0,1.0,1.2814998626708984e-05,3.6282913894272436e-05,1264
3474,2.7007852168026147e-06,1.0,1.0,1.329183578491211e-05,3.618494995464042e-05,1206
3475,2.6898410396825057e-06,1.0,1.0,1.3589859008789062e-05,3.608716044617591e-05,1498
3476,3.1866698009253014e-06,1.0,1.0,1.4901161193847656e-05,3.5989545432333424e-05,2021
3477,2.605662530186237e-06,1.0,1.0,1.2874603271484375e-05,3.589210497645435e-05,1443
3478,3.119180519206566e-06,1.0,1.0,1.4543533325195312e-05,3.579483914176659e-05,2010
3479,2.5833062409219565e-06,1.0,1.0,1.2755393981933594e-05,3.5697747991385106e-05,1341
3480,3.2377338357036933e-06,1.0,1.0,1.4781951904296875e-05,3.560083158831118e-05,2054
3481,2.365481122978963e-06,1.0,1.0,1.2636184692382812e-05,3.5504089995432714e-05,1071
3482,2.5534395717841107e-06,1.0,1.0,1.2516975402832031e-05,3.540752327552448e-05,1229
3483,2.680609441085835e-06,1.0,1.0,1.2874603271484375e-05,3.53111314912474e-05,1235
3484,2.9514665129681816e-06,1.0,1.0,1.4185905456542969e-05,3.5214914705149134e-05,1824
3485,2.546612904552603e-06,1.0,1.0,1.2755393981933594e-05,3.5118872979663735e-05,1128
3486,3.005289727298077e-06,1.0,1.0,1.4722347259521484e-05,3.502300637711156e-05,1712
3487,3.127552645310061e-06,1.0,1.0,1.4543533325195312e-05,3.492731495969945e-05,2022
3488,2.618060079839779e-06,1.0,1.0,1.33514404296875e-05,3.483179878952056e-05,1261
3489,2.7488531486596912e-06,1.0,1.0,1.3768672943115234e-05,3.473645792855428e-05,1404
3490,3.1801230306882644e-06,1.0,1.0,1.5139579772949219e-05,3.464129243866617e-05,1987
3491,2.648715280884062e-06,1.0,1.0,1.3470649719238281e-05,3.454630238160818e-05,1100
3492,2.5166345949401148e-06,1.0,1.0,1.2576580047607422e-05,3.4451487819018354e-05,1188
3493,3.2372126952395774e-06,1.0,1.0,1.6689300537109375e-05,3.43568488124207e-05,1534
3494,2.836753310475615e-06,1.0,1.0,1.4007091522216797e-05,3.426238542322557e-05,1705
3495,2.618920916575007e-06,1.0,1.0,1.341104507446289e-05,3.416809771272919e-05,1459
3496,2.795101636365871e-06,1.0,1.0,1.3768672943115234e-05,3.407398574211379e-05,1266
3497,2.679077169887023e-06,1.0,1.0,1.3232231140136719e-05,3.398004957244763e-05,1488
3498,2.6483075998839922e-06,1.0,1.0,1.341104507446289e-05,3.3886289264684905e-05,1340
3499,2.565807790233521e-06,1.0,1.0,1.2636184692382812e-05,3.3792704879665654e-05,1419
3500,2.6644349873095052e-06,1.0,1.0,1.2755393981933594e-05,3.369929647811577e-05,1305
3501,2.9339021239138674e-06,1.0,1.0,1.436471939086914e-05,3.360606412064686e-05,1575
3502,3.6490143884293502e-06,1.0,1.0,2.300739288330078e-05,3.351300786775654e-05,1224
3503,2.4361354462598683e-06,1.0,1.0,1.2636184692382812e-05,3.34201277798278e-05,1200
3504,2.464636963850353e-06,1.0,1.0,1.1920928955078125e-05,3.332742391712977e-05,1252
3505,3.2673883652023505e-06,1.0,1.0,1.5020370483398438e-05,3.3234896339816796e-05,2103
3506,2.2321250980894547e-06,1.0,1.0,1.341104507446289e-05,3.314254510792905e-05,744
3507,2.9604848350572865e-06,1.0,1.0,1.4483928680419922e-05,3.305037028139237e-05,1830
3508,2.9070702112221625e-06,1.0,1.0,1.424551010131836e-05,3.29583719200178e-05,1333
3509,2.7213889097765787e-06,1.0,1.0,1.3172626495361328e-05,3.28665500835022e-05,1302
3510,2.5850595193332992e-06,1.0,1.0,1.329183578491211e-05,3.277490483142776e-05,1410
3511,2.579865395091474e-06,1.0,1.0,1.3053417205810547e-05,3.2683436223262094e-05,1459
3512,2.6381167117506266e-06,1.0,1.0,1.2874603271484375e-05,3.2592144318358115e-05,1206
3513,2.5655931494839024e-06,1.0,1.0,1.2934207916259766e-05,3.250102917595421e-05,1261
3514,2.2042470391170355e-06,1.0,1.0,1.609325408935547e-05,3.241009085517404e-05,479
3515,2.6290649657312315e-06,1.0,1.0,1.2576580047607422e-05,3.2319329415026385e-05,1235
3516,2.6904376682068687e-06,1.0,1.0,1.341104507446289e-05,3.2228744914405425e-05,1404
3517,3.117185542578227e-06,1.0,1.0,1.4603137969970703e-05,3.213833741209051e-05,2021
3518,3.108729970335844e-06,1.0,1.0,1.4603137969970703e-05,3.2048106966745976e-05,1987
3519,3.556978754204465e-06,1.0,1.0,2.193450927734375e-05,3.1958053636921464e-05,1224
3520,3.047372729270137e-06,1.0,1.0,1.4066696166992188e-05,3.186817748105156e-05,2022
3521,2.6445609364600386e-06,1.0,1.0,1.341104507446289e-05,3.177847855745598e-05,1498
3522,2.620507984829601e-06,1.0,1.0,1.2159347534179688e-05,3.168895692433926e-05,1369
3523,2.6455097668076633e-06,1.0,1.0,1.3053417205810547e-05,3.159961263979114e-05,1488
3524,3.048525513804634e-06,1.0,1.0,1.4066696166992188e-05,3.151044576178614e-05,1946
3525,3.1931610919855302e-06,1.0,1.0,1.4781951904296875e-05,3.142145634818358e-05,2054
3526,2.5242072752007516e-06,1.0,1.0,1.233816146850586e-05,3.133264445672784e-05,1443
3527,3.0673227229272015e-06,1.0,1.0,1.430511474609375e-05,3.124401014504795e-05,2042
3528,2.4848629891494056e-06,1.0,1.0,1.2099742889404297e-05,3.115555347065777e-05,1229
3529,2.6973132207785966e-06,1.0,1.0,1.3113021850585938e-05,3.106727449095585e-05,1629
3530,2.3991808575374307e-06,1.0,1.0,1.239776611328125e-05,3.0979173263225445e-05,1200
3531,2.737474915193161e-06,1.0,1.0,1.33514404296875e-05,3.0891249844634517e-05,1266
3532,3.104171582890558e-06,1.0,1.0,1.5497207641601562e-05,3.080350429223556e-05,1534
3533,2.458234348523547e-06,1.0,1.0,1.2159347534179688e-05,3.071593666296584e-05,1188
3534,2.598586434032768e-06,1.0,1.0,1.2934207916259766e-05,3.062854701364692e-05,1405
3535,2.675060386536643e-06,1.0,1.0,1.2874603271484375e-05,3.0541335400985025e-05,1302
3536,2.555468654463766e-06,1.0,1.0,1.3053417205810547e-05,3.045430188157091e-05,1410
3537,2.4303926693391986e-06,1.0,1.0,1.245737075805664e-05,3.0367446511879502e-05,1264
3538,2.76914374808257e-06,1.0,1.0,1.3649463653564453e-05,3.028076934827045e-05,1705
3539,2.594828174551367e-06,1.0,1.0,1.2278556823730469e-05,3.0194270446987632e-05,1305
3540,2.1774878860014724e-06,1.0,1.0,1.2874603271484375e-05,3.0107949864159155e-05,744
3541,2.888518793042749e-06,1.0,1.0,1.3828277587890625e-05,3.0021807655797536e-05,1712
3542,3.1845152079768013e-06,1.0,1.0,1.4483928680419922e-05,2.9935843877799505e-05,2103
3543,2.565160912126885e-06,1.0,1.0,1.2874603271484375e-05,2.9850058585946137e-05,1100
3544,3.0268975024227984e-06,1.0,1.0,1.4007091522216797e-05,2.9764451835902435e-05,2010
3545,2.586212531241472e-06,1.0,1.0,1.2993812561035156e-05,2.967902368321774e-05,1340
3546,2.5231313429685542e-06,1.0,1.0,1.245737075805664e-05,2.9593774183325502e-05,1419
3547,2.5090785129577853e-06,1.0,1.0,1.245737075805664e-05,2.950870339154311e-05,1341
3548,2.4490689156664303e-06,1.0,1.0,1.2159347534179688e-05,2.942381136307217e-05,1128
3549,2.792884970403975e-06,1.0,1.0,1.3768672943115234e-05,2.933909815299815e-05,1692
3550,2.8536289846670115e-06,1.0,1.0,1.3589859008789062e-05,2.9254563816290454e-05,1824
3551,2.888112931032083e-06,1.0,1.0,1.4007091522216797e-05,2.9170208407802663e-05,1830
3552,2.8053007099515526e-06,1.0,1.0,1.3530254364013672e-05,2.908603198227193e-05,1333
3553,2.419219526927918e-06,1.0,1.0,1.1682510375976562e-05,2.900203459431949e-05,1252
3554,2.8698698315565707e-06,1.0,1.0,1.4066696166992188e-05,2.891821629845035e-05,1575
3555,2.2826693566457834e-06,1.0,1.0,1.2040138244628906e-05,2.8834577149053296e-05,1071
3556,2.416491270196275e-06,1.0,1.0,1.1861324310302734e-05,2.8751117200400853e-05,1188
3557,2.3689810859650606e-06,1.0,1.0,1.2159347534179688e-05,2.8667836506649232e-05,1200
3558,3.1251997825165745e-06,1.0,1.0,1.4185905456542969e-05,2.8584735121838476e-05,2054
3559,2.8672811822616495e-06,1.0,1.0,1.3709068298339844e-05,2.8501813099892013e-05,1712
3560,2.5898566491378006e-06,1.0,1.0,1.1980533599853516e-05,2.841907049461717e-05,1369
3561,3.0538151349901455e-06,1.0,1.0,1.52587890625e-05,2.833650735970473e-05,1534
3562,2.479921022313647e-06,1.0,1.0,1.2159347534179688e-05,2.8254123748728906e-05,1341
3563,2.627633421070641e-06,1.0,1.0,1.2516975402832031e-05,2.8171919715147606e-05,1302
3564,2.2679769244859926e-06,1.0,1.0,1.1920928955078125e-05,2.8089895312302125e-05,1071
3565,2.6657237413019175e-06,1.0,1.0,1.2814998626708984e-05,2.8008050593417253e-05,1266
3566,2.478186615917366e-06,1.0,1.0,1.2099742889404297e-05,2.792638561160101e-05,1419
3567,2.5329156869702274e-06,1.0,1.0,1.239776611328125e-05,2.784490041984504e-05,1405
3568,2.9787991024932126e-06,1.0,1.0,1.3709068298339844e-05,2.776359507102418e-05,2010
3569,2.4863711587386206e-06,1.0,1.0,1.2159347534179688e-05,2.7682469617896498e-05,1443
3570,2.8622519039345207e-06,1.0,1.0,1.3828277587890625e-05,2.760152411310358e-05,1830
3571,2.5753492991498206e-06,1.0,1.0,1.245737075805664e-05,2.7520758609169945e-05,1206
3572,3.0173589493642794e-06,1.0,1.0,1.4126300811767578e-05,2.7440173158503474e-05,1987
3573,2.387227368672029e-06,1.0,1.0,1.1444091796875e-05,2.735976781339527e-05,1252
3574,2.5679719328763895e-06,1.0,1.0,1.2159347534179688e-05,2.7279542626019436e-05,1305
3575,2.5275867301388644e-06,1.0,1.0,1.2576580047607422e-05,2.7199497648433155e-05,1340
3576,2.404682845735806e-06,1.0,1.0,1.1861324310302734e-05,2.7119632932576852e-05,1128
3577,2.565957174738287e-06,1.0,1.0,1.2576580047607422e-05,2.703994853027387e-05,1488
3578,2.564903070378932e-06,1.0,1.0,1.2874603271484375e-05,2.696044449323048e-05,1498
3579,2.429672122161719e-06,1.0,1.0,1.1742115020751953e-05,2.6881120873036022e-05,1229
3580,2.553099648139323e-06,1.0,1.0,1.2099742889404297e-05,2.6801977721162783e-05,1235
3581,3.0186804451659555e-06,1.0,1.0,1.4066696166992188e-05,2.672301508896575e-05,2021
3582,2.851175167961628e-06,1.0,1.0,1.4007091522216797e-05,2.6644233027683105e-05,1575
3583,2.1476857909874525e-06,1.0,1.0,1.2755393981933594e-05,2.6565631588435588e-05,744
3584,3.1273768854589434e-06,1.0,1.0,1.4185905456542969e-05,2.6487210822226768e-05,2103
3585,2.748334509306005e-06,1.0,1.0,1.3172626495361328e-05,2.6408970779943105e-05,1333
3586,3.4360175504843937e-06,1.0,1.0,2.110004425048828e-05,2.6330911512353657e-05,1224
3587,2.951628857772448e-06,1.0,1.0,1.3530254364013672e-05,2.6253033070110273e-05,2022
3588,2.6337202143622562e-06,1.0,1.0,1.3172626495361328e-05,2.6175335503747464e-05,1404
3589,2.817095037244144e-06,1.0,1.0,1.341104507446289e-05,2.6097818863682195e-05,1824
3590,2.71593648903945e-06,1.0,1.0,1.329183578491211e-05,2.6020483200214336e-05,1705
3591,2.375598342041485e-06,1.0,1.0,1.2040138244628906e-05,2.594332856352608e-05,1264
3592,2.7227831651543966e-06,1.0,1.0,1.3172626495361328e-05,2.586635500368224e-05,1692
3593,2.6180603072134545e-06,1.0,1.0,1.2695789337158203e-05,2.5789562570630095e-05,1629
3594,2.4930939162004506e-06,1.0,1.0,1.233816146850586e-05,2.571295131419949e-05,1100
3595,2.4728681182750734e-06,1.0,1.0,1.245737075805664e-05,2.5636521284102628e-05,1410
3596,2.1425275917863473e-06,1.0,1.0,1.5616416931152344e-05,2.5560272529934034e-05,479
3597,2.494219188520219e-06,1.0,1.0,1.2516975402832031e-05,2.548420510117083e-05,1261
3598,2.968461103591835e-06,1.0,1.0,1.3589859008789062e-05,2.5408319047172265e-05,1946
3599,2.977828671646421e-06,1.0,1.0,1.3709068298339844e-05,2.533261441717992e-05,2042
3600,2.4894172838685336e-06,1.0,1.0,1.2576580047607422e-05,2.5257091260317797e-05,1459
3601,2.818191433107131e-06,1.0,1.0,1.341104507446289e-05,2.5181749625592064e-05,1712
3602,2.4281837340822676e-06,1.0,1.0,1.1801719665527344e-05,2.5106589561891077e-05,1341
3603,2.949323516077129e-06,1.0,1.0,1.3530254364013672e-05,2.5031611117985262e-05,2010
3604,2.353529453102965e-06,1.0,1.0,1.1801719665527344e-05,2.49568143425275e-05,1264
3605,2.96107396025036e-06,1.0,1.0,1.3530254364013672e-05,2.488219928405256e-05,2042
3606,3.387224069228978e-06,1.0,1.0,2.0623207092285156e-05,2.4807765990977226e-05,1224
3607,2.534373834350845e-06,1.0,1.0,1.2040138244628906e-05,2.4733514511600617e-05,1235
3608,2.4891551220207475e-06,1.0,1.0,1.2278556823730469e-05,2.465944489410353e-05,1340
3609,2.5383071715623373e-06,1.0,1.0,1.1682510375976562e-05,2.458555718654909e-05,1369
3610,2.4771634343778715e-06,1.0,1.0,1.2278556823730469e-05,2.4511851436882234e-05,1100
3611,2.9728405479545472e-06,1.0,1.0,1.4781951904296875e-05,2.4438327692929716e-05,1534
3612,2.532870439608814e-06,1.0,1.0,1.233816146850586e-05,2.4364986002400332e-05,1488
3613,2.6119573703908827e-06,1.0,1.0,1.2516975402832031e-05,2.4291826412884687e-05,1266
3614,3.087527147727087e-06,1.0,1.0,1.3887882232666016e-05,2.4218848971855365e-05,2103
3615,2.5758140509424265e-06,1.0,1.0,1.2636184692382812e-05,2.4146053726666493e-05,1404
3616,2.4576343093940523e-06,1.0,1.0,1.2218952178955078e-05,2.407344072455415e-05,1261
3617,2.4623236640763935e-06,1.0,1.0,1.1920928955078125e-05,2.4001010012636214e-05,1405
3618,2.7741245958168292e-06,1.0,1.0,1.33514404296875e-05,2.3928761637912087e-05,1575
3619,2.8015404041070724e-06,1.0,1.0,1.3470649719238281e-05,2.385669564726297e-05,1830
3620,2.5235538032575278e-06,1.0,1.0,1.2159347534179688e-05,2.3784812087451753e-05,1206
3621,2.700579671000014e-06,1.0,1.0,1.2814998626708984e-05,2.37131110051228e-05,1333
3622,2.3712873371550813e-06,1.0,1.0,1.1622905731201172e-05,2.364159244680225e-05,1128
3623,2.5251299575757002e-06,1.0,1.0,1.1861324310302734e-05,2.3570256458897684e-05,1305
3624,2.117142685165163e-06,1.0,1.0,1.52587890625e-05,2.3499103087698344e-05,479
3625,2.123010744981002e-06,1.0,1.0,1.2576580047607422e-05,2.3428132379374698e-05,744
3626,3.0253174827521434e-06,1.0,1.0,1.3530254364013672e-05,2.3357344379979036e-05,2054
3627,2.5905449092533672e-06,1.0,1.0,1.2516975402832031e-05,2.3286739135444887e-05,1629
3628,2.6672744297684403e-06,1.0,1.0,1.2934207916259766e-05,2.3216316691587067e-05,1705
3629,2.4292039597639814e-06,1.0,1.0,1.1801719665527344e-05,2.3146077094102188e-05,1443
3630,2.9546229143306846e-06,1.0,1.0,1.3649463653564453e-05,2.3076020388567795e-05,2021
3631,2.690515202630195e-06,1.0,1.0,1.2993812561035156e-05,2.3006146620442922e-05,1692
3632,2.298846766279894e-06,1.0,1.0,1.1742115020751953e-05,2.2936455835068e-05,1200
3633,2.54523138210061e-06,1.0,1.0,1.2040138244628906e-05,2.286694807766456e-05,1302
3634,2.3444758880941663e-06,1.0,1.0,1.1205673217773438e-05,2.279762339333542e-05,1252
3635,2.2128806449472904e-06,1.0,1.0,1.1563301086425781e-05,2.2728481827064626e-05,1071
3636,2.384083700235351e-06,1.0,1.0,1.150369644165039e-05,2.2659523423717463e-05,1229
3637,2.877247879951028e-06,1.0,1.0,1.2874603271484375e-05,2.2590748228040167e-05,1946
3638,2.9418863505270565e-06,1.0,1.0,1.3709068298339844e-05,2.2522156284660274e-05,1987
3639,2.4450528144370764e-06,1.0,1.0,1.233816146850586e-05,2.2453747638086382e-05,1410
3640,2.738276634772774e-06,1.0,1.0,1.2874603271484375e-05,2.238552233270805e-05,1824
3641,2.4974999632831896e-06,1.0,1.0,1.245737075805664e-05,2.2317480412795964e-05,1498
3642,2.895797933888389e-06,1.0,1.0,1.3232231140136719e-05,2.2249621922501837e-05,2022
3643,2.391909447396756e-06,1.0,1.0,1.150369644165039e-05,2.218194690585825e-05,1419
3644,2.338925241929246e-06,1.0,1.0,1.138448715209961e-05,2.2114455406778808e-05,1188
3645,2.4436621970380656e-06,1.0,1.0,1.2278556823730469e-05,2.204714746905798e-05,1459
3646,2.491323812137125e-06,1.0,1.0,1.1742115020751953e-05,2.1980023136371226e-05,1235
3647,2.4082205527520273e-06,1.0,1.0,1.1622905731201172e-05,2.1913082452274743e-05,1443
3648,2.494710997780203e-06,1.0,1.0,1.1682510375976562e-05,2.1846325460205617e-05,1305
3649,2.6290299501852132e-06,1.0,1.0,1.2636184692382812e-05,2.1779752203481793e-05,1705
3650,2.9220880151115125e-06,1.0,1.0,1.3530254364013672e-05,2.1713362725301787e-05,1987
3651,3.005062353622634e-06,1.0,1.0,1.3470649719238281e-05,2.1647157068745168e-05,2054
3652,2.322770114915329e-06,1.0,1.0,1.1265277862548828e-05,2.158113527677201e-05,1188
3653,2.483255457264022e-06,1.0,1.0,1.233816146850586e-05,2.1515297392223142e-05,1498
3654,2.1936245957476785e-06,1.0,1.0,1.1444091796875e-05,2.1449643457820054e-05,1071
3655,2.319720351806609e-06,1.0,1.0,1.1026859283447266e-05,2.1384173516164806e-05,1252
3656,2.4837188448145753e-06,1.0,1.0,1.1861324310302734e-05,2.1318887609740243e-05,1206
3657,2.2735150650987634e-06,1.0,1.0,1.1563301086425781e-05,2.1253785780909617e-05,1200
3658,2.887109076255001e-06,1.0,1.0,1.3113021850585938e-05,2.118886807191683e-05,2042
3659,2.4136866159096826e-06,1.0,1.0,1.2040138244628906e-05,2.1124134524886225e-05,1410
3660,2.7300743568048347e-06,1.0,1.0,1.3113021850585938e-05,2.1059585181822737e-05,1575
3661,2.5736337647686014e-06,1.0,1.0,1.2218952178955078e-05,2.0995220084611754e-05,1266
3662,2.5312228899565525e-06,1.0,1.0,1.1980533599853516e-05,2.0931039275019035e-05,1302
3663,2.329648850718513e-06,1.0,1.0,1.138448715209961e-05,2.086704279469087e-05,1128
3664,2.437646571706864e-06,1.0,1.0,1.1920928955078125e-05,2.0803230685153838e-05,1340
3665,3.3291785257461015e-06,1.0,1.0,2.014636993408203e-05,2.0739602987814884e-05,1224
3666,2.3914699340821244e-06,1.0,1.0,1.1563301086425781e-05,2.067615974396142e-05,1341
3667,2.4288094664370874e-06,1.0,1.0,1.1742115020751953e-05,2.0612900994761006e-05,1405
3668,2.309109277121024e-06,1.0,1.0,1.1563301086425781e-05,2.0549826781261647e-05,1264
3669,2.846067218342796e-06,1.0,1.0,1.2755393981933594e-05,2.0486937144391436e-05,1946
3670,2.7485803002491593e-06,1.0,1.0,1.3172626495361328e-05,2.0424232124958794e-05,1830
3671,2.345479060750222e-06,1.0,1.0,1.1205673217773438e-05,2.0361711763652344e-05,1229
3672,2.4663813746883534e-06,1.0,1.0,1.1205673217773438e-05,2.0299376101040797e-05,1369
3673,2.927534751506755e-06,1.0,1.0,1.4483928680419922e-05,2.0237225177573236e-05,1534
3674,2.7010892154066823e-06,1.0,1.0,1.2636184692382812e-05,2.0175259033578596e-05,1824
3675,2.917462552431971e-06,1.0,1.0,1.3470649719238281e-05,2.0113477709266047e-05,2021
3676,3.0264773158705793e-06,1.0,1.0,1.3649463653564453e-05,2.0051881244724886e-05,2103
3677,2.354189291509101e-06,1.0,1.0,1.1265277862548828e-05,1.9990469679924314e-05,1419
3678,2.6666859866963932e-06,1.0,1.0,1.2636184692382812e-05,1.992924305471365e-05,1333
3679,2.5218134851456853e-06,1.0,1.0,1.2278556823730469e-05,1.9868201408822214e-05,1404
3680,2.556662821007194e-06,1.0,1.0,1.239776611328125e-05,1.9807344781859257e-05,1629
3681,2.8636670776904793e-06,1.0,1.0,1.3053417205810547e-05,1.9746673213314024e-05,2022
3682,2.4856035452103242e-06,1.0,1.0,1.2099742889404297e-05,1.9686186742555522e-05,1488
3683,2.4122487047861796e-06,1.0,1.0,1.1861324310302734e-05,1.9625885408832887e-05,1100
3684,2.0845561721216654e-06,1.0,1.0,1.2159347534179688e-05,1.956576925127492e-05,744
3685,2.0708528154500527e-06,1.0,1.0,1.4901161193847656e-05,1.9505838308890354e-05,479
3686,2.6339403120800853e-06,1.0,1.0,1.2636184692382812e-05,1.9446092620567777e-05,1692
3687,2.3959460122569e-06,1.0,1.0,1.1920928955078125e-05,1.9386532225075447e-05,1459
3688,2.397320940872305e-06,1.0,1.0,1.1801719665527344e-05,1.932715716106151e-05,1261
3689,2.7457749638415407e-06,1.0,1.0,1.3053417205810547e-05,1.9267967467053824e-05,1712
3690,2.8511692562460667e-06,1.0,1.0,1.2934207916259766e-05,1.920896318145989e-05,2010
3691,2.9643783818755765e-06,1.0,1.0,1.3232231140136719e-05,1.915014434256692e-05,2054
3692,2.1640173599735135e-06,1.0,1.0,1.1265277862548828e-05,1.909151098854188e-05,1071
3693,2.690436303964816e-06,1.0,1.0,1.2516975402832031e-05,1.9033063157431307e-05,1824
3694,2.895052148232935e-06,1.0,1.0,1.424551010131836e-05,1.8974800887161323e-05,1534
3695,2.8410272534529213e-06,1.0,1.0,1.2814998626708984e-05,1.891672421553776e-05,2010
3696,2.7183550628251396e-06,1.0,1.0,1.2874603271484375e-05,1.8858833180245836e-05,1830
3697,2.407666443104972e-06,1.0,1.0,1.1742115020751953e-05,1.880112781885047e-05,1340
3698,3.2699640541977715e-06,1.0,1.0,1.9550323486328125e-05,1.874360816879611e-05,1224
3699,2.448511168040568e-06,1.0,1.0,1.1801719665527344e-05,1.8686274267406533e-05,1488
3700,2.6405728021927644e-06,1.0,1.0,1.245737075805664e-05,1.862912615188511e-05,1333
3701,2.870253183573368e-06,1.0,1.0,1.3172626495361328e-05,1.8572163859314647e-05,1987
3702,2.3891907403594814e-06,1.0,1.0,1.1742115020751953e-05,1.851538742665738e-05,1261
3703,2.4532391762477346e-06,1.0,1.0,1.1444091796875e-05,1.8458796890754836e-05,1305
3704,2.383363380431547e-06,1.0,1.0,1.1742115020751953e-05,1.8402392288328104e-05,1459
3705,2.9844741220586e-06,1.0,1.0,1.329183578491211e-05,1.834617365597748e-05,2103
3706,2.3731895453238394e-06,1.0,1.0,1.1801719665527344e-05,1.8290141030182547e-05,1410
3707,2.4359858343814267e-06,1.0,1.0,1.2040138244628906e-05,1.8234294447302422e-05,1498
3708,2.485169034116552e-06,1.0,1.0,1.1622905731201172e-05,1.8178633943575248e-05,1302
3709,2.289756594109349e-06,1.0,1.0,1.1086463928222656e-05,1.8123159555118472e-05,1188
3710,2.5630281470512273e-06,1.0,1.0,1.2159347534179688e-05,1.806787131792893e-05,1705
3711,2.821218913595658e-06,1.0,1.0,1.2695789337158203e-05,1.8012769267882487e-05,2022
3712,2.054113110716571e-06,1.0,1.0,1.1861324310302734e-05,1.7957853440734283e-05,744
3713,2.3925801997393137e-06,1.0,1.0,1.1444091796875e-05,1.7903123872118642e-05,1405
3714,2.33141440730833e-06,1.0,1.0,1.1146068572998047e-05,1.7848580597548956e-05,1229
3715,2.450901774864178e-06,1.0,1.0,1.1742115020751953e-05,1.7794223652417715e-05,1206
3716,2.598642822704278e-06,1.0,1.0,1.239776611328125e-05,1.7740053071996606e-05,1692
3717,2.268932803417556e-06,1.0,1.0,1.1265277862548828e-05,1.768606889143638e-05,1264
3718,2.5017757252498996e-06,1.0,1.0,1.2218952178955078e-05,1.7632271145766674e-05,1404
3719,2.346311248402344e-06,1.0,1.0,1.1265277862548828e-05,1.7578659869896338e-05,1341
3720,2.226427568530198e-06,1.0,1.0,1.1265277862548828e-05,1.7525235098613143e-05,1200
3721,2.293928673680057e-06,1.0,1.0,1.1146068572998047e-05,1.7471996866583793e-05,1128
3722,2.6928357783617685e-06,1.0,1.0,1.2934207916259766e-05,1.7418945208354018e-05,1575
3723,2.345270331716165e-06,1.0,1.0,1.1205673217773438e-05,1.7366080158348484e-05,1443
3724,2.446005282763508e-06,1.0,1.0,1.1205673217773438e-05,1.7313401750870783e-05,1369
3725,2.439006948407041e-06,1.0,1.0,1.1444091796875e-05,1.726091002010327e-05,1235
3726,2.2743029148841742e-06,1.0,1.0,1.0788440704345703e-05,1.72086050001073e-05,1252
3727,2.702951633182238e-06,1.0,1.0,1.2695789337158203e-05,1.715648672482306e-05,1712
3728,2.508438228687737e-06,1.0,1.0,1.1980533599853516e-05,1.7104555228069495e-05,1629
3729,2.8291979106143117e-06,1.0,1.0,1.2814998626708984e-05,1.705281054354445e-05,2042
3730,2.3264665287570097e-06,1.0,1.0,1.1086463928222656e-05,1.700125270482443e-05,1419
3731,2.3884069833002286e-06,1.0,1.0,1.1742115020751953e-05,1.6949881745364714e-05,1100
3732,2.808026010825415e-06,1.0,1.0,1.2516975402832031e-05,1.6898697698499496e-05,1946
3733,2.8454421681090025e-06,1.0,1.0,1.2934207916259766e-05,1.6847700597441416e-05,2021
3734,2.5224096589226974e-06,1.0,1.0,1.1920928955078125e-05,1.6796890475282033e-05,1266
3735,2.0332736312411726e-06,1.0,1.0,1.4543533325195312e-05,1.674626736499144e-05,479
3736,2.9149307465559104e-06,1.0,1.0,1.2934207916259766e-05,1.6695831299418393e-05,2054
3737,2.6132970560865942e-06,1.0,1.0,1.2278556823730469e-05,1.664558231129035e-05,1333
3738,2.7955729819950648e-06,1.0,1.0,1.2516975402832031e-05,1.6595520433213326e-05,2022
3739,2.843023594323313e-06,1.0,1.0,1.2934207916259766e-05,1.654564569767197e-05,2021
3740,2.2166921098687453e-06,1.0,1.0,1.1146068572998047e-05,1.6495958137029396e-05,1200
3741,2.2470526346296538e-06,1.0,1.0,1.1086463928222656e-05,1.644645778352731e-05,1264
3742,2.40964550357603e-06,1.0,1.0,1.1861324310302734e-05,1.6397144669286054e-05,1498
3743,2.3579527805850375e-06,1.0,1.0,1.1563301086425781e-05,1.6348018826304265e-05,1459
3744,2.4619132545922184e-06,1.0,1.0,1.1563301086425781e-05,1.629908028645921e-05,1302
3745,2.6790748961502686e-06,1.0,1.0,1.2636184692382812e-05,1.6250329081506584e-05,1830
3746,2.359885002078954e-06,1.0,1.0,1.150369644165039e-05,1.6201765243080487e-05,1261
3747,2.544220706113265e-06,1.0,1.0,1.2099742889404297e-05,1.615338880269351e-05,1705
3748,2.035526904364815e-06,1.0,1.0,1.1742115020751953e-05,1.6105199791736577e-05,744
3749,2.1245036805339623e-06,1.0,1.0,1.0967254638671875e-05,1.6057198241479007e-05,1071
3750,2.6636957954906393e-06,1.0,1.0,1.2695789337158203e-05,1.600938418306845e-05,1575
3751,2.260592054881272e-06,1.0,1.0,1.0669231414794922e-05,1.5961757647531026e-05,1252
3752,2.8005340482195606e-06,1.0,1.0,1.2576580047607422e-05,1.591431866577104e-05,2042
3753,2.502353481759201e-06,1.0,1.0,1.1801719665527344e-05,1.586706726857101e-05,1266
3754,2.6359298317402136e-06,1.0,1.0,1.2159347534179688e-05,1.582000348659207e-05,1824
3755,3.2290588478645077e-06,1.0,1.0,1.919269561767578e-05,1.5773127350373227e-05,1224
3756,2.274588950967882e-06,1.0,1.0,1.1026859283447266e-05,1.5726438890331984e-05,1128
3757,2.9403731787169818e-06,1.0,1.0,1.3053417205810547e-05,1.5679938136763904e-05,2103
3758,2.4183814275602344e-06,1.0,1.0,1.150369644165039e-05,1.5633625119842918e-05,1206
3759,2.3177758521342184e-06,1.0,1.0,1.1086463928222656e-05,1.5587499869620958e-05,1341
3760,2.2936828827369027e-06,1.0,1.0,1.0907649993896484e-05,1.5541562416028207e-05,1229
3761,2.3768836854287656e-06,1.0,1.0,1.138448715209961e-05,1.549581278887303e-05,1405
3762,2.4222724732680945e-06,1.0,1.0,1.1205673217773438e-05,1.545025101784184e-05,1305
3763,2.3153772872319678e-06,1.0,1.0,1.1026859283447266e-05,1.5404877132499127e-05,1419
3764,2.8131385079177562e-06,1.0,1.0,1.2874603271484375e-05,1.5359691162287603e-05,1987
3765,2.4169025891751517e-06,1.0,1.0,1.1265277862548828e-05,1.5314693136527845e-05,1235
3766,2.4221462808782235e-06,1.0,1.0,1.0967254638671875e-05,1.5269883084418666e-05,1369
3767,2.2552383143192856e-06,1.0,1.0,1.0848045349121094e-05,1.522526103503684e-05,1188
3768,2.33970945373585e-06,1.0,1.0,1.1563301086425781e-05,1.5180827017337071e-05,1410
3769,2.7751302695833147e-06,1.0,1.0,1.2278556823730469e-05,1.5136581060152097e-05,1946
3770,2.463312966938247e-06,1.0,1.0,1.1861324310302734e-05,1.5092523192192719e-05,1404
3771,2.8373901841405313e-06,1.0,1.0,1.3828277587890625e-05,1.5048653442047532e-05,1534
3772,2.680390934983734e-06,1.0,1.0,1.2636184692382812e-05,1.5004971838183134e-05,1712
3773,2.014608298850362e-06,1.0,1.0,1.424551010131836e-05,1.4961478408944116e-05,479
3774,2.7759667773352703e-06,1.0,1.0,1.245737075805664e-05,1.4918173182552907e-05,2010
3775,2.5698273020680062e-06,1.0,1.0,1.2218952178955078e-05,1.4875056187109624e-05,1692
3776,2.3640234303456964e-06,1.0,1.0,1.150369644165039e-05,1.4832127450592656e-05,1100
3777,2.408534328424139e-06,1.0,1.0,1.1563301086425781e-05,1.4789387000857821e-05,1488
3778,2.321643478353508e-06,1.0,1.0,1.1026859283447266e-05,1.4746834865639e-05,1443
3779,2.373149300183286e-06,1.0,1.0,1.150369644165039e-05,1.4704471072547808e-05,1340
3780,2.484215883669094e-06,1.0,1.0,1.1861324310302734e-05,1.4662295649073653e-05,1629
3781,2.6668826649256516e-06,1.0,1.0,1.2516975402832031e-05,1.4620308622583677e-05,1712
3782,2.301599579368485e-06,1.0,1.0,1.0907649993896484e-05,1.457851002032282e-05,1419
3783,2.764165174085065e-06,1.0,1.0,1.2278556823730469e-05,1.4536899869413754e-05,1946
3784,2.4018852400331525e-06,1.0,1.0,1.150369644165039e-05,1.449547819685688e-05,1488
3785,2.3015079477772815e-06,1.0,1.0,1.0967254638671875e-05,1.4454245029530199e-05,1341
3786,2.4036376089497935e-06,1.0,1.0,1.1086463928222656e-05,1.4413200394189572e-05,1305
3787,2.356979393880465e-06,1.0,1.0,1.150369644165039e-05,1.4372344317468298e-05,1100
3788,2.245806172140874e-06,1.0,1.0,1.0788440704345703e-05,1.4331676825877537e-05,1188
3789,2.3957190933288075e-06,1.0,1.0,1.1742115020751953e-05,1.429119794580591e-05,1498
3790,2.533243332436541e-06,1.0,1.0,1.2040138244628906e-05,1.4250907703519776e-05,1705
3791,2.559752147135441e-06,1.0,1.0,1.2159347534179688e-05,1.421080612516302e-05,1692
3792,2.397068101345212e-06,1.0,1.0,1.0788440704345703e-05,1.4170893236757063e-05,1369
3793,2.006893282668898e-06,1.0,1.0,1.4126300811767578e-05,1.4131169064201053e-05,479
3794,2.2817521312390454e-06,1.0,1.0,1.0788440704345703e-05,1.409163363327147e-05,1229
3795,2.3929644612508127e-06,1.0,1.0,1.1086463928222656e-05,1.4052286969622561e-05,1235
3796,2.193744421674637e-06,1.0,1.0,1.1026859283447266e-05,1.4013129098785803e-05,1200
3797,2.615407993289409e-06,1.0,1.0,1.2099742889404297e-05,1.3974160046170336e-05,1824
3798,2.3222087293106597e-06,1.0,1.0,1.138448715209961e-05,1.3935379837062866e-05,1410
3799,2.8078686682420084e-06,1.0,1.0,1.2755393981933594e-05,1.3896788496627365e-05,2021
3800,2.3629186216567177e-06,1.0,1.0,1.1444091796875e-05,1.3858386049905334e-05,1340
3801,2.8001800274068955e-06,1.0,1.0,1.2814998626708984e-05,1.382017252181571e-05,1987
3802,2.4765529360593064e-06,1.0,1.0,1.1682510375976562e-05,1.3782147937154852e-05,1266
3803,2.639551212268998e-06,1.0,1.0,1.2516975402832031e-05,1.3744312320596496e-05,1575
3804,2.011172227867064e-06,1.0,1.0,1.1563301086425781e-05,1.3706665696691699e-05,744
3805,2.8769165965059074e-06,1.0,1.0,1.2755393981933594e-05,1.3669208089869088e-05,2054
3806,2.448284476486151e-06,1.0,1.0,1.1801719665527344e-05,1.3631939524434387e-05,1404
3807,2.4432354166492587e-06,1.0,1.0,1.138448715209961e-05,1.3594860024570786e-05,1302
3808,2.8377010039548622e-06,1.0,1.0,1.3887882232666016e-05,1.3557969614338771e-05,1534
3809,2.9179257126088487e-06,1.0,1.0,1.2934207916259766e-05,1.3521268317676127e-05,2103
3810,2.5876308882288868e-06,1.0,1.0,1.2159347534179688e-05,1.3484756158397936e-05,1333
3811,2.4528221729269717e-06,1.0,1.0,1.1563301086425781e-05,1.3448433160196548e-05,1629
3812,2.3398908979288535e-06,1.0,1.0,1.1026859283447266e-05,1.3412299346641541e-05,1405
3813,2.3792381398379803e-06,1.0,1.0,1.1205673217773438e-05,1.3376354741179762e-05,1206
3814,2.2340270788845373e-06,1.0,1.0,1.049041748046875e-05,1.3340599367135285e-05,1252
3815,2.301486119904439e-06,1.0,1.0,1.0907649993896484e-05,1.3305033247709384e-05,1443
3816,2.641292894622893e-06,1.0,1.0,1.239776611328125e-05,1.32696564059805e-05,1830
3817,2.2435185655922396e-06,1.0,1.0,1.0788440704345703e-05,1.3234468864904335e-05,1128
3818,2.1043572360213147e-06,1.0,1.0,1.0848045349121094e-05,1.3199470647313658e-05,1071
3819,2.755188461378566e-06,1.0,1.0,1.233816146850586e-05,1.3164661775918439e-05,2022
3820,2.760487632258446e-06,1.0,1.0,1.239776611328125e-05,1.3130042273305807e-05,2010
3821,3.2024709071265534e-06,1.0,1.0,1.895427703857422e-05,1.3095612161939928e-05,1224
3822,2.322354475836619e-06,1.0,1.0,1.1324882507324219e-05,1.3061371464162162e-05,1261
3823,2.2123465441836743e-06,1.0,1.0,1.0848045349121094e-05,1.3027320202190938e-05,1264
3824,2.3248619527294068e-06,1.0,1.0,1.138448715209961e-05,1.2993458398121715e-05,1459
3825,2.768426156762871e-06,1.0,1.0,1.239776611328125e-05,1.2959786073927082e-05,2042
3826,2.6273655748809688e-06,1.0,1.0,1.245737075805664e-05,1.2926303251456594e-05,1575
3827,2.221744352937094e-06,1.0,1.0,1.043081283569336e-05,1.2893009952436973e-05,1252
3828,2.2440469820139697e-06,1.0,1.0,1.0788440704345703e-05,1.2859906198471803e-05,1128
3829,2.210648972322815e-06,1.0,1.0,1.0848045349121094e-05,1.2826992011041804e-05,1264
3830,2.8589829526026733e-06,1.0,1.0,1.2636184692382812e-05,1.2794267411504622e-05,2054
3831,2.297025275765918e-06,1.0,1.0,1.0907649993896484e-05,1.276173242109484e-05,1443
3832,2.446309508741251e-06,1.0,1.0,1.1563301086425781e-05,1.2729387060924134e-05,1629
3833,2.427304252705653e-06,1.0,1.0,1.1265277862548828e-05,1.2697231351981052e-05,1302
3834,2.7883447728527244e-06,1.0,1.0,1.2576580047607422e-05,1.2665265315131001e-05,2021
3835,2.3166287519416073e-06,1.0,1.0,1.138448715209961e-05,1.263348897111649e-05,1410
3836,2.625789193189121e-06,1.0,1.0,1.233816146850586e-05,1.260190234055679e-05,1830
3837,2.3477061859011883e-06,1.0,1.0,1.1324882507324219e-05,1.2570505443948175e-05,1340
3838,2.7881210371560883e-06,1.0,1.0,1.2695789337158203e-05,1.253929830166368e-05,1987
3839,2.0102111193409655e-06,1.0,1.0,1.1563301086425781e-05,1.2508280933953341e-05,744
3840,2.590834128568531e-06,1.0,1.0,1.1920928955078125e-05,1.2477453360943924e-05,1824
3841,2.5112897219514707e-06,1.0,1.0,1.1920928955078125e-05,1.2446815602639194e-05,1705
3842,2.0971224330423865e-06,1.0,1.0,1.0788440704345703e-05,1.2416367678919614e-05,1071
3843,2.278161446156446e-06,1.0,1.0,1.0728836059570312e-05,1.2386109609542483e-05,1419
3844,2.754882189037744e-06,1.0,1.0,1.2278556823730469e-05,1.2356041414141993e-05,2042
3845,2.382636012043804e-06,1.0,1.0,1.1026859283447266e-05,1.232616311222907e-05,1235
3846,2.377360033278819e-06,1.0,1.0,1.1205673217773438e-05,1.2296474723191308e-05,1206
3847,3.1925369512464385e-06,1.0,1.0,1.895427703857422e-05,1.2266976266293327e-05,1224
3848,2.32945490097336e-06,1.0,1.0,1.0967254638671875e-05,1.2237667760676218e-05,1405
3849,2.329561084479792e-06,1.0,1.0,1.1265277862548828e-05,1.22085492253581e-05,1100
3850,2.376604925302672e-06,1.0,1.0,1.0728836059570312e-05,1.2179620679233593e-05,1369
3851,2.7425767257227562e-06,1.0,1.0,1.2278556823730469e-05,1.2150882141074081e-05,2010
3852,2.2571152840100694e-06,1.0,1.0,1.0669231414794922e-05,1.2122333629527747e-05,1229
3853,2.7423948267824017e-06,1.0,1.0,1.2218952178955078e-05,1.2093975163119374e-05,2022
3854,2.3136683466873365e-06,1.0,1.0,1.1324882507324219e-05,1.2065806760250541e-05,1459
3855,2.633877556945663e-06,1.0,1.0,1.233816146850586e-05,1.2037828439199292e-05,1712
3856,2.1749690404249122e-06,1.0,1.0,1.0907649993896484e-05,1.2010040218120543e-05,1200
3857,2.4318976556969574e-06,1.0,1.0,1.1682510375976562e-05,1.1982442115045765e-05,1404
3858,2.8032754926243797e-06,1.0,1.0,1.3589859008789062e-05,1.1955034147883036e-05,1534
3859,2.5324161470052786e-06,1.0,1.0,1.2040138244628906e-05,1.1927816334417129e-05,1692
3860,2.3664749733143253e-06,1.0,1.0,1.1265277862548828e-05,1.1900788692309383e-05,1488
3861,2.564469014032511e-06,1.0,1.0,1.2040138244628906e-05,1.1873951239097668e-05,1333
3862,2.7351288736099377e-06,1.0,1.0,1.2040138244628906e-05,1.1847303992196589e-05,1946
3863,2.219014277216047e-06,1.0,1.0,1.0609626770019531e-05,1.1820846968897213e-05,1188
3864,2.464029648763244e-06,1.0,1.0,1.1622905731201172e-05,1.1794580186367309e-05,1266
3865,2.3690167836321052e-06,1.0,1.0,1.0848045349121094e-05,1.1768503661650975e-05,1305
3866,2.362216491746949e-06,1.0,1.0,1.1563301086425781e-05,1.1742617411669074e-05,1498
3867,2.887542905227747e-06,1.0,1.0,1.2755393981933594e-05,1.1716921453218875e-05,2103
3868,2.3078905542206485e-06,1.0,1.0,1.1205673217773438e-05,1.1691415802974202e-05,1261
3869,1.9827527921734145e-06,1.0,1.0,1.3887882232666016e-05,1.1666100477485418e-05,479
3870,2.273861582580139e-06,1.0,1.0,1.0788440704345703e-05,1.1640975493179383e-05,1341
3871,2.6191446522716433e-06,1.0,1.0,1.2278556823730469e-05,1.1616040866359388e-05,1830
3872,2.295915010108729e-06,1.0,1.0,1.1205673217773438e-05,1.1591296613205192e-05,1410
3873,2.227560571554932e-06,1.0,1.0,1.0669231414794922e-05,1.1566742749773184e-05,1128
3874,2.5798547085287282e-06,1.0,1.0,1.1801719665527344e-05,1.154237929199605e-05,1824
3875,2.3225170480145607e-06,1.0,1.0,1.1205673217773438e-05,1.1518206255682949e-05,1100
3876,2.250907300549443e-06,1.0,1.0,1.0609626770019531e-05,1.1494223656519563e-05,1229
3877,1.9823316961264936e-06,1.0,1.0,1.1324882507324219e-05,1.1470431510067878e-05,744
3878,2.3596701339556603e-06,1.0,1.0,1.150369644165039e-05,1.1446829831766313e-05,1498
3879,2.4296973606396932e-06,1.0,1.0,1.1444091796875e-05,1.1423418636929881e-05,1629
3880,2.883178012780263e-06,1.0,1.0,1.2695789337158203e-05,1.1400197940749767e-05,2103
3881,2.304272129549645e-06,1.0,1.0,1.1265277862548828e-05,1.1377167758293649e-05,1459
3882,3.1629297154722735e-06,1.0,1.0,1.8596649169921875e-05,1.1354328104505538e-05,1224
3883,2.766883199001313e-06,1.0,1.0,1.2576580047607422e-05,1.133167899420585e-05,1987
3884,2.7264177333563566e-06,1.0,1.0,1.2099742889404297e-05,1.1309220442091393e-05,2022
3885,2.8409333481249632e-06,1.0,1.0,1.2516975402832031e-05,1.128695246273521e-05,2054
3886,2.363992507525836e-06,1.0,1.0,1.0848045349121094e-05,1.1264875070586809e-05,1305
3887,2.2995714061835315e-06,1.0,1.0,1.1146068572998047e-05,1.1242988279971865e-05,1261
3888,2.196502236984088e-06,1.0,1.0,1.0728836059570312e-05,1.1221292105092616e-05,1264
3889,2.2783547137805726e-06,1.0,1.0,1.0728836059570312e-05,1.1199786560027369e-05,1443
3890,2.6136845008295495e-06,1.0,1.0,1.2099742889404297e-05,1.1178471658730891e-05,1712
3891,2.7482853965921095e-06,1.0,1.0,1.2278556823730469e-05,1.115734741503419e-05,2042
3892,2.5074750737985596e-06,1.0,1.0,1.1801719665527344e-05,1.1136413842644566e-05,1692
3893,2.080648982882849e-06,1.0,1.0,1.0669231414794922e-05,1.111567095514555e-05,1071
3894,2.487797473804676e-06,1.0,1.0,1.1682510375976562e-05,1.1095118765996979e-05,1705
3895,2.2061701656639343e-06,1.0,1.0,1.055002212524414e-05,1.1074757288534952e-05,1188
3896,2.7571416012506234e-06,1.0,1.0,1.239776611328125e-05,1.1054586535971865e-05,2021
3897,2.5546316919644596e-06,1.0,1.0,1.1920928955078125e-05,1.1034606521396217e-05,1333
3898,2.722767931118142e-06,1.0,1.0,1.2099742889404297e-05,1.1014817257772868e-05,2010
3899,2.6025397801276995e-06,1.0,1.0,1.233816146850586e-05,1.0995218757942881e-05,1575
3900,2.410548859188566e-06,1.0,1.0,1.1205673217773438e-05,1.097581103462345e-05,1302
3901,2.358311576244887e-06,1.0,1.0,1.0907649993896484e-05,1.0956594100408068e-05,1235
3902,2.4401126665907213e-06,1.0,1.0,1.1444091796875e-05,1.0937567967766393e-05,1266
3903,2.2005115170031786e-06,1.0,1.0,1.0251998901367188e-05,1.0918732649044248e-05,1252
3904,2.3293798676604638e-06,1.0,1.0,1.1205673217773438e-05,1.0900088156463694e-05,1340
3905,2.265223884023726e-06,1.0,1.0,1.0669231414794922e-05,1.0881634502122982e-05,1419
3906,2.2636386347585358e-06,1.0,1.0,1.0728836059570312e-05,1.0863371697996403e-05,1341
3907,2.362631903451984e-06,1.0,1.0,1.1146068572998047e-05,1.0845299755934545e-05,1206
3908,2.7902199235541048e-06,1.0,1.0,1.3530254364013672e-05,1.0827418687664125e-05,1534
3909,2.716934886848321e-06,1.0,1.0,1.1980533599853516e-05,1.0809728504787895e-05,1946
3910,1.9698115920618875e-06,1.0,1.0,1.3709068298339844e-05,1.0792229218784842e-05,479
3911,2.4161900000763126e-06,1.0,1.0,1.1622905731201172e-05,1.0774920841010149e-05,1404
3912,2.359104655624833e-06,1.0,1.0,1.1146068572998047e-05,1.0757803382694897e-05,1488
3913,2.168213768527494e-06,1.0,1.0,1.0848045349121094e-05,1.07408768549465e-05,1200
3914,2.313249069629819e-06,1.0,1.0,1.0907649993896484e-05,1.072414126874841e-05,1405
3915,2.3584927930642152e-06,1.0,1.0,1.0609626770019531e-05,1.0707596634960136e-05,1369
3916,2.5696590455481783e-06,1.0,1.0,1.1801719665527344e-05,1.0691242964317293e-05,1824
3917,2.716159769988735e-06,1.0,1.0,1.2040138244628906e-05,1.0675080267431657e-05,2022
3918,2.749827672232641e-06,1.0,1.0,1.233816146850586e-05,1.0659108554790974e-05,2021
3919,2.4818543806759408e-06,1.0,1.0,1.1682510375976562e-05,1.0643327836759152e-05,1705
3920,2.4165253762475913e-06,1.0,1.0,1.1324882507324219e-05,1.0627738123576102e-05,1629
3921,2.180563569709193e-06,1.0,1.0,1.0609626770019531e-05,1.0612339425357862e-05,1264
3922,2.275050292155356e-06,1.0,1.0,1.0728836059570312e-05,1.059713175209641e-05,1443
3923,2.5949711925932206e-06,1.0,1.0,1.2218952178955078e-05,1.0582115113659884e-05,1575
3924,2.155398760805838e-06,1.0,1.0,1.0788440704345703e-05,1.0567289519792422e-05,1200
3925,2.3959914869919885e-06,1.0,1.0,1.1086463928222656e-05,1.0552654980114162e-05,1302
3926,2.194798526033992e-06,1.0,1.0,1.0251998901367188e-05,1.053821150412134e-05,1252
3927,2.4993728402478155e-06,1.0,1.0,1.1801719665527344e-05,1.0523959101186164e-05,1692
3928,2.4040484731813194e-06,1.0,1.0,1.150369644165039e-05,1.0509897780556798e-05,1404
3929,2.2562601316167274e-06,1.0,1.0,1.0669231414794922e-05,1.0496027551357545e-05,1341
3930,2.8286874567129416e-06,1.0,1.0,1.245737075805664e-05,1.0482348422588672e-05,2054
3931,2.2349997834680835e-06,1.0,1.0,1.055002212524414e-05,1.0468860403126344e-05,1229
3932,2.7279113510303432e-06,1.0,1.0,1.2159347534179688e-05,1.0455563501722796e-05,2042
3933,2.307236854903749e-06,1.0,1.0,1.1146068572998047e-05,1.0442457727006293e-05,1100
3934,1.9719168449228164e-06,1.0,1.0,1.1205673217773438e-05,1.0429543087480995e-05,744
3935,2.533258111725445e-06,1.0,1.0,1.1801719665527344e-05,1.0416819591527104e-05,1333
3936,2.2880126380186994e-06,1.0,1.0,1.1086463928222656e-05,1.0404287247400711e-05,1459
3937,2.1957343960821163e-06,1.0,1.0,1.049041748046875e-05,1.0391946063233947e-05,1188
3938,2.3506559045927133e-06,1.0,1.0,1.0728836059570312e-05,1.0379796047034905e-05,1305
3939,2.282933337482973e-06,1.0,1.0,1.1026859283447266e-05,1.0367837206687512e-05,1261
3940,2.5969313810492167e-06,1.0,1.0,1.2159347534179688e-05,1.0356069549951795e-05,1830
3941,2.705035058170324e-06,1.0,1.0,1.1980533599853516e-05,1.0344493084463645e-05,2010
3942,2.3162137949839234e-06,1.0,1.0,1.1146068572998047e-05,1.033310781773492e-05,1340
3943,2.34701701629092e-06,1.0,1.0,1.1444091796875e-05,1.0321913757153377e-05,1498
3944,2.3495279037888395e-06,1.0,1.0,1.0848045349121094e-05,1.0310910909982705e-05,1235
3945,2.211285618614056e-06,1.0,1.0,1.0609626770019531e-05,1.0300099283362562e-05,1128
3946,2.347808731428813e-06,1.0,1.0,1.1086463928222656e-05,1.0289478884308499e-05,1488
3947,2.248254077130696e-06,1.0,1.0,1.055002212524414e-05,1.027904971971194e-05,1419
3948,3.1466652217204683e-06,1.0,1.0,1.8477439880371094e-05,1.026881179634027e-05,1224
3949,2.605816007417161e-06,1.0,1.0,1.2099742889404297e-05,1.0258765120836777e-05,1712
3950,2.423822479613591e-06,1.0,1.0,1.1265277862548828e-05,1.0248909699720676e-05,1266
3951,2.7505045636644354e-06,1.0,1.0,1.245737075805664e-05,1.0239245539386954e-05,1987
3952,2.704315647861222e-06,1.0,1.0,1.1861324310302734e-05,1.022977264610666e-05,1946
3953,2.861410848709056e-06,1.0,1.0,1.2576580047607422e-05,1.0220491026026578e-05,2103
3954,1.961598854904878e-06,1.0,1.0,1.3649463653564453e-05,1.0211400685169557e-05,479
3955,2.345630491618067e-06,1.0,1.0,1.1026859283447266e-05,1.0202501629434112e-05,1206
3956,2.30586761063023e-06,1.0,1.0,1.0848045349121094e-05,1.0193793864594823e-05,1405
3957,2.273933432661579e-06,1.0,1.0,1.1086463928222656e-05,1.0185277396302006e-05,1410
3958,2.7794958441518247e-06,1.0,1.0,1.3470649719238281e-05,1.0176952230081936e-05,1534
3959,2.0691843474196503e-06,1.0,1.0,1.0609626770019531e-05,1.016881837133673e-05,1071
3960,2.3415996110998094e-06,1.0,1.0,1.049041748046875e-05,1.0160875825344328e-05,1369
3961,2.6993538995156996e-06,1.0,1.0,1.1861324310302734e-05,1.0153124597258611e-05,1946
3962,2.7012986265617656e-06,1.0,1.0,1.1980533599853516e-05,1.0145564692109188e-05,2010
3963,2.240436742795282e-06,1.0,1.0,1.055002212524414e-05,1.0138196114801667e-05,1341
3964,2.35004631576885e-06,1.0,1.0,1.055002212524414e-05,1.0131018870117425e-05,1369
3965,2.3434556624124525e-06,1.0,1.0,1.0967254638671875e-05,1.012403296271367e-05,1206
3966,2.0628401671274332e-06,1.0,1.0,1.055002212524414e-05,1.011723839712354e-05,1071
3967,3.1301085527957184e-06,1.0,1.0,1.8358230590820312e-05,1.011063517775591e-05,1224
3968,2.466192881911411e-06,1.0,1.0,1.1563301086425781e-05,1.010422330889552e-05,1705
3969,2.7410255825088825e-06,1.0,1.0,1.239776611328125e-05,1.0098002794703009e-05,1987
3970,2.295098965987563e-06,1.0,1.0,1.1026859283447266e-05,1.009197363921478e-05,1100
3971,2.7361429602024145e-06,1.0,1.0,1.2278556823730469e-05,1.0086135846343068e-05,2021
3972,2.2262702259467915e-06,1.0,1.0,1.043081283569336e-05,1.0080489419875981e-05,1229
3973,2.2694523522659438e-06,1.0,1.0,1.1086463928222656e-05,1.0075034363477419e-05,1410
3974,2.309363708263845e-06,1.0,1.0,1.1026859283447266e-05,1.0069770680687084e-05,1340
3975,2.715360324145877e-06,1.0,1.0,1.2040138244628906e-05,1.0064698374920577e-05,2042
3976,2.5731731057021534e-06,1.0,1.0,1.2099742889404297e-05,1.0059817449469199e-05,1575
3977,1.952888396772323e-06,1.0,1.0,1.3530254364013672e-05,1.0055127907500182e-05,479
3978,2.5827957870205864e-06,1.0,1.0,1.2040138244628906e-05,1.0050629752056494e-05,1830
3979,2.696763431231375e-06,1.0,1.0,1.1920928955078125e-05,1.0046322986056932e-05,2022
3980,2.7609228254732443e-06,1.0,1.0,1.329183578491211e-05,1.0042207612296093e-05,1534
3981,2.343722599107423e-06,1.0,1.0,1.1086463928222656e-05,1.0038283633444477e-05,1488
3982,1.9589383555285167e-06,1.0,1.0,1.1086463928222656e-05,1.0034551052048213e-05,744
3983,2.547895746829454e-06,1.0,1.0,1.1682510375976562e-05,1.003100987052936e-05,1824
3984,2.334469854758936e-06,1.0,1.0,1.0728836059570312e-05,1.0027660091185852e-05,1235
3985,2.1681146336050006e-06,1.0,1.0,1.055002212524414e-05,1.002450171619118e-05,1264
3986,2.398523292868049e-06,1.0,1.0,1.1265277862548828e-05,1.0021534747594839e-05,1629
3987,2.2026197257218882e-06,1.0,1.0,1.055002212524414e-05,1.001875918732209e-05,1128
3988,2.5911933789757313e-06,1.0,1.0,1.1980533599853516e-05,1.0016175037173924e-05,1712
3989,2.2747087768948404e-06,1.0,1.0,1.0967254638671875e-05,1.0013782298827167e-05,1261
3990,2.3836309992475435e-06,1.0,1.0,1.1026859283447266e-05,1.0011580973834509e-05,1302
3991,2.383840637776302e-06,1.0,1.0,1.138448715209961e-05,1.0009571063624245e-05,1404
3992,2.412993808320607e-06,1.0,1.0,1.1265277862548828e-05,1.0007752569500693e-05,1266
3993,2.805414851536625e-06,1.0,1.0,1.2218952178955078e-05,1.0006125492643846e-05,2054
3994,2.3402421902574133e-06,1.0,1.0,1.0669231414794922e-05,1.0004689834109424e-05,1305
3995,2.4905659756768728e-06,1.0,1.0,1.1742115020751953e-05,1.0003445594829019e-05,1692
3996,2.296195134476875e-06,1.0,1.0,1.0788440704345703e-05,1.000239277561008e-05,1405
3997,2.2415333660319448e-06,1.0,1.0,1.049041748046875e-05,1.000153137713573e-05,1419
3998,2.3279976630874444e-06,1.0,1.0,1.1324882507324219e-05,1.0000861399964888e-05,1498
3999,2.182039906983846e-06,1.0,1.0,1.0132789611816406e-05,1.0000382844532339e-05,1252
4000,2.1373189156292938e-06,1.0,1.0,1.0609626770019531e-05,1.0000095711148604e-05,1200
