step,loss,acc,eos_acc,gnorm,lr,n_tok
1,7.381094932556152,0.0011709601385518909,0.0,572.0,5.999999999999999e-06,1708
2,7.154386043548584,0.010526316240429878,0.0,540.0,8.969999999999999e-06,1995
3,6.7325849533081055,0.10896960645914078,0.0,486.0,1.194e-05,1349
4,6.395385265350342,0.11327560991048813,0.0,506.0,1.4909999999999996e-05,1386
5,5.8971781730651855,0.12896011769771576,0.0,354.0,1.7879999999999998e-05,2683
6,5.817329406738281,0.13203300535678864,0.0,249.0,2.085e-05,1333
7,5.625978469848633,0.15741583704948425,0.0,260.0,2.382e-05,2198
8,5.597349643707275,0.14317019283771515,0.0,174.0,2.679e-05,1369
9,5.391951084136963,0.16411936283111572,0.0,161.0,2.9759999999999996e-05,2748
10,5.5361409187316895,0.14722482860088348,0.0,149.0,3.273e-05,2126
11,5.43816614151001,0.1589537262916565,0.0,140.0,3.57e-05,3976
12,5.660591125488281,0.16001352667808533,0.0,159.0,3.867e-05,2956
13,5.241705894470215,0.13709677755832672,0.0,136.0,4.163999999999999e-05,744
14,5.109657287597656,0.14663554728031158,0.0,104.0,4.460999999999999e-05,5142
15,5.61984395980835,0.11060433089733124,0.0,97.0,4.7579999999999995e-05,1754
16,5.295571327209473,0.13037723302841187,0.0,81.5,5.054999999999999e-05,1511
17,4.842762470245361,0.18422318994998932,0.0,74.5,5.351999999999999e-05,2079
18,5.1207170486450195,0.14135514199733734,0.0,65.0,5.648999999999998e-05,1712
19,5.296658039093018,0.12979966402053833,0.25,62.0,5.945999999999999e-05,2396
20,5.222219944000244,0.12121212482452393,0.25,55.0,6.242999999999998e-05,1881
21,4.718738079071045,0.1887713521718979,0.0,47.75,6.539999999999999e-05,1229
22,4.988785743713379,0.1459992378950119,0.0,45.75,6.837e-05,5274
23,5.056425094604492,0.14273875951766968,0.0,51.0,7.133999999999999e-05,4827
24,5.140631675720215,0.14347921311855316,0.5,47.5,7.430999999999998e-05,4593
25,4.909809589385986,0.1460592895746231,0.0,45.25,7.727999999999999e-05,2766
26,5.213254928588867,0.16920989751815796,0.0,48.25,8.025e-05,2949
27,4.716712951660156,0.18552757799625397,0.0,37.75,8.321999999999999e-05,3137
28,5.290520191192627,0.13123515248298645,0.0,40.25,8.618999999999999e-05,1684
29,4.582020282745361,0.1621621549129486,0.0,43.5,8.916e-05,4292
30,4.863048553466797,0.16457858681678772,0.0,35.25,9.213e-05,1756
31,5.00449275970459,0.12744437158107758,0.5,33.75,9.51e-05,1483
32,4.598294258117676,0.16172704100608826,0.0,28.25,9.807e-05,2733
33,4.772226810455322,0.15819601714611053,0.0,33.0,0.00010103999999999998,5765
34,4.931859970092773,0.12478335946798325,0.5,30.375,0.00010400999999999999,1154
35,4.436586856842041,0.18119890987873077,0.0,18.75,0.00010697999999999998,5138
36,4.617923259735107,0.16923795640468597,0.25,23.0,0.00010994999999999999,2139
37,4.803725719451904,0.16045626997947693,0.0,27.125,0.00011292,2630
38,4.642211437225342,0.17214111983776093,0.0,22.625,0.00011589,1644
39,4.7231316566467285,0.17413441836833954,0.0,35.5,0.00011885999999999998,2946
40,4.543916702270508,0.17849545180797577,0.25,18.75,0.00012182999999999999,5171
41,4.939251899719238,0.14899712800979614,0.0,22.125,0.0001248,1047
42,4.255472183227539,0.18463219702243805,0.0,18.75,0.00012776999999999998,2746
43,4.55441951751709,0.17637044191360474,0.0,16.625,0.00013073999999999998,2937
44,4.609696865081787,0.15644001960754395,0.0,23.125,0.00013371,1809
45,4.645288944244385,0.13693398237228394,0.25,22.0,0.00013668,1833
46,4.394320011138916,0.17674508690834045,0.5,14.3125,0.00013964999999999998,5143
47,4.0734663009643555,0.23721881210803986,0.25,17.375,0.00014261999999999999,2934
48,4.527021884918213,0.17224003374576569,0.0,17.875,0.00014559,2183
49,4.534567356109619,0.13805046677589417,0.25,19.625,0.00014855999999999997,2021
50,3.7894039154052734,0.2742881178855896,0.25,20.125,0.00015152999999999998,2388
51,4.291017055511475,0.15578818321228027,0.0,16.625,0.0001545,1624
52,4.123908996582031,0.2053079605102539,0.0,13.5,0.00015747,1997
53,4.144742965698242,0.15715162456035614,0.25,14.0625,0.00016043999999999997,1629
54,4.2328200340271,0.18036265671253204,0.25,17.25,0.00016340999999999998,5184
55,4.3215718269348145,0.1733333319425583,0.0,17.5,0.00016638,2550
56,4.167516708374023,0.19164490699768066,0.25,16.875,0.00016935,1915
57,4.06373929977417,0.18119747936725616,0.25,13.1875,0.00017232,1904
58,3.933704376220703,0.2182130515575409,0.5,11.4375,0.00017528999999999998,2910
59,4.1039814949035645,0.14552238583564758,0.5,13.4375,0.00017826,1340
60,3.9718801975250244,0.20403125882148743,0.75,15.875,0.00018122999999999997,2431
61,3.7617948055267334,0.23588596284389496,0.0,15.1875,0.00018419999999999998,1789
62,3.9696719646453857,0.21899999678134918,0.25,12.0,0.00018716999999999999,3000
63,4.103006839752197,0.18763409554958344,0.0,11.5625,0.00019014,5127
64,3.7295658588409424,0.2561165988445282,1.0,21.0,0.00019310999999999997,1921
65,3.4920120239257812,0.3003770411014557,0.75,16.375,0.00019607999999999998,2387
66,4.197620391845703,0.14565643668174744,0.5,13.5,0.00019905,1531
67,4.022831916809082,0.16191156208515167,1.0,11.875,0.00020202,1402
68,3.733147621154785,0.20059657096862793,0.0,10.875,0.00020499,1341
69,4.1668267250061035,0.1751886010169983,0.25,15.0,0.00020795999999999995,2386
70,3.942876100540161,0.2111739218235016,0.75,24.5,0.00021093,3007
71,3.1008410453796387,0.3562786877155304,1.0,12.1875,0.00021389999999999997,2397
72,2.9760348796844482,0.37613919377326965,0.75,10.0625,0.00021687,2414
73,3.670470952987671,0.23994147777557373,0.5,12.75,0.00021983999999999998,2734
74,3.859557628631592,0.21778585016727448,0.5,12.125,0.00022281,5510
75,3.6273012161254883,0.20093457400798798,0.25,14.9375,0.00022578,1498
76,3.505415916442871,0.31259313225746155,0.0,21.5,0.00022875,2684
77,4.152711391448975,0.18426626920700073,0.0,17.375,0.00023171999999999998,3305
78,4.053915977478027,0.15877193212509155,0.0,17.75,0.00023469000000000002,1140
79,3.2775192260742188,0.2693677544593811,0.25,14.1875,0.00023765999999999997,2246
80,3.6447246074676514,0.22685964405536652,0.5,11.8125,0.00024062999999999995,2971
81,3.353355646133423,0.31716418266296387,0.25,17.625,0.00024359999999999999,2948
82,3.739245653152466,0.23259691894054413,0.0,10.0625,0.00024657,4798
83,3.789206027984619,0.19687162339687347,0.5,12.625,0.00024953999999999997,1854
84,3.6655306816101074,0.19402985274791718,0.0,12.0,0.00025250999999999995,1206
85,2.4988715648651123,0.45207148790359497,0.75,13.375,0.00025548,2462
86,3.4037928581237793,0.2595588266849518,0.25,8.875,0.00025844999999999997,2720
87,3.6579718589782715,0.2604651153087616,0.0,11.6875,0.00026142,2365
88,3.5768768787384033,0.2954006493091583,0.25,9.25,0.00026439,2109
89,2.330446243286133,0.5232397317886353,0.5,10.5,0.00026736,2173
90,3.821885347366333,0.19127848744392395,0.5,14.8125,0.00027033,2018
91,3.7091660499572754,0.224462628364563,0.25,10.375,0.0002733,5257
92,3.429621696472168,0.22474747896194458,0.25,10.125,0.00027627,1188
93,3.437628746032715,0.23660263419151306,0.0,7.09375,0.00027924,4945
94,3.4948275089263916,0.22832272946834564,0.25,11.6875,0.00028220999999999997,2987
95,3.509780168533325,0.2531183362007141,0.5,9.75,0.00028517999999999995,3287
96,2.1443238258361816,0.524653971195221,0.75,7.875,0.00028815,2312
97,3.1714224815368652,0.29110386967658997,0.0,9.125,0.00029111999999999996,4294
98,2.6071019172668457,0.4575504660606384,0.25,14.5,0.00029409,2874
99,3.6874587535858154,0.20142421126365662,0.0,11.6875,0.00029706,983
100,3.3998823165893555,0.27542373538017273,0.5,8.3125,0.00030002999999999996,4956
101,3.360006809234619,0.2571711242198944,0.75,8.0,0.000303,2022
102,3.533219814300537,0.21713696420192719,0.5,10.1875,0.0003059699999999999,2906
103,3.69356369972229,0.20924261212348938,0.25,10.0,0.00030894,1558
104,3.1159017086029053,0.2975989282131195,0.25,8.0625,0.00031191,2957
105,3.098670721054077,0.3175281882286072,0.75,6.8125,0.0003148799999999999,2573
106,3.356576442718506,0.22276879847049713,1.0,8.625,0.00031785,1423
107,3.361380100250244,0.24320241808891296,0.75,8.375,0.0003208199999999999,1324
108,2.814979314804077,0.38998788595199585,1.0,7.40625,0.00032378999999999996,2477
109,2.964447498321533,0.3286663591861725,1.0,8.125,0.00032675999999999994,4214
110,3.060059070587158,0.3174963891506195,0.75,6.125,0.00032973,4841
111,3.0493597984313965,0.3121810555458069,0.5,6.875,0.00033269999999999996,4507
112,2.933422327041626,0.4065449833869934,0.5,9.6875,0.00033567,1589
113,3.202030658721924,0.3195444941520691,1.0,15.3125,0.00033863999999999997,4303
114,2.8360793590545654,0.40210896730422974,0.75,8.875,0.00034161,2845
115,2.9311320781707764,0.34276795387268066,0.75,7.65625,0.00034458,4805
116,2.955051898956299,0.33225980401039124,0.75,6.75,0.0003475499999999999,3726
117,3.4144070148468018,0.22536182403564453,0.75,7.65625,0.00035052,1451
118,3.026979923248291,0.2663847804069519,0.75,6.71875,0.0003534899999999999,1419
119,3.135631799697876,0.2733134925365448,1.0,8.25,0.00035645999999999996,2016
120,2.890667200088501,0.2976653575897217,0.75,5.25,0.00035942999999999994,1542
121,2.9032745361328125,0.298758864402771,0.75,6.59375,0.00036239999999999997,1128
122,2.7546026706695557,0.3023017942905426,0.75,5.84375,0.00036536999999999995,1955
123,3.030181407928467,0.3378545045852661,1.0,9.75,0.00036834,2433
124,2.7644290924072266,0.3340455889701843,1.0,6.78125,0.00037130999999999997,2808
125,2.8269155025482178,0.37870949506759644,1.0,7.5,0.00037428,3673
126,2.5687739849090576,0.39317840337753296,1.0,7.59375,0.00037725,2668
127,2.7392215728759766,0.39263802766799927,1.0,6.03125,0.0003802199999999999,3097
128,2.4902045726776123,0.42487046122550964,1.0,6.09375,0.00038319,2895
129,2.7440152168273926,0.3161486089229584,0.75,6.9375,0.0003861599999999999,1319
130,2.756523370742798,0.3471248149871826,0.75,6.03125,0.00038912999999999996,5704
131,2.4052200317382812,0.46517413854599,0.75,6.09375,0.00039209999999999994,3216
132,2.65891432762146,0.4506283700466156,0.75,6.46875,0.00039506999999999997,2228
133,2.516383409500122,0.46327924728393555,0.0,8.5625,0.00039803999999999995,2342
134,2.694002151489258,0.36306533217430115,0.75,6.96875,0.00040101,1592
135,2.753789186477661,0.35848724842071533,0.5,5.9375,0.00040397999999999996,5685
136,2.620824098587036,0.3768257200717926,0.25,5.09375,0.00040695,2054
137,2.4831981658935547,0.38912856578826904,0.75,6.15625,0.0004099199999999999,5795
138,2.7342169284820557,0.33510473370552063,0.25,4.53125,0.00041289,3199
139,2.7286951541900635,0.3707214295864105,0.5,8.3125,0.00041586,1899
140,2.965437412261963,0.26921170949935913,0.75,6.5625,0.0004188299999999999,2017
141,2.750519037246704,0.3190596103668213,0.5,6.21875,0.00042179999999999995,1191
142,2.145810127258301,0.5057703256607056,0.5,5.6875,0.00042477,3466
143,2.1502068042755127,0.5001828074455261,0.25,6.1875,0.00042774,2735
144,2.0958828926086426,0.526416003704071,0.25,4.75,0.00043070999999999995,2101
145,2.5510523319244385,0.3473644256591797,0.75,6.96875,0.00043368,2637
146,2.3535470962524414,0.3960968554019928,1.0,4.90625,0.00043665,2767
147,2.586866855621338,0.30000001192092896,0.75,5.09375,0.00043962,1530
148,2.6932590007781982,0.2931641936302185,0.5,5.15625,0.00044259,1419
149,1.7567100524902344,0.6282438039779663,0.25,6.1875,0.00044556,1657
150,2.334167718887329,0.39513492584228516,0.5,4.96875,0.00044852999999999994,4892
151,2.3872010707855225,0.42534855008125305,0.75,4.96875,0.00045149999999999997,3945
152,2.3648757934570312,0.35759493708610535,0.5,4.4375,0.00045447,1264
153,1.4333703517913818,0.6731784343719482,0.5,4.34375,0.00045743999999999993,1894
154,2.0398006439208984,0.5231353640556335,0.0,4.40625,0.00046040999999999996,2896
155,2.2855474948883057,0.3977433145046234,0.25,5.1875,0.00046338,4963
156,2.434278964996338,0.3547782599925995,0.25,4.8125,0.00046635,1601
157,2.077874183654785,0.42196163535118103,0.0,3.234375,0.00046931999999999996,4690
158,1.4283839464187622,0.6771014332771301,0.25,4.75,0.00047229,1725
159,2.069723129272461,0.43891558051109314,0.5,4.1875,0.0004752599999999999,2914
160,2.3764731884002686,0.3968504071235657,0.0,5.15625,0.00047822999999999995,2540
161,2.1110169887542725,0.4649425148963928,0.5,5.96875,0.0004812,1740
162,1.9886972904205322,0.42326781153678894,0.5,4.8125,0.0004841699999999999,5037
163,2.0760750770568848,0.449425607919693,0.5,4.8125,0.00048713999999999995,3569
164,1.6392616033554077,0.56998211145401,0.5,5.78125,0.00049011,1679
165,2.3191134929656982,0.3619197607040405,0.0,4.0,0.0004930799999999999,1271
166,2.2081711292266846,0.3914373219013214,0.75,5.09375,0.0004960499999999999,1962
167,2.0228772163391113,0.4343912899494171,1.0,3.875,0.00049902,2111
168,2.2306582927703857,0.44692105054855347,0.25,5.0625,0.00050199,2647
169,2.186094045639038,0.4077976942062378,0.25,4.9375,0.0005049599999999999,949
170,1.9939268827438354,0.45056602358818054,0.5,3.734375,0.00050793,1325
171,2.2524633407592773,0.35246995091438293,0.5,3.65625,0.0005109,1498
172,2.216355562210083,0.4050218462944031,0.25,3.9375,0.0005138699999999999,5496
173,2.240368366241455,0.4378963112831116,0.25,5.625,0.00051684,2681
174,1.7773534059524536,0.5127182006835938,1.0,7.09375,0.00051981,2005
175,2.11962890625,0.413774698972702,0.5,3.921875,0.0005227799999999999,1873
176,2.1256794929504395,0.4312703609466553,0.75,5.03125,0.00052575,3070
177,2.1304214000701904,0.3951302766799927,0.5,4.75,0.00052872,4682
178,2.3365306854248047,0.32827475666999817,0.0,3.890625,0.0005316899999999999,1252
179,2.396411895751953,0.3138373792171478,0.25,4.25,0.00053466,1402
180,1.923673152923584,0.4256249964237213,0.25,3.09375,0.00053763,1600
181,1.843064308166504,0.5488590002059937,0.0,6.84375,0.0005405999999999999,1709
182,2.1183524131774902,0.46524709463119507,0.5,6.28125,0.00054357,2489
183,2.0806849002838135,0.4724258780479431,0.75,4.375,0.00054654,3137
184,2.1969308853149414,0.3766169250011444,0.25,4.1875,0.0005495099999999999,2010
185,2.1068294048309326,0.4104984998703003,1.0,5.1875,0.0005524799999999999,2648
186,2.1667120456695557,0.4162754416465759,0.0,4.5,0.00055545,2556
187,1.7753053903579712,0.5409476161003113,0.5,2.8125,0.0005584199999999999,3187
188,1.9773262739181519,0.4625314772129059,0.5,3.515625,0.0005613899999999999,3176
189,2.1449503898620605,0.4158640205860138,1.0,5.53125,0.00056436,1765
190,1.8188365697860718,0.5184515118598938,0.25,3.078125,0.0005673299999999999,2764
191,1.79276704788208,0.5098956227302551,0.5,4.625,0.0005702999999999999,2779
192,2.1436922550201416,0.39036285877227783,1.0,4.15625,0.00057327,5126
193,1.6038559675216675,0.5729303359985352,1.0,2.640625,0.0005762399999999999,3044
194,1.6296721696853638,0.5440719127655029,0.5,3.234375,0.0005792099999999999,2893
195,2.3567566871643066,0.46087512373924255,1.0,9.25,0.00058218,3131
196,2.466280460357666,0.305673748254776,0.5,4.46875,0.00058515,1410
197,2.0832252502441406,0.3959731459617615,1.0,3.3125,0.0005881199999999999,5066
198,1.9449926614761353,0.42913833260536194,0.75,3.53125,0.00059109,1764
199,1.5739216804504395,0.5578304529190063,0.5,2.703125,0.00059406,2784
200,1.8225444555282593,0.45017874240875244,0.25,2.609375,0.0005970299999999999,4476
201,1.877600908279419,0.5001819133758545,0.5,4.3125,0.0006,2749
202,1.9445370435714722,0.4544641375541687,0.5,2.421875,0.0005999999567251304,5589
203,1.8165560960769653,0.46602368354797363,0.5,2.875,0.0005999998269005342,4562
204,2.0060110092163086,0.504260241985321,0.5,3.8125,0.0005999996105262496,2582
205,2.1229310035705566,0.4283854067325592,0.0,3.015625,0.0005999993076023401,3840
206,1.652093529701233,0.5430579781532288,0.75,2.984375,0.0005999989181288946,2845
207,1.6060138940811157,0.605083703994751,0.5,4.5625,0.0005999984421060272,1613
208,1.5999804735183716,0.5532729625701904,0.5,2.140625,0.0005999978795338777,2872
209,1.744192361831665,0.5460212826728821,0.25,2.71875,0.0005999972304126111,2727
210,1.7429708242416382,0.4956584572792053,0.0,3.296875,0.0005999964947424178,2764
211,1.8706738948822021,0.46876055002212524,0.0,3.15625,0.0005999956725235137,2961
212,1.6199313402175903,0.5684795379638672,0.25,2.703125,0.0005999947637561401,2519
213,2.094902515411377,0.43109723925590515,0.75,3.84375,0.0005999937684405635,1923
214,2.3483080863952637,0.3305322229862213,0.5,3.984375,0.0005999926865770759,1428
215,1.7520382404327393,0.4985087215900421,1.0,5.15625,0.0005999915181659948,2347
216,2.622267961502075,0.2969187796115875,0.75,3.828125,0.000599990263207663,1071
217,1.6689453125,0.5960768461227417,0.5,3.6875,0.0005999889217024487,2498
218,2.3266654014587402,0.36347031593322754,0.25,4.125,0.0005999874936507453,1095
219,1.9895756244659424,0.4365221858024597,0.5,2.453125,0.000599985979052972,3899
220,2.1799283027648926,0.32189464569091797,0.0,3.890625,0.0005999843779095731,2069
221,1.484601616859436,0.6488915681838989,0.25,3.09375,0.0005999826902210184,1669
222,1.9482574462890625,0.45343929529190063,0.25,3.21875,0.0005999809159878027,4027
223,1.8081862926483154,0.5028154850006104,0.0,3.03125,0.000599979055210447,3019
224,1.687833309173584,0.5122296810150146,0.0,2.5,0.0005999771078894972,2821
225,1.9849698543548584,0.42653509974479675,0.25,2.46875,0.0005999750740255243,1824
226,1.9985899925231934,0.42134830355644226,0.25,4.03125,0.0005999729536191252,534
227,2.086348295211792,0.4014195501804352,0.25,3.171875,0.000599970746670922,1268
228,1.8418070077896118,0.4897174835205078,0.0,3.234375,0.0005999684531815622,5203
229,2.0120787620544434,0.43576568365097046,0.0,2.3125,0.0005999660731517187,1946
230,1.7385114431381226,0.4980411231517792,0.0,1.9296875,0.0005999636065820898,2042
231,1.8398942947387695,0.4763299226760864,0.5,3.140625,0.0005999610534733991,2049
232,2.305887460708618,0.3580246865749359,0.25,2.9375,0.0005999584138263956,1053
233,1.7861541509628296,0.5209256410598755,0.0,2.984375,0.0005999556876418538,2031
234,2.1063599586486816,0.3769923746585846,0.75,3.265625,0.0005999528749205737,1443
235,1.6960537433624268,0.5247933864593506,0.0,4.21875,0.0005999499756633801,1694
236,1.832747220993042,0.48065418004989624,0.5,2.90625,0.0005999469898711239,2507
237,2.22029185295105,0.38856062293052673,0.5,3.828125,0.0005999439175446813,4231
238,2.0369062423706055,0.4032825231552124,0.5,2.421875,0.0005999407586849534,1706
239,2.0844573974609375,0.3536404073238373,0.5,2.25,0.0005999375132928669,1346
240,1.9419337511062622,0.4092307686805725,0.0,2.6875,0.0005999341813693743,4225
241,1.969460129737854,0.41540488600730896,0.25,2.515625,0.0005999307629154527,1519
242,1.597442626953125,0.5743418335914612,0.25,2.890625,0.0005999272579321055,2697
243,2.2935128211975098,0.3625592291355133,0.25,2.8125,0.0005999236664203606,1266
244,2.3358561992645264,0.34895360469818115,0.25,2.984375,0.0005999199883812721,2198
245,1.897705316543579,0.4309613108634949,0.25,3.46875,0.0005999162238159188,4005
246,2.0213825702667236,0.4308471977710724,0.75,2.890625,0.0005999123727254053,1381
247,2.1365694999694824,0.41503268480300903,0.5,2.5,0.0005999084351108615,1224
248,1.7287770509719849,0.5420065522193909,0.25,3.046875,0.0005999044109734426,2452
249,1.9119516611099243,0.4790913760662079,0.5,3.703125,0.0005999003003143292,1937
250,1.619075894355774,0.5557917356491089,1.0,2.9375,0.0005998961031347275,2823
251,1.8019394874572754,0.4627014398574829,0.5,2.65625,0.0005998918194358686,6019
252,2.0632946491241455,0.37598735094070435,0.75,2.234375,0.0005998874492190097,1899
253,1.4679627418518066,0.570629894733429,1.0,1.921875,0.0005998829924854326,2683
254,2.2408089637756348,0.3449999988079071,0.75,3.8125,0.000599878449236445,1200
255,1.8334224224090576,0.4509727656841278,1.0,2.65625,0.0005998738194733799,2570
256,1.9027774333953857,0.4347417950630188,0.25,2.4375,0.0005998691031975954,5325
257,1.5926755666732788,0.5513308048248291,0.0,2.5625,0.0005998643004104754,1841
258,1.4827510118484497,0.604975700378418,0.0,2.96875,0.0005998594111134291,1648
259,1.6710114479064941,0.5121428370475769,0.75,2.484375,0.0005998544353078907,1400
260,1.5031167268753052,0.5880597233772278,0.0,3.046875,0.0005998493729953202,2345
261,1.6227883100509644,0.5276907086372375,0.25,2.015625,0.0005998442241772028,2871
262,1.7797861099243164,0.45072034001350403,0.5,2.09375,0.000599838988855049,4373
263,1.6019740104675293,0.5448085069656372,0.25,1.8359375,0.0005998336670303949,2533
264,1.619644045829773,0.5220949053764343,0.5,1.7734375,0.000599828258704802,3055
265,1.7746325731277466,0.44784876704216003,0.75,2.25,0.0005998227638798567,1534
266,1.5654985904693604,0.5323691368103027,0.5,2.90625,0.0005998171825571713,2904
267,1.7662638425827026,0.45479658246040344,0.5,2.390625,0.0005998115147383834,3982
268,1.947399616241455,0.4225589334964752,0.5,2.65625,0.0005998057604251558,1782
269,1.68937087059021,0.4607125520706177,0.5,3.59375,0.0005997999196191766,2049
270,1.462896466255188,0.6090225577354431,0.75,2.890625,0.0005997939923221597,2261
271,1.5580096244812012,0.5778279304504395,1.0,2.421875,0.0005997879785358439,3103
272,1.4525706768035889,0.5878172516822815,0.5,1.578125,0.0005997818782619936,2955
273,1.3512732982635498,0.5875202417373657,0.25,2.640625,0.0005997756915023987,2468
274,1.8383145332336426,0.446363627910614,0.75,2.515625,0.0005997694182588741,1100
275,1.8897974491119385,0.4631028473377228,0.5,3.421875,0.0005997630585332605,1721
276,1.5477625131607056,0.5503401160240173,0.25,2.375,0.0005997566123274237,2940
277,1.9240946769714355,0.3804780840873718,0.5,3.546875,0.000599750079643255,1004
278,1.95106041431427,0.4415651857852936,0.75,2.234375,0.0005997434604826708,3859
279,1.752495527267456,0.49952763319015503,0.25,1.9296875,0.0005997367548476133,4234
280,1.9649022817611694,0.4160756468772888,0.75,2.296875,0.0005997299627400498,1692
281,1.427598237991333,0.6116653680801392,0.5,2.25,0.0005997230841619731,2606
282,1.627877116203308,0.5601750612258911,0.25,2.78125,0.0005997161191154011,1828
283,2.236757278442383,0.512922465801239,0.0,5.3125,0.0005997090676023775,2515
284,1.1354435682296753,0.6656652092933655,0.0,2.6875,0.0005997019296249711,2330
285,2.0474143028259277,0.4099920690059662,0.25,2.65625,0.0005996947051852758,1261
286,1.124121069908142,0.6481958627700806,0.0,14.625,0.0005996873942854117,2328
287,2.547724485397339,0.3463917672634125,0.25,3.546875,0.0005996799969275233,970
288,1.5648044347763062,0.5240660905838013,0.75,2.5,0.000599672513113781,2784
289,1.2117539644241333,0.672623872756958,0.0,2.8125,0.0005996649428463807,2462
290,1.556264877319336,0.5655296444892883,0.25,2.390625,0.0005996572861275431,2785
291,1.4648431539535522,0.6183121800422668,0.75,2.765625,0.0005996495429595148,1813
292,1.8135440349578857,0.4487358033657074,0.25,2.390625,0.0005996417133445675,5023
293,1.9022612571716309,0.4462151527404785,0.0,3.0625,0.0005996337972849982,1757
294,2.1853082180023193,0.3698113262653351,0.25,4.21875,0.0005996257947831297,1590
295,1.7512927055358887,0.491104394197464,0.25,3.046875,0.0005996177058413097,2979
296,1.102433204650879,0.7067221999168396,0.75,2.5,0.0005996095304619112,1681
297,1.8028409481048584,0.4734799563884735,0.25,2.265625,0.0005996012686473331,1546
298,1.1488499641418457,0.6871718168258667,0.75,1.71875,0.000599592920399999,2666
299,1.2875292301177979,0.6346615552902222,0.5,2.515625,0.0005995844857223584,2083
300,1.412814736366272,0.6162387132644653,0.25,3.875,0.0005995759646168859,2882
301,2.1235337257385254,0.3691529631614685,0.5,3.328125,0.0005995673570860814,2373
302,1.770469069480896,0.4670846462249756,0.25,2.140625,0.0005995586631324704,5423
303,1.5539500713348389,0.5304026007652283,0.25,2.921875,0.0005995498827586036,2434
304,1.5138485431671143,0.5818315744400024,0.25,2.109375,0.000599541015967057,2719
305,1.4740601778030396,0.5860369801521301,0.25,2.0,0.000599532062760432,2435
306,1.4445366859436035,0.5716342926025391,0.75,2.328125,0.0005995230231413554,2778
307,2.0173227787017822,0.40424060821533203,0.0,3.109375,0.0005995138971124792,4339
308,1.7334219217300415,0.4617486298084259,0.25,2.5625,0.0005995046846764811,1830
309,1.7867358922958374,0.4727272689342499,0.75,2.375,0.000599495385836064,1925
310,1.640265941619873,0.5116426944732666,0.0,2.25,0.0005994860005939556,4724
311,1.7644656896591187,0.4631125330924988,0.0,2.625,0.00059947652895291,1857
312,1.1028988361358643,0.6942528486251831,0.25,2.0625,0.0005994669709157056,1740
313,2.0544328689575195,0.41904300451278687,0.25,2.453125,0.0005994573264851469,4138
314,2.092207670211792,0.3943060636520386,0.25,2.46875,0.0005994475956640635,1405
315,1.8957768678665161,0.466928094625473,0.5,2.03125,0.0005994377784553101,3825
316,0.914879560470581,0.7400918006896973,0.75,1.5234375,0.000599427874861767,2397
317,1.7055549621582031,0.5040152668952942,0.0,2.84375,0.0005994178848863401,2615
318,1.6281933784484863,0.49668535590171814,0.75,2.796875,0.00059940780853196,1961
319,1.4534715414047241,0.5732529163360596,0.25,1.96875,0.000599397645801583,2819
320,1.7193859815597534,0.4747474789619446,0.5,1.8671875,0.0005993873966981911,1980
321,1.4300236701965332,0.5847728848457336,0.75,1.5234375,0.0005993770612247909,3126
322,0.968679666519165,0.7313840389251709,0.5,1.6171875,0.0005993666393844147,2565
323,1.4963030815124512,0.528623640537262,0.75,1.921875,0.0005993561311801205,3284
324,1.825605869293213,0.4326309561729431,0.75,1.6875,0.0005993455366149909,5173
325,1.2841179370880127,0.6144869327545166,0.75,1.734375,0.0005993348556921346,2485
326,1.7949210405349731,0.4921993017196655,0.5,1.734375,0.000599324088414685,1987
327,1.4120033979415894,0.5346916317939758,1.0,2.3125,0.000599313234785801,1816
328,1.7361774444580078,0.46483179926872253,0.5,2.25,0.0005993022948086674,4578
329,1.7718760967254639,0.4874015748500824,0.5,2.234375,0.0005992912684864934,3810
330,1.6080825328826904,0.5150675177574158,0.25,1.75,0.0005992801558225143,5774
331,1.6473348140716553,0.4777393341064453,0.0,1.8359375,0.0005992689568199902,4335
332,1.578009843826294,0.5168657302856445,0.0,1.2109375,0.0005992576714822069,4773
333,1.266391396522522,0.6319018602371216,0.75,1.5078125,0.0005992462998124753,2934
334,2.063859224319458,0.3953045606613159,0.0,2.390625,0.0005992348418141319,1576
335,1.2955833673477173,0.6335113644599915,0.25,1.9921875,0.0005992232974905382,2996
336,2.035996675491333,0.39753401279449463,0.0,2.6875,0.0005992116668450812,2352
337,1.2037845849990845,0.6672845482826233,0.0,2.84375,0.0005991999498811733,2158
338,1.2169878482818604,0.6878378391265869,0.25,2.09375,0.000599188146602252,2220
339,1.3049930334091187,0.6188841462135315,0.5,1.953125,0.0005991762570117802,2330
340,1.6115647554397583,0.5206266045570374,1.0,2.171875,0.0005991642811132465,1915
341,1.7558040618896484,0.4544656574726105,0.5,1.8515625,0.0005991522189101641,4557
342,1.2849634885787964,0.629755437374115,1.0,1.6484375,0.0005991400704060722,2944
343,1.7118782997131348,0.4793447256088257,0.25,1.8828125,0.0005991278356045349,1404
344,1.389599084854126,0.5753685235977173,0.5,1.4609375,0.0005991155145091417,2103
345,1.7615000009536743,0.4384461045265198,0.5,1.53125,0.0005991031071235076,5483
346,1.469032883644104,0.5577419400215149,0.25,1.609375,0.0005990906134512727,3100
347,1.5816441774368286,0.5101528763771057,0.25,1.375,0.0005990780334961026,4383
348,1.2488237619400024,0.6199630498886108,0.25,1.40625,0.0005990653672616879,2705
349,1.219481110572815,0.6382128596305847,0.5,1.2890625,0.0005990526147517452,2753
350,1.466362476348877,0.6020466089248657,0.25,2.453125,0.0005990397759700155,1759
351,1.7214239835739136,0.4970738887786865,0.5,1.7421875,0.0005990268509202657,2734
352,1.9961016178131104,0.3823924660682678,0.75,2.3125,0.0005990138396062878,1488
353,1.6905829906463623,0.46872493624687195,0.5,2.265625,0.0005990007420318993,4988
354,1.0785611867904663,0.6887450218200684,0.0,2.375,0.0005989875582009429,2008
355,1.3615785837173462,0.559451699256897,0.5,1.7578125,0.0005989742881172864,3137
356,1.6140416860580444,0.5109649300575256,0.75,2.0,0.0005989609317848232,2280
357,1.370102047920227,0.5669841170310974,0.0,1.7578125,0.0005989474892074721,1575
358,1.480981469154358,0.512665867805481,0.5,2.75,0.0005989339603891768,1658
359,1.3070032596588135,0.6214313507080078,0.0,2.65625,0.0005989203453339063,2557
360,1.7024996280670166,0.5019656419754028,0.5,2.0625,0.0005989066440456554,4833
361,1.5974262952804565,0.5199897885322571,0.25,1.796875,0.0005988928565284439,3927
362,0.9309676885604858,0.7220858931541443,0.5,2.234375,0.0005988789827863169,1630
363,1.462029218673706,0.5429512858390808,0.75,1.2734375,0.0005988650228233447,4249
364,1.1166324615478516,0.7209834456443787,0.0,2.28125,0.000598850976643623,1749
365,0.9465271830558777,0.7386258244514465,1.0,1.8984375,0.0005988368442512729,2154
366,1.472977876663208,0.5465173721313477,0.5,1.7421875,0.0005988226256504406,6073
367,1.6904774904251099,0.4800700843334198,0.25,1.6015625,0.0005988083208452977,4566
368,1.6591848134994507,0.5001533031463623,0.75,166.0,0.0005987939298400411,3261
369,1.3714878559112549,0.612037718296051,0.75,2.296875,0.000598779452638893,2758
370,1.4794427156448364,0.5462385416030884,0.25,1.8046875,0.0005987648892461007,5450
371,0.8507145643234253,0.7653731107711792,0.5,1.7890625,0.000598750239665937,1675
372,1.3879393339157104,0.6209290027618408,0.5,1.6796875,0.0005987355039027,1873
373,1.5665532350540161,0.5069828629493713,0.5,1.7890625,0.000598720681960713,3795
374,1.887431263923645,0.4293394684791565,0.5,2.515625,0.0005987057738443246,1302
375,1.5965564250946045,0.5446327924728394,0.75,2.359375,0.0005986907795579085,1770
376,1.3834925889968872,0.6106995940208435,0.25,2.15625,0.000598675699105864,2430
377,1.9992010593414307,0.4159468412399292,0.75,2.09375,0.0005986605324926157,1505
378,1.6656650304794312,0.46629416942596436,0.5,1.3359375,0.000598645279722613,5548
379,1.9445216655731201,0.4041184186935425,0.75,1.7734375,0.000598629940800331,1554
380,0.908890962600708,0.7509386539459229,1.0,1.9296875,0.0005986145157302701,1598
381,1.1665701866149902,0.6633480787277222,0.5,2.875,0.0005985990045169557,2712
382,1.321340799331665,0.6073298454284668,0.75,1.4140625,0.0005985834071649388,2865
383,1.3053390979766846,0.6287015676498413,0.25,2.21875,0.0005985677236787953,2195
384,1.6670056581497192,0.48592910170555115,0.0,1.7734375,0.0005985519540631266,4655
385,1.4648793935775757,0.5425220131874084,0.0,1.8671875,0.0005985360983225594,2728
386,2.0249106884002686,0.39616858959198,0.75,2.546875,0.0005985201564617455,1305
387,1.0442347526550293,0.6855688691139221,0.5,1.390625,0.0005985041284853622,2751
388,1.2756365537643433,0.6096681356430054,0.5,1.515625,0.0005984880143981118,2772
389,1.995347023010254,0.43966546654701233,0.0,3.46875,0.000598471814204722,837
390,1.4564425945281982,0.5150932669639587,0.0,1.53125,0.0005984555279099459,5201
391,1.1406073570251465,0.6554087400436401,0.25,2.15625,0.0005984391555185617,2043
392,1.6226907968521118,0.4907470941543579,0.5,2.203125,0.0005984226970353726,1459
393,1.519313931465149,0.5401759743690491,0.25,1.65625,0.0005984061524652077,1705
394,1.8118358850479126,0.4168820083141327,0.25,2.40625,0.0005983895218129206,1161
395,1.037530779838562,0.6902689933776855,0.75,1.640625,0.0005983728050833911,2528
396,2.2310047149658203,0.3924843370914459,0.25,3.453125,0.0005983560022815233,479
397,1.6581918001174927,0.5078391432762146,0.75,2.140625,0.000598339113412247,2934
398,0.9834477305412292,0.7094307541847229,0.25,1.84375,0.0005983221384805172,2354
399,1.8845746517181396,0.47085610032081604,0.0,2.375,0.0005983050774913142,2196
400,0.8751038312911987,0.7294706106185913,0.75,1.8671875,0.0005982879304496435,2399
401,1.0821961164474487,0.6990251541137695,0.25,1.8125,0.000598270697360536,2462
402,1.0472347736358643,0.6916764378547668,0.75,1.90625,0.0005982533782290476,2559
403,1.556743860244751,0.48556381464004517,0.5,1.203125,0.0005982359730602592,5507
404,1.7159260511398315,0.4582172632217407,0.5,2.25,0.0005982184818592779,1436
405,1.4363211393356323,0.554122269153595,0.5,1.828125,0.000598200904631235,1783
406,0.8981845378875732,0.7487257719039917,0.25,1.6953125,0.0005981832413812876,1962
407,1.793757677078247,0.4663967490196228,0.5,3.75,0.0005981654921146179,1235
408,0.7777242064476013,0.7756463885307312,0.0,1.8828125,0.0005981476568364334,2398
409,1.2683976888656616,0.6290006637573242,1.0,1.6328125,0.0005981297355519665,3062
410,1.2710953950881958,0.5947075486183167,0.75,1.828125,0.0005981117282664755,1436
411,1.245314359664917,0.6149425506591797,0.75,1.515625,0.0005980936349852433,2784
412,1.0550501346588135,0.6641414165496826,0.5,1.296875,0.0005980754557135782,2772
413,1.5389955043792725,0.5288073420524597,0.0,1.875,0.0005980571904568139,5450
414,1.7088931798934937,0.5,0.5,2.3125,0.0005980388392203093,1534
415,1.6083108186721802,0.5264779925346375,0.75,1.9921875,0.0005980204020094484,3569
416,1.679836630821228,0.5230511426925659,0.25,1.5234375,0.0005980018788296405,2386
417,1.2069499492645264,0.6269101500511169,0.5,1.5390625,0.00059798326968632,2683
418,1.1398078203201294,0.6541326642036438,0.75,1.5234375,0.0005979645745849467,2819
419,1.560562252998352,0.5245136022567749,0.75,2.453125,0.0005979457935310053,2570
420,1.5150985717773438,0.5391634702682495,0.75,2.21875,0.0005979269265300064,3945
421,1.2451057434082031,0.6334043145179749,0.75,1.734375,0.000597907973587485,3287
422,1.5309375524520874,0.5161349773406982,0.5,1.421875,0.0005978889347090019,5423
423,1.4563391208648682,0.5396918058395386,0.25,1.015625,0.0005978698099001428,5127
424,1.2970749139785767,0.5882675647735596,0.0,1.9765625,0.0005978505991665186,1824
425,1.5772337913513184,0.4949401915073395,0.5,1.7578125,0.0005978313025137657,3261
426,1.3629339933395386,0.5983971357345581,0.5,1.84375,0.0005978119199475455,2246
427,1.466881513595581,0.5085312128067017,0.25,1.3125,0.0005977924514735445,5685
428,1.6003022193908691,0.49890807271003723,0.0,1.71875,0.0005977728970974748,5037
429,1.3303558826446533,0.5644171833992004,0.5,1.765625,0.0005977532568250731,2934
430,0.9676536917686462,0.7190786004066467,0.25,1.96875,0.0005977335306621019,1997
431,1.8191980123519897,0.4264870882034302,0.5,2.109375,0.0005977137186143484,1782
432,1.7242530584335327,0.47089552879333496,0.25,1.9375,0.0005976938206876254,1340
433,1.1808639764785767,0.663479208946228,0.25,1.7265625,0.0005976738368877708,2719
434,1.1333832740783691,0.6613463163375854,0.0,2.484375,0.0005976537672206475,2882
435,0.7284250855445862,0.7804877758026123,0.0,2.015625,0.0005976336116921437,2173
436,0.9581738710403442,0.7066875100135803,0.75,1.25,0.000597613370308173,2557
437,1.3594810962677002,0.5974498987197876,0.5,1.9296875,0.0005975930430746737,2196
438,1.471303939819336,0.5512405633926392,0.75,2.140625,0.0005975726299976098,1854
439,1.1718547344207764,0.6174982190132141,0.75,2.15625,0.0005975521310829703,2766
440,0.6754744648933411,0.8153288960456848,0.75,1.546875,0.0005975315463367692,1657
441,1.611180067062378,0.493745893239975,0.5,2.125,0.0005975108757650459,4557
442,1.0010442733764648,0.693536102771759,0.75,2.0,0.000597490119373865,2630
443,1.2974027395248413,0.6364452242851257,0.75,2.1875,0.0005974692771693159,2228
444,1.5437519550323486,0.5078299641609192,0.5,1.90625,0.0005974483491575139,1341
445,0.7510971426963806,0.7706032395362854,0.75,1.3046875,0.0005974273353445988,2354
446,1.5365570783615112,0.5278725624084473,0.5,2.015625,0.0005974062357367358,2637
447,1.4840106964111328,0.5424941778182983,0.5,1.9453125,0.0005973850503401153,5589
448,0.7176928520202637,0.7977386713027954,1.0,1.796875,0.000597363779160953,2388
449,1.3944592475891113,0.5819088220596313,0.75,1.4296875,0.0005973424222054896,2808
450,1.3725019693374634,0.5841503143310547,0.75,1.640625,0.0005973209794799909,1224
451,1.4316155910491943,0.5315651297569275,0.5,1.6171875,0.0005972994509907479,4562
452,1.565295696258545,0.5122663378715515,1.0,1.6953125,0.000597277836744077,1712
453,1.2832459211349487,0.6183461546897888,0.75,1.8359375,0.0005972561367463195,2987
454,1.3691575527191162,0.5779895782470703,0.75,2.484375,0.0005972343510038419,1154
455,1.1464589834213257,0.6955345273017883,0.25,3.046875,0.0005972124795230359,2956
456,1.4209853410720825,0.5552063584327698,0.25,1.484375,0.0005971905223103184,4773
457,0.5501460433006287,0.8405136466026306,1.0,1.7109375,0.0005971684793721314,2414
458,1.0163534879684448,0.698924720287323,1.0,1.859375,0.000597146350714942,2697
459,0.895909309387207,0.7369020581245422,0.25,1.7890625,0.0005971241363452427,1756
460,1.0850272178649902,0.6746442317962646,0.5,2.234375,0.0005971018362695507,1546
461,1.0705370903015137,0.6694214940071106,0.75,1.1953125,0.0005970794504944087,2904
462,1.4344072341918945,0.5495132803916931,0.75,1.6484375,0.0005970569790263844,2979
463,1.4591683149337769,0.5531395673751831,0.25,1.7109375,0.0005970344218720707,4507
464,1.3028324842453003,0.6227569580078125,0.25,2.578125,0.0005970117790380856,2452
465,1.2077287435531616,0.6142610311508179,0.25,1.2109375,0.0005969890505310724,5203
466,1.3396950960159302,0.5824035406112671,0.75,1.5390625,0.0005969662363576992,3137
467,0.47354066371917725,0.8743192553520203,0.0,1.3203125,0.0005969433365246595,2387
468,0.9269804954528809,0.7059245705604553,0.5,1.5546875,0.0005969203510386719,2785
469,1.5745463371276855,0.4792719781398773,0.25,2.15625,0.00059689727990648,4945
470,1.3748923540115356,0.5753955245018005,0.75,2.265625,0.0005968741231348527,3097
471,0.7665989995002747,0.7852062582969666,0.5,1.3984375,0.0005968508807305841,2109
472,1.1410998106002808,0.6696578860282898,1.0,1.75,0.0005968275527004928,1783
473,0.6185292601585388,0.8307849168777466,0.25,1.1484375,0.0005968041390514233,1962
474,1.6374613046646118,0.4799090325832367,0.75,2.015625,0.0005967806397902449,1319
475,1.0089091062545776,0.6757068634033203,1.0,1.265625,0.000596757054923852,3466
476,1.3818798065185547,0.5777778029441833,1.0,1.5625,0.0005967333844591641,3825
477,1.6173404455184937,0.5127272605895996,0.5,2.234375,0.0005967096284031259,1100
478,1.4844975471496582,0.5492957830429077,1.0,1.8203125,0.0005966857867627071,2556
479,0.7710051536560059,0.7669903039932251,1.0,2.125,0.0005966618595449027,1648
480,1.405267357826233,0.5616933107376099,0.5,2.203125,0.0005966378467567325,1937
481,0.8804513812065125,0.763405442237854,0.75,2.34375,0.0005966137484052418,2126
482,2.056840658187866,0.3843991458415985,0.5,2.53125,0.0005965895644975006,1423
483,0.9433336853981018,0.7161329984664917,1.0,1.984375,0.0005965652950406043,1624
484,1.4050019979476929,0.5489715933799744,0.0,1.84375,0.0005965409400416732,2042
485,1.2691497802734375,0.5891929268836975,0.0,1.453125,0.0005965164995078529,5774
486,0.8221609592437744,0.7523744702339172,1.0,2.625,0.0005964919734463138,2948
487,1.619634985923767,0.5065885782241821,0.75,1.875,0.0005964673618642518,2049
488,1.4082390069961548,0.5500667691230774,0.75,1.953125,0.0005964426647688876,1498
489,1.6502660512924194,0.4601322412490845,0.5,2.5,0.000596417882167467,5142
490,1.0499272346496582,0.6712042093276978,0.75,1.5625,0.000596393014067261,2865
491,1.293489933013916,0.5802896618843079,0.5,1.515625,0.0005963680604755655,3176
492,1.6971333026885986,0.4740646183490753,1.0,2.015625,0.0005963430213997018,2352
493,1.2496212720870972,0.6114006638526917,0.75,1.984375,0.0005963178968470159,3070
494,1.1543926000595093,0.6561403274536133,0.5,1.9140625,0.0005962926868248792,1140
495,0.7419070601463318,0.7851199507713318,0.75,1.546875,0.000596267391340688,2043
496,0.5551884174346924,0.8549432754516602,0.75,1.0703125,0.0005962420104018636,2468
497,1.8584152460098267,0.417195200920105,0.75,1.9140625,0.0005962165440158527,1419
498,1.536695122718811,0.516599178314209,0.75,1.828125,0.0005961909921901267,1235
499,1.3790984153747559,0.5916002988815308,0.25,2.125,0.0005961653549321823,1381
500,1.116944432258606,0.6422823667526245,0.75,1.7109375,0.0005961396322495412,2734
501,1.0821278095245361,0.6828325986862183,0.0,1.8671875,0.0005961138241497501,2330
502,1.1963849067687988,0.6152073740959167,0.25,1.65625,0.0005960879306403809,1302
503,1.4072054624557495,0.5420168042182922,0.25,1.65625,0.0005960619517290303,1428
504,1.5780493021011353,0.4795266389846802,0.5,2.0625,0.0005960358874233202,4225
505,1.0122435092926025,0.7012811899185181,0.75,1.671875,0.0005960097377308978,1483
506,1.4704372882843018,0.5511885285377502,0.75,1.5390625,0.0005959835026594351,4249
507,1.4557133913040161,0.5136986374855042,0.25,1.28125,0.0005959571822166291,5548
508,1.3469460010528564,0.5857958793640137,0.5,1.03125,0.0005959307764102019,4027
509,0.999090850353241,0.6900644302368164,1.0,1.3046875,0.0005959042852479007,2949
510,1.1665440797805786,0.6632201075553894,0.25,1.515625,0.0005958777087374977,2031
511,1.243268609046936,0.658730149269104,0.25,1.6171875,0.0005958510468867902,1386
512,0.989154040813446,0.6981387734413147,1.0,1.234375,0.0005958242997036005,2955
513,1.1927874088287354,0.643297016620636,1.0,1.734375,0.0005957974671957759,2111
514,1.0638788938522339,0.7002900242805481,0.75,1.828125,0.0005957705493711888,3103
515,0.9924947023391724,0.7099897861480713,1.0,1.21875,0.0005957435462377364,1962
516,1.379594326019287,0.544395923614502,1.0,2.09375,0.0005957164578033414,2748
517,0.5866238474845886,0.8240934014320374,0.75,1.7734375,0.0005956892840759511,2399
518,1.472931146621704,0.5114166140556335,0.0,1.84375,0.000595662025063538,4292
519,0.9631291627883911,0.716312050819397,0.75,1.4765625,0.0005956346807740995,1833
520,1.1121832132339478,0.6636412143707275,0.75,1.546875,0.0005956072512156583,1873
521,1.822954535484314,0.46649810671806335,0.75,2.5625,0.0005955797363962617,2373
522,0.4272630512714386,0.8862456679344177,1.0,1.2421875,0.0005955521363239824,2312
523,1.734223484992981,0.45959970355033875,0.75,2.15625,0.0005955244510069181,1349
524,1.162190556526184,0.6383647918701172,0.75,2.3125,0.0005954966804531909,1590
525,1.5122743844985962,0.5095573663711548,0.0,1.7578125,0.0005954688246709489,3976
526,1.8821197748184204,0.43632957339286804,0.5,3.3125,0.0005954408836683643,534
527,0.9848467707633972,0.7123039960861206,1.0,1.4140625,0.0005954128574536349,1658
528,1.2320719957351685,0.6126543283462524,0.25,1.1484375,0.0005953847460349832,5184
529,1.2043699026107788,0.6318537592887878,0.0,1.5625,0.0005953565494206568,2681
530,1.398903489112854,0.5437819957733154,0.0,1.6640625,0.0005953282676189282,4294
531,1.6543983221054077,0.48598358035087585,0.25,1.34375,0.0005952999006380951,4138
532,1.3986504077911377,0.5616031885147095,0.25,1.6328125,0.0005952714484864799,2021
533,1.1015595197677612,0.6599535346031189,0.25,2.4375,0.0005952429111724302,2582
534,1.6027047634124756,0.5191919207572937,0.5,2.46875,0.0005952142887043187,1980
535,1.7307024002075195,0.4790836572647095,0.5,2.28125,0.0005951855810905428,1004
536,1.3274530172348022,0.5899490118026733,1.0,1.5078125,0.000595156788339525,2746
537,1.4499406814575195,0.5574548840522766,0.75,1.609375,0.0005951279104597126,1053
538,1.552973747253418,0.48641255497932434,0.75,1.578125,0.0005950989474595782,5483
539,0.8639767169952393,0.7176954746246338,0.5,1.734375,0.0005950698993476193,2430
540,1.4933290481567383,0.52894526720047,0.25,1.921875,0.0005950407661323582,1261
541,1.6895771026611328,0.4644756019115448,0.75,1.9765625,0.0005950115478223423,2069
542,1.5564343929290771,0.5213897228240967,0.5,1.8359375,0.000594982244426144,4231
543,1.3245861530303955,0.5715746283531189,0.25,1.8359375,0.0005949528559523604,2934
544,1.1758430004119873,0.617378294467926,0.5,1.28125,0.0005949233824096139,6019
545,0.9335967302322388,0.7408491969108582,1.0,1.6640625,0.0005948938238065517,2049
546,0.803155779838562,0.769415557384491,0.5,1.4140625,0.0005948641801518459,2498
547,1.2133506536483765,0.6093214750289917,0.75,1.84375,0.0005948344514541936,1459
548,0.36500251293182373,0.9139326810836792,1.0,1.328125,0.000594804637722317,2347
549,1.374228835105896,0.5451957583427429,0.5,1.7265625,0.0005947747389649631,1405
550,1.5506813526153564,0.5022748112678528,0.75,2.5625,0.0005947447551909037,2198
551,1.3599330186843872,0.5424879789352417,0.0,1.9765625,0.0005947146864089359,4566
552,1.153663158416748,0.6228967905044556,0.25,1.671875,0.0005946845326278815,5765
553,0.7376739978790283,0.7810474038124084,0.5,1.7890625,0.0005946542938565872,2005
554,1.1296058893203735,0.6571331024169922,0.75,1.53125,0.0005946239701039248,2937
555,1.1038702726364136,0.6459249258041382,0.75,1.7578125,0.000594593561378791,2957
556,1.1725053787231445,0.6284011602401733,0.75,1.46875,0.0005945630676901073,3859
557,1.302000641822815,0.5921260118484497,0.0,1.5859375,0.0005945324890468201,2540
558,1.479876160621643,0.5405405163764954,0.5,2.390625,0.000594501825457901,1369
559,1.310908555984497,0.5616501569747925,0.25,1.4765625,0.0005944710769323464,4339
560,0.6581416726112366,0.8124606609344482,0.5,1.8125,0.0005944402434791775,1589
561,1.443376064300537,0.511314868927002,0.75,1.1953125,0.0005944093251074405,5126
562,0.5547412633895874,0.840373694896698,0.75,1.359375,0.0005943783218262065,2462
563,0.9802010655403137,0.6998908519744873,0.5,1.8125,0.0005943472336445714,2749
564,0.9953083992004395,0.6790269017219543,0.75,1.3828125,0.0005943160605716564,4234
565,1.4056605100631714,0.5702902674674988,0.5,1.921875,0.0005942848026166071,1757
566,1.6250510215759277,0.5096678137779236,0.75,2.46875,0.0005942534597885944,2017
567,1.622704267501831,0.5039074420928955,0.5,1.4765625,0.0005942220320968139,3199
568,1.211348056793213,0.6183319091796875,0.5,1.15625,0.0005941905195504859,4724
569,0.9772501587867737,0.6988739371299744,0.25,1.328125,0.0005941589221588562,2753
570,0.7044150233268738,0.7835093140602112,0.75,1.484375,0.000594127239931195,2462
571,0.994789183139801,0.699999988079071,0.75,1.7109375,0.0005940954728767974,1770
572,1.570241093635559,0.4992101192474365,0.5,1.5703125,0.0005940636210049835,1899
573,1.083741307258606,0.6831072568893433,0.0,1.921875,0.0005940316843250985,2433
574,1.028602123260498,0.6781829595565796,0.75,1.0859375,0.0005939996628465121,3126
575,1.0344442129135132,0.6772375106811523,0.5,1.6953125,0.0005939675565786191,1419
576,1.145905613899231,0.6421605348587036,0.75,1.6796875,0.000593935365530839,1333
577,1.3896775245666504,0.5355682969093323,0.75,1.5390625,0.0005939030897126165,4892
578,1.3477696180343628,0.5508650541305542,0.75,1.7109375,0.0005938707291334208,4335
579,0.8728796243667603,0.7293510437011719,0.75,2.140625,0.0005938382838027463,2712
580,0.91404789686203,0.72528475522995,1.0,1.625,0.0005938057537301119,2195
581,1.2324308156967163,0.5843812227249146,0.75,1.625,0.0005937731389250618,1511
582,0.6369485259056091,0.8074073791503906,0.75,1.3515625,0.0005937404393971646,2565
583,1.6991173028945923,0.4617379903793335,0.5,1.828125,0.0005937076551560141,1542
584,0.8355898857116699,0.7365438938140869,0.75,1.984375,0.0005936747862112288,1765
585,0.43778112530708313,0.8732737898826599,0.75,1.4375,0.0005936418325724522,2462
586,1.359513759613037,0.5856976509094238,0.75,1.515625,0.0005936087942493523,2573
587,1.1251698732376099,0.6351963877677917,0.25,1.7890625,0.0005935756712516224,1324
588,1.165992021560669,0.618566632270813,0.75,2.3125,0.0005935424635889803,2079
589,0.9413249492645264,0.7164705991744995,0.75,1.5234375,0.0005935091712711688,2550
590,0.6959990859031677,0.7957870364189148,0.25,1.6328125,0.0005934757943079554,1709
591,1.4124852418899536,0.5584993362426758,0.0,1.5,0.0005934423327091328,5171
592,1.6372708082199097,0.5055910348892212,0.25,2.359375,0.0005934087864845179,1252
593,0.7440563440322876,0.7790387272834778,0.5,1.4140625,0.0005933751556439531,2996
594,1.3788301944732666,0.5331529378890991,1.0,1.5859375,0.0005933414401973052,5173
595,1.3630098104476929,0.5451244115829468,1.0,1.078125,0.0005933076401544658,5507
596,1.3212978839874268,0.5948666334152222,1.0,2.015625,0.0005932737555253518,1987
597,1.5133757591247559,0.5543608069419861,0.0,3.734375,0.0005932397863199041,837
598,0.742160975933075,0.7704054713249207,1.0,1.9921875,0.0005932057325480893,1899
599,1.5381274223327637,0.5083655118942261,1.0,2.34375,0.0005931715942198983,1554
600,1.2739008665084839,0.5841912031173706,0.75,1.5390625,0.0005931373713453467,2720
601,1.312277913093567,0.5680080056190491,0.75,1.484375,0.0005931030639344755,3007
602,1.1587640047073364,0.6500838398933411,0.25,1.765625,0.0005930686719973498,1789
603,1.268500566482544,0.5840290188789368,0.5,1.4296875,0.0005930341955440599,5510
604,0.9379768967628479,0.7076824903488159,1.0,1.484375,0.0005929996345847208,3137
605,0.8640128374099731,0.7300613522529602,1.0,1.1953125,0.0005929649891294723,2934
606,1.4118225574493408,0.5512433052062988,1.0,1.453125,0.000592930259188479,4303
607,0.9591569900512695,0.7110266089439392,0.75,2.03125,0.0005928954447719304,1841
608,1.0332061052322388,0.6930000185966492,0.5,1.921875,0.0005928605458900405,3000
609,0.9950354695320129,0.6992207765579224,1.0,1.9140625,0.0005928255625530484,1925
610,1.152795672416687,0.6264788508415222,0.25,1.1875,0.0005927904947712176,5325
611,0.479108601808548,0.8568118810653687,1.0,1.46875,0.0005927553425548366,2158
612,1.3505992889404297,0.5747815370559692,0.5,2.078125,0.000592720105914219,4005
613,0.9167100191116333,0.720714271068573,0.5,1.609375,0.0005926847848597026,1400
614,0.2851634621620178,0.9382561445236206,1.0,0.90234375,0.0005926493794016504,2397
615,0.5124428868293762,0.8505062460899353,0.75,1.484375,0.0005926138895504497,1679
616,0.49422183632850647,0.8524203300476074,1.0,1.1796875,0.0005925783153165129,1694
617,1.0952038764953613,0.683315634727478,0.0,1.640625,0.0005925426567102771,2823
618,1.7243711948394775,0.504279613494873,0.5,1.9609375,0.0005925069137422043,1402
619,0.7782391905784607,0.7567448019981384,0.75,1.8046875,0.0005924710864227809,2261
620,1.357088565826416,0.5588039755821228,0.75,1.625,0.0005924351747625184,1505
621,0.758466899394989,0.7743792533874512,0.25,1.1328125,0.0005923991787719527,2779
622,1.516571283340454,0.569245457649231,1.0,2.03125,0.0005923630984616447,1047
623,0.6743090748786926,0.8007034063339233,0.75,1.765625,0.00059232693384218,2559
624,1.3450578451156616,0.5978169441223145,0.5,1.890625,0.000592290684924169,1191
625,1.1747974157333374,0.6406816244125366,0.0,3.53125,0.0005922543517182465,2758
626,0.8545718789100647,0.7501378655433655,0.75,1.59375,0.0005922179342350724,1813
627,1.2556891441345215,0.5992286205291748,0.25,1.6171875,0.0005921814324853312,5704
628,1.2983183860778809,0.5868580341339111,1.0,2.046875,0.000592144846479732,2648
629,0.6462122201919556,0.8116395473480225,0.5,1.203125,0.0005921081762290088,1598
630,1.4904117584228516,0.5179824829101562,0.75,2.1875,0.0005920714217439203,2280
631,0.5819483995437622,0.8235840201377869,0.75,1.1015625,0.0005920345830352498,2154
632,1.2712193727493286,0.6055997014045715,0.5,1.453125,0.0005919976601138053,2893
633,1.1027932167053223,0.6425160765647888,0.5,1.3125,0.0005919606529904198,6073
634,0.6036913394927979,0.8210137486457825,0.75,1.1875,0.0005919235616759505,1894
635,0.615118682384491,0.8224654793739319,0.5,0.99609375,0.0005918863861812798,2101
636,1.5529261827468872,0.5196700692176819,0.5,1.703125,0.0005918491265173145,1576
637,0.4122841954231262,0.8788059949874878,0.75,0.93359375,0.0005918117826949861,1675
638,1.476412296295166,0.5427901744842529,0.75,1.5625,0.000591774354725251,1706
639,1.4621801376342773,0.5495288968086243,0.0,1.59375,0.0005917368426190901,3927
640,1.3942348957061768,0.5362008810043335,0.5,1.578125,0.000591699246387509,5138
641,1.1237636804580688,0.6184252500534058,0.5,1.2734375,0.000591661566041538,3137
642,0.9879001379013062,0.679839015007019,0.5,1.2421875,0.0005916238015922323,2733
643,0.9751831889152527,0.7132419943809509,0.25,2.375,0.0005915859530506713,1095
644,1.2468459606170654,0.5879781246185303,1.0,2.421875,0.0005915480204279594,1830
645,1.0587891340255737,0.6416128873825073,0.75,1.8046875,0.0005915100037352257,3100
646,0.5290116667747498,0.830621600151062,0.75,1.6796875,0.000591471902983624,2397
647,0.8095040917396545,0.7604166865348816,1.0,1.5703125,0.0005914337181843322,2016
648,0.5302632451057434,0.8360375761985779,0.75,1.2109375,0.0005913954493485538,2342
649,1.1837224960327148,0.6376605033874512,1.0,2.3125,0.0005913570964875161,1402
650,1.0332326889038086,0.6826010346412659,1.0,1.4765625,0.0005913186596124717,2845
651,1.1404074430465698,0.627065896987915,0.5,1.09375,0.0005912801387346974,5143
652,0.6262328028678894,0.8088235259056091,1.0,1.5625,0.0005912415338654946,1904
653,1.3329106569290161,0.5626482963562012,0.25,1.5,0.0005912028450161898,4214
654,1.2271546125411987,0.5844504237174988,0.5,1.046875,0.0005911640721981339,4476
655,0.3585990369319916,0.8996437191963196,0.75,1.4296875,0.0005911252154227023,1684
656,1.1730746030807495,0.6777899265289307,0.5,2.046875,0.0005910862747012952,1828
657,1.0696477890014648,0.6479902267456055,0.5,2.09375,0.0005910472500453374,3284
658,0.5247865915298462,0.8470790386199951,1.0,1.609375,0.0005910081414662781,2328
659,0.6772536039352417,0.7877792119979858,1.0,1.171875,0.0005909689489755917,3044
660,1.3146761655807495,0.6017471551895142,0.0,1.8203125,0.0005909296725847765,1946
661,1.0631707906723022,0.6716791987419128,1.0,2.078125,0.0005908903123053559,1995
662,0.931414783000946,0.7237280011177063,0.75,1.3984375,0.0005908508681488778,2103
663,1.0650168657302856,0.67009037733078,0.5,1.6796875,0.0005908113401269147,2434
664,1.008280873298645,0.6731148958206177,0.75,1.3125,0.0005907717282510635,2533
665,1.3656911849975586,0.5725564956665039,0.75,1.984375,0.000590732032532946,3673
666,1.4188138246536255,0.552953839302063,0.5,1.4609375,0.0005906922529842086,4655
667,1.8329179286956787,0.47749999165534973,0.75,2.640625,0.0005906523896165221,1200
668,1.213208556175232,0.5955389142036438,0.75,1.0703125,0.0005906124424415819,5066
669,1.2166993618011475,0.6148103475570679,0.75,1.296875,0.0005905724114711081,4956
670,0.9591368436813354,0.7134685516357422,1.0,1.84375,0.0005905322967168454,1923
671,1.0891271829605103,0.6472626328468323,1.0,1.9140625,0.0005904920981905629,1443
672,1.190999984741211,0.6259124279022217,0.75,1.8515625,0.0005904518159040546,1644
673,1.2283098697662354,0.6082802414894104,0.75,1.8828125,0.0005904114498691386,2198
674,1.18142831325531,0.6454272866249084,0.75,2.34375,0.000590371000097658,2668
675,1.2120646238327026,0.6118005514144897,1.0,1.0703125,0.0005903304666014805,4593
676,0.9548261761665344,0.6842421889305115,0.75,0.9296875,0.0005902898493924979,4988
677,0.8699783086776733,0.7286392450332642,0.5,1.46875,0.000590249148482627,2528
678,1.0640617609024048,0.6741225123405457,0.5,1.7421875,0.0005902083638838089,2906
679,1.2501782178878784,0.615405261516571,0.75,1.4296875,0.0005901674956080093,3726
680,0.8229488134384155,0.7470225691795349,0.75,1.3125,0.0005901265436672187,2435
681,1.3202016353607178,0.5877659320831299,0.5,2.109375,0.0005900855080734519,1128
682,0.5408604145050049,0.8469995260238647,0.5,1.28125,0.0005900443888387481,2183
683,1.2423280477523804,0.602802038192749,0.0,1.25,0.0005900031859751714,5496
684,1.1285700798034668,0.6330605745315552,0.25,1.421875,0.0005899618994948102,3055
685,1.0691317319869995,0.6711239814758301,0.75,1.625,0.0005899205294097776,2767
686,0.941959798336029,0.7136539816856384,1.0,1.5703125,0.0005898790757322109,1809
687,0.5684422254562378,0.8295983076095581,1.0,1.2421875,0.0005898375384742724,2365
688,1.0258245468139648,0.6745655536651611,0.5,1.6875,0.0005897959176481486,1266
689,0.6943061947822571,0.7686116695404053,0.75,1.6328125,0.0005897542132660505,2485
690,1.2978754043579102,0.573641836643219,0.75,1.2890625,0.0005897124253402137,4841
691,1.6270512342453003,0.557411253452301,0.25,2.984375,0.0005896705538828985,479
692,1.0400370359420776,0.6774448156356812,1.0,2.84375,0.0005896285989063894,1268
693,1.5965628623962402,0.4777117371559143,0.75,1.9921875,0.0005895865604229955,1346
694,1.066481351852417,0.6640440821647644,1.0,1.6796875,0.0005895444384450503,1271
695,0.41288360953330994,0.8660919666290283,1.0,1.65625,0.0005895022329849122,1740
696,0.6703968048095703,0.8022537231445312,1.0,1.5,0.0005894599440549637,2751
697,1.2684375047683716,0.584967315196991,1.0,1.6015625,0.000589417571667612,1530
698,1.192667007446289,0.6196127533912659,0.75,1.5,0.0005893751158352885,1601
699,1.057259440422058,0.6634799242019653,0.25,1.3984375,0.0005893325765704493,2615
700,0.85450679063797,0.7455871105194092,0.75,1.796875,0.000589289953885575,2606
701,1.0168964862823486,0.679665744304657,0.75,1.421875,0.0005892472477931706,2872
702,1.511867880821228,0.5180334448814392,0.25,2.921875,0.0005892044583057658,4963
703,1.1522213220596313,0.6320923566818237,0.25,1.46875,0.0005891615854359143,5023
704,1.0906667709350586,0.637264609336853,0.25,1.8671875,0.0005891186291961946,2018
705,0.7700387239456177,0.7655701041221619,0.5,1.5703125,0.0005890755895992096,3131
706,1.1026318073272705,0.6582633256912231,0.75,2.015625,0.0005890324666575868,1071
707,1.169582486152649,0.6152157783508301,0.5,1.515625,0.0005889892603839776,2734
708,0.9972549080848694,0.7055718302726746,0.5,1.6484375,0.0005889459707910587,1705
709,0.42035555839538574,0.8772532343864441,0.75,1.6015625,0.0005889025978915303,2330
710,1.179280400276184,0.6178797483444214,0.75,2.078125,0.000588859141698118,1264
711,0.4864627718925476,0.8412895202636719,0.5,1.6875,0.000588815602223571,1613
712,0.6740199327468872,0.7835285067558289,0.25,1.3515625,0.0005887719794806637,2647
713,0.813703715801239,0.7322720885276794,0.5,1.34375,0.0005887282734821942,2764
714,0.9500471949577332,0.7048730254173279,0.5,1.84375,0.0005886844842409854,2914
715,0.22411437332630157,0.9488272666931152,1.0,0.83984375,0.0005886406117698847,2345
716,0.901872992515564,0.7102900743484497,1.0,1.390625,0.0005885966560817637,2896
717,0.45108163356781006,0.8599687814712524,1.0,1.2734375,0.0005885526171895186,1921
718,1.327020525932312,0.5963302850723267,0.75,1.625,0.0005885084951060698,4578
719,0.8643438816070557,0.7394255995750427,0.5,1.609375,0.0005884642898443623,1915
720,1.2726534605026245,0.5945699214935303,0.75,1.3046875,0.0005884200014173654,4383
721,0.9237480163574219,0.7011197209358215,0.75,2.25,0.000588375629838073,1161
722,1.2929891347885132,0.568352222442627,0.25,1.3046875,0.000588331175119503,5201
723,1.0705550909042358,0.6543026566505432,0.75,1.65625,0.0005882866372746981,2022
724,1.1142040491104126,0.6316326260566711,0.25,1.4765625,0.0005882420163167251,2940
725,1.2555879354476929,0.5931692719459534,0.75,1.2734375,0.0005881973122586753,3982
726,0.9200577139854431,0.7119438052177429,0.75,1.8828125,0.0005881525251136645,1708
727,0.7763797044754028,0.767070472240448,0.75,1.4453125,0.0005881076548948326,1816
728,1.1095510721206665,0.6409778594970703,1.0,1.3359375,0.000588062701615344,4827
729,1.01804518699646,0.6828358173370361,1.0,1.5546875,0.0005880176652883878,3216
730,0.7523818016052246,0.7908837795257568,1.0,1.9765625,0.0005879725459271767,2874
731,0.40026360750198364,0.8839976191520691,1.0,1.3359375,0.0005879273435449486,1681
732,0.7151672840118408,0.8004535436630249,0.75,1.890625,0.0005878820581549653,1764
733,0.9237843155860901,0.7318548560142517,1.0,1.640625,0.000587836689770513,1488
734,1.2287464141845703,0.5753487348556519,0.75,1.8203125,0.000587791238404902,4373
735,0.9911471605300903,0.7022078633308411,0.25,1.890625,0.0005877457040714677,1857
736,0.9601597189903259,0.6962070465087891,1.0,1.4609375,0.0005877000867835691,2821
737,0.440650999546051,0.8747126460075378,0.25,1.4375,0.0005876543865545898,1740
738,1.276007890701294,0.5815890431404114,0.5,1.5234375,0.0005876086033979379,4682
739,0.8899152874946594,0.6995694041252136,1.0,1.21875,0.0005875627373270457,3019
740,1.0155078172683716,0.676025927066803,1.0,1.2421875,0.0005875167883553694,2778
741,0.4779369533061981,0.8593481779098511,0.75,1.7421875,0.0005874707564963904,1749
742,0.3012596070766449,0.9132610559463501,1.0,1.09375,0.0005874246417636137,2398
743,1.02000093460083,0.6791626214981079,0.5,1.5,0.0005873784441705689,2054
744,0.5132949948310852,0.8364591002464294,0.5,1.2734375,0.0005873321637308098,2666
745,0.7795647978782654,0.7682861685752869,1.0,1.3984375,0.0005872858004579147,1873
746,0.7393073439598083,0.7732412219047546,1.0,1.703125,0.0005872393543654859,1592
747,0.8338022828102112,0.7535993456840515,0.5,1.5390625,0.0005871928254671503,2431
748,0.7299926280975342,0.7742303013801575,0.5,1.375,0.000587146213776559,1754
749,0.9983540177345276,0.6845282912254333,1.0,2.015625,0.0005870995193073872,1325
750,0.6776401996612549,0.7861708402633667,0.5,1.2109375,0.0005870527420733348,1721
751,0.912809431552887,0.7333333492279053,1.0,1.828125,0.0005870058820881253,1305
752,1.2237350940704346,0.615464985370636,0.5,2.6875,0.0005869589393655073,2871
753,1.2009971141815186,0.6225721836090088,0.5,1.40625,0.0005869119139192531,3810
754,0.8393582701683044,0.7441269755363464,0.75,1.5625,0.0005868648057631595,1575
755,0.7606787085533142,0.7560073733329773,0.75,1.3515625,0.0005868176149110474,2705
756,0.32762035727500916,0.9027583003044128,1.0,1.1796875,0.0005867703413767622,2139
757,0.4585799276828766,0.8610603213310242,0.75,1.25,0.0005867229851741734,2735
758,0.6853747963905334,0.7976817488670349,0.5,2.34375,0.0005866755463171747,949
759,1.006658911705017,0.6807291507720947,0.5,1.3046875,0.0005866280248196843,3840
760,0.8557931780815125,0.7487283945083618,0.75,2.875,0.0005865804206956445,983
761,0.35938602685928345,0.8945946097373962,1.0,0.9921875,0.0005865327339590216,2220
762,1.0027055740356445,0.6653491258621216,0.5,1.40625,0.0005864849646238065,3795
763,1.3358936309814453,0.5712799429893494,0.75,1.2265625,0.0005864371127040142,4805
764,1.1716145277023315,0.6257753372192383,1.0,1.9765625,0.0005863891782136838,1451
765,1.062983751296997,0.6294243335723877,1.0,1.2734375,0.000586341161166879,4690
766,1.1543338298797607,0.6349999904632568,0.75,1.640625,0.0005862930615776873,1600
767,1.1224249601364136,0.6306342482566833,1.0,1.75,0.0005862448794602204,2507
768,0.8171242475509644,0.7516046166419983,1.0,1.46875,0.0005861966148286149,1558
769,0.8624697923660278,0.7237258553504944,1.0,1.7578125,0.0005861482676970307,2845
770,1.1172879934310913,0.6635944843292236,1.0,1.7265625,0.0005860998380796523,1519
771,0.7969472408294678,0.7527910470962524,0.75,1.6953125,0.0005860513259906887,1881
772,1.2215619087219238,0.6127659678459167,0.5,2.296875,0.0005860027314443726,1410
773,0.8885626196861267,0.7185378670692444,1.0,1.6484375,0.0005859540544549612,1915
774,1.1907333135604858,0.6174218654632568,0.0,1.2890625,0.0005859052950367358,4833
775,1.077641248703003,0.6540225148200989,0.25,1.03125,0.0005858564532040018,4798
776,1.1089664697647095,0.6462467908859253,0.75,1.0234375,0.0005858075289710889,5795
777,0.8000810742378235,0.7441349029541016,0.5,1.421875,0.0005857585223523507,2728
778,0.6065126657485962,0.8283475637435913,0.5,1.4921875,0.0005857094333621657,1404
779,1.2995129823684692,0.6254643797874451,1.0,1.8515625,0.0005856602620149356,2961
780,0.8224610090255737,0.742323100566864,1.0,1.953125,0.0005856110083250869,1498
781,0.8614068031311035,0.7289562225341797,1.0,1.7421875,0.0005855616723070702,1188
782,0.7447217106819153,0.7849462628364563,0.75,2.125,0.00058551225397536,744
783,0.7803797125816345,0.7546645402908325,0.75,1.390625,0.0005854627533444551,2519
784,1.33349609375,0.540612518787384,1.0,1.796875,0.0005854131704288785,5257
785,1.0349745750427246,0.6915422677993774,1.0,1.84375,0.0005853635052431773,1206
786,1.0783904790878296,0.6618925929069519,0.75,1.7734375,0.0005853137578019226,1955
787,1.115832805633545,0.6297543048858643,0.75,1.6328125,0.0005852639281197097,2971
788,0.4980844557285309,0.8679245114326477,1.0,1.359375,0.0005852140162111583,1961
789,0.8481960892677307,0.7495416402816772,0.75,1.8671875,0.000585164022090912,2727
790,1.4601038694381714,0.5731958746910095,0.5,2.53125,0.0005851139457736383,970
791,0.6046901345252991,0.8011249303817749,0.75,1.3359375,0.0005850637872740291,2489
792,0.8187932372093201,0.7415592670440674,0.75,1.7578125,0.0005850135466068005,1629
793,0.812187671661377,0.7449048757553101,1.0,1.2890625,0.0005849632237866924,2944
794,0.901231586933136,0.6905008554458618,0.75,1.3671875,0.000584912818828469,2895
795,0.4915183484554291,0.8402501344680786,1.0,1.296875,0.0005848623317469187,1759
796,0.8369006514549255,0.7230520844459534,1.0,1.3515625,0.0005848117625568537,2477
797,0.7420196533203125,0.7800995111465454,1.0,1.3828125,0.0005847611112731103,2010
798,0.5316064953804016,0.8559804558753967,0.75,1.625,0.0005847103779105493,1229
799,0.8620253801345825,0.7197991609573364,1.0,1.5625,0.0005846595624840553,3187
800,0.3652535378932953,0.8910145163536072,1.0,1.3203125,0.0005846086650085368,1725
801,1.2434794902801514,0.5997345447540283,0.75,1.65625,0.0005845576854989267,5274
802,1.2378212213516235,0.5976486206054688,0.25,1.9765625,0.0005845066239701817,1531
803,0.46982917189598083,0.857998788356781,0.75,1.3359375,0.0005844554804372828,1669
804,0.5888772010803223,0.8256334066390991,0.75,1.46875,0.0005844042549152348,2684
805,0.7187265753746033,0.7658393383026123,1.0,1.2734375,0.0005843529474190669,3062
806,0.8089395761489868,0.7518002986907959,0.75,1.9453125,0.000584301557963832,2083
807,0.8707239031791687,0.7127351760864258,1.0,1.875,0.0005842500865646074,2764
808,0.8628291487693787,0.7374791502952576,1.0,2.1875,0.000584198533236494,2396
809,0.9540025591850281,0.6985815763473511,1.0,2.21875,0.000584146897994617,1692
810,1.5016523599624634,0.5322238802909851,0.75,2.609375,0.0005840951808541257,3305
811,0.35772520303726196,0.892430305480957,1.0,1.4765625,0.0005840433818301935,2008
812,0.5938541889190674,0.8228105902671814,0.75,2.203125,0.0005839915009380174,2946
813,0.6750146746635437,0.7900343537330627,1.0,1.484375,0.0005839395381928187,2910
814,0.8541041612625122,0.7286619544029236,0.5,1.3203125,0.0005838874936098427,2683
815,0.8389072418212891,0.7223419547080994,0.75,1.15625,0.0005838353672043589,2784
816,1.2951581478118896,0.5860477089881897,0.5,1.4140625,0.0005837831589916604,3899
817,0.38746222853660583,0.8736196160316467,0.75,2.21875,0.0005837308689870646,1630
818,0.7512033581733704,0.7769383788108826,0.25,2.796875,0.0005836784972059127,2515
819,0.3369613289833069,0.9226833581924438,1.0,1.3671875,0.0005836260436635702,1759
820,0.20216065645217896,0.9457171559333801,0.75,0.8671875,0.0005835735083754263,2008
821,0.22289276123046875,0.9391521215438843,1.0,0.8515625,0.0005835208913568942,2005
822,0.7724310159683228,0.7544437050819397,1.0,1.90625,0.0005834681926234113,1519
823,0.17419280111789703,0.9631280303001404,1.0,0.6875,0.0005834154121904387,2468
824,0.13393919169902802,0.9682466387748718,1.0,0.6875,0.0005833625500734615,2173
825,1.2071579694747925,0.5865014791488647,0.5,1.6953125,0.0005833096062879892,4682
826,0.48735302686691284,0.8668746948242188,1.0,1.4296875,0.0005832565808495546,1923
827,0.9034848213195801,0.712990939617157,0.75,1.2265625,0.0005832034737737148,4303
828,0.3854302763938904,0.9012202024459839,0.75,1.328125,0.0005831502850760511,1721
829,0.9798941016197205,0.6810101270675659,0.75,1.5859375,0.0005830970147721682,6019
830,1.4026732444763184,0.5524408221244812,0.25,2.0625,0.0005830436628776952,4138
831,0.37660476565361023,0.8799700140953064,0.75,1.21875,0.0005829902294082848,2666
832,1.0634336471557617,0.6666666865348816,0.5,1.9921875,0.0005829367143796139,2079
833,0.9957541227340698,0.6738941669464111,0.25,1.1640625,0.0005828831178073832,5765
834,0.5008178949356079,0.8530318737030029,0.75,1.2734375,0.0005828294397073172,1946
835,0.684728741645813,0.7856296896934509,1.0,1.65625,0.0005827756800951646,2533
836,0.9677075147628784,0.6863164901733398,0.5,1.078125,0.000582721838986698,6073
837,1.0263835191726685,0.6423507928848267,0.75,1.40625,0.0005826679163977135,4373
838,0.4520377814769745,0.8542905449867249,0.75,1.2265625,0.0005826139123440316,2354
839,0.5475508570671082,0.8396161794662476,0.75,1.6015625,0.0005825598268414965,1459
840,0.5250117778778076,0.8395437002182007,1.0,1.40625,0.0005825056599059761,2630
841,1.086603045463562,0.6319514513015747,1.0,1.484375,0.0005824514115533625,4945
842,1.0323255062103271,0.6471566557884216,1.0,1.875,0.0005823970817995716,3007
843,0.8219040632247925,0.7351290583610535,0.75,2.171875,0.0005823426706605432,1782
844,0.9528858065605164,0.679387629032135,1.0,1.28125,0.0005822881781522406,4507
845,0.7650356888771057,0.7547605037689209,0.5,1.3515625,0.0005822336042906517,3466
846,0.6146093010902405,0.8241335153579712,1.0,1.4765625,0.0005821789490917877,1558
847,0.7518236041069031,0.7695716619491577,0.5,1.6015625,0.0005821242125716838,2031
848,0.42309701442718506,0.8876096606254578,1.0,1.5625,0.0005820693947463993,1824
849,0.4656011164188385,0.9009009003639221,1.0,1.15625,0.0005820144956320168,1554
850,0.5781151652336121,0.8257676959037781,1.0,1.5,0.0005819595152446432,1498
851,0.3284158408641815,0.9092857241630554,1.0,1.375,0.0005819044536004094,1400
852,0.40145760774612427,0.8977635502815247,1.0,1.4453125,0.0005818493107154695,1252
853,0.4992814362049103,0.8597484230995178,0.75,1.578125,0.000581794086606002,1590
854,0.49521034955978394,0.8397462964057922,0.75,1.578125,0.0005817387812882092,2365
855,0.6084873080253601,0.8038673996925354,1.0,1.515625,0.0005816833947783169,2896
856,0.6856766939163208,0.7915986776351929,0.75,1.765625,0.0005816279270925747,2452
857,0.8383777141571045,0.7177870869636536,1.0,2.125,0.0005815723782472565,1428
858,1.0190892219543457,0.6773856282234192,0.75,1.515625,0.0005815167482586597,3825
859,1.089929223060608,0.6380645036697388,0.5,2.0,0.0005814610371431053,3100
860,0.5888774394989014,0.8154541850090027,0.75,1.4375,0.0005814052449169385,2433
861,1.1758443117141724,0.6157620549201965,0.75,1.6484375,0.0005813493715965282,3261
862,0.8805909156799316,0.7030856609344482,0.75,1.25,0.0005812934171982668,3176
863,0.6313046216964722,0.8084677457809448,1.0,2.078125,0.0005812373817385708,1488
864,1.0100990533828735,0.6756985783576965,0.75,1.390625,0.0005811812652338805,4724
865,0.6967331171035767,0.7843563556671143,0.5,1.7265625,0.0005811250677006597,1841
866,0.27306440472602844,0.9460410475730896,1.0,1.078125,0.0005810687891553962,1705
867,1.1934845447540283,0.6065003871917725,0.75,1.7265625,0.0005810124296146015,4892
868,0.3479859232902527,0.893339991569519,0.75,1.2109375,0.0005809559890948108,1997
869,0.6079580783843994,0.8077200651168823,1.0,1.6953125,0.0005808994676125833,2772
870,0.683264434337616,0.7867347002029419,0.75,1.34375,0.0005808428651845014,2940
871,0.21475206315517426,0.937905490398407,0.75,0.9453125,0.000580786181827172,2158
872,0.625672459602356,0.811872124671936,0.75,2.171875,0.0005807294175572254,1095
873,0.725955069065094,0.7498295903205872,0.75,1.2578125,0.0005806725723913154,2934
874,0.42939016222953796,0.8775620460510254,0.75,1.609375,0.0005806156463461199,1854
875,0.7174254059791565,0.7822323441505432,1.0,2.1875,0.0005805586394383401,2195
876,1.1294130086898804,0.6457990407943726,1.0,1.671875,0.0005805015516847015,4249
877,0.4290441870689392,0.8734776973724365,0.75,1.609375,0.0005804443831019528,2956
878,0.8180416226387024,0.7354721426963806,1.0,1.140625,0.0005803871337068668,4956
879,0.8683122992515564,0.7167325615882874,0.5,1.8359375,0.0005803298035162397,3795
880,0.626285970211029,0.8150984644889832,0.75,1.59375,0.0005802723925468918,1828
881,1.1210771799087524,0.6215949654579163,1.0,1.4765625,0.0005802149008156664,5066
882,0.8765097260475159,0.7113204002380371,0.5,1.3046875,0.0005801573283394314,5203
883,0.6744446158409119,0.7949498295783997,0.75,1.234375,0.0005800996751350776,3287
884,0.4406048357486725,0.8668848872184753,0.75,1.8671875,0.00058004194121952,1833
885,0.7397950887680054,0.7665056586265564,1.0,1.2109375,0.0005799841266096969,3726
886,0.6500973701477051,0.7927312254905701,1.0,1.1796875,0.0005799262313225707,2779
887,0.4860093891620636,0.8618465662002563,1.0,2.09375,0.0005798682553751272,2946
888,0.9563614130020142,0.679559051990509,0.5,1.25,0.0005798101987843756,5171
889,0.8114372491836548,0.7330173850059509,0.25,2.109375,0.0005797520615673495,1266
890,0.371530145406723,0.8900893926620483,0.75,1.0546875,0.0005796938437411055,2684
891,0.7387552857398987,0.7684952020645142,0.5,1.6015625,0.000579635545322724,1987
892,0.4053395688533783,0.8756219148635864,0.75,1.2890625,0.0005795771663293092,1809
893,0.4526084065437317,0.8597654104232788,1.0,1.3125,0.0005795187067779889,1961
894,0.9695210456848145,0.6660980582237244,1.0,1.3671875,0.0005794601666859144,4690
895,0.9747088551521301,0.6767196655273438,1.0,1.0625,0.0005794015460702607,4841
896,0.7307068109512329,0.7634493708610535,1.0,1.8515625,0.0005793428449482266,1264
897,1.0065422058105469,0.6722602248191833,1.0,1.171875,0.0005792840633370342,4827
898,0.7677327394485474,0.761997401714325,1.0,1.8515625,0.0005792252012539293,1542
899,0.8668030500411987,0.7344885468482971,0.25,1.8671875,0.0005791662587161816,1789
900,0.24305585026741028,0.9501298666000366,1.0,1.109375,0.000579107235741084,1925
901,0.8823326826095581,0.7128790020942688,0.75,1.25,0.0005790481323459534,3859
902,0.12600065767765045,0.9658191204071045,1.0,0.6640625,0.0005789889485481299,2399
903,0.9760079979896545,0.6825491189956665,0.75,1.4140625,0.0005789296843649775,5037
904,0.733182966709137,0.7621414661407471,1.0,1.4609375,0.0005788703398138835,2615
905,0.17925705015659332,0.9704463481903076,1.0,0.8203125,0.0005788109149122591,1658
906,0.28713834285736084,0.942727267742157,1.0,1.3359375,0.0005787514096775388,1100
907,0.8274000883102417,0.7228464484214783,0.25,1.4296875,0.0005786918241271809,4005
908,0.659466028213501,0.7790883183479309,0.75,1.4765625,0.0005786321582786669,3137
909,0.9584576487541199,0.6876267790794373,0.5,1.140625,0.0005785724121495024,5423
910,0.8532960414886475,0.7244796752929688,0.5,2.03125,0.000578512585757216,2018
911,0.7958483695983887,0.7336335182189941,0.25,1.0078125,0.0005784526791193604,5774
912,0.8953501582145691,0.7080012559890747,0.5,1.859375,0.0005783926922535112,3137
913,0.6450181603431702,0.810385525226593,1.0,1.8125,0.0005783326251772681,1271
914,0.9886264801025391,0.6688396334648132,0.5,2.0625,0.0005782724779082541,1534
915,1.0416896343231201,0.6637852787971497,1.0,2.46875,0.0005782122504641156,2198
916,0.9257543087005615,0.6799591183662415,0.75,1.5,0.0005781519428625228,2934
917,0.6373701095581055,0.8032573461532593,0.75,1.25,0.0005780915551211693,3070
918,0.8290162086486816,0.7388469576835632,0.5,1.8515625,0.0005780310872577721,2914
919,0.21927985548973083,0.931034505367279,1.0,1.0546875,0.0005779705392900718,1740
920,0.1157434806227684,0.9713690876960754,1.0,0.66015625,0.0005779099112358326,1921
921,0.6497758030891418,0.8013899326324463,1.0,1.265625,0.0005778492031128422,2734
922,0.2592024505138397,0.9355971813201904,1.0,1.1328125,0.0005777884149389113,1708
923,0.31865566968917847,0.9082940220832825,1.0,1.1484375,0.0005777275467318749,1483
924,0.6811126470565796,0.7821497321128845,1.0,1.109375,0.0005776665985095909,3126
925,0.40069469809532166,0.8697694540023804,1.0,1.5625,0.0005776055702899407,2342
926,0.475635290145874,0.8657445311546326,0.75,1.7734375,0.0005775444620908295,1229
927,0.4525739252567291,0.8901166319847107,1.0,1.4609375,0.0005774832739301858,1629
928,0.5497299432754517,0.839001476764679,0.5,1.234375,0.0005774220058259612,2764
929,0.4347061216831207,0.8826879262924194,0.5,1.296875,0.0005773606577961314,1756
930,0.2685597836971283,0.9236545562744141,1.0,0.96875,0.0005772992298586952,2397
931,0.2514398396015167,0.9347078800201416,0.75,1.2578125,0.0005772377220316748,2328
932,0.6556984186172485,0.7987672090530396,1.0,1.7109375,0.0005771761343331159,2758
933,0.410265177488327,0.8723108768463135,0.75,2.046875,0.0005771144667810877,2882
934,0.1909816712141037,0.9498607516288757,1.0,0.87890625,0.0005770527193936829,2154
935,0.21776005625724792,0.9398051500320435,1.0,0.875,0.0005769908921890172,2874
936,0.2319231927394867,0.9399656653404236,0.75,1.2421875,0.0005769289851852303,1749
937,0.3090941607952118,0.91083824634552,1.0,1.71875,0.0005768669984004848,1873
938,0.6852795481681824,0.7805046439170837,1.0,1.7890625,0.0005768049318529672,2893
939,1.295175313949585,0.5811102986335754,0.25,1.6484375,0.0005767427855608868,5548
940,0.5499184131622314,0.8352682590484619,1.0,1.46875,0.000576680559542477,3187
941,0.37250369787216187,0.8960280418395996,1.0,1.765625,0.0005766182538159939,1712
942,0.6116548776626587,0.808247447013855,1.0,1.2578125,0.0005765558683997177,2910
943,0.7693650722503662,0.7540521621704102,0.75,1.859375,0.0005764934033119511,1419
944,0.6460936665534973,0.7970627546310425,1.0,1.953125,0.000576430858571021,2996
945,0.7850568294525146,0.7475942373275757,1.0,1.296875,0.0005763682341952774,4988
946,0.5582283139228821,0.8220627307891846,1.0,1.3359375,0.0005763055302030934,2647
947,0.7851512432098389,0.736027181148529,1.0,1.7578125,0.0005762427466128655,2648
948,0.2979835271835327,0.9115895628929138,1.0,1.34375,0.0005761798834430143,2183
949,0.5350106358528137,0.8328542113304138,1.0,1.1796875,0.0005761169407119826,2435
950,0.9039630889892578,0.7018382549285889,1.0,1.5078125,0.0005760539184382372,2720
951,0.20537854731082916,0.93501216173172,1.0,1.1328125,0.0005759908166402683,2462
952,0.18754974007606506,0.9457881450653076,1.0,0.80078125,0.0005759276353365893,2398
953,0.7557399868965149,0.7674418687820435,1.0,1.96875,0.0005758643745457367,1419
954,0.5061471462249756,0.8414901494979858,0.25,1.6015625,0.0005758010342862706,1369
955,1.1062887907028198,0.6644295454025269,0.5,2.03125,0.0005757376145767743,1937
956,1.0487338304519653,0.6401055455207825,0.25,1.578125,0.0005756741154358546,5685
957,0.32029885053634644,0.9284116625785828,0.75,1.265625,0.0005756105368821413,1341
958,0.601697564125061,0.8205596208572388,1.0,1.6796875,0.0005755468789342877,1644
959,0.5170022249221802,0.8612499833106995,1.0,1.484375,0.0005754831416109702,1600
960,0.33678287267684937,0.9202279448509216,1.0,1.2578125,0.0005754193249308888,1404
961,0.29727786779403687,0.9415873289108276,1.0,1.03125,0.0005753554289127666,1575
962,0.5868150591850281,0.8101961016654968,0.5,1.78125,0.0005752914535753499,2550
963,0.5441615581512451,0.8263333439826965,0.75,1.796875,0.0005752273989374084,3000
964,0.4387156367301941,0.8799775838851929,1.0,1.6875,0.000575163265017735,1783
965,0.21176943182945251,0.9376723766326904,1.0,1.171875,0.0005750990518351459,1813
966,0.39357614517211914,0.8814871907234192,0.75,1.046875,0.0005750347594084805,2582
967,0.28522440791130066,0.9257510900497437,1.0,1.609375,0.0005749703877566016,2330
968,0.2791377305984497,0.9108009934425354,1.0,1.1171875,0.0005749059368983949,1648
969,0.1877226084470749,0.9651070833206177,1.0,1.1015625,0.00057484140685277,1261
970,0.40028655529022217,0.8863859176635742,1.0,1.59375,0.0005747767976386587,2042
971,0.5382679104804993,0.8349184989929199,1.0,1.578125,0.0005747121092750172,2944
972,0.5350180268287659,0.8340455889701843,1.0,1.8125,0.000574647341780824,2808
973,0.5643442273139954,0.8334203362464905,1.0,2.578125,0.0005745824951750813,1915
974,0.5958020687103271,0.8434886336326599,1.0,2.484375,0.0005745175694768143,837
975,0.7335779666900635,0.7745097875595093,0.75,1.984375,0.0005744525647050716,1530
976,0.16406334936618805,0.9459572434425354,1.0,0.79296875,0.0005743874808789249,2387
977,0.7757084369659424,0.7618359327316284,1.0,2.28125,0.0005743223180174687,2767
978,1.3043689727783203,0.5777398347854614,0.75,2.140625,0.0005742570761398217,5274
979,0.7432191371917725,0.7606455087661743,0.5,1.3046875,0.0005741917552651245,5143
980,0.8996618986129761,0.7011009454727173,0.75,1.09375,0.000574126355412542,5450
981,0.7648376226425171,0.7505210638046265,0.5,1.046875,0.0005740608766012616,4798
982,1.0956302881240845,0.6234927773475647,0.75,1.375,0.000573995318850494,5142
983,0.8972117900848389,0.7165032625198364,0.75,2.359375,0.0005739296821794732,1224
984,0.7212017178535461,0.772849440574646,0.75,2.859375,0.0005738639666074563,744
985,0.40831509232521057,0.8814969062805176,1.0,1.578125,0.0005737981721537234,1443
986,0.5115433931350708,0.8336641788482666,1.0,1.578125,0.000573732298837578,2519
987,0.41768741607666016,0.887182891368866,1.0,1.6796875,0.0005736663466783466,1498
988,1.1011508703231812,0.6199253797531128,1.0,1.796875,0.0005736003156953789,4557
989,0.5603190064430237,0.8223716020584106,1.0,2.109375,0.0005735342059080473,2083
990,0.14750096201896667,0.9519895911216736,1.0,0.89453125,0.0005734680173357481,2312
991,0.08407357335090637,0.978306233882904,1.0,0.4375,0.0005734017499979001,2397
992,0.5893165469169617,0.804239809513092,0.5,1.5234375,0.0005733354039139455,3019
993,0.7515979409217834,0.746666669845581,0.75,1.4609375,0.0005732689791033493,5325
994,0.697670042514801,0.7759562730789185,1.0,1.90625,0.0005732024755856001,1830
995,0.6424667835235596,0.7955416440963745,0.75,1.2890625,0.0005731358933802091,2871
996,0.8358496427536011,0.716724157333374,0.75,1.265625,0.0005730692325067108,5507
997,0.2858969271183014,0.9315326809883118,1.0,1.4453125,0.0005730024929846627,1592
998,0.38922446966171265,0.8708367347717285,0.75,1.4609375,0.0005729356748336456,2462
999,0.2538905739784241,0.9262114763259888,0.75,1.4453125,0.0005728687780732632,1816
1000,0.5554763078689575,0.8270977139472961,0.5,1.40625,0.0005728018027231421,2753
1001,0.3932975232601166,0.8901689648628235,1.0,1.515625,0.0005727347488029323,1302
1002,0.30023065209388733,0.9233333468437195,1.0,1.46875,0.0005726676163323065,1200
1003,0.4494410753250122,0.8568780422210693,1.0,1.203125,0.0005726004053309608,2697
1004,0.9161147475242615,0.7025551199913025,0.75,1.53125,0.0005725331158186142,5127
1005,0.3067072629928589,0.9156928062438965,1.0,1.7734375,0.0005724657478150086,2396
1006,0.2799134850502014,0.9199268817901611,1.0,1.171875,0.0005723983013399088,2735
1007,1.2261993885040283,0.646391749382019,0.75,3.046875,0.0005723307764131033,970
1008,0.7688457369804382,0.7377162575721741,0.75,1.5,0.0005722631730544029,4335
1009,0.8032046556472778,0.761838436126709,0.75,2.671875,0.0005721954912836416,1436
1010,0.6154016256332397,0.8144031167030334,1.0,1.6796875,0.0005721277311206768,2069
1011,0.5481817722320557,0.832306981086731,1.0,1.46875,0.0005720598925853882,2111
1012,0.6743608117103577,0.785972535610199,1.0,1.5234375,0.0005719919756976791,2766
1013,0.5523329377174377,0.8576886057853699,1.0,1.921875,0.0005719239804774757,1047
1014,0.8504323959350586,0.722346842288971,0.75,1.6953125,0.0005718559069447267,5795
1015,0.3501501679420471,0.9063699245452881,1.0,1.3984375,0.0005717877551194044,2606
1016,0.5365021824836731,0.8328357934951782,0.75,1.8046875,0.0005717195250215036,1340
1017,0.5694445371627808,0.8232947587966919,1.0,1.3125,0.0005716512166710425,2507
1018,0.7569489479064941,0.7455253005027771,1.0,1.5859375,0.0005715828300880617,2570
1019,0.22853676974773407,0.9430315494537354,1.0,1.390625,0.0005715143652926253,983
1020,0.21530169248580933,0.9462140798568726,1.0,0.98046875,0.00057144582230482,1915
1021,0.7100326418876648,0.7708967924118042,0.75,1.640625,0.0005713772011447557,2955
1022,0.5568178296089172,0.8207253813743591,1.0,1.3828125,0.0005713085018325648,2895
1023,0.24048535525798798,0.935960590839386,0.75,1.0546875,0.0005712397243884033,1624
1024,0.5940350294113159,0.8088127970695496,1.0,1.1171875,0.0005711708688324494,2746
1025,0.3317464590072632,0.9252265691757202,1.0,1.2890625,0.0005711019351849048,1324
1026,0.11491958796977997,0.9791029691696167,1.0,0.65625,0.0005710329234659938,1962
1027,0.37460628151893616,0.9030662775039673,1.0,1.3046875,0.0005709638336959636,2022
1028,0.9517505764961243,0.7056901454925537,0.75,1.4921875,0.0005708946658950845,3673
1029,0.2677237391471863,0.9362220168113708,1.0,1.046875,0.0005708254200836494,2054
1030,0.4738122820854187,0.8610191941261292,1.0,1.7890625,0.0005707560962819744,1511
1031,0.39327144622802734,0.880748987197876,1.0,1.0390625,0.0005706866945103982,3044
1032,0.18509921431541443,0.9466471076011658,1.0,0.984375,0.0005706172147892828,2043
1033,0.2719017267227173,0.9236223101615906,1.0,1.5703125,0.0005705476571390125,3103
1034,0.15944184362888336,0.9652425646781921,1.0,0.9375,0.0005704780215799948,1381
1035,0.5196313261985779,0.8505275249481201,1.0,1.578125,0.00057040830813266,1706
1036,0.5053694248199463,0.8510900735855103,0.75,1.453125,0.0005703385168174613,2431
1037,0.4212782680988312,0.8904382586479187,1.0,1.8125,0.0005702686476548748,1004
1038,0.3818735182285309,0.8930099606513977,1.0,1.515625,0.000570198700665399,1402
1039,0.2213238775730133,0.9610320925712585,1.0,1.09375,0.000570128675869556,1899
1040,1.155219554901123,0.6388537883758545,0.5,1.9765625,0.00057005857328789,2373
1041,0.8182383179664612,0.7343043684959412,1.0,1.6171875,0.0005699883929409685,3982
1042,0.9431537389755249,0.6955792903900146,0.25,1.4140625,0.0005699181348493815,4773
1043,0.2034420222043991,0.9360300898551941,1.0,1.5390625,0.0005698477990337421,2126
1044,0.3851577639579773,0.8912529349327087,0.75,1.5703125,0.0005697773855146859,1692
1045,0.2912880778312683,0.9249812364578247,1.0,1.3671875,0.0005697068943128715,1333
1046,0.9824479818344116,0.6927440166473389,1.0,1.3828125,0.0005696363254489803,4231
1047,1.1175732612609863,0.6294829845428467,0.25,1.984375,0.0005695656789437163,4294
1048,0.3906031847000122,0.8864818215370178,0.75,2.140625,0.0005694949548178065,1154
1049,0.6171190142631531,0.7963702082633972,0.25,1.046875,0.0005694241530920006,5510
1050,0.4368208348751068,0.8769841194152832,0.5,1.3671875,0.000569353273787071,2016
1051,0.6495410203933716,0.7917008996009827,0.75,1.7578125,0.0005692823169238129,2434
1052,0.36993515491485596,0.8894947171211243,0.75,1.25,0.0005692112825230443,2751
1053,0.7853226661682129,0.742175281047821,0.75,1.4375,0.0005691401706056057,2556
1054,0.7737246155738831,0.7588039636611938,1.0,2.59375,0.0005690689811923608,1505
1055,0.1074763759970665,0.9680981636047363,1.0,0.828125,0.0005689977143041958,1630
1056,0.29001057147979736,0.9168370962142944,1.0,0.91796875,0.0005689263699620196,2934
1057,0.8996630311012268,0.7198094725608826,1.0,2.03125,0.0005688549481867635,3569
1058,0.8749286532402039,0.7328290343284607,0.75,2.03125,0.0005687834489993823,3305
1059,0.6849318146705627,0.778140664100647,1.0,1.09375,0.0005687118724208529,4593
1060,0.6280309557914734,0.8013157844543457,1.0,1.71875,0.000568640218472175,2280
1061,0.3039039969444275,0.9235936403274536,0.75,1.5546875,0.0005685684871743711,1191
1062,0.2492937594652176,0.9239766001701355,1.0,1.15625,0.0005684966785484865,2565
1063,0.3308270573616028,0.9124578833580017,1.0,1.7421875,0.000568424792615589,1188
1064,1.079288125038147,0.6549479365348816,0.5,1.8125,0.0005683528293967691,3840
1065,0.28131619095802307,0.9264367818832397,1.0,1.3515625,0.0005682807889131401,1305
1066,0.7912948131561279,0.756377100944519,0.5,1.6640625,0.0005682086711858378,2705
1067,0.4482465982437134,0.8599855303764343,1.0,1.5703125,0.0005681364762360206,2764
1068,0.8612424731254578,0.7181122303009033,1.0,2.421875,0.00056806420408487,2352
1069,0.3536146581172943,0.9039843082427979,1.0,1.59375,0.0005679918547535896,1531
1070,0.4217282831668854,0.8695014715194702,0.75,1.1796875,0.0005679194282634061,2728
1071,0.32746806740760803,0.89552241563797,0.75,1.59375,0.0005678469246355684,1675
1072,0.5960140824317932,0.8103929162025452,0.75,1.3984375,0.0005677743438913485,3945
1073,0.3193306028842926,0.9079665541648865,0.75,0.93359375,0.0005677016860520407,2749
1074,0.34229353070259094,0.9094304442405701,1.0,2.046875,0.000567628951138962,1071
1075,0.35076743364334106,0.9021739363670349,1.0,1.3515625,0.0005675561391734518,2668
1076,0.2953170835971832,0.9262957572937012,0.75,1.203125,0.0005674832501768727,2103
1077,1.0318663120269775,0.6575725078582764,0.5,1.3203125,0.0005674102841706094,4655
1078,0.28287428617477417,0.9252669215202332,1.0,1.3828125,0.0005673372411760694,1405
1079,0.20622457563877106,0.9397875070571899,0.75,1.3125,0.0005672641212146823,1694
1080,0.6430143117904663,0.7932214140892029,0.75,1.3671875,0.0005671909243079011,3216
1081,0.7571511268615723,0.7532097101211548,0.75,2.203125,0.0005671176504772009,1402
1082,0.26929593086242676,0.9174311757087708,1.0,1.3671875,0.0005670442997440793,1962
1083,0.17531423270702362,0.9466736912727356,1.0,0.95703125,0.0005669708721300566,1894
1084,0.9876590967178345,0.6745919585227966,0.75,1.6953125,0.0005668973676566758,4963
1085,1.475028157234192,0.5723663568496704,0.25,1.8828125,0.0005668237863455022,3199
1086,0.20049603283405304,0.9403508901596069,1.0,1.671875,0.0005667501282181238,1140
1087,1.0553545951843262,0.6521822810173035,0.5,1.3828125,0.000566676393296151,5201
1088,0.2984759211540222,0.9154929518699646,0.75,1.1015625,0.0005666025816012169,2485
1089,0.23735688626766205,0.9423752427101135,1.0,1.296875,0.0005665286931549768,1423
1090,0.25700563192367554,0.9167333841323853,1.0,1.3984375,0.0005664547279791092,2498
1091,0.14618219435214996,0.956573486328125,1.0,1.1328125,0.0005663806860953143,1681
1092,0.32528823614120483,0.9095607399940491,1.0,1.4921875,0.0005663065675253153,1161
1093,0.8595368266105652,0.7178763747215271,0.5,1.46875,0.0005662323722908576,3899
1094,0.28983861207962036,0.9199004769325256,0.75,1.53125,0.0005661581004137096,2010
1095,0.7792142629623413,0.7561327815055847,0.25,2.046875,0.0005660837519156615,1386
1096,0.27114471793174744,0.9173157811164856,0.75,1.40625,0.0005660093268185266,1669
1097,0.853936493396759,0.7191346287727356,0.5,1.7734375,0.0005659348251441401,2681
1098,0.6660943031311035,0.7853621244430542,0.5,1.6953125,0.0005658602469143603,2637
1099,0.3346729576587677,0.9063383340835571,1.0,1.21875,0.0005657855921510675,2477
1100,0.2515607476234436,0.931951105594635,0.75,1.109375,0.0005657108608761645,1881
1101,0.3617086708545685,0.8968504071235657,1.0,1.0390625,0.0005656360531115767,2540
1102,0.6891748309135437,0.7731403708457947,1.0,1.5390625,0.0005655611688792519,2971
1103,0.4517500400543213,0.8601958751678467,0.75,1.28125,0.0005654862082011602,2246
1104,0.12136434018611908,0.9644693732261658,1.0,0.72265625,0.0005654111710992943,2139
1105,0.23316240310668945,0.9321550726890564,1.0,1.203125,0.0005653360575956693,1754
1106,1.0106722116470337,0.6590213775634766,0.75,1.921875,0.0005652608677123226,4578
1107,0.3394227921962738,0.891640841960907,0.75,1.3984375,0.0005651856014713142,2261
1108,0.4039347469806671,0.8746408224105835,1.0,1.4375,0.0005651102588947261,2784
1109,0.44615378975868225,0.8788368105888367,0.5,2.109375,0.0005650348400046633,1857
1110,0.11346834152936935,0.9660804271697998,1.0,0.65234375,0.0005649593448232528,2388
1111,0.18072380125522614,0.9597792029380798,1.0,1.28125,0.0005648837733726439,1268
1112,0.20027978718280792,0.9530364274978638,1.0,1.25,0.0005648081256750086,1235
1113,0.2155628800392151,0.9470559358596802,1.0,1.15625,0.000564732401752541,2021
1114,0.8009036779403687,0.7448516488075256,1.0,1.59375,0.0005646566016274577,2865
1115,0.8066688179969788,0.7246821522712708,1.0,1.5078125,0.0005645807253219975,4562
1116,0.2278107851743698,0.9263055324554443,1.0,1.296875,0.0005645047728584219,2049
1117,0.8509096503257751,0.7122553586959839,0.75,1.3125,0.0005644287442590142,4292
1118,0.7480321526527405,0.7616448402404785,0.75,2.0625,0.0005643526395460807,2748
1119,0.1347409337759018,0.9676584601402283,1.0,1.0546875,0.0005642764587419494,1546
1120,0.19104260206222534,0.9462884664535522,1.0,1.046875,0.0005642002018689711,1657
1121,0.45869913697242737,0.8534122705459595,1.0,1.265625,0.0005641238689495186,2872
1122,0.5327888131141663,0.8408507704734802,0.75,1.4453125,0.0005640474600059872,2727
1123,0.08829765021800995,0.9837296605110168,1.0,0.6015625,0.0005639709750607944,1598
1124,0.5109232664108276,0.8405172228813171,1.0,1.4609375,0.0005638944141363801,2784
1125,0.22185789048671722,0.93501216173172,1.0,0.89453125,0.0005638177772552064,2462
1126,0.5140066742897034,0.8413705825805664,1.0,1.9453125,0.0005637410644397577,1576
1127,1.152798056602478,0.6220319271087646,0.75,2.046875,0.0005636642757125405,5138
1128,0.40087205171585083,0.8683455586433411,0.75,1.1640625,0.0005635874110960842,3137
1129,0.3457999527454376,0.8908227682113647,1.0,1.25,0.0005635104706129397,2528
1130,0.8960005640983582,0.6996982097625732,1.0,1.6015625,0.0005634334542856806,3976
1131,0.23529377579689026,0.9411347508430481,1.0,1.5234375,0.0005633563621369026,1410
1132,0.7112337350845337,0.7572438716888428,0.75,1.046875,0.0005632791941892236,4383
1133,0.14367111027240753,0.9648300409317017,1.0,0.79296875,0.000563201950465284,2559
1134,0.15506577491760254,0.954023003578186,1.0,0.9921875,0.0005631246309877461,1740
1135,0.9770568609237671,0.7155311703681946,0.75,1.5625,0.0005630472357792946,3097
1136,0.33450135588645935,0.9040835499763489,1.0,1.6953125,0.0005629697648626367,1053
1137,0.5096485614776611,0.8352862596511841,1.0,1.625,0.0005628922182605011,2987
1138,0.37051481008529663,0.8947069048881531,0.75,1.453125,0.0005628145959956394,1757
1139,0.4340737462043762,0.8638350963592529,0.75,1.6015625,0.0005627368980908248,1601
1140,0.2947855293750763,0.9080732464790344,1.0,1.21875,0.0005626591245688532,2948
1141,0.6909732818603516,0.7881893515586853,0.5,1.984375,0.0005625812754525428,2049
1142,0.37151649594306946,0.8956796526908875,0.75,1.90625,0.000562503350764733,949
1143,0.29357731342315674,0.9104308485984802,0.75,1.453125,0.0005624253505282866,1764
1144,0.290825217962265,0.9198338985443115,1.0,1.0703125,0.0005623472747660877,3131
1145,0.822549045085907,0.7275004386901855,0.5,1.71875,0.0005622691235010431,5589
1146,0.5886498093605042,0.8107611536979675,0.75,1.5,0.0005621908967560813,3810
1147,0.11008671671152115,0.9660512208938599,0.75,0.90625,0.0005621125945541532,1679
1148,0.35784199833869934,0.8864452242851257,1.0,1.5546875,0.000562034216918232,2228
1149,0.3944564759731293,0.8750448822975159,1.0,1.3203125,0.0005619557638713126,2785
1150,0.9655963778495789,0.6706880927085876,0.75,1.421875,0.0005618772354364125,4476
1151,0.23353728652000427,0.9390946626663208,1.0,0.9765625,0.0005617986316365707,2430
1152,0.25231435894966125,0.9264763593673706,1.0,1.046875,0.0005617199524948491,2557
1153,0.2671751379966736,0.921227216720581,0.75,1.6484375,0.0005616411980343309,1206
1154,0.27131950855255127,0.9263455867767334,1.0,1.3125,0.000561562368278122,1765
1155,0.17614659667015076,0.9481199383735657,0.75,1.0234375,0.0005614834632493503,2101
1156,0.07155503332614899,0.9845605492591858,1.0,0.60546875,0.0005614044829711654,1684
1157,0.6312186121940613,0.7947275638580322,1.0,1.5234375,0.0005613254274667394,2845
1158,0.6775593161582947,0.7774771451950073,1.0,1.6796875,0.0005612462967592663,2957
1159,0.7868021726608276,0.7342225909233093,1.0,1.421875,0.0005611670908719622,5023
1160,0.8556984663009644,0.7476949095726013,0.75,1.765625,0.0005610878098280651,2386
1161,0.7339221239089966,0.7556226849555969,0.75,1.5078125,0.0005610084536508353,2979
1162,0.35042688250541687,0.8934029340744019,0.75,1.109375,0.0005609290223635551,2683
1163,0.5478267073631287,0.8280751705169678,1.0,1.4453125,0.0005608495159895285,2821
1164,0.20577532052993774,0.9396396279335022,1.0,1.265625,0.000560769934552082,2220
1165,0.712374746799469,0.7596220374107361,1.0,1.4765625,0.0005606902780745639,4339
1166,0.15398801863193512,0.9524637460708618,1.0,0.9765625,0.0005606105465803444,1725
1167,1.1892955303192139,0.6648451685905457,0.5,2.125,0.000560530740092816,2196
1168,0.3399672210216522,0.8995954394340515,0.25,1.1640625,0.0005604508586353929,2719
1169,0.7313182950019836,0.761601448059082,1.0,2.125,0.0005603709022315115,2198
1170,0.2820281982421875,0.9264594316482544,1.0,1.3671875,0.0005602908709046303,1319
1171,0.8455626368522644,0.7356259226799011,1.0,1.515625,0.0005602107646782293,5496
1172,0.33197155594825745,0.901229977607727,1.0,1.2734375,0.0005601305835758109,2683
1173,0.9434636831283569,0.7028814554214478,1.0,1.328125,0.0005600503276208994,4234
1174,0.23471799492835999,0.9351931214332581,1.0,0.95703125,0.000559969996837041,2330
1175,0.9592564105987549,0.6680842638015747,0.5,1.4609375,0.0005598895912478038,5173
1176,0.3044666647911072,0.915730357170105,0.5,2.53125,0.000559809110876778,534
1177,0.8341735601425171,0.7179086804389954,1.0,1.046875,0.0005597285557475756,5126
1178,0.36604130268096924,0.8819938898086548,0.75,1.1484375,0.0005596479258838306,2949
1179,0.4082980453968048,0.8663911819458008,0.75,1.15625,0.0005595672213091988,2904
1180,0.3780224919319153,0.8750425577163696,1.0,1.125,0.0005594864420473582,2937
1181,0.12983806431293488,0.9599146842956543,1.0,0.9296875,0.0005594055881220085,2345
1182,0.38070622086524963,0.8788713216781616,1.0,1.453125,0.0005593246595568713,2906
1183,0.2137182205915451,0.9336639642715454,1.0,1.5,0.0005592436563756902,1613
1184,0.7975918650627136,0.7328076958656311,0.5,1.9609375,0.0005591625786022306,4566
1185,0.6164589524269104,0.7926309108734131,1.0,2.015625,0.0005590814262602798,3284
1186,0.15488123893737793,0.961558997631073,1.0,0.95703125,0.000559000199373647,1873
1187,1.0244313478469849,0.6606429815292358,0.75,1.5078125,0.0005589188979661633,5257
1188,0.8852646350860596,0.6894674301147461,0.75,1.5078125,0.0005588375220616817,4225
1189,0.5017234683036804,0.8640158772468567,0.5,1.828125,0.0005587560716840768,2515
1190,0.5499355792999268,0.8134205937385559,0.75,1.3671875,0.0005586745468572455,3055
1191,0.4230625331401825,0.8721227645874023,1.0,1.671875,0.000558592947605106,1955
1192,0.13493061065673828,0.9672316312789917,1.0,0.83984375,0.000558511273951599,1770
1193,0.7589617371559143,0.7392600178718567,0.5,1.8203125,0.0005584295259206863,4027
1194,0.7026205658912659,0.7835190892219543,1.0,1.984375,0.0005583477035363518,2961
1195,0.22053559124469757,0.9364627599716187,1.0,1.0625,0.0005582658068226017,2109
1196,0.5558523535728455,0.8217592835426331,1.0,1.09375,0.0005581838358034633,5184
1197,0.9035531282424927,0.6956046223640442,1.0,1.71875,0.000558101790502986,5483
1198,0.39290758967399597,0.8768778443336487,1.0,1.21875,0.000558019670945241,3062
1199,0.16665266454219818,0.9492969512939453,1.0,1.1640625,0.0005579374771543215,2347
1200,0.4777248799800873,0.8602268695831299,1.0,1.7578125,0.0005578552091543417,2733
1201,0.3135879635810852,0.9043936729431152,1.0,1.078125,0.0005577728669694388,2845
1202,0.10898996144533157,0.9678174257278442,1.0,0.91015625,0.0005576904506237706,1709
1203,0.4336373209953308,0.8591445684432983,1.0,1.6171875,0.0005576079601415174,2712
1204,0.567614734172821,0.8371607661247253,0.5,3.1875,0.0005575253955468807,479
1205,0.2469092309474945,0.9256729483604431,1.0,1.1640625,0.0005574427568640844,2489
1206,0.8531923890113831,0.7163394093513489,0.75,1.53125,0.0005573600441173736,5704
1207,0.3695782721042633,0.8923435807228088,1.0,1.2734375,0.0005572772573310153,2573
1208,0.252108633518219,0.9406028389930725,1.0,1.609375,0.0005571943965292983,1128
1209,0.5126297473907471,0.8462110161781311,1.0,1.9375,0.000557111461736533,1346
1210,0.13853153586387634,0.9627100825309753,1.0,0.98046875,0.0005570284529770515,1904
1211,0.4655437171459198,0.8672986030578613,1.0,1.9140625,0.0005569453702752077,1899
1212,0.4889679551124573,0.8434528112411499,0.75,1.34375,0.0005568622136553772,2734
1213,0.19509272277355194,0.9562264084815979,1.0,1.234375,0.000556778983141957,1325
1214,0.8554668426513672,0.7278136014938354,0.75,1.9609375,0.0005566956787593664,2017
1215,0.4668932259082794,0.8606060743331909,1.0,1.5078125,0.0005566123005320456,1980
1216,0.3784884214401245,0.8931770920753479,0.75,1.59375,0.0005565288484844571,1451
1217,0.42486488819122314,0.8664541244506836,1.0,1.5625,0.0005564453226410848,2823
1218,0.21010181307792664,0.9547812938690186,1.0,1.203125,0.000556361723026434,1349
1219,0.07916036248207092,0.9823788404464722,1.0,0.734375,0.0005562780496650323,1589
1220,0.12299828231334686,0.9614747166633606,1.0,0.78515625,0.0005561943025814282,2414
1221,0.22029399871826172,0.9414685964584351,1.0,0.83984375,0.0005561104818001925,2819
1222,0.6061401963233948,0.7995925545692444,1.0,1.421875,0.0005560265873459168,3927
1223,0.4333440661430359,0.8756892085075378,0.75,1.96875,0.0005559426192432154,1995
1224,0.6143376231193542,0.8013656139373779,0.25,1.140625,0.0005558585775167231,4833
1225,0.37025701999664307,0.8790496587753296,0.75,1.515625,0.0005557744621910971,2778
1226,0.6411600708961487,0.7795443534851074,0.75,1.3671875,0.0005556902732910158,4214
1227,0.6769871115684509,0.7781477570533752,0.75,1.109375,0.0005556060108411793,4805
1228,0.21338008344173431,0.9385016560554504,1.0,1.0625,0.0005555216748663094,2683
1229,0.11260195076465607,0.9661017060279846,1.0,1.078125,0.0005554372653911491,1770
1230,0.2350628525018692,0.945195734500885,1.0,1.34375,0.0005553527824404635,1405
1231,0.24057409167289734,0.9340226650238037,1.0,1.1328125,0.0005552682260390387,2031
1232,0.0751681923866272,0.9887359142303467,1.0,0.62890625,0.0005551835962116828,1598
1233,0.06268557906150818,0.9819933176040649,1.0,0.4375,0.0005550988929832251,2388
1234,0.6717848777770996,0.7721174359321594,0.75,1.6171875,0.0005550141163785168,5143
1235,0.7502402663230896,0.7479330897331238,0.75,1.625,0.0005549292664224301,5201
1236,0.3725615441799164,0.8934594988822937,0.5,1.640625,0.0005548443431398594,2431
1237,0.5528551340103149,0.8223230242729187,0.5,0.9921875,0.00055475934655572,5510
1238,0.1808772087097168,0.9489988684654236,0.75,1.15625,0.000554674276694949,2647
1239,0.07734966278076172,0.976530134677887,1.0,0.53515625,0.0005545891335825051,2173
1240,0.8057580590248108,0.7268930673599243,1.0,1.578125,0.0005545039172433681,5507
1241,0.0782678946852684,0.9793388247489929,1.0,0.62890625,0.0005544186277025399,1694
1242,0.2090785950422287,0.9463087320327759,1.0,1.4296875,0.0005543332649850431,1341
1243,0.18564163148403168,0.9494479894638062,0.75,1.53125,0.0005542478291159224,1721
1244,0.5817375183105469,0.8126587867736816,0.75,1.203125,0.0005541623201202437,4724
1245,0.5432808995246887,0.8337730765342712,1.0,1.0078125,0.0005540767380230944,5685
1246,0.43554970622062683,0.8612903356552124,1.0,1.59375,0.0005539910828495833,3100
1247,0.057793986052274704,0.9903078675270081,1.0,0.5390625,0.0005539053546248408,1754
1248,0.39685964584350586,0.8744022846221924,0.75,1.234375,0.0005538195533740185,3137
1249,0.1483740359544754,0.9623115658760071,1.0,0.98828125,0.0005537336791222896,1592
1250,0.19749271869659424,0.9523809552192688,1.0,1.2421875,0.0005536477318948485,1554
1251,0.12135830521583557,0.9694656729698181,0.75,0.796875,0.0005535617117169114,2751
1252,0.6551530957221985,0.7773452997207642,0.75,1.4765625,0.0005534756186137156,5138
1253,0.07283790409564972,0.9828652739524841,1.0,0.5859375,0.0005533894526105198,2101
1254,0.16942931711673737,0.9679030179977417,1.0,1.203125,0.0005533032137326041,1402
1255,0.09316094219684601,0.9752873778343201,1.0,0.73046875,0.0005532169020052702,1740
1256,0.2358626127243042,0.9305939078330994,1.0,1.0859375,0.0005531305174538408,2896
1257,0.5533822774887085,0.820652186870575,1.0,1.3125,0.0005530440601036604,5704
1258,0.06246631592512131,0.9800741672515869,1.0,0.494140625,0.0005529575299800945,2158
1259,0.6357097625732422,0.7809908986091614,1.0,1.34375,0.0005528709271085301,4945
1260,0.43257203698158264,0.8685168623924255,1.0,1.9453125,0.0005527842515143756,2198
1261,0.31439414620399475,0.8973606824874878,0.75,1.359375,0.0005526975032230605,2728
1262,0.2791517376899719,0.9252536296844482,1.0,1.484375,0.0005526106822600359,1873
1263,0.13571958243846893,0.9643387794494629,1.0,1.1796875,0.0005525237886507742,1346
1264,0.23132064938545227,0.9385775923728943,1.0,0.9609375,0.0005524368224207688,2784
1265,0.20169086754322052,0.9321113228797913,1.0,1.3671875,0.0005523497835955348,2946
1266,0.14754222333431244,0.9682614803314209,1.0,0.9375,0.0005522626722006083,2111
1267,0.21720783412456512,0.9365426898002625,1.0,1.4453125,0.0005521754882615469,1828
1268,0.24816420674324036,0.9235929846763611,1.0,1.390625,0.0005520882318039295,2683
1269,0.42681437730789185,0.8762755393981934,1.0,2.0,0.0005520009028533561,2352
1270,0.8645728230476379,0.7187343239784241,1.0,1.9453125,0.000551913501435448,3982
1271,0.10762026906013489,0.9757639765739441,0.75,1.1328125,0.0005518260275758477,949
1272,0.050619710236787796,0.9885334968566895,1.0,0.5078125,0.0005517384813002194,1657
1273,0.4818667769432068,0.8449642658233643,1.0,1.1484375,0.0005516508626342479,5173
1274,0.3099871873855591,0.902577817440033,1.0,1.2421875,0.0005515631716036396,2987
1275,0.060941606760025024,0.9843831062316895,1.0,0.609375,0.0005514754082341223,1921
1276,0.06721383333206177,0.9856201410293579,1.0,0.62890625,0.0005513875725514446,1669
1277,0.07497482746839523,0.9791222810745239,1.0,0.5,0.0005512996645813765,2347
1278,0.4347091019153595,0.8593066334724426,1.0,1.8046875,0.0005512116843497093,2971
1279,0.29602131247520447,0.9135628938674927,1.0,1.8203125,0.0005511236318822554,1423
1280,0.086753249168396,0.9785535931587219,1.0,0.63671875,0.0005510355072048485,2005
1281,0.2082069218158722,0.9292348623275757,1.0,1.265625,0.0005509473103433433,2261
1282,0.7556630969047546,0.765716016292572,0.75,2.28125,0.0005508590413236159,3261
1283,0.2746203541755676,0.9134615659713745,1.0,1.375,0.0005507707001715633,2808
1284,0.2739918828010559,0.9294365644454956,0.75,1.671875,0.0005506822869131039,1899
1285,0.40213117003440857,0.9085487127304077,0.5,1.6640625,0.0005505938015741772,2515
1286,0.299151748418808,0.906598687171936,1.0,1.3515625,0.0005505052441807438,3137
1287,0.2630147635936737,0.9227533340454102,1.0,1.46875,0.0005504166147587855,2615
1288,0.16935594379901886,0.9490759968757629,1.0,0.97265625,0.0005503279133343051,2435
1289,0.0972580760717392,0.9761042594909668,1.0,0.83984375,0.0005502391399333266,1381
1290,0.14251551032066345,0.9624853730201721,1.0,1.1953125,0.0005501502945818953,1706
1291,0.09449808299541473,0.9672814011573792,1.0,1.0546875,0.0005500613773060773,1681
1292,0.5525199174880981,0.8201214075088501,0.75,1.34375,0.00054997238813196,5765
1293,0.17678585648536682,0.9529731869697571,1.0,1.03125,0.0005498833270856518,2573
1294,0.1783982217311859,0.9569892287254333,1.0,1.75,0.0005497941941932823,744
1295,0.17264731228351593,0.9572727084159851,1.0,1.390625,0.0005497049894810019,1100
1296,0.07978943735361099,0.9788062572479248,1.0,0.54296875,0.0005496157129749826,2312
1297,0.38170671463012695,0.8762243986129761,1.0,2.046875,0.0005495263647014169,2246
1298,0.3082430958747864,0.9019197225570679,1.0,1.265625,0.0005494369446865187,2865
1299,0.273964524269104,0.930232584476471,1.0,1.5234375,0.0005493474529565228,1333
1300,0.48630261421203613,0.8502068519592285,1.0,1.234375,0.0005492578895376852,4593
1301,0.8417171835899353,0.7231513261795044,0.75,1.59375,0.0005491682544562827,4963
1302,0.1886843591928482,0.9546166062355042,1.0,0.96484375,0.0005490785477386131,2556
1303,0.14406342804431915,0.960740327835083,1.0,1.0625,0.0005489887694109957,1783
1304,0.12112706154584885,0.9682313799858093,1.0,0.8515625,0.0005488989194997702,2109
1305,0.6537225842475891,0.7780863046646118,0.5,1.1796875,0.0005488089980312976,4682
1306,0.09945545345544815,0.9766037464141846,1.0,1.1796875,0.00054871900503196,1325
1307,0.4467102587223053,0.8597397208213806,1.0,0.94921875,0.0005486289405281604,4841
1308,0.09075257927179337,0.9730787873268127,1.0,0.65625,0.0005485388045463224,2043
1309,0.2026233971118927,0.9469790458679199,1.0,1.390625,0.0005484485971128911,2433
1310,0.4342597424983978,0.8605504631996155,1.0,1.0546875,0.0005483583182543325,5450
1311,0.2760222852230072,0.9196481108665466,1.0,1.625,0.0005482679679971333,1705
1312,0.09449891746044159,0.9772167205810547,1.0,0.859375,0.0005481775463678012,1624
1313,0.423716276884079,0.8650761842727661,1.0,0.91015625,0.0005480870533928649,4988
1314,0.307660847902298,0.9169952869415283,0.75,0.78125,0.0005479964890988742,5325
1315,0.14614538848400116,0.9625570774078369,1.0,1.390625,0.0005479058535123994,1095
1316,0.591468870639801,0.8045789003372192,1.0,1.390625,0.0005478151466600323,4892
1317,0.06260959804058075,0.978066623210907,1.0,0.5,0.0005477243685683851,2462
1318,0.1038096696138382,0.9781144857406616,1.0,1.1640625,0.0005476335192640911,1188
1319,0.06769990175962448,0.9844778776168823,1.0,0.53515625,0.0005475425987738046,2126
1320,0.18427212536334991,0.950469970703125,1.0,0.9453125,0.0005474516071242004,2766
1321,0.15837368369102478,0.9584415555000305,1.0,1.09375,0.0005473605443419747,1925
1322,0.1954270303249359,0.9485243558883667,1.0,1.078125,0.0005472694104538442,2914
1323,0.36131367087364197,0.8914710879325867,1.0,1.2109375,0.0005471782054865466,4303
1324,0.397497296333313,0.8680272102355957,0.5,1.2890625,0.0005470869294668405,2940
1325,0.20786693692207336,0.9463745951652527,1.0,1.78125,0.0005469955824215052,1324
1326,0.07628481835126877,0.9824458956718445,1.0,0.92578125,0.0005469041643773408,1709
1327,0.265813410282135,0.9202476143836975,1.0,1.0703125,0.0005468126753611685,2746
1328,0.17123490571975708,0.9539237022399902,1.0,1.0390625,0.0005467211153998302,2778
1329,0.11140194535255432,0.9658896923065186,1.0,1.0078125,0.0005466294845201885,1759
1330,0.39268600940704346,0.882031261920929,1.0,1.21875,0.0005465377827491268,3840
1331,0.24387019872665405,0.9282115697860718,1.0,1.25,0.0005464460101135497,3176
1332,0.5234129428863525,0.8395812511444092,0.75,1.6484375,0.0005463541666403818,2961
1333,0.1829623132944107,0.9516674876213074,1.0,1.109375,0.0005462622523565694,2069
1334,0.11311739683151245,0.973710298538208,1.0,0.8671875,0.0005461702672890788,2016
1335,0.1168428286910057,0.9777777791023254,1.0,0.9609375,0.0005460782114648978,1530
1336,0.06174309551715851,0.9959079027175903,1.0,0.375,0.000545986084911034,1955
1337,0.23018336296081543,0.9328140020370483,0.75,1.421875,0.0005458938876545168,2054
1338,0.18335185945034027,0.9490566253662109,1.0,1.3984375,0.0005458016197223957,1590
1339,0.44307273626327515,0.8586766719818115,1.0,1.3984375,0.0005457092811417411,4005
1340,0.7770171761512756,0.7452270984649658,1.0,1.4296875,0.000545616871939644,4557
1341,0.2649615705013275,0.9190549850463867,1.0,1.2734375,0.0005455243921432164,2582
1342,0.2102500945329666,0.9372509717941284,1.0,1.7734375,0.0005454318417795908,1004
1343,0.18374958634376526,0.9571609497070312,1.0,0.89453125,0.0005453392208759205,3945
1344,0.16575565934181213,0.9540272355079651,1.0,0.91015625,0.0005452465294593792,2719
1345,0.08208882808685303,0.9797979593276978,1.0,0.8359375,0.0005451537675571618,1881
1346,0.04943598806858063,0.9866499900817871,1.0,0.58203125,0.0005450609351964836,2397
1347,0.5455824732780457,0.8253573775291443,1.0,1.4921875,0.0005449680324045805,4827
1348,0.41693180799484253,0.88634192943573,1.0,2.375,0.0005448750592087091,1047
1349,0.13057951629161835,0.9642616510391235,1.0,0.96875,0.000544782015636147,1483
1350,0.2828596234321594,0.9130293130874634,1.0,1.6796875,0.0005446889017141918,3070
1351,0.14077085256576538,0.9659006595611572,1.0,1.234375,0.0005445957174701622,1349
1352,0.056801050901412964,0.9841201901435852,1.0,0.39453125,0.0005445024629313975,2330
1353,0.6455572843551636,0.7955601215362549,0.75,2.265625,0.0005444091381252576,1937
1354,0.10634854435920715,0.9695550203323364,1.0,0.953125,0.0005443157430791228,1708
1355,0.14054518938064575,0.9621968865394592,1.0,1.1875,0.0005442222778203943,1402
1356,0.14273390173912048,0.953106701374054,1.0,0.9375,0.0005441287423764937,2559
1357,0.33088719844818115,0.8935706615447998,1.0,1.359375,0.0005440351367748634,2753
1358,0.11871359497308731,0.9771833419799805,1.0,1.0546875,0.000543941461042966,1271
1359,0.3015988767147064,0.9120304584503174,1.0,1.5703125,0.0005438477152082851,2103
1360,0.7875825762748718,0.7671940326690674,1.0,2.265625,0.0005437538992983247,3097
1361,0.33734846115112305,0.8957401514053345,1.0,1.1640625,0.0005436600133406095,4249
1362,0.17943331599235535,0.947079062461853,1.0,0.8359375,0.0005435660573626841,2910
1363,0.2816716134548187,0.9151957035064697,1.0,1.53125,0.0005434720313921146,2606
1364,0.3121276795864105,0.9028629660606384,1.0,1.4609375,0.0005433779354564871,2934
1365,0.5372876524925232,0.8200293183326721,1.0,1.3125,0.0005432837695834083,4773
1366,0.19507372379302979,0.9463358521461487,1.0,0.875,0.0005431895338005051,3466
1367,0.24092765152454376,0.9273333549499512,1.0,1.15625,0.0005430952281354258,3000
1368,0.16420423984527588,0.9555555582046509,1.0,1.0078125,0.0005430008526158383,2430
1369,0.1145133450627327,0.9756771922111511,1.0,0.765625,0.0005429064072694313,1809
1370,0.20637258887290955,0.9364522695541382,0.75,1.21875,0.0005428118921239142,2565
1371,0.05448048189282417,0.9853777289390564,1.0,0.486328125,0.0005427173072070165,2462
1372,0.6174565553665161,0.8032454252243042,1.0,1.25,0.0005426226525464885,5423
1373,0.195090189576149,0.9447396397590637,1.0,1.1328125,0.0005425279281701009,2823
1374,0.149415522813797,0.9618110060691833,1.0,0.91015625,0.0005424331341056446,2540
1375,0.17635735869407654,0.9502145648002625,1.0,1.2265625,0.0005423382703809313,2330
1376,0.5587635040283203,0.8054066300392151,1.0,1.40625,0.0005422433370237929,4476
1377,0.5896635055541992,0.8068678379058838,0.5,1.1953125,0.0005421483340620816,4805
1378,0.1869415044784546,0.9417510628700256,1.0,1.484375,0.0005420532615236706,2764
1379,0.12005891650915146,0.9663648009300232,1.0,1.1484375,0.0005419581194364529,1546
1380,0.207162544131279,0.9377777576446533,1.0,1.4375,0.0005418629078283421,1575
1381,0.17084044218063354,0.9542794227600098,1.0,0.953125,0.0005417676267272724,2734
1382,0.5693013072013855,0.8016335964202881,0.75,2.171875,0.0005416722761611981,5142
1383,0.3377317786216736,0.9057398438453674,1.0,1.984375,0.0005415768561580941,1899
1384,0.18475550413131714,0.9501915574073792,1.0,1.125,0.0005414813667459553,2871
1385,0.14799827337265015,0.9597014784812927,1.0,1.2421875,0.0005413858079527977,1340
1386,0.16343878209590912,0.950950562953949,1.0,1.234375,0.0005412901798066568,2630
1387,0.36091068387031555,0.8866073489189148,1.0,1.3359375,0.000541194482335589,4383
1388,0.21007457375526428,0.9381341934204102,1.0,1.125,0.0005410987155676709,3055
1389,0.2880015969276428,0.9176079630851746,1.0,1.765625,0.0005410028795309994,1505
1390,0.5918924808502197,0.8078431487083435,1.0,1.4609375,0.0005409069742536917,3825
1391,0.32282039523124695,0.9159061312675476,1.0,1.59375,0.0005408109997638853,1534
1392,0.0742403194308281,0.9803600907325745,1.0,0.6953125,0.0005407149560897381,1833
1393,0.0955037847161293,0.9769503474235535,1.0,1.0859375,0.0005406188432594282,1128
1394,0.1448943167924881,0.9662474989891052,1.0,1.171875,0.0005405226613011542,1511
1395,0.33926069736480713,0.9032979607582092,0.75,1.640625,0.0005404264102431348,1789
1396,0.07548318058252335,0.9870931506156921,1.0,0.65625,0.0005403300901136087,1782
1397,0.14435160160064697,0.961403489112854,0.75,1.4296875,0.0005402337009408356,1140
1398,0.6709074378013611,0.7744641304016113,1.0,1.71875,0.0005401372427530947,4292
1399,0.4165738523006439,0.860691487789154,1.0,1.546875,0.0005400407155786859,2979
1400,0.08860618621110916,0.9746682643890381,1.0,1.03125,0.0005399441194459292,1658
1401,0.23775342106819153,0.929175078868866,1.0,1.484375,0.0005398474543831648,2485
1402,0.32594701647758484,0.9108280539512634,1.0,1.7734375,0.0005397507204187532,2198
1403,0.4261174499988556,0.8684210777282715,0.75,1.375,0.000539653917581075,4294
1404,0.1602969616651535,0.9551353454589844,1.0,0.87890625,0.0005395570458985311,2697
1405,0.04314018040895462,0.9910660982131958,1.0,0.56640625,0.0005394601053995427,1679
1406,0.14519831538200378,0.9642412662506104,1.0,0.84375,0.0005393630961125509,3216
1407,0.22563399374485016,0.9334719181060791,1.0,1.75,0.0005392660180660173,1443
1408,0.2759053111076355,0.9131283760070801,1.0,1.65625,0.0005391688712884235,2049
1409,0.3306213915348053,0.9024937152862549,1.0,1.3203125,0.0005390716558082711,3569
1410,0.13969378173351288,0.9541023373603821,1.0,0.98046875,0.0005389743716540823,2462
1411,0.14541754126548767,0.9474591016769409,1.0,1.703125,0.0005388770188543992,1161
1412,1.082245945930481,0.6720850467681885,0.5,2.03125,0.0005387795974377838,3199
1413,0.07294166833162308,0.9795918464660645,1.0,0.7109375,0.0005386821074328186,1764
1414,0.07932677119970322,0.9803023338317871,1.0,0.7109375,0.0005385845488681061,2183
1415,0.12692791223526,0.9634655714035034,1.0,0.83984375,0.0005384869217722689,2874
1416,0.04416931793093681,0.991335391998291,1.0,0.51171875,0.0005383892261739496,1962
1417,0.22396555542945862,0.9275922775268555,1.0,1.140625,0.0005382914621018112,2845
1418,0.11327224224805832,0.975203812122345,1.0,0.6953125,0.0005381936295845366,2944
1419,0.27124592661857605,0.916951060295105,0.75,1.3828125,0.0005380957286508285,2637
1420,0.05787922069430351,0.9824926853179932,1.0,0.5,0.0005379977593294103,2399
1421,0.06422729790210724,0.9872578978538513,1.0,0.5546875,0.0005378997216490249,1962
1422,0.037855252623558044,0.9900580048561096,1.0,0.322265625,0.0005378016156384356,2414
1423,0.05453726276755333,0.9884708523750305,1.0,0.68359375,0.0005377034413264254,1648
1424,0.34523805975914,0.8926635980606079,1.0,1.203125,0.0005376051987417979,4798
1425,0.590247631072998,0.8009101152420044,1.0,1.4453125,0.000537506887913376,5274
1426,0.27439233660697937,0.909209668636322,1.0,1.3203125,0.0005374085088700033,3062
1427,0.24259652197360992,0.9219143390655518,1.0,1.7109375,0.000537310061640543,1191
1428,0.043907489627599716,0.9895705580711365,1.0,0.5625,0.0005372115462538785,1630
1429,0.1351243257522583,0.960440456867218,1.0,1.046875,0.0005371129627389131,2452
1430,0.2975769639015198,0.9164990186691284,1.0,1.109375,0.0005370143111245701,3976
1431,0.1881399154663086,0.9408502578735352,1.0,1.171875,0.0005369155914397927,2705
1432,0.4611298441886902,0.8519989848136902,1.0,1.1953125,0.0005368168037135442,4027
1433,0.5004279017448425,0.8323805332183838,1.0,1.1796875,0.000536717947974808,4373
1434,0.10530725121498108,0.974390983581543,1.0,0.96484375,0.0005366190242525871,1601
1435,0.10057004541158676,0.9800307154655457,1.0,0.9765625,0.0005365200325759048,1302
1436,0.167813241481781,0.9546061158180237,1.0,1.2109375,0.000536420972973804,2996
1437,0.0950760468840599,0.9774696826934814,1.0,1.15625,0.0005363218454753477,1154
1438,0.2138994187116623,0.9431694149971008,1.0,1.3046875,0.0005362226501096189,1830
1439,0.1591700315475464,0.9558610916137695,1.0,1.015625,0.0005361233869057204,2764
1440,0.04080309718847275,0.9880596995353699,1.0,0.46875,0.0005360240558927747,2345
1441,0.2942635715007782,0.9030373692512512,1.0,1.625,0.0005359246570999248,1712
1442,0.09762874990701675,0.9763617515563965,1.0,0.8046875,0.0005358251905563331,1946
1443,0.31231608986854553,0.9053094387054443,1.0,1.34375,0.0005357256562911818,2957
1444,0.3033131957054138,0.9223856329917908,1.0,1.7109375,0.0005356260543336734,1224
1445,0.09119457006454468,0.9753151535987854,1.0,0.7890625,0.0005355263847130297,1904
1446,0.13559676706790924,0.9691455960273743,1.0,1.21875,0.000535426647458493,1264
1447,0.0685701072216034,0.9812343716621399,1.0,0.53515625,0.000535326842599325,2398
1448,0.05320125073194504,0.9862724542617798,1.0,0.75390625,0.0005352269701648072,1894
1449,0.3988201320171356,0.8782132267951965,1.0,1.8984375,0.0005351270301842412,2373
1450,0.11501681059598923,0.9725330471992493,1.0,1.3984375,0.0005350270226869483,983
1451,0.2278899997472763,0.926537811756134,1.0,1.3125,0.0005349269477022694,2845
1452,0.1577519178390503,0.9674185514450073,1.0,0.98828125,0.0005348268052595657,1995
1453,0.06728897988796234,0.9819857478141785,1.0,0.443359375,0.0005347265953882177,2387
1454,0.18780727684497833,0.966292142868042,0.75,1.8203125,0.0005346263181176258,534
1455,0.4371192157268524,0.8582169413566589,1.0,1.359375,0.0005345259734772104,4655
1456,0.45241454243659973,0.8437427878379822,1.0,1.296875,0.0005344255614964115,4339
1457,0.09472870081663132,0.9788190126419067,1.0,1.078125,0.0005343250822046888,1558
1458,0.5317973494529724,0.8235080242156982,1.0,1.296875,0.0005342245356315218,5496
1459,0.3826620578765869,0.8788380026817322,1.0,1.1796875,0.0005341239218064098,4234
1460,0.3613733649253845,0.8858676552772522,0.5,0.91796875,0.0005340232407588718,5774
1461,0.606053352355957,0.8108949661254883,1.0,2.375,0.0005339224925184464,2570
1462,0.1000552773475647,0.9739764332771301,1.0,0.7265625,0.0005338216771146922,2882
1463,0.22095561027526855,0.9309695363044739,1.0,1.140625,0.0005337207945771871,3187
1464,0.24493476748466492,0.9238866567611694,1.0,1.96875,0.000533619844935529,1235
1465,0.20345862209796906,0.9398563504219055,1.0,1.3125,0.0005335188282193356,2228
1466,0.1716337651014328,0.9512061476707458,0.5,1.2578125,0.000533417744458244,1824
1467,0.13031548261642456,0.9644114375114441,1.0,0.95703125,0.0005333165936819107,2557
1468,0.1649864763021469,0.9528071880340576,1.0,1.4375,0.0005332153759200128,1229
1469,0.07960864901542664,0.9810725450515747,1.0,0.9765625,0.0005331140912022461,1268
1470,0.16824553906917572,0.9544678330421448,1.0,1.5703125,0.0005330127395583264,1757
1471,0.23626752197742462,0.9337068200111389,1.0,1.7109375,0.0005329113210179894,1071
1472,0.1428816169500351,0.959822952747345,1.0,0.953125,0.0005328098356109899,2937
1473,0.10973533242940903,0.9791666865348816,1.0,0.95703125,0.0005327082833671028,1488
1474,0.05916294828057289,0.9861547946929932,1.0,0.8359375,0.0005326066643161223,1589
1475,0.35399043560028076,0.8893495798110962,1.0,1.5546875,0.0005325049784878624,3859
1476,0.11017206311225891,0.9698652029037476,1.0,1.1484375,0.0005324032259121566,1261
1477,0.561952531337738,0.8129117488861084,0.75,1.71875,0.0005323014066188577,3795
1478,0.0721491128206253,0.9796344637870789,1.0,0.84765625,0.0005321995206378387,1915
1479,0.4510738253593445,0.853274941444397,0.5,1.1953125,0.0005320975679989917,5023
1480,0.1773713380098343,0.9519326090812683,1.0,1.34375,0.0005319955487322286,2018
1481,0.24157051742076874,0.9308755993843079,0.75,1.796875,0.0005318934628674804,1519
1482,0.08911295980215073,0.9792332053184509,1.0,1.0703125,0.0005317913104346983,1252
1483,0.2045079469680786,0.9528619647026062,1.0,1.328125,0.0005316890914638526,2079
1484,0.11988697946071625,0.9753986597061157,1.0,0.92578125,0.000531586805984933,2195
1485,0.18325673043727875,0.9494150280952454,1.0,1.171875,0.0005314844540279492,2906
1486,0.19020040333271027,0.9505899548530579,1.0,1.4140625,0.00053138203562293,2712
1487,0.5409247875213623,0.8282340168952942,0.75,1.6640625,0.0005312795507999239,3726
1488,0.09637932479381561,0.976542592048645,1.0,0.8125,0.0005311769995889988,1961
1489,0.24400514364242554,0.9281388521194458,1.0,1.3359375,0.000531074382020242,2477
1490,0.058643899857997894,0.9850597381591797,1.0,0.6484375,0.0005309716981237606,2008
1491,0.4245130717754364,0.8609808087348938,1.0,1.296875,0.0005308689479296805,4690
1492,0.19836093485355377,0.936582088470459,1.0,1.90625,0.0005307661314681479,1498
1493,0.2865079939365387,0.9102362394332886,1.0,1.3125,0.0005306632487693278,3810
1494,0.21156446635723114,0.9384965896606445,0.75,1.3203125,0.000530560299863405,1756
1495,0.1012428030371666,0.975234866142273,1.0,0.8203125,0.0005304572847805831,2342
1496,0.158551424741745,0.96109938621521,1.0,0.91015625,0.0005303542035510863,2365
1497,0.17446844279766083,0.9481765627861023,1.0,1.0078125,0.0005302510562051569,3126
1498,0.22196269035339355,0.9339823722839355,0.75,1.0859375,0.0005301478427730575,3287
1499,0.12190338969230652,0.9661733508110046,1.0,1.1015625,0.0005300445632850698,1419
1500,0.18879035115242004,0.9404704570770264,1.0,1.421875,0.0005299412177714947,2083
1501,0.2037920355796814,0.9404040575027466,1.0,1.671875,0.0005298378062626527,1980
1502,0.40572887659072876,0.8654261231422424,1.0,1.3984375,0.0005297343287888835,6019
1503,0.12609294056892395,0.9656230807304382,1.0,1.1015625,0.0005296307853805465,1629
1504,0.673980712890625,0.7988265156745911,0.75,2.171875,0.0005295271760680199,2386
1505,0.14424721896648407,0.9625962376594543,1.0,0.95703125,0.0005294235008817018,2727
1506,0.6178461909294128,0.7915515303611755,1.0,1.46875,0.0005293197598520091,5066
1507,0.15148767828941345,0.9558055400848389,0.75,1.09375,0.0005292159530093783,2489
1508,0.06682103127241135,0.9864672422409058,1.0,0.765625,0.0005291120803842654,1404
1509,0.19294379651546478,0.9461184144020081,1.0,1.15625,0.0005290081420071454,2821
1510,0.14627517759799957,0.9546061158180237,1.0,1.390625,0.0005289041379085125,1498
1511,0.04038779437541962,0.9933333396911621,1.0,0.66796875,0.0005288000681188804,1200
1512,0.32344725728034973,0.9071242213249207,1.0,1.59375,0.0005286959326687822,2681
1513,0.08351241797208786,0.9784411191940308,1.0,1.046875,0.0005285917315887698,1206
1514,0.09981255978345871,0.9682772159576416,1.0,0.8984375,0.0005284874649094151,2049
1515,0.4777120053768158,0.8500097393989563,0.75,1.8359375,0.0005283831326613084,5127
1516,0.1915939897298813,0.9454314708709717,1.0,1.6171875,0.0005282787348750598,1576
1517,0.2265709787607193,0.9423801898956299,0.75,1.625,0.0005281742715812983,1857
1518,0.5713627934455872,0.8255731463432312,1.0,1.4296875,0.0005280697428106724,4231
1519,0.23499055206775665,0.9294952154159546,1.0,1.5234375,0.0005279651485938497,2397
1520,0.2029946893453598,0.9456824660301208,1.0,1.203125,0.0005278604889615169,2872
1521,0.2337086945772171,0.9238057732582092,1.0,1.3125,0.0005277557639443801,2533
1522,0.16641362011432648,0.9525490403175354,1.0,1.1171875,0.0005276509735731643,2550
1523,0.1762481927871704,0.9485657811164856,1.0,1.3515625,0.0005275461178786139,2022
1524,0.1892303079366684,0.9503592252731323,1.0,1.4140625,0.0005274411968914926,1531
1525,0.13186950981616974,0.966810941696167,1.0,0.859375,0.0005273362106425828,2772
1526,0.06952887028455734,0.983260989189148,1.0,0.8046875,0.0005272311591626864,1613
1527,0.13874071836471558,0.9617379903793335,1.0,1.09375,0.0005271260424826243,1542
1528,0.15050636231899261,0.9555268883705139,1.0,1.125,0.0005270208606332367,3103
1529,0.16447646915912628,0.955234169960022,1.0,1.0546875,0.0005269156136453826,2904
1530,0.43942323327064514,0.8484429121017456,0.5,1.296875,0.0005268103015499405,4335
1531,0.07779469341039658,0.979036808013916,1.0,0.78515625,0.0005267049243778076,1765
1532,0.14959421753883362,0.9545273184776306,1.0,1.015625,0.0005265994821599005,2507
1533,0.44537749886512756,0.8456777930259705,1.0,1.2734375,0.0005264939749271549,5171
1534,0.113367460668087,0.9746268391609192,1.0,0.984375,0.0005263884027105253,2010
1535,0.6018558144569397,0.8001081347465515,1.0,1.328125,0.0005262827655409855,5548
1536,0.2149236649274826,0.9413580298423767,1.0,0.8359375,0.0005261770634495283,5184
1537,0.08553200960159302,0.977011501789093,1.0,0.87109375,0.0005260712964671653,1740
1538,0.04167577996850014,0.9922388195991516,1.0,0.45703125,0.0005259654646249276,1675
1539,0.1862616091966629,0.9534050226211548,1.0,1.609375,0.000525859567953865,837
1540,0.10010619461536407,0.9719626307487488,1.0,0.86328125,0.0005257536064850464,2354
1541,0.37248536944389343,0.8839374780654907,1.0,1.6015625,0.0005256475802495598,3007
1542,0.07037721574306488,0.9791356325149536,1.0,0.62109375,0.0005255414892785122,2684
1543,0.6610332131385803,0.7869249582290649,1.0,1.4765625,0.0005254353336030293,4956
1544,0.24820612370967865,0.9262183308601379,1.0,1.109375,0.0005253291132542561,3673
1545,0.18760403990745544,0.9462140798568726,1.0,2.03125,0.0005252228282633565,1915
1546,0.290054589509964,0.910702109336853,0.75,1.3828125,0.0005251164786615133,2934
1547,0.11588487774133682,0.9692857265472412,1.0,1.109375,0.0005250100644799284,1400
1548,0.20846593379974365,0.940536618232727,1.0,1.2890625,0.0005249035857498224,2758
1549,0.11399462819099426,0.9645389914512634,1.0,1.234375,0.000524797042502435,1410
1550,0.41406264901161194,0.8635567426681519,1.0,1.5859375,0.000524690434769025,4566
1551,0.43526899814605713,0.8606378436088562,1.0,1.359375,0.0005245837625808697,4578
1552,0.1889779418706894,0.9603340029716492,0.75,1.9765625,0.0005244770259692656,479
1553,0.10532811284065247,0.972243070602417,1.0,0.79296875,0.0005243702249655282,2666
1554,0.11069834977388382,0.9741228222846985,1.0,0.94921875,0.0005242633596009914,2280
1555,0.2708890736103058,0.9108192324638367,1.0,1.5625,0.0005241564299070087,2893
1556,0.10283380001783371,0.9768068790435791,1.0,1.03125,0.0005240494359149519,1854
1557,0.06777819246053696,0.984679639339447,1.0,0.87109375,0.0005239423776562118,1436
1558,0.4638248085975647,0.8475577235221863,1.0,1.5234375,0.0005238352551621982,5589
1559,0.2646041512489319,0.9218291640281677,1.0,1.046875,0.0005237280684643396,5795
1560,0.3415689170360565,0.8904657959938049,1.0,1.703125,0.0005236208175940835,2748
1561,0.12333780527114868,0.9647639393806458,1.0,1.2421875,0.0005235135025828961,1419
1562,0.41556668281555176,0.8752577304840088,0.75,2.546875,0.0005234061234622621,970
1563,0.11885087192058563,0.9700081944465637,1.0,0.89453125,0.0005232986802636859,2434
1564,0.3660629987716675,0.8789160251617432,1.0,1.375,0.0005231911730186898,5203
1565,0.2951357066631317,0.9117722511291504,1.0,1.234375,0.0005230836017588153,3899
1566,0.09833567589521408,0.9744338989257812,1.0,1.09375,0.0005229759665156226,1369
1567,0.11677718162536621,0.9672386646270752,0.75,0.96875,0.0005228682673206909,1923
1568,0.12659943103790283,0.9655906558036804,1.0,0.90234375,0.0005227605042056176,2819
1569,0.07177883386611938,0.9786438941955566,1.0,0.8671875,0.0005226526772020195,1873
1570,0.17402110993862152,0.9474397897720337,1.0,0.98046875,0.0005225447863415316,2949
1571,0.06351245939731598,0.9812996983528137,1.0,0.671875,0.0005224368316558082,2139
1572,0.3312269449234009,0.8987910151481628,1.0,2.078125,0.0005223288131765216,2895
1573,0.07941983640193939,0.9797297120094299,1.0,0.7890625,0.0005222207309353637,2220
1574,0.06563989818096161,0.9832869172096252,0.75,0.6796875,0.0005221125849640442,2154
1575,0.13614162802696228,0.9642677307128906,0.75,1.15625,0.0005220043752942922,1987
1576,0.109760582447052,0.9712885022163391,1.0,1.2734375,0.0005218961019578552,1428
1577,0.5485897660255432,0.8311648964881897,0.75,1.796875,0.0005217877649864993,3305
1578,0.1938888132572174,0.9465494155883789,1.0,1.0546875,0.0005216793644120094,2956
1579,0.2267228215932846,0.931102991104126,1.0,1.3203125,0.0005215709002661892,3019
1580,0.25196602940559387,0.9226552844047546,1.0,1.2265625,0.0005214623725808606,3284
1581,0.07414297014474869,0.9785440564155579,1.0,0.96484375,0.0005213537813878646,1305
1582,0.21793104708194733,0.9389705657958984,1.0,1.3828125,0.0005212451267190605,2720
1583,0.6628216505050659,0.7834028005599976,0.75,1.921875,0.0005211364086063266,5037
1584,0.1053013876080513,0.9738442897796631,1.0,1.078125,0.0005210276270815595,1644
1585,0.1866394728422165,0.9460269808769226,1.0,1.1640625,0.0005209187821766743,2668
1586,0.10068832337856293,0.9707766175270081,1.0,0.953125,0.0005208098739236053,2498
1587,0.05270351842045784,0.9893966913223267,1.0,0.5390625,0.0005207009023543047,2735
1588,0.30030587315559387,0.9105339050292969,0.75,1.921875,0.0005205918675007435,1386
1589,0.6240089535713196,0.787140965461731,1.0,1.6953125,0.0005204827693949115,5257
1590,0.22455854713916779,0.9374542832374573,1.0,1.28125,0.0005203736080688167,2734
1591,0.3169616162776947,0.9050047993659973,1.0,1.8359375,0.000520264383554486,3137
1592,0.09915369749069214,0.9710906744003296,0.75,0.7421875,0.0005201550958839647,3044
1593,0.10844938457012177,0.9710202217102051,1.0,0.83984375,0.0005200457450893164,2519
1594,0.30120691657066345,0.9033726453781128,1.0,1.1796875,0.0005199363312026234,4833
1595,0.16072304546833038,0.9587180614471436,1.0,1.3515625,0.0005198268542559867,1841
1596,0.05650264397263527,0.98740553855896,1.0,0.55078125,0.0005197173142815256,2779
1597,0.09632577747106552,0.9728714227676392,1.0,0.91015625,0.0005196077113113779,2396
1598,0.41272035241127014,0.8555458188056946,0.75,1.4375,0.0005194980453776997,4562
1599,0.2973153591156006,0.9041659832000732,1.0,0.93359375,0.0005193883165126661,6073
1600,0.1316295564174652,0.9645389914512634,1.0,1.109375,0.0005192785247484701,1692
1601,0.2143649309873581,0.9371160268783569,1.0,1.3359375,0.0005191686701173235,2767
1602,0.09125063568353653,0.9739547371864319,0.5,1.0703125,0.0005190587526514564,1459
1603,0.16305036842823029,0.9518851041793823,1.0,1.0625,0.0005189487723831175,2785
1604,0.4192577004432678,0.8637607097625732,1.0,1.4921875,0.0005188387293445735,5483
1605,0.051913388073444366,0.9884827136993408,1.0,0.65625,0.00051872862356811,1997
1606,0.29299196600914,0.9246947169303894,1.0,1.984375,0.0005186184550860308,2948
1607,0.09190858155488968,0.980252742767334,0.75,1.046875,0.0005185082239306582,1266
1608,0.5138921737670898,0.8570127487182617,0.5,1.9375,0.0005183979301343326,2196
1609,0.2930372953414917,0.9113827347755432,1.0,1.28125,0.0005182875737294131,3927
1610,0.4370124936103821,0.8520709872245789,0.75,1.5234375,0.0005181771547482771,4225
1611,0.03604460880160332,0.9907246232032776,1.0,0.5625,0.0005180666732233203,1725
1612,0.12433118373155594,0.9626132845878601,1.0,1.0703125,0.0005179561291869567,2648
1613,0.10259103775024414,0.9743589758872986,1.0,1.4140625,0.0005178455226716186,1053
1614,0.20083282887935638,0.9410361051559448,1.0,1.234375,0.0005177348537097569,2934
1615,0.15957151353359222,0.95368891954422,1.0,1.2421875,0.0005176241223338407,3131
1616,0.09716439992189407,0.9707903861999512,1.0,0.99609375,0.0005175133285763571,2328
1617,0.08332141488790512,0.975220263004303,1.0,0.8046875,0.0005174024724698119,1816
1618,0.5682315826416016,0.8180466294288635,0.75,2.640625,0.0005172915540467291,2017
1619,0.04186801612377167,0.989708423614502,1.0,0.7109375,0.0005171805733396509,1749
1620,0.09379085153341293,0.9773855209350586,1.0,0.93359375,0.000517069530381138,1813
1621,0.13637502491474152,0.9578028321266174,1.0,1.4375,0.0005169584252037689,2749
1622,0.20969122648239136,0.9365954399108887,1.0,1.9453125,0.0005168472578401407,1451
1623,0.09002742171287537,0.9731012582778931,1.0,0.83203125,0.0005167360283228686,2528
1624,0.2834677994251251,0.9121366739273071,0.75,1.234375,0.0005166247366845864,4507
1625,0.17665036022663116,0.9436516761779785,1.0,1.3046875,0.0005165133829579455,2733
1626,0.12505805492401123,0.9689158201217651,1.0,1.3515625,0.0005164019671756161,1319
1627,0.1416841447353363,0.962284505367279,1.0,0.96875,0.0005162904893702862,2784
1628,0.13136187195777893,0.9712317585945129,1.0,0.87109375,0.0005161789495746623,2468
1629,0.12722553312778473,0.9587500095367432,1.0,1.2890625,0.0005160673478214688,1600
1630,0.15711669623851776,0.9502537846565247,1.0,1.1875,0.0005159556841434485,2955
1631,0.07563931494951248,0.9804037809371948,1.0,0.91015625,0.0005158439585733624,1684
1632,0.7369212508201599,0.7658289074897766,1.0,1.8203125,0.0005157321711439893,4138
1633,0.3266107439994812,0.8967726826667786,1.0,1.421875,0.0005156203218881265,4214
1634,0.5406715273857117,0.8201326727867126,0.5,1.34375,0.0005155084108385894,5126
1635,0.10717014223337173,0.9720861911773682,1.0,1.0078125,0.0005153964380282115,2042
1636,0.0952247679233551,0.9742701649665833,1.0,0.875,0.000515284403489844,2021
1637,0.34690147638320923,0.8863793611526489,1.0,1.578125,0.0005151723072563572,4339
1638,0.6858797073364258,0.788715124130249,1.0,1.9375,0.0005150601493606385,3261
1639,0.2245759516954422,0.9301875829696655,1.0,1.046875,0.0005149479298355939,5171
1640,0.0398905910551548,0.9892125129699707,1.0,0.59765625,0.0005148356487141473,1854
1641,0.08021701127290726,0.9781738519668579,1.0,0.79296875,0.0005147233060292408,2749
1642,0.04587499052286148,0.9912841320037842,1.0,0.53125,0.0005146109018138345,1721
1643,0.17378143966197968,0.9556666612625122,1.0,1.5078125,0.0005144984361009065,3000
1644,0.04993953928351402,0.990075409412384,1.0,0.68359375,0.0005143859089234531,2519
1645,0.04696435481309891,0.983260989189148,0.75,0.734375,0.0005142733203144885,1613
1646,0.053374357521533966,0.9881278276443481,1.0,0.671875,0.0005141606703070448,1095
1647,0.16946083307266235,0.9519879817962646,1.0,1.515625,0.0005140479589341725,1333
1648,0.1223113089799881,0.9708890914916992,1.0,1.3515625,0.0005139351862289398,1271
1649,0.0963582769036293,0.96913081407547,1.0,0.765625,0.0005138223522244328,2462
1650,0.19609712064266205,0.9340241551399231,1.0,1.46875,0.000513709456953756,2895
1651,0.2220427691936493,0.9362918734550476,1.0,1.2109375,0.0005135965004500315,3673
1652,0.14080557227134705,0.9644743204116821,1.0,1.15625,0.0005134834827463994,2083
1653,0.404493510723114,0.8669981360435486,1.0,1.703125,0.0005133704038760179,4827
1654,0.12194103002548218,0.9666666388511658,1.0,1.1015625,0.0005132572638720632,1980
1655,0.052176136523485184,0.9917032718658447,1.0,0.59375,0.0005131440627677294,2049
1656,0.10484076291322708,0.9692757725715637,1.0,0.921875,0.0005130308005962281,2734
1657,0.03302350267767906,0.9891868233680725,1.0,0.404296875,0.0005129174773907895,2312
1658,0.1492837369441986,0.9593367576599121,1.0,1.296875,0.0005128040931846612,2533
1659,0.03489028289914131,0.9918616414070129,1.0,0.6484375,0.0005126906480111089,983
1660,0.10328914225101471,0.974794864654541,1.0,1.1171875,0.0005125771419034162,1706
1661,0.053280819207429886,0.9900990128517151,1.0,0.515625,0.0005124635748948845,2727
1662,0.0700145810842514,0.9858314394950867,1.0,0.8203125,0.0005123499470188332,1341
1663,0.05992152914404869,0.9827483892440796,0.75,0.70703125,0.0005122362583085993,1681
1664,0.33859989047050476,0.8909481167793274,1.0,1.4453125,0.0005121225087975379,5126
1665,0.04564488306641579,0.9885367751121521,1.0,0.55078125,0.0005120086985190219,1483
1666,0.05196691304445267,0.9881729483604431,1.0,0.59375,0.0005118948275064421,2452
1667,0.15031050145626068,0.9568639993667603,1.0,1.078125,0.0005117808957932066,3176
1668,0.2878014147281647,0.9072267413139343,1.0,1.1015625,0.000511666903412742,5023
1669,0.12227560579776764,0.9681966304779053,1.0,0.99609375,0.0005115528503984922,2767
1670,0.1531897783279419,0.9561290144920349,1.0,0.99609375,0.0005114387367839195,3100
1671,0.04646633192896843,0.9879341721534729,1.0,0.5390625,0.000511324562602503,2735
1672,0.07577484101057053,0.9844961166381836,1.0,0.99609375,0.0005112103278877406,1161
1673,0.07407573610544205,0.9790475964546204,1.0,0.95703125,0.0005110960326731473,1575
1674,0.04542221128940582,0.9895561337471008,1.0,0.56640625,0.0005109816769922562,1915
1675,0.06647399812936783,0.9814241528511047,1.0,0.7109375,0.0005108672608786179,2261
1676,0.059610843658447266,0.9801160097122192,1.0,0.59765625,0.0005107527843658007,2414
1677,0.1933862715959549,0.9429776072502136,1.0,1.0859375,0.0005106382474873909,4507
1678,0.09309867769479752,0.9751852750778198,1.0,0.89453125,0.0005105236502769923,3103
1679,0.11733723431825638,0.9684553742408752,1.0,1.046875,0.0005104089927682264,2758
1680,0.0402221754193306,0.9895201325416565,1.0,0.578125,0.0005102942749947326,1813
1681,0.06668230146169662,0.9820895791053772,1.0,0.79296875,0.0005101794969901678,2010
1682,0.15469959378242493,0.9543752074241638,1.0,1.09375,0.0005100646587882065,2937
1683,0.23384717106819153,0.9287257194519043,0.75,1.0703125,0.0005099497604225409,6019
1684,0.026621149852871895,0.9951961636543274,1.0,0.388671875,0.0005098348019268812,2498
1685,0.09968428313732147,0.9772071838378906,1.0,0.68359375,0.0005097197833349546,3466
1686,0.22073596715927124,0.9365178942680359,0.75,0.95703125,0.0005096047046805064,4773
1687,0.06720682233572006,0.981545090675354,1.0,0.6953125,0.0005094895659972996,2330
1688,0.04315968230366707,0.9885057210922241,1.0,0.625,0.0005093743673191144,1740
1689,0.30799150466918945,0.9017689824104309,1.0,1.1640625,0.0005092591086797488,4805
1690,0.05907517671585083,0.9853137731552124,1.0,0.61328125,0.0005091437901130186,2996
1691,0.09990416467189789,0.9707300066947937,1.0,0.83984375,0.0005090284116527568,2904
1692,0.08069734275341034,0.9791666865348816,0.75,0.76953125,0.0005089129733328143,2784
1693,0.020217347890138626,0.9964321851730347,1.0,0.337890625,0.0005087974751870595,1962
1694,0.09960048645734787,0.9701914191246033,1.0,0.76953125,0.000508681917249378,3187
1695,0.11058025807142258,0.9687349796295166,1.0,1.0078125,0.0005085662995536734,2079
1696,0.0861126109957695,0.9773510694503784,1.0,0.9453125,0.0005084506221338667,2031
1697,0.1167779415845871,0.9688873887062073,1.0,0.95703125,0.0005083348850238962,2957
1698,0.14154353737831116,0.9608632326126099,1.0,0.98828125,0.000508219088257718,2734
1699,0.0491170696914196,0.9871244430541992,1.0,0.474609375,0.0005081032318693057,2330
1700,0.3114674389362335,0.8990350961685181,1.0,1.3515625,0.0005079873158926501,4249
1701,0.2970823049545288,0.9044375419616699,1.0,1.1953125,0.0005078713403617597,5138
1702,0.06874535977840424,0.9831849932670593,1.0,0.7578125,0.0005077553053106607,2022
1703,0.12740059196949005,0.9673081040382385,1.0,0.75,0.0005076392107733961,4833
1704,0.05639871582388878,0.9849056601524353,1.0,0.7265625,0.000507523056784027,1590
1705,0.11190814524888992,0.9717267155647278,1.0,1.125,0.0005074068433766315,2971
1706,0.08987244963645935,0.9787632822990417,1.0,1.0625,0.0005072905705853057,1601
1707,0.07155565172433853,0.9833110570907593,1.0,0.9375,0.0005071742384441623,1498
1708,0.034812137484550476,0.9936336874961853,1.0,0.47265625,0.0005070578469873322,2042
1709,0.023094410076737404,0.9964028596878052,1.0,0.318359375,0.000506941396248963,1946
1710,0.03443681076169014,0.9920153021812439,1.0,0.458984375,0.0005068248862632206,3131
1711,0.09044679999351501,0.970588207244873,1.0,1.0078125,0.0005067083170642873,2550
1712,0.03938749432563782,0.988596498966217,1.0,0.88671875,0.0005065916886863634,1140
1713,0.056689728051424026,0.984646201133728,1.0,0.890625,0.0005064750011636663,1498
1714,0.09444063156843185,0.9748166799545288,1.0,1.046875,0.000506358254530431,3137
1715,0.03496308624744415,0.9932753443717957,1.0,0.447265625,0.0005062414488209094,2528
1716,0.11124049127101898,0.9676142334938049,1.0,0.91015625,0.0005061245840693712,2779
1717,0.05526131018996239,0.9840075373649597,1.0,0.58203125,0.0005060076603101031,2126
1718,0.06513801217079163,0.9824689626693726,1.0,1.109375,0.0005058906775774093,1369
1719,0.16023264825344086,0.9567713737487793,1.0,1.140625,0.0005057736359056113,2961
1720,0.031216071918606758,0.9931389093399048,1.0,0.703125,0.0005056565353290479,1749
1721,0.04185798764228821,0.9886040091514587,1.0,0.8515625,0.0005055393758820748,1404
1722,0.07301522046327591,0.9800514578819275,1.0,1.0234375,0.0005054221575990655,1554
1723,0.22685828804969788,0.9308257102966309,1.0,1.1484375,0.0005053048805144106,5450
1724,0.09739243239164352,0.9739252924919128,1.0,1.2421875,0.0005051875446625178,1419
1725,0.03288913145661354,0.9905063509941101,1.0,0.69921875,0.0005050701500778121,1264
1726,0.1948637217283249,0.9455729126930237,1.0,1.1328125,0.000504952696794736,3840
1727,0.11212118715047836,0.9652677178382874,1.0,1.0703125,0.0005048351848477487,2764
1728,0.5045743584632874,0.832365870475769,1.0,1.4921875,0.0005047176142713272,5685
1729,0.14710624516010284,0.9554288387298584,1.0,0.91015625,0.0005045999850999651,3859
1730,0.05729587376117706,0.9884454011917114,1.0,0.6953125,0.0005044822973681737,1904
1731,0.08967728167772293,0.973832368850708,1.0,0.95703125,0.0005043645511104812,3019
1732,0.06864994764328003,0.9813998937606812,1.0,0.7109375,0.0005042467463614332,2043
1733,0.043564263731241226,0.9895319938659668,1.0,0.84375,0.0005041288831555921,1624
1734,0.14488135278224945,0.9601593613624573,1.0,1.3515625,0.0005040109615275378,1757
1735,0.04761733487248421,0.9837812781333923,1.0,0.65234375,0.0005038929815118673,2158
1736,0.05653810501098633,0.9824984669685364,1.0,0.86328125,0.0005037749431431942,1657
1737,0.05372098833322525,0.9859247207641602,1.0,0.59765625,0.0005036568464561501,3055
1738,0.1556016504764557,0.9543949961662292,1.0,1.296875,0.000503538691485383,2719
1739,0.2274436354637146,0.9298279285430908,1.0,1.1640625,0.0005034204782655585,5173
1740,0.06161170080304146,0.9824561476707458,1.0,0.94921875,0.0005033022068313589,1824
1741,0.11757274717092514,0.9692372679710388,1.0,1.1328125,0.0005031838772174837,2373
1742,0.20646260678768158,0.934485912322998,1.0,1.484375,0.0005030654894586496,2198
1743,0.03605003282427788,0.9927681684494019,1.0,0.49609375,0.0005029470435895902,2489
1744,0.03520781919360161,0.9887406229972839,1.0,0.455078125,0.0005028285396450562,2398
1745,0.02852141484618187,0.9956545233726501,1.0,0.353515625,0.0005027099776598154,1841
1746,0.02321004867553711,0.9928810596466064,1.0,0.322265625,0.0005025913576686525,2388
1747,0.0621330626308918,0.9809926152229309,1.0,0.88671875,0.0005024726797063693,1894
1748,0.07589107751846313,0.97633957862854,1.0,0.7109375,0.0005023539438077847,2874
1749,0.10104435682296753,0.9711775183677673,0.75,0.875,0.0005022351500077345,2845
1750,0.0887022316455841,0.9743772149085999,1.0,1.2890625,0.0005021162983410714,1405
1751,0.08446899056434631,0.9789294004440308,0.75,0.8125,0.0005019973888426651,1756
1752,0.3034411370754242,0.899573564529419,1.0,1.734375,0.0005018784215474025,4690
1753,0.0621110275387764,0.9816414713859558,1.0,0.73828125,0.0005017593964901873,2778
1754,0.16303777694702148,0.9498385787010193,1.0,1.0546875,0.0005016403137059399,4027
1755,0.0638897493481636,0.9795281291007996,1.0,0.76171875,0.0005015211732295982,2882
1756,0.14359430968761444,0.9563518166542053,1.0,1.203125,0.0005014019750961163,3070
1757,0.09327968955039978,0.9724393486976624,1.0,0.90234375,0.000501282719340466,2431
1758,0.09350050985813141,0.9768370389938354,1.0,1.2734375,0.0005011634059976354,1252
1759,0.1051044836640358,0.9702349901199341,0.75,1.0546875,0.0005010440351026298,1915
1760,0.0635097473859787,0.9841330051422119,1.0,0.80078125,0.0005009246066904712,2647
1761,0.22862102091312408,0.9303045868873596,0.75,1.7734375,0.0005008051207961988,1937
1762,0.20428253710269928,0.9446617960929871,1.0,1.4140625,0.0005006855774548682,1789
1763,0.17292539775371552,0.9508196711540222,0.75,1.2265625,0.0005005659767015522,2196
1764,0.23472383618354797,0.9319136738777161,1.0,1.4765625,0.0005004463185713403,3569
1765,0.11380300670862198,0.9646047949790955,1.0,0.88671875,0.000500326603099339,2910
1766,0.4111068844795227,0.8626664280891418,1.0,1.4921875,0.0005002068303206712,5483
1767,0.09418760985136032,0.9765188097953796,1.0,0.87890625,0.0005000870002704772,2683
1768,0.11503690481185913,0.9676085710525513,1.0,1.2890625,0.0004999671129839138,1451
1769,0.09792793542146683,0.972432017326355,1.0,0.91015625,0.0004998471684961545,2648
1770,0.15025149285793304,0.954023003578186,1.0,1.0859375,0.0004997271668423897,2784
1771,0.07414375990629196,0.9808967113494873,1.0,0.79296875,0.0004996071080578265,2565
1772,0.07777893543243408,0.9789103865623474,1.0,0.765625,0.0004994869921776889,2845
1773,0.37359166145324707,0.874131441116333,1.0,1.4609375,0.0004993668192372176,5037
1774,0.13961733877658844,0.960770308971405,1.0,1.390625,0.0004992465892716699,1402
1775,0.28921565413475037,0.9081769585609436,1.0,1.1640625,0.0004991263023163201,4476
1776,0.22719308733940125,0.9312023520469666,0.75,1.0078125,0.000499005958406459,4724
1777,0.08221333473920822,0.9797979593276978,1.0,0.86328125,0.0004988855575773941,1881
1778,0.18113940954208374,0.9374095797538757,1.0,1.3203125,0.0004987650998644497,2764
1779,0.21587048470973969,0.9338009357452393,1.0,1.34375,0.0004986445853029668,4562
1780,0.3029105067253113,0.9043036103248596,1.0,1.203125,0.000498524013928303,5507
1781,0.02452736534178257,0.9939320683479309,1.0,0.40625,0.0004984033857758327,1648
1782,0.05814211070537567,0.9878345727920532,1.0,0.7265625,0.0004982827008809469,1644
1783,0.058458395302295685,0.9818316698074341,1.0,0.72265625,0.0004981619592790529,2697
1784,0.1484021097421646,0.9569752216339111,1.0,1.453125,0.0004980411610055753,1534
1785,0.13305366039276123,0.9591960906982422,1.0,1.125,0.0004979203060959547,3284
1786,0.11526323854923248,0.9667519330978394,1.0,1.0703125,0.0004977993945856489,1955
1787,0.06817423552274704,0.9809085130691528,1.0,0.9140625,0.0004976784265101318,1519
1788,0.20149365067481995,0.939338207244873,0.5,1.3515625,0.0004975574019048941,2720
1789,0.047919999808073044,0.9874812364578247,1.0,0.65234375,0.0004974363208054432,1997
1790,0.08556339144706726,0.9736467003822327,1.0,0.81640625,0.0004973151832473027,2808
1791,0.0788392722606659,0.9783764481544495,1.0,0.84765625,0.0004971939892660132,2821
1792,0.04069795832037926,0.991239070892334,1.0,0.65234375,0.0004970727388971318,1598
1793,0.07704456895589828,0.9814420342445374,1.0,0.734375,0.0004969514321762319,3287
1794,0.05472070723772049,0.988135576248169,1.0,0.73828125,0.0004968300691389034,1770
1795,0.0911160334944725,0.9768656492233276,1.0,1.328125,0.0004967086498207532,1340
1796,0.35147765278816223,0.8830966353416443,1.0,1.3515625,0.000496587174257404,5774
1797,0.20727655291557312,0.9458823800086975,1.0,1.1953125,0.0004964656424844958,3825
1798,0.11084214597940445,0.9678055047988892,1.0,0.87890625,0.0004963440545376843,3044
1799,0.11945299804210663,0.9675324559211731,1.0,1.3125,0.0004962224104526423,1386
1800,0.29283908009529114,0.9077171087265015,1.0,1.578125,0.0004961007102650588,4963
1801,0.10574996471405029,0.9717618227005005,1.0,1.2109375,0.000495978954010639,1629
1802,0.1845950186252594,0.9439312815666199,1.0,1.1171875,0.0004958571417251053,4655
1803,0.03108876198530197,0.9887797832489014,1.0,0.40234375,0.0004957352734441959,2139
1804,0.24782505631446838,0.9238171577453613,1.0,1.2421875,0.0004956133492036654,4988
1805,0.11584995687007904,0.9669093489646912,0.75,1.2734375,0.0004954913690392852,1511
1806,0.047615665942430496,0.9871490001678467,1.0,0.765625,0.000495369332986843,2101
1807,0.08966755867004395,0.9789473414421082,1.0,0.87890625,0.0004952472410821428,2280
1808,0.37688446044921875,0.8779081106185913,1.0,1.6875,0.0004951250933610049,5201
1809,0.27652066946029663,0.9280318021774292,0.75,1.359375,0.0004950028898592662,2515
1810,0.06615598499774933,0.9828649759292603,1.0,0.96484375,0.0004948806306127797,1459
1811,0.2568246126174927,0.9182808995246887,1.0,1.2109375,0.0004947583156574151,4956
1812,0.06922871619462967,0.9844683408737183,1.0,1.0234375,0.0004946359450290583,837
1813,0.09189309179782867,0.9745795726776123,1.0,0.87890625,0.0004945135187636112,2557
1814,0.08556737750768661,0.9775112271308899,1.0,0.91796875,0.0004943910368969925,2668
1815,0.04060894623398781,0.9881053566932678,1.0,0.64453125,0.0004942684994651371,2354
1816,0.2977527976036072,0.8953846096992493,1.0,1.859375,0.000494145906503996,4225
1817,0.060371316969394684,0.9855822324752808,0.75,0.65234375,0.0004940232580495366,2705
1818,0.04109601676464081,0.9890872836112976,1.0,0.59765625,0.0004939005541377428,2016
1819,0.15826614201068878,0.9535290598869324,1.0,0.921875,0.0004937777948046143,5143
1820,0.08571377396583557,0.9711616635322571,1.0,0.8515625,0.0004936549800861674,2462
1821,0.20096071064472198,0.9412400722503662,1.0,0.9921875,0.0004935321100184348,5548
1822,0.11511822044849396,0.9752501249313354,1.0,1.140625,0.000493409184637465,1899
1823,0.03888332098722458,0.9920029044151306,1.0,0.51171875,0.000493286203979323,2751
1824,0.3834036886692047,0.8676654100418091,0.75,1.5390625,0.00049316316808009,4005
1825,0.3294525146484375,0.9077155590057373,0.75,1.5,0.0004930400769758633,3305
1826,0.02240755409002304,0.9936231970787048,1.0,0.462890625,0.0004929169307027568,1725
1827,0.02202581986784935,0.9946268796920776,1.0,0.365234375,0.0004927937292968996,1675
1828,0.12496357411146164,0.9697239398956299,1.0,1.078125,0.0004926704727944382,2246
1829,0.09634345769882202,0.9754098653793335,1.0,1.0859375,0.0004925471612315344,1830
1830,0.25423377752304077,0.9187230467796326,1.0,1.078125,0.0004924237946443666,5795
1831,0.2342531681060791,0.927161455154419,1.0,1.078125,0.0004923003730691292,5066
1832,0.18364542722702026,0.942400336265564,1.0,1.09375,0.0004921768965420325,4566
1833,0.22326727211475372,0.936712920665741,1.0,1.21875,0.0004920533650993034,3097
1834,0.06772033870220184,0.982940673828125,1.0,0.77734375,0.0004919297787771847,2462
1835,0.03915712237358093,0.9900383353233337,1.0,0.79296875,0.000491806137611935,1305
1836,0.07999727129936218,0.9806522727012634,1.0,0.8984375,0.0004916824416398294,1809
1837,0.23343877494335175,0.9247037172317505,1.0,1.171875,0.0004915586908971589,4303
1838,0.0997425764799118,0.9725722670555115,1.0,1.296875,0.0004914348854202307,1349
1839,0.10801525413990021,0.9692360758781433,1.0,1.078125,0.0004913110252453679,2893
1840,0.0332094170153141,0.9887839555740356,1.0,0.6015625,0.0004911871104089096,1694
1841,0.21518421173095703,0.9299219250679016,1.0,1.2109375,0.0004910631409472112,5765
1842,0.03309736028313637,0.9940564632415771,1.0,0.6015625,0.0004909391168966438,1346
1843,0.29258352518081665,0.9056787490844727,1.0,1.453125,0.0004908150382935949,5142
1844,0.20671601593494415,0.9336839914321899,1.0,1.15625,0.0004906909051744676,4373
1845,0.024951115250587463,0.9930278658866882,1.0,0.4140625,0.0004905667175756813,2008
1846,0.13752008974552155,0.959733247756958,1.0,1.0703125,0.0004904424755336711,3899
1847,0.06259635090827942,0.9841468334197998,1.0,0.82421875,0.0004903181790848885,2397
1848,0.04680316895246506,0.9869281053543091,1.0,0.75390625,0.0004901938282658007,1530
1849,0.10638528317213058,0.9727551937103271,1.0,1.1796875,0.0004900694231128904,2606
1850,0.0722736120223999,0.9808518886566162,1.0,0.5625,0.0004899449636626572,2559
1851,0.04945807904005051,0.9886707067489624,1.0,0.74609375,0.000489820449951616,1324
1852,0.037682123482227325,0.9907640814781189,1.0,0.6796875,0.0004896958820162977,1191
1853,0.2009337693452835,0.9412370920181274,1.0,1.9921875,0.000489571259893249,970
1854,0.10449709743261337,0.9670963287353516,1.0,0.94140625,0.000489446583619033,2948
1855,0.03330697864294052,0.9887359142303467,1.0,0.3671875,0.0004893218532302281,2397
1856,0.07859660685062408,0.9791666865348816,1.0,1.015625,0.0004891970687634288,1488
1857,0.06718377768993378,0.9823669195175171,1.0,0.8359375,0.0004890722302552455,2949
1858,0.060226812958717346,0.9826498627662659,1.0,1.0703125,0.0004889473377423046,1268
1859,0.10201939195394516,0.9711736440658569,1.0,1.046875,0.000488822391261248,2914
1860,0.031618718057870865,0.9923306107521057,1.0,0.3515625,0.0004886973908487338,2347
1861,0.048802267760038376,0.9883177280426025,1.0,0.68359375,0.0004885723365414356,1712
1862,0.23649999499320984,0.9311519861221313,1.0,1.7109375,0.0004884472283760428,2934
1863,0.17522594332695007,0.951361894607544,1.0,1.265625,0.0004883220663892612,2570
1864,0.3600695729255676,0.8811594247817993,0.75,2.03125,0.0004881968506178115,3795
1865,0.19437210261821747,0.9440944790840149,1.0,1.2109375,0.0004880715810984308,3810
1866,0.0787968635559082,0.9746560454368591,1.0,1.265625,0.0004879462578678718,1381
1867,0.14749464392662048,0.956714391708374,1.0,1.546875,0.00048782088096290297,2934
1868,0.16860371828079224,0.952963650226593,1.0,1.328125,0.0004876954504203085,2615
1869,0.07514427602291107,0.980079710483551,1.0,1.2109375,0.00048756996627688824,1004
1870,0.22024431824684143,0.9327091574668884,1.0,1.21875,0.000487444428569458,5127
1871,0.11883033066987991,0.9639742374420166,1.0,1.2734375,0.00048731883733484896,2637
1872,0.03675568476319313,0.9934617877006531,1.0,0.4609375,0.00048719319260990835,2906
1873,0.17898835241794586,0.9482392072677612,1.0,1.1640625,0.000487067494431499,4231
1874,0.16593331098556519,0.9491466283798218,1.0,1.5546875,0.00048694174283649914,2871
1875,0.08693203330039978,0.9756345152854919,1.0,0.8828125,0.00048681593786180306,2955
1876,0.041903216391801834,0.9917864203453064,1.0,0.5703125,0.0004866900795443206,2435
1877,0.03635896369814873,0.9911894202232361,1.0,0.8828125,0.000486564167920977,1589
1878,0.042890917509794235,0.9864022731781006,1.0,0.67578125,0.0004864382030287135,1765
1879,0.07266942411661148,0.977142870426178,1.0,1.0390625,0.0004863121849044868,1925
1880,0.05676547437906265,0.9859835505485535,1.0,0.66796875,0.0004861861135852691,2069
1881,0.018134841695427895,0.9944776892662048,1.0,0.310546875,0.0004860599891080485,2173
1882,0.3512086868286133,0.8915953636169434,1.0,1.5078125,0.0004859338115098285,4557
1883,0.6978503465652466,0.7986871004104614,0.75,1.9375,0.00048580758082762807,3199
1884,0.2947845160961151,0.9108487963676453,1.0,1.28125,0.000485681297098482,3982
1885,0.03946811705827713,0.9883936643600464,1.0,0.578125,0.00048555496035944043,2154
1886,0.0738891065120697,0.9777265787124634,1.0,1.0546875,0.0004854285706475693,1302
1887,0.21604587137699127,0.9331508278846741,0.75,1.1796875,0.00048530212799995,4383
1888,0.22156798839569092,0.9290301203727722,1.0,1.0703125,0.00048517563245367923,6073
1889,0.01623959094285965,0.9958308339118958,1.0,0.337890625,0.0004850490840458695,1679
1890,0.03936135768890381,0.9906183481216431,1.0,0.37109375,0.0004849224828136487,2345
1891,0.07206349074840546,0.98023921251297,1.0,0.96875,0.0004847958287941602,1923
1892,0.05331622436642647,0.9870967864990234,1.0,0.796875,0.000484669122024563,1705
1893,0.044913288205862045,0.9881516695022583,1.0,0.765625,0.0004845423625420313,1266
1894,0.27629172801971436,0.9112081527709961,0.75,2.03125,0.000484415550383755,2748
1895,0.03642960265278816,0.9927272796630859,0.75,0.61328125,0.00048428868558693936,1100
1896,0.06101437658071518,0.9800965189933777,1.0,0.96484375,0.00048416176818880514,1658
1897,0.04761263728141785,0.9864864945411682,1.0,0.703125,0.0004840347982265885,2220
1898,0.26547878980636597,0.920622706413269,0.75,1.703125,0.00048390777573754104,5203
1899,0.10129792988300323,0.9739986062049866,1.0,1.0859375,0.0004837807007589298,1423
1900,0.04327967390418053,0.9877102375030518,1.0,0.765625,0.000483653573328037,1546
1901,0.07390647381544113,0.9807794690132141,1.0,0.890625,0.00048352639348216066,1873
1902,0.2824898958206177,0.9047717452049255,1.0,1.2734375,0.0004833991612586138,4841
1903,0.11689828336238861,0.9616056084632874,1.0,1.0,0.0004832718766947249,2865
1904,0.162355437874794,0.9543726444244385,1.0,1.3046875,0.0004831445398278379,3945
1905,0.02140946127474308,0.9953188896179199,1.0,0.51171875,0.00048301715069531205,1709
1906,0.05980472266674042,0.9841395616531372,1.0,1.0234375,0.0004828897093345219,1261
1907,0.11303233355283737,0.9713375568389893,1.0,1.0625,0.0004827622157828574,2198
1908,0.05403504893183708,0.9878286123275757,1.0,0.7890625,0.00048263467007772363,2054
1909,0.0948551744222641,0.9714388847351074,1.0,0.8984375,0.00048250707225654116,2766
1910,0.16953028738498688,0.9477806687355042,1.0,1.2421875,0.00048237942235674583,2681
1911,0.31846338510513306,0.9090527892112732,0.75,1.6171875,0.0004822517204157885,2386
1912,0.16458351910114288,0.9504536986351013,1.0,0.9140625,0.00048212396647113575,5510
1913,0.0712219625711441,0.9818593859672546,1.0,0.890625,0.00048199616056026907,1764
1914,0.052025072276592255,0.9872514009475708,1.0,0.73828125,0.00048186830272068526,1961
1915,0.14625930786132812,0.9575163125991821,0.75,1.4921875,0.00048174039298989657,1224
1916,0.04397594928741455,0.9885476231575012,1.0,0.56640625,0.00048161243140543007,1921
1917,0.11724599450826645,0.9670505523681641,1.0,1.03125,0.00048148441800482836,3126
1918,0.11305836588144302,0.9665759801864624,1.0,1.03125,0.0004813563528256493,2573
1919,0.09605799615383148,0.9727626442909241,1.0,1.1875,0.0004812282359054656,1542
1920,0.01269314344972372,0.9974989295005798,1.0,0.205078125,0.0004811000672818654,2399
1921,0.0302098598331213,0.9917401075363159,1.0,0.60546875,0.00048097184699245205,1816
1922,0.05950478836894035,0.9860259294509888,1.0,0.65234375,0.0004808435750748439,2934
1923,0.1488405019044876,0.9569892287254333,1.0,2.203125,0.00048071525156667444,744
1924,0.016238601878285408,0.9957055449485779,1.0,0.42578125,0.00048058687650559247,1630
1925,0.0455019474029541,0.9904006719589233,1.0,0.57421875,0.0004804584499292618,2396
1926,0.4967302083969116,0.8661378026008606,0.75,2.9375,0.00048032997187536137,2017
1927,0.15936994552612305,0.9521010518074036,1.0,1.109375,0.00048020144238158517,4593
1928,0.10408481955528259,0.976190447807312,1.0,0.9921875,0.00048007286148564243,2352
1929,0.050917237997055054,0.9850000143051147,1.0,0.84375,0.00047994422922525726,1600
1930,0.04017499089241028,0.9886202216148376,1.0,0.59375,0.000479815545638169,2109
1931,0.08853288739919662,0.9752996563911438,1.0,0.8671875,0.00047968681076213197,2753
1932,0.07741393893957138,0.9826425909996033,1.0,0.77734375,0.0004795580246349155,2823
1933,0.34515997767448425,0.8854759335517883,1.0,1.375,0.00047942918729430416,5274
1934,0.10280504077672958,0.9701492786407471,1.0,1.3984375,0.00047930029877809726,1206
1935,0.021090984344482422,0.9946075677871704,1.0,0.466796875,0.0004791713591241094,1669
1936,0.0502450130879879,0.9876543283462524,1.0,0.78515625,0.0004790423683701699,1782
1937,0.07013024389743805,0.9798387289047241,1.0,0.79296875,0.0004789133265541234,2728
1938,0.15667732059955597,0.9530043601989746,1.0,1.1875,0.00047878423371382916,2979
1939,0.11052075773477554,0.9714693427085876,1.0,1.328125,0.00047865508988716176,1402
1940,0.01474919356405735,0.9970308542251587,1.0,0.32421875,0.00047852589511201044,1684
1941,0.05328977108001709,0.9852686524391174,1.0,0.88671875,0.00047839664942627954,1154
1942,0.1410321742296219,0.9591770172119141,1.0,1.4296875,0.00047826735286788833,3062
1943,0.2140800654888153,0.9341692924499512,0.75,1.25,0.000478138005474771,5423
1944,0.11319734901189804,0.965692937374115,1.0,1.1015625,0.0004780086072848767,2944
1945,0.02596410922706127,0.9935867786407471,0.75,0.5234375,0.0004778791583361693,2183
1946,0.1274835467338562,0.9613645672798157,1.0,1.25,0.0004777496586666279,2433
1947,0.03601021319627762,0.9888983964920044,1.0,0.57421875,0.00047762010831424597,2342
1948,0.0909188836812973,0.9732805490493774,1.0,1.09375,0.00047749050731703247,2021
1949,0.13046136498451233,0.9590954184532166,1.0,1.09375,0.00047736085571301073,3007
1950,0.10591728240251541,0.9719298481941223,1.0,1.140625,0.00047723115354021906,1995
1951,0.055989671498537064,0.983021080493927,1.0,1.0703125,0.0004771014008367107,1708
1952,0.07376738637685776,0.9802358746528625,1.0,0.73046875,0.00047697159764055366,3137
1953,0.28134140372276306,0.9139680862426758,1.0,1.3828125,0.00047684174398983077,4138
1954,0.13344155251979828,0.9638643264770508,1.0,1.6484375,0.0004767118399226396,2712
1955,0.1355619728565216,0.9673340320587158,0.75,1.6015625,0.0004765818854770927,949
1956,0.2528219521045685,0.9168607592582703,0.75,1.2109375,0.0004764518806913171,4294
1957,0.08359885215759277,0.9743589758872986,1.0,1.5546875,0.00047632182560345494,1053
1958,0.10774648189544678,0.9702022075653076,1.0,0.953125,0.0004761917202516628,2819
1959,0.1828063428401947,0.9464105367660522,1.0,0.890625,0.0004760615646741122,4945
1960,0.1396234929561615,0.9648088216781616,1.0,0.68359375,0.0004759313589089894,5257
1961,0.06917179375886917,0.9813211560249329,1.0,0.86328125,0.00047580110299449524,2195
1962,0.10254903882741928,0.9803921580314636,1.0,1.4375,0.0004756707969688455,1071
1963,0.018746268004179,0.995976984500885,1.0,0.359375,0.00047554044087027035,1740
1964,0.07356467843055725,0.9749045372009277,1.0,0.984375,0.000475410034737015,1833
1965,0.10727053135633469,0.9714285731315613,1.0,0.96484375,0.000475279578607339,2940
1966,0.0765465572476387,0.9791086316108704,1.0,0.8359375,0.0004751490725195169,2872
1967,0.13440603017807007,0.9601528644561768,1.0,0.9375,0.0004750185165118377,5496
1968,0.03205014020204544,0.9912060499191284,1.0,0.66796875,0.000474887910622605,1592
1969,0.03419501334428787,0.9916666746139526,1.0,0.63671875,0.0004747572548901371,1200
1970,0.09073251485824585,0.9736652374267578,1.0,0.91015625,0.00047462654935276707,2772
1971,0.06131213903427124,0.983392059803009,1.0,0.84375,0.0004744957940488425,1987
1972,0.09521988034248352,0.9781158566474915,1.0,0.72265625,0.0004743649890167254,4798
1973,0.1072271466255188,0.9729363918304443,1.0,0.8671875,0.00047423413429479265,2956
1974,0.053741030395030975,0.9876345992088318,1.0,0.6953125,0.00047410322992143554,2507
1975,0.0532987155020237,0.9836065769195557,1.0,0.59765625,0.0004739722759350599,2684
1976,0.11445819586515427,0.9641780853271484,1.0,0.9609375,0.00047384127237408636,2987
1977,0.03971579670906067,0.9884020686149597,1.0,0.5625,0.00047371021927694975,2328
1978,0.0463615320622921,0.9866288304328918,1.0,0.55859375,0.0004735791166820996,2468
1979,0.08941976726055145,0.9728346467018127,1.0,0.890625,0.000473447964628,2540
1980,0.022438418120145798,0.9949031472206116,1.0,0.3984375,0.0004733167631531295,1962
1981,0.1464175134897232,0.9568723440170288,1.0,0.82421875,0.0004731855122959812,5704
1982,0.06457250565290451,0.9851767420768738,1.0,0.82421875,0.0004730542120950627,1754
1983,0.1535312980413437,0.9560698866844177,1.0,0.921875,0.0004729228625888959,4234
1984,0.06060826778411865,0.9821862578392029,1.0,0.9921875,0.0004727914638160174,1235
1985,0.20978617668151855,0.9337921142578125,1.0,1.46875,0.000472660015814978,4214
1986,0.0791790708899498,0.9742023348808289,1.0,0.73046875,0.00047252851862434334,2946
1987,0.12300936132669449,0.9672570824623108,1.0,0.984375,0.00047239697228269303,3726
1988,0.1688985526561737,0.9502196311950684,1.0,1.53125,0.0004722653768286213,2049
1989,0.052898868918418884,0.9858425259590149,1.0,0.6484375,0.000472133732300737,2896
1990,0.22525610029697418,0.928719699382782,1.0,1.203125,0.0004720020387376629,4335
1991,0.06259220838546753,0.9831275939941406,1.0,0.83984375,0.0004718702961780368,2430
1992,0.08568284660577774,0.9731437563896179,1.0,1.1484375,0.00047173850466051013,1899
1993,0.25724658370018005,0.9124071598052979,0.5,1.2890625,0.0004716066642237493,4578
1994,0.08903259038925171,0.9812734127044678,1.0,1.421875,0.00047147477490643475,534
1995,0.056529100984334946,0.9837266206741333,0.75,1.0546875,0.0004713428367472615,1229
1996,0.06254647672176361,0.9823812246322632,1.0,0.91796875,0.0004712108497849385,1873
1997,0.07230055332183838,0.9782153367996216,1.0,0.6875,0.0004710788140581894,2387
1998,0.20427902042865753,0.9376335144042969,1.0,1.4140625,0.00047094672960575204,4682
1999,0.05177005007863045,0.9860464930534363,1.0,0.89453125,0.00047081459646637847,1505
2000,0.07289789617061615,0.981328547000885,1.0,0.83203125,0.0004706824146788351,2785
2001,0.04431977868080139,0.9893617033958435,1.0,0.94921875,0.0004705501842819027,1128
2002,0.03949013724923134,0.9885714054107666,1.0,0.6796875,0.00047041790531437614,1400
2003,0.03250860795378685,0.9917479157447815,1.0,0.50390625,0.0004702855778150646,2666
2004,0.03801311179995537,0.9902507066726685,1.0,0.7734375,0.0004701532018227915,1436
2005,0.1258462518453598,0.9714593291282654,1.0,1.0703125,0.0004700207773763946,1857
2006,0.050181642174720764,0.9873949289321899,1.0,0.8359375,0.0004698883045147257,1428
2007,0.0978749692440033,0.9756097793579102,1.0,1.2109375,0.0004697557832766506,1558
2008,0.021984407678246498,0.9954278469085693,1.0,0.4140625,0.00046962321370105,1531
2009,0.07102125138044357,0.9828680157661438,1.0,1.109375,0.00046949059582681815,1576
2010,0.14709633588790894,0.9569120407104492,1.0,1.625,0.00046935792969286365,2228
2011,0.050704967230558395,0.9866204261779785,1.0,0.76171875,0.00046922521533810936,2018
2012,0.06677190959453583,0.9836879372596741,1.0,1.0234375,0.0004690924528014921,1410
2013,0.028698211535811424,0.9924242496490479,1.0,0.6640625,0.000468959642121963,1188
2014,0.04801502078771591,0.9862624406814575,1.0,0.66015625,0.00046882678333848727,2111
2015,0.10736265778541565,0.9654889106750488,1.0,1.1484375,0.0004686938764900441,2434
2016,0.04849095642566681,0.9864150881767273,1.0,0.9921875,0.00046856092161562705,1325
2017,0.1225782111287117,0.9629629850387573,1.0,0.91796875,0.00046842791875424347,5184
2018,0.30540311336517334,0.8961569666862488,1.0,1.4921875,0.00046829486794491495,4892
2019,0.028742222115397453,0.9948834776878357,1.0,0.51953125,0.00046816176922667723,1759
2020,0.033612750470638275,0.9942938685417175,1.0,0.61328125,0.0004680286226385799,2103
2021,0.10916125774383545,0.9690923094749451,1.0,1.265625,0.00046789542821968667,2556
2022,0.05786491930484772,0.9855361580848694,1.0,0.60546875,0.0004677621860090754,2005
2023,0.09927799552679062,0.976122260093689,1.0,1.390625,0.00046762889604583794,1047
2024,0.06030596047639847,0.9837352633476257,1.0,0.76953125,0.0004674955583690799,1783
2025,0.16561424732208252,0.9482913017272949,1.0,1.1796875,0.00046736217301792125,5589
2026,0.04346345737576485,0.991134762763977,1.0,0.71484375,0.00046722874003149564,1692
2027,0.055396683514118195,0.9840610027313232,1.0,0.90234375,0.0004670952594489509,1443
2028,0.08778339624404907,0.9754353165626526,1.0,0.88671875,0.0004669617313094488,3216
2029,0.11108402907848358,0.9632192254066467,1.0,1.0703125,0.0004668281556521649,2746
2030,0.05408148840069771,0.9893889427185059,1.0,0.546875,0.000466694532516289,2733
2031,0.052808959037065506,0.985200822353363,1.0,0.9375,0.00046656086194102456,1419
2032,0.051387347280979156,0.9866114258766174,1.0,0.5625,0.00046642714396558896,3137
2033,0.08392470329999924,0.9707724452018738,1.0,1.7421875,0.00046629337862921376,479
2034,0.05138208717107773,0.9862737059593201,1.0,0.75,0.00046615956597114414,2477
2035,0.11601953208446503,0.966630220413208,1.0,1.5,0.00046602570603063913,1828
2036,0.14714859426021576,0.9538028240203857,0.75,0.96484375,0.00046589179884697193,5325
2037,0.07978705316781998,0.9802880883216858,1.0,1.3203125,0.0004657578444594294,1319
2038,0.22256864607334137,0.928005576133728,1.0,1.2578125,0.00046562384290731206,4292
2039,0.052966222167015076,0.9860573410987854,1.0,0.66796875,0.0004654897942299349,2582
2040,0.06859225779771805,0.9790744185447693,1.0,0.90625,0.000465355698466626,2485
2041,0.15060488879680634,0.957473874092102,1.0,1.2421875,0.0004652215556567276,3927
2042,0.06313619017601013,0.9821292757987976,1.0,0.734375,0.0004650873658395959,2630
2043,0.07455546408891678,0.9889336228370667,1.0,0.58203125,0.0004649531290546005,3976
2044,0.1170269250869751,0.9727916717529297,1.0,1.078125,0.00046481884534112515,2683
2045,0.09347038716077805,0.9720930457115173,1.0,1.0234375,0.0004646845147385671,2365
2046,0.03410998359322548,0.9934818148612976,1.0,0.46875,0.00046455013728633745,1841
2047,0.11391693353652954,0.965307891368866,1.0,0.78125,0.0004644157130238612,5765
2048,0.17124207317829132,0.9440745711326599,1.0,1.1328125,0.00046428124199057676,5257
2049,0.06110749766230583,0.9857524633407593,0.75,0.75390625,0.00046414672422593657,2246
2050,0.14049869775772095,0.9680412411689758,1.0,1.890625,0.00046401215976940666,970
2051,0.10344084352254868,0.9748790264129639,1.0,0.8125,0.0004638775486604667,4339
2052,0.057375308126211166,0.9855371713638306,1.0,0.6640625,0.00046374289093861017,2904
2053,0.09442271292209625,0.9764705896377563,1.0,0.84375,0.000463608186643344,4335
2054,0.04936211556196213,0.9828816056251526,1.0,1.0,0.00046347343581418915,1402
2055,0.06371018290519714,0.9840637445449829,1.0,0.9296875,0.00046333863849067986,1757
2056,0.06286485493183136,0.9827671051025391,1.0,0.8515625,0.0004632037947123642,2031
2057,0.031531158834695816,0.990626335144043,1.0,0.458984375,0.0004630689045188039,2347
2058,0.15213236212730408,0.9555461406707764,1.0,1.0625,0.0004629339679495743,4724
2059,0.052114468067884445,0.988831639289856,1.0,0.51171875,0.00046279898504426414,2328
2060,0.02497280016541481,0.9952629208564758,1.0,0.435546875,0.00046266395584247606,2111
2061,0.14577427506446838,0.9499521851539612,1.0,1.25,0.0004625288803838261,3137
2062,0.0637742206454277,0.9819204211235046,0.75,0.7578125,0.0004623937587079438,2489
2063,0.06972914934158325,0.9802455902099609,1.0,0.93359375,0.0004622585908544726,1873
2064,0.02378423511981964,0.9962802529335022,1.0,0.349609375,0.000462123376863069,1613
2065,0.06685398519039154,0.9833694696426392,1.0,0.73828125,0.0004619881167734033,2766
2066,0.04998642951250076,0.9898456335067749,1.0,0.67578125,0.0004618528106251595,2462
2067,0.06658139824867249,0.9825870394706726,1.0,1.203125,0.0004617174584580348,1206
2068,0.052655450999736786,0.9862204790115356,1.0,0.65625,0.0004615820603117402,2540
2069,0.07165498286485672,0.9798488616943359,1.0,1.3046875,0.00046144661622599977,1191
2070,0.47753360867500305,0.8540325164794922,0.75,2.171875,0.0004613111262405515,3261
2071,0.12583309412002563,0.962469756603241,1.0,1.0625,0.0004611755903951465,4956
2072,0.037691377103328705,0.9921708106994629,1.0,0.734375,0.00046104000872954954,1405
2073,0.09290413558483124,0.9753235578536987,1.0,0.68359375,0.00046090438128353886,5795
2074,0.11489985138177872,0.9658910036087036,1.0,1.234375,0.00046076870809690605,3137
2075,0.03694599121809006,0.9909977316856384,1.0,0.60546875,0.00046063298920945593,2666
2076,0.03628932684659958,0.9925925731658936,1.0,0.59375,0.0004604972246610072,2430
2077,0.026950405910611153,0.9940342903137207,1.0,0.640625,0.0004603614144913915,1341
2078,0.062421273440122604,0.9828649759292603,1.0,1.015625,0.0004602255587404541,1459
2079,0.11896181106567383,0.9645131826400757,1.0,1.1875,0.0004600896574480536,2198
2080,0.057521410286426544,0.9867774844169617,1.0,0.66796875,0.00045995371065406183,2647
2081,0.16118016839027405,0.9509550929069519,0.75,1.5546875,0.0004598177183983642,1937
2082,0.04422790929675102,0.989959180355072,1.0,0.54296875,0.0004596816807208591,3187
2083,0.13734892010688782,0.9585646986961365,1.0,1.140625,0.0004595455976614588,4682
2084,0.06797567009925842,0.9808823466300964,1.0,0.81640625,0.0004594094692600883,2720
2085,0.027795864269137383,0.991349458694458,1.0,0.427734375,0.0004592732955566864,2312
2086,0.1807429939508438,0.9407433271408081,1.0,1.265625,0.0004591370765912048,5704
2087,0.07423674315214157,0.9844683408737183,1.0,1.28125,0.00045900081240360873,837
2088,0.2898707985877991,0.9025505781173706,1.0,1.4296875,0.0004588645030338765,5685
2089,0.05164178088307381,0.9856997132301331,1.0,0.671875,0.00045872814852199986,2937
2090,0.045884132385253906,0.9890339374542236,1.0,0.84375,0.0004585917489079837,1915
2091,0.06722893565893173,0.9806175827980042,1.0,0.80078125,0.0004584553042318461,3044
2092,0.032671861350536346,0.9916393756866455,1.0,0.5390625,0.00045831881453361844,2751
2093,0.04013293609023094,0.9907048940658569,1.0,0.6171875,0.0004581822798533453,2582
2094,0.022703010588884354,0.9960979223251343,1.0,0.3359375,0.0004580457002310845,2819
2095,0.016665207222104073,0.9968533515930176,1.0,0.5234375,0.00045790907570690694,1589
2096,0.031039265915751457,0.9905236959457397,1.0,0.384765625,0.0004577724063208968,2005
2097,0.01754564605653286,0.9964891672134399,1.0,0.431640625,0.0004576356921131512,1709
2098,0.04332331195473671,0.9893859028816223,1.0,0.97265625,0.00045749893312378075,1319
2099,0.03627821058034897,0.9903078675270081,1.0,0.60546875,0.00045736212939290904,1754
2100,0.019307941198349,0.995976984500885,1.0,0.337890625,0.0004572252809606726,1740
2101,0.043160419911146164,0.986997663974762,1.0,0.859375,0.00045708838786722133,1692
2102,0.027688955888152122,0.99210524559021,1.0,0.91015625,0.00045695145015271825,1140
2103,0.10727189481258392,0.9677687287330627,1.0,1.1171875,0.0004568144678573393,6019
2104,0.016757966950535774,0.9964538812637329,1.0,0.388671875,0.0004566774410212735,1410
2105,0.05302615463733673,0.9882053136825562,1.0,0.703125,0.00045654036968472306,3137
2106,0.025706548243761063,0.9921767115592957,1.0,0.35546875,0.00045640325388790324,2173
2107,0.0851462259888649,0.9763380289077759,1.0,0.6875,0.00045626609367104237,5325
2108,0.07710177451372147,0.9815282821655273,1.0,0.58984375,0.0004561288890743816,5143
2109,0.026248987764120102,0.9917263984680176,1.0,0.6484375,0.00045599164013817515,1813
2110,0.1904778629541397,0.9392886161804199,1.0,1.1796875,0.0004558543469026905,4892
2111,0.042161885648965836,0.9877924919128418,1.0,1.015625,0.00045571700940820806,983
2112,0.13674825429916382,0.9613196849822998,1.0,0.921875,0.00045557962769502097,5274
2113,0.030281925573945045,0.9942965507507324,1.0,0.458984375,0.0004554422018034355,2630
2114,0.03420590981841087,0.9913793206214905,1.0,0.8046875,0.00045530473177377094,1624
2115,0.017699435353279114,0.996476411819458,1.0,0.443359375,0.00045516721764635946,1419
2116,0.06569630652666092,0.9866751432418823,1.0,0.95703125,0.0004550296594615462,1576
2117,0.12910272181034088,0.9636328220367432,1.0,0.9375,0.00045489205725968927,5142
2118,0.02267530746757984,0.9947746396064758,1.0,0.35546875,0.0004547544110811596,3062
2119,0.07591615617275238,0.9777777791023254,1.0,1.046875,0.0004546167209663409,1980
2120,0.02199789695441723,0.9944422245025635,1.0,0.482421875,0.00045447898695563015,2519
2121,0.06806966662406921,0.9838449358940125,1.0,0.94921875,0.00045434120908943693,1857
2122,0.02530636638402939,0.9938650131225586,1.0,0.4609375,0.00045420338740818363,2934
2123,0.03067585825920105,0.9931368827819824,1.0,0.59375,0.00045406552195230573,2477
2124,0.0212059635668993,0.9928613901138306,1.0,0.703125,0.00045392761276225133,1681
2125,0.03819192945957184,0.988486111164093,1.0,0.38671875,0.0004537896598784815,2345
2126,0.05905758589506149,0.9828090667724609,1.0,0.80078125,0.0004536516633414702,2734
2127,0.027651619166135788,0.9918341636657715,1.0,0.5546875,0.00045351362319170403,1592
2128,0.06342568248510361,0.9784313440322876,1.0,1.046875,0.00045337553946968236,1530
2129,0.031848110258579254,0.9908257126808167,1.0,0.5703125,0.0004532374122159174,1962
2130,0.0353192538022995,0.9927583932876587,1.0,0.69140625,0.00045309924147093433,1519
2131,0.030506405979394913,0.9908883571624756,1.0,0.60546875,0.0004529610272752708,2195
2132,0.018705526366829872,0.9985141158103943,1.0,0.40234375,0.00045282276966947737,1346
2133,0.20333273708820343,0.936568021774292,1.0,1.4921875,0.0004526844686941172,4225
2134,0.04740011692047119,0.9872680902481079,1.0,0.68359375,0.00045254612438976646,2749
2135,0.16997528076171875,0.9486834406852722,1.0,1.2734375,0.00045240773679701375,5203
2136,0.06489560753107071,0.981055498123169,1.0,0.71875,0.0004522693059564604,2956
2137,0.0328809879720211,0.9894109964370728,1.0,0.69921875,0.0004521308319087205,1511
2138,0.14048948884010315,0.9576888084411621,1.0,1.953125,0.0004519923146944208,2198
2139,0.026907769963145256,0.9920834898948669,1.0,0.55859375,0.0004518537543542008,2779
2140,0.0987199917435646,0.9721124768257141,1.0,0.82421875,0.00045171515092871256,4303
2141,0.02922888658940792,0.9943761229515076,1.0,0.474609375,0.00045157650445862063,2845
2142,0.03691057860851288,0.9895833134651184,1.0,0.73046875,0.00045143781498460254,2016
2143,0.04040663316845894,0.988095223903656,1.0,0.75,0.00045129908254734825,1764
2144,0.05586576834321022,0.9861801862716675,1.0,0.8515625,0.00045116030718756015,1809
2145,0.03711837902665138,0.9896174669265747,0.75,0.7578125,0.00045102148894595357,1830
2146,0.0550750270485878,0.9860000014305115,1.0,0.65625,0.0004508826278632562,3000
2147,0.046357035636901855,0.986494779586792,1.0,0.8984375,0.0004507437239802083,1629
2148,0.019497664645314217,0.9975529909133911,1.0,0.31640625,0.00045060477733756276,2452
2149,0.034581832587718964,0.9914326667785645,1.0,0.70703125,0.000450465787976085,2101
2150,0.034232378005981445,0.9891530871391296,1.0,0.61328125,0.0004503267559365529,2397
2151,0.021797386929392815,0.996379017829895,1.0,0.578125,0.00045018768125975705,1657
2152,0.05722931772470474,0.9843239784240723,1.0,0.96875,0.00045004856398650044,1531
2153,0.19976763427257538,0.9368671774864197,1.0,1.3984375,0.0004499094041575983,5037
2154,0.03997311741113663,0.9898017048835754,1.0,0.66015625,0.0004497702018138788,1765
2155,0.05333230644464493,0.9860861897468567,0.75,0.7578125,0.0004496309569961823,2228
2156,0.0775713324546814,0.9794676899909973,1.0,0.86328125,0.0004494916697453617,3945
2157,0.01932685263454914,0.9967637658119202,1.0,0.35546875,0.00044935234010228236,1854
2158,0.04418758302927017,0.9856495261192322,1.0,0.88671875,0.00044921296810782204,1324
2159,0.0327753908932209,0.9922667741775513,1.0,0.609375,0.00044907355380287083,2069
2160,0.07096567004919052,0.9815587997436523,1.0,0.640625,0.00044893409722833157,2874
2161,0.19423197209835052,0.9421265125274658,1.0,1.2109375,0.0004487945984251191,5201
2162,0.05597013607621193,0.9861848950386047,1.0,0.87890625,0.0004486550574341609,2823
2163,0.02895553596317768,0.9922765493392944,1.0,0.490234375,0.0004485154742963968,2719
2164,0.05354482680559158,0.9847636818885803,1.0,0.6953125,0.0004483758490527788,3216
2165,0.10266337543725967,0.9696725606918335,1.0,0.859375,0.00044823618174427156,3726
2166,0.06316295266151428,0.9803071022033691,1.0,0.91015625,0.00044809647241185187,2996
2167,0.061646703630685806,0.9852994680404663,1.0,0.55078125,0.00044795672109650884,5510
2168,0.11760453134775162,0.9644772410392761,1.0,0.91796875,0.000447816927839244,4476
2169,0.08008752763271332,0.9800580143928528,1.0,0.875,0.00044767709268107115,2758
2170,0.025591719895601273,0.9920713305473328,1.0,0.5546875,0.00044753721566301655,2018
2171,0.027803026139736176,0.9923547506332397,1.0,0.6171875,0.00044739729682611825,1962
2172,0.05423200502991676,0.98525071144104,1.0,0.80078125,0.0004472573362114271,2373
2173,0.048183199018239975,0.9849912524223328,1.0,0.74609375,0.0004471173338600059,2865
2174,0.014406903646886349,0.9964912533760071,1.0,0.271484375,0.00044697728981292993,2280
2175,0.04945181682705879,0.9886195063591003,1.0,0.8203125,0.00044683720411128647,2021
2176,0.05734192207455635,0.9836372137069702,1.0,0.72265625,0.0004466970767961751,2139
2177,0.03870977461338043,0.9929078221321106,1.0,0.96875,0.0004465569079087076,1128
2178,0.018091071397066116,0.9939919710159302,1.0,0.63671875,0.00044641669749000807,1498
2179,0.06245752424001694,0.9818119406700134,1.0,0.79296875,0.00044627644558121267,2914
2180,0.27154043316841125,0.9233025908470154,1.0,1.859375,0.00044613615222346964,2386
2181,0.02368268556892872,0.9948382377624512,1.0,0.2734375,0.0004459958174579397,2906
2182,0.05419374257326126,0.980664849281311,1.0,0.8046875,0.00044585544132579535,2948
2183,0.02097986824810505,0.9945388436317444,1.0,0.9375,0.0004457150238682216,1648
2184,0.17379789054393768,0.9513274431228638,1.0,1.578125,0.0004455745651264151,4294
2185,0.05394671484827995,0.9840778708457947,1.0,0.71875,0.0004454340651415851,2261
2186,0.07958514988422394,0.9758819341659546,0.75,0.9296875,0.0004452935239549526,2778
2187,0.031499821692705154,0.9924471378326416,1.0,0.5078125,0.0004451529416077509,2648
2188,0.025592342019081116,0.9956122636795044,1.0,0.3828125,0.00044501231814122544,2507
2189,0.05638730525970459,0.9877734780311584,1.0,0.828125,0.00044487165359663336,1554
2190,0.028102392330765724,0.993109405040741,1.0,0.67578125,0.00044473094801524417,1161
2191,0.04211903735995293,0.990867555141449,1.0,0.83984375,0.00044459020143833945,1095
2192,0.05225003883242607,0.9878716468811035,1.0,0.73046875,0.0004444494139072125,2556
2193,0.08371193706989288,0.9767441749572754,1.0,1.296875,0.0004443085854631691,1333
2194,0.19985902309417725,0.9429846405982971,0.5,1.640625,0.00044416771614752635,2017
2195,0.05551376938819885,0.9846284985542297,1.0,0.9140625,0.00044402680600161406,2342
2196,0.0719868615269661,0.978382408618927,1.0,1.0,0.00044388585506677366,2683
2197,0.08485664427280426,0.9785407781600952,1.0,0.921875,0.00044374486338435846,2330
2198,0.05677463114261627,0.9859943985939026,1.0,0.8359375,0.000443603830995734,1428
2199,0.024048684164881706,0.9940526485443115,1.0,0.427734375,0.0004434627579422776,2354
2200,0.0939347967505455,0.9776510000228882,1.0,1.21875,0.00044332164426537856,2103
2201,0.04488397762179375,0.9881637692451477,1.0,0.66796875,0.000443180490006438,3126
2202,0.07718005776405334,0.979457676410675,1.0,1.078125,0.00044303929520686915,2434
2203,0.1000421941280365,0.9681990742683411,1.0,1.1484375,0.00044289805990809677,2893
2204,0.09089910238981247,0.9737827777862549,0.75,1.890625,0.0004427567841515579,534
2205,0.08524098992347717,0.9743404388427734,1.0,1.0234375,0.00044261546797870135,2767
2206,0.05516874045133591,0.983715295791626,1.0,0.7265625,0.0004424741114309875,1658
2207,0.11122924834489822,0.9674475193023682,1.0,1.1328125,0.00044233271454988896,3287
2208,0.09825866669416428,0.9747142195701599,1.0,0.83984375,0.00044219127737688994,5774
2209,0.09398458153009415,0.9720566272735596,1.0,1.1328125,0.00044204979995348667,2684
2210,0.05658341571688652,0.9811828136444092,1.0,1.5546875,0.00044190828232118696,744
2211,0.0324862077832222,0.9918166995048523,1.0,0.52734375,0.0004417667245215105,1833
2212,0.0536799281835556,0.9844329357147217,0.75,0.8671875,0.00044162512659598886,1349
2213,0.05333791673183441,0.9842289686203003,1.0,0.8359375,0.00044148348858616523,1712
2214,0.0286182202398777,0.9931674003601074,1.0,0.453125,0.00044134181053359477,2049
2215,0.13830314576625824,0.9627906680107117,1.0,0.9921875,0.000441200092479844,4945
2216,0.14131736755371094,0.9678003191947937,1.0,1.3359375,0.00044105833446649164,2764
2217,0.16959668695926666,0.9489505290985107,1.0,1.1328125,0.00044091653653512787,3859
2218,0.10003035515546799,0.9731824994087219,1.0,0.77734375,0.0004407746987273546,4773
2219,0.11067406088113785,0.9679554104804993,1.0,1.1015625,0.00044063282108478566,2871
2220,0.07757658511400223,0.9800170063972473,1.0,1.0234375,0.0004404909036490461,2352
2221,0.08873466402292252,0.9772822260856628,0.75,0.69140625,0.0004403489464617731,4798
2222,0.03608078882098198,0.9906493425369263,1.0,0.65234375,0.0004402069495646153,1925
2223,0.040111105889081955,0.9905586242675781,1.0,0.69140625,0.000440064912999233,1271
2224,0.06486978381872177,0.9815157055854797,1.0,0.81640625,0.00043992283680729813,2705
2225,0.07748731225728989,0.9764254093170166,1.0,1.0859375,0.0004397807210304944,1824
2226,0.13443154096603394,0.9596164226531982,1.0,0.984375,0.0004396385657105168,5423
2227,0.02213682420551777,0.994339644908905,1.0,0.435546875,0.0004394963708890723,1590
2228,0.05729558691382408,0.9843551516532898,1.0,0.7734375,0.0004393541366078793,2365
2229,0.014452332630753517,0.9984160661697388,1.0,0.2890625,0.0004392118629086676,1894
2230,0.15965455770492554,0.9501299858093262,1.0,1.0234375,0.00043906954983317887,4231
2231,0.08837253600358963,0.976020097732544,1.0,0.71484375,0.00043892719742316623,5171
2232,0.06192083656787872,0.9828816056251526,1.0,0.96875,0.0004387848057203942,1402
2233,0.04233375936746597,0.9900990128517151,1.0,0.5703125,0.00043864237476663894,3131
2234,0.07383187115192413,0.9798732995986938,1.0,0.9453125,0.0004384999046036882,2683
2235,0.024994945153594017,0.993571400642395,1.0,0.38671875,0.000438357395273341,1400
2236,0.0569516196846962,0.9881716370582581,1.0,0.546875,0.00043821484681740816,4988
2237,0.02143804542720318,0.9929726123809814,1.0,0.515625,0.00043807225927771173,1423
2238,0.20781581103801727,0.9353369474411011,0.75,1.625,0.0004379296326960853,2196
2239,0.08046886324882507,0.9758478999137878,1.0,1.09375,0.000437786967114374,1946
2240,0.05806710571050644,0.9842022061347961,1.0,0.98828125,0.0004376442625744344,1266
2241,0.11303802579641342,0.965758740901947,1.0,1.109375,0.0004375015191181343,2570
2242,0.06292135268449783,0.9804630875587463,1.0,0.703125,0.0004373587367873531,2764
2243,0.034078650176525116,0.9907928109169006,1.0,0.609375,0.00043721591562398144,1955
2244,0.05417611077427864,0.9856321811676025,1.0,0.6484375,0.00043707305566992175,2784
2245,0.05289418250322342,0.9844520092010498,1.0,0.66015625,0.0004369301569670873,2637
2246,0.07479598373174667,0.9813756942749023,1.0,0.6953125,0.00043678721955740313,4027
2247,0.11919401586055756,0.9662593603134155,1.0,0.859375,0.0004366442434828054,5483
2248,0.03292355313897133,0.9916527271270752,1.0,0.46875,0.0004365012287852418,2396
2249,0.02764991857111454,0.9924242496490479,1.0,0.47265625,0.00043635817550667123,2772
2250,0.02742205373942852,0.99244624376297,1.0,0.55078125,0.000436215083689064,1721
2251,0.020282970741391182,0.9961190223693848,1.0,0.439453125,0.0004360719533744015,1546
2252,0.03176148980855942,0.991150438785553,1.0,0.58984375,0.0004359287846046767,1921
2253,0.042718373239040375,0.9924026727676392,1.0,0.69921875,0.0004357855774218937,1053
2254,0.0787905901670456,0.9760093688964844,1.0,0.796875,0.00043564233186806805,5127
2255,0.11140812188386917,0.9637512564659119,0.75,1.140625,0.0004354990479852262,3007
2256,0.016951126977801323,0.996020495891571,1.0,0.423828125,0.0004353557258154061,1759
2257,0.05614638701081276,0.9865591526031494,1.0,1.0078125,0.000435212365400657,1488
2258,0.13583998382091522,0.9616732597351074,1.0,1.03125,0.0004350689667830392,4566
2259,0.04262949153780937,0.9904789328575134,1.0,0.58984375,0.00043492553000462424,3466
2260,0.051478512585163116,0.9923195242881775,1.0,0.84375,0.00043478205510749494,1302
2261,0.05503884330391884,0.9859083890914917,1.0,0.765625,0.0004346385421337451,1987
2262,0.06344448029994965,0.9843546152114868,1.0,0.8984375,0.00043449499112548014,1534
2263,0.02331201359629631,0.9931389093399048,1.0,0.62109375,0.00043435140212481606,1749
2264,0.03336363658308983,0.9890438318252563,1.0,0.66796875,0.0004342077751738804,2008
2265,0.09891798347234726,0.9699440598487854,0.75,1.0625,0.0004340641103148117,4292
2266,0.023461652919650078,0.9942070841789246,1.0,0.5703125,0.0004339204075897596,1381
2267,0.11743921041488647,0.963320791721344,1.0,0.890625,0.00043377666704088507,5589
2268,0.03174731880426407,0.993220329284668,1.0,0.6171875,0.00043363288871035974,1770
2269,0.03178078681230545,0.9930675625801086,1.0,0.671875,0.00043348907264036677,1154
2270,0.012447101064026356,0.9962928891181946,1.0,0.328125,0.00043334521887310006,2158
2271,0.05463914945721626,0.9843137264251709,0.75,0.68359375,0.0004332013274507649,2550
2272,0.03489603474736214,0.9886271357536316,1.0,0.4453125,0.00043305739841557726,2462
2273,0.030713044106960297,0.9930326342582703,1.0,0.453125,0.0004329134318097645,2727
2274,0.12046139687299728,0.9660050272941589,1.0,1.28125,0.0004327694276755646,4383
2275,0.0915735736489296,0.9731453657150269,1.0,1.0625,0.000432625386055227,2979
2276,0.1283225119113922,0.9694415330886841,1.0,1.7421875,0.0004324813069910119,949
2277,0.07759777456521988,0.9771120548248291,1.0,1.109375,0.0004323371905251904,2971
2278,0.05281556770205498,0.9862632155418396,1.0,0.59375,0.00043219303670004474,5023
2279,0.03636486828327179,0.9918566942214966,1.0,0.48046875,0.000432048845557868,3070
2280,0.0272049717605114,0.9948793053627014,1.0,0.45703125,0.0004319046171409643,2734
2281,0.48449307680130005,0.8421381711959839,0.75,2.140625,0.0004317603514916488,3199
2282,0.2441582977771759,0.9161139130592346,1.0,1.453125,0.0004316160486522471,5126
2283,0.21031202375888824,0.9328128099441528,1.0,1.171875,0.00043147170866509644,5507
2284,0.06463464349508286,0.9793245792388916,1.0,1.0390625,0.00043132733157254434,1451
2285,0.07206399738788605,0.9807883501052856,1.0,0.8203125,0.0004311829174169496,3019
2286,0.1367008090019226,0.9601263403892517,1.0,1.21875,0.00043103846624068155,5066
2287,0.0681135281920433,0.9887955188751221,1.0,0.89453125,0.0004308939780861208,1071
2288,0.030881613492965698,0.9922999739646912,1.0,0.48828125,0.0004307494529956583,2987
2289,0.04686766862869263,0.9894223213195801,1.0,0.89453125,0.00043060489101169635,1229
2290,0.02764742076396942,0.9911792278289795,1.0,0.49609375,0.0004304602921766478,2154
2291,0.028067385777831078,0.9932697415351868,1.0,0.62890625,0.00043031565653293627,1783
2292,0.035306502133607864,0.989043116569519,1.0,0.828125,0.00043017098412299627,1369
2293,0.02152053825557232,0.9935012459754944,1.0,0.337890625,0.000430026274989273,2462
2294,0.04047342389822006,0.989827036857605,1.0,0.5390625,0.00042988152917422274,2949
2295,0.042422372847795486,0.9927272796630859,1.0,0.72265625,0.00042973674672031227,1100
2296,0.041529376059770584,0.9923809766769409,1.0,0.6953125,0.00042959192767001904,1575
2297,0.022077661007642746,0.9944933652877808,1.0,0.490234375,0.0004294470720658314,1816
2298,0.09153448045253754,0.9746732115745544,1.0,1.3203125,0.0004293021799502483,1224
2299,0.1455758959054947,0.955879271030426,1.0,1.046875,0.0004291572513657797,4805
2300,0.03764869645237923,0.9927133917808533,1.0,0.447265625,0.0004290122863549458,2882
2301,0.07699450850486755,0.9800000190734863,1.0,1.0078125,0.00042886728496027796,1600
2302,0.057349853217601776,0.9838833212852478,1.0,0.7265625,0.0004287222472243179,2606
2303,0.08197156339883804,0.9771642684936523,1.0,1.046875,0.000428577173189618,2934
2304,0.060949426144361496,0.9860652089118958,1.0,0.59375,0.0004284320628987415,4234
2305,0.06116379797458649,0.9858312606811523,1.0,0.75390625,0.00042828691639426207,3176
2306,0.020621411502361298,0.9947306513786316,1.0,0.47265625,0.0004281417337187641,1708
2307,0.03483443334698677,0.9900398254394531,1.0,0.7890625,0.0004279965149148427,1004
2308,0.02529558353126049,0.9964947700500488,1.0,0.484375,0.0004278512600251033,1997
2309,0.17865189909934998,0.936885416507721,1.0,1.1796875,0.00042770596909216216,4373
2310,0.11307143419981003,0.9647848010063171,1.0,1.53125,0.00042756064215864603,1789
2311,0.21749350428581238,0.9284279346466064,1.0,1.3515625,0.0004274152792671921,3982
2312,0.03781726583838463,0.9914923906326294,1.0,0.53125,0.00042726988046044856,2821
2313,0.05345466732978821,0.9895586371421814,1.0,0.5390625,0.00042712444578107343,4214
2314,0.024695852771401405,0.99323970079422,1.0,0.46484375,0.0004269789752717359,1923
2315,0.027605175971984863,0.9923187494277954,1.0,0.46484375,0.00042683346897511536,2083
2316,0.01347074843943119,0.9964830279350281,1.0,0.25390625,0.0004266879269339016,2559
2317,0.02923918329179287,0.9912427067756653,1.0,0.416015625,0.0004265423491907952,2398
2318,0.046571388840675354,0.9852372407913208,1.0,0.65234375,0.00042639673578850706,2845
2319,0.06355404853820801,0.9859319925308228,1.0,0.97265625,0.0004262510867697584,1706
2320,0.018087534233927727,0.9964550137519836,1.0,0.33984375,0.0004261054021772812,3103
2321,0.09377393126487732,0.9746801257133484,1.0,0.84765625,0.00042595968205381767,3673
2322,0.08212310075759888,0.9822344779968262,1.0,1.0625,0.0004258139264421204,2533
2323,0.11312704533338547,0.9689860939979553,1.0,0.7734375,0.0004256681353849525,2515
2324,0.033049993216991425,0.9929527640342712,1.0,0.55078125,0.00042552230892508756,1419
2325,0.03039747104048729,0.9932659864425659,1.0,0.515625,0.0004253764471053094,1782
2326,0.07559827715158463,0.9781651496887207,1.0,0.703125,0.00042523054996841225,5450
2327,0.016908615827560425,0.9952493906021118,1.0,0.416015625,0.00042508461755720063,1684
2328,0.026339979842305183,0.993194580078125,1.0,0.5546875,0.0004249386499144896,2498
2329,0.15443655848503113,0.9548676013946533,1.0,1.4921875,0.00042479264708310445,2681
2330,0.007687757723033428,0.9988016486167908,1.0,0.19921875,0.0004246466091058808,1669
2331,0.1615576446056366,0.9519091248512268,1.0,1.1328125,0.0004245005360256645,4138
2332,0.017117774114012718,0.9962785840034485,1.0,0.296875,0.0004243544278853118,1881
2333,0.008329091593623161,0.9981676340103149,1.0,0.232421875,0.0004242082847276892,2183
2334,0.08965545147657394,0.9725040793418884,1.0,0.94921875,0.0004240621065956737,3055
2335,0.05107838287949562,0.9859106540679932,1.0,0.75390625,0.00042391589353215215,2910
2336,0.07802726328372955,0.97892165184021,1.0,0.80078125,0.00042376964558002184,4507
2337,0.023951958864927292,0.9933090209960938,1.0,0.58984375,0.0004236233627821902,1644
2338,0.010508923791348934,0.9993206262588501,1.0,0.1357421875,0.0004234770451815753,2944
2339,0.012295843102037907,0.998273491859436,1.0,0.177734375,0.00042333069282110493,2896
2340,0.11790750920772552,0.9641790986061096,1.0,0.87109375,0.00042318430574371713,4690
2341,0.08479060232639313,0.9759398698806763,1.0,0.78125,0.0004230378839923605,4655
2342,0.055468592792749405,0.9864910244941711,1.0,0.6875,0.00042289142760999337,2961
2343,0.03461257740855217,0.9900285005569458,1.0,0.75390625,0.0004227449366395845,1404
2344,0.019538231194019318,0.9949937462806702,1.0,0.439453125,0.0004225984111241128,1598
2345,0.06485530734062195,0.9808853268623352,1.0,0.79296875,0.000422451851106567,3976
2346,0.0502338744699955,0.9849056601524353,1.0,0.953125,0.00042230525662994645,1325
2347,0.04294828325510025,0.9910567402839661,1.0,0.49609375,0.0004221586277372602,4249
2348,0.024412240833044052,0.994605541229248,1.0,0.447265625,0.0004220119644715276,1483
2349,0.050863202661275864,0.9890829920768738,1.0,0.71484375,0.00042186526687577804,2748
2350,0.019427666440606117,0.9968454241752625,1.0,0.57421875,0.0004217185349930509,1268
2351,0.04179484397172928,0.9897959232330322,1.0,0.5859375,0.00042157176886639577,2940
2352,0.017248010262846947,0.9952731132507324,1.0,0.37109375,0.00042142496853887225,1904
2353,0.04113323241472244,0.9849706888198853,1.0,0.66015625,0.00042127813405354976,2728
2354,0.03550821542739868,0.9916434288024902,1.0,0.51953125,0.00042113126545350807,2872
2355,0.023446496576070786,0.9950544238090515,1.0,0.53515625,0.00042098436278183675,2022
2356,0.03760484233498573,0.9882674813270569,1.0,0.66015625,0.0004208374260816354,2557
2357,0.0156455859541893,0.9957287907600403,1.0,0.443359375,0.0004206904553960137,1873
2358,0.03810149431228638,0.9905245304107666,1.0,0.51171875,0.00042054345076809115,2955
2359,0.04966406896710396,0.9874739050865173,1.0,1.7734375,0.00042039641224099727,479
2360,0.024443145841360092,0.9952064752578735,1.0,0.4453125,0.00042024933985787154,2712
2361,0.06891359388828278,0.9826839566230774,0.75,1.09375,0.0004201022336618635,1386
2362,0.19072367250919342,0.9421954154968262,1.0,1.640625,0.0004199550936961324,5138
2363,0.03281470015645027,0.9916559457778931,1.0,0.671875,0.00041980792000384737,1558
2364,0.044695768505334854,0.9909189939498901,1.0,0.55078125,0.0004196607126281878,2753
2365,0.05829308182001114,0.9874326586723328,1.0,0.671875,0.0004195134716123423,3899
2366,0.02206757664680481,0.9945765733718872,1.0,0.4375,0.0004193661969995102,2397
2367,0.03906230628490448,0.9920697808265686,1.0,0.84765625,0.00041921888883290003,1261
2368,0.08959376811981201,0.9769585132598877,1.0,0.890625,0.0004190715471557303,4557
2369,0.05509496480226517,0.9894937872886658,1.0,1.171875,0.00041892417201122963,1047
2370,0.05323335900902748,0.9888059496879578,1.0,0.9375,0.0004187767634426361,1340
2371,0.0460079200565815,0.9892630577087402,1.0,0.76953125,0.0004186293214931978,2049
2372,0.12371822446584702,0.9646133780479431,1.0,0.8984375,0.00041848184620617263,4578
2373,0.021536938846111298,0.9958217144012451,1.0,0.5,0.00041833433762482813,1436
2374,0.045286212116479874,0.9884129762649536,1.0,0.56640625,0.00041818679579244173,4833
2375,0.04545959457755089,0.9870298504829407,1.0,0.7890625,0.00041803922075230054,1542
2376,0.03721769526600838,0.9885010123252869,1.0,0.8046875,0.00041789161254770146,2435
2377,0.15474916994571686,0.9573373794555664,0.75,1.15625,0.00041774397122195105,3305
2378,0.04323548451066017,0.988710880279541,1.0,0.609375,0.00041759629681836573,2746
2379,0.025022488087415695,0.9912463426589966,1.0,0.431640625,0.0004174485893802716,2399
2380,0.10450036078691483,0.9695385694503784,0.75,0.83984375,0.0004173008489510042,5548
2381,0.059701208025217056,0.9837962985038757,1.0,0.66015625,0.0004171530755739091,5184
2382,0.01237840112298727,0.9970220327377319,1.0,0.36328125,0.00041700526929234127,1679
2383,0.04552781954407692,0.9880191683769226,1.0,0.96875,0.00041685743014966553,1252
2384,0.04934307560324669,0.986777663230896,1.0,0.81640625,0.0004167095581892561,2042
2385,0.032247696071863174,0.9917414784431458,1.0,0.5546875,0.0004165616534544972,2785
2386,0.033014893531799316,0.9920265674591064,1.0,0.953125,0.00041641371598878223,1505
2387,0.061016250401735306,0.9829156994819641,1.0,0.953125,0.0004162657458355145,1756
2388,0.011301860213279724,0.9972972869873047,1.0,0.3046875,0.00041611774303810693,2220
2389,0.02665366232395172,0.9943661689758301,1.0,0.484375,0.00041596970763998174,2485
2390,0.07787003368139267,0.9786458611488342,1.0,0.78515625,0.00041582163968457086,3840
2391,0.01207923237234354,0.9971264600753784,1.0,0.361328125,0.000415673539215316,1740
2392,0.050370797514915466,0.9854186177253723,1.0,0.6953125,0.000415525406275668,2126
2393,0.024880722165107727,0.9946581125259399,1.0,0.462890625,0.0004153772409090874,2808
2394,0.041231971234083176,0.9905602931976318,1.0,0.6015625,0.00041522904315904446,3284
2395,0.01598496176302433,0.9964303970336914,1.0,0.41796875,0.00041508081306901865,1961
2396,0.050706349313259125,0.9844539165496826,1.0,0.80078125,0.00041493255068249913,2573
2397,0.05469733104109764,0.9848387241363525,1.0,0.72265625,0.0004147842560429843,3100
2398,0.029037458822131157,0.9943777918815613,1.0,0.5625,0.00041463592919398223,2668
2399,0.03114250861108303,0.9918962717056274,0.75,0.404296875,0.00041448757017901046,2468
2400,0.1520315706729889,0.9516421556472778,1.0,1.15625,0.0004143391790415959,4963
2401,0.04775018244981766,0.987101137638092,1.0,0.59375,0.00041419075582527475,2946
2402,0.0480765663087368,0.9895522594451904,1.0,0.70703125,0.0004140423005735927,2010
2403,0.020807871595025063,0.9963409900665283,1.0,0.37890625,0.00041389381333010496,2733
2404,0.03539257496595383,0.9936708807945251,1.0,0.75390625,0.0004137452941383761,1264
2405,0.032871313393116,0.9915869832038879,1.0,0.56640625,0.00041359674304197996,2615
2406,0.022646306082606316,0.9958224296569824,1.0,0.470703125,0.00041344816008449976,1915
2407,0.04213084280490875,0.9918800592422485,1.0,0.62890625,0.0004132995453095281,1601
2408,0.02425665408372879,0.9922747015953064,1.0,0.375,0.000413150898760667,2330
2409,0.11654029041528702,0.9648173451423645,1.0,1.0390625,0.0004130022204815276,5173
2410,0.06911276280879974,0.979087769985199,1.0,0.68359375,0.00041285351051573063,6073
2411,0.04130365327000618,0.9910479187965393,1.0,0.828125,0.0004127047689069057,1899
2412,0.020756222307682037,0.9951798319816589,1.0,0.48046875,0.00041255599569869217,2697
2413,0.03495108708739281,0.9934837222099304,1.0,0.671875,0.0004124071909347383,1995
2414,0.010036591440439224,0.9970687031745911,1.0,0.1650390625,0.0004122583546587019,2388
2415,0.07262253761291504,0.9795275330543518,1.0,0.91796875,0.00041210948691424977,3810
2416,0.034446343779563904,0.989526629447937,1.0,0.38671875,0.0004119605877450581,2387
2417,0.022745531052350998,0.9964080452919006,1.0,0.419921875,0.00041181165719481234,2784
2418,0.041226740926504135,0.9879142045974731,1.0,0.71484375,0.000411662695307207,2565
2419,0.05871134251356125,0.9851200580596924,1.0,0.7734375,0.0004115137021259459,2957
2420,0.017441650852560997,0.9957055449485779,1.0,0.455078125,0.00041136467769474185,1630
2421,0.04938231781125069,0.9877394437789917,1.0,0.89453125,0.00041121562205731705,1305
2422,0.07920733094215393,0.9778971076011658,1.0,0.9375,0.0004110665352574029,4841
2423,0.03652636334300041,0.9900293350219727,1.0,0.90234375,0.0004109174173387397,1705
2424,0.018899913877248764,0.9936367869377136,1.0,0.298828125,0.0004107682683450769,2043
2425,0.016999749466776848,0.9983165264129639,1.0,0.388671875,0.00041061908832017337,1188
2426,0.045035358518362045,0.9892919063568115,1.0,0.625,0.0004104698773077967,2895
2427,0.05151430889964104,0.9874939918518066,1.0,0.79296875,0.00041032063535172397,2079
2428,0.1789206713438034,0.9470440149307251,1.0,1.71875,0.00041017136249574097,3569
2429,0.07551269978284836,0.980491042137146,1.0,0.828125,0.00041002205878364273,4562
2430,0.044174715876579285,0.9900000095367432,1.0,0.94921875,0.0004098727242592332,1200
2431,0.040008217096328735,0.9911110997200012,1.0,0.5,0.0004097233589663256,3825
2432,0.01226652879267931,0.996458113193512,1.0,0.283203125,0.00040957396294874216,1694
2433,0.03161867335438728,0.9928698539733887,1.0,0.51953125,0.0004094245362503138,3927
2434,0.07930201292037964,0.9878286123275757,1.0,1.046875,0.0004092750789148808,2054
2435,0.04804643243551254,0.9913217425346375,1.0,0.75390625,0.0004091255909862922,1498
2436,0.02924010530114174,0.991465151309967,1.0,0.55859375,0.00040897607250840626,2109
2437,0.029782675206661224,0.9896437525749207,1.0,0.35546875,0.00040882652352508986,2414
2438,0.03266395628452301,0.9951490163803101,1.0,0.53125,0.0004086769440802192,1443
2439,0.1355009526014328,0.9586297869682312,1.0,1.3515625,0.00040852733421767903,3795
2440,0.01025390625,0.997611939907074,1.0,0.375,0.0004083776939813634,1675
2441,0.011660411022603512,0.9965217113494873,1.0,0.306640625,0.0004082280234151751,1725
2442,0.024483943358063698,0.9935241937637329,1.0,0.427734375,0.00040807832256302564,2934
2443,0.04941460117697716,0.9878542423248291,1.0,0.91796875,0.00040792859146883577,1235
2444,0.03962302580475807,0.9889240264892578,1.0,0.734375,0.00040777883017653485,2528
2445,0.03105699084699154,0.9921907186508179,1.0,0.609375,0.0004076290387300613,2433
2446,0.07602505385875702,0.9813548922538757,1.0,0.7578125,0.0004074792171733621,4827
2447,0.06546091288328171,0.9814935922622681,1.0,0.7265625,0.0004073293655503935,4593
2448,0.13060571253299713,0.9618986248970032,1.0,1.34375,0.00040717948390512,3097
2449,0.027040546759963036,0.994207501411438,1.0,0.546875,0.00040702957228151536,1899
2450,0.10383164882659912,0.9697877764701843,1.0,1.15625,0.0004068796307235621,4005
2451,0.057510241866111755,0.9848980903625488,1.0,0.5546875,0.00040672965927525124,5496
2452,0.02174636535346508,0.9945295453071594,1.0,0.43359375,0.00040657965798058285,1828
2453,0.04226784408092499,0.9909502267837524,1.0,0.671875,0.00040642962688356555,2431
2454,0.02073175273835659,0.994149923324585,1.0,0.5,0.0004062795660282169,2735
2455,0.0383448451757431,0.9888035655021667,1.0,0.66015625,0.0004061294754585632,3126
2456,0.02612120844423771,0.9955522418022156,1.0,0.578125,0.0004059793552186391,1349
2457,0.024947693571448326,0.9925196766853333,1.0,0.49609375,0.00040582920535248845,2540
2458,0.03670221567153931,0.9907407164573669,1.0,0.52734375,0.0004056790259041634,5184
2459,0.07620969414710999,0.9780557155609131,1.0,0.8671875,0.00040552881691772503,4557
2460,0.03947950527071953,0.9893818497657776,1.0,0.6484375,0.00040537857843724295,2637
2461,0.07286091893911362,0.9781420826911926,1.0,0.9375,0.0004052283105067955,2196
2462,0.06765924394130707,0.9820312261581421,1.0,0.88671875,0.0004050780131704696,3840
2463,0.024941669777035713,0.9955736994743347,1.0,0.40625,0.0004049276864723609,2937
2464,0.015198060311377048,0.9955947399139404,1.0,0.486328125,0.0004047773304565735,1816
2465,0.15248416364192963,0.9590497016906738,0.75,1.25,0.0004046269451672203,3199
2466,0.017507122829556465,0.9974856376647949,1.0,0.28515625,0.0004044765306484226,2784
2467,0.035690609365701675,0.9919942021369934,1.0,0.62109375,0.00040432608694431025,2748
2468,0.04528046026825905,0.9879116415977478,1.0,0.74609375,0.00040417561409902207,4798
2469,0.009974123910069466,0.9969325065612793,1.0,0.31640625,0.00040402511215670484,1630
2470,0.00904548354446888,0.9982942342758179,1.0,0.2265625,0.00040387458116151434,2345
2471,0.01548332255333662,0.996071994304657,1.0,0.4140625,0.00040372402115761456,3055
2472,0.05923370644450188,0.984519362449646,1.0,0.87109375,0.0004035734321891783,4005
2473,0.03272532299160957,0.9935505986213684,1.0,0.470703125,0.0004034228143003866,2946
2474,0.027942998334765434,0.9933818578720093,1.0,0.54296875,0.000403272167535429,1511
2475,0.054369110614061356,0.9869174361228943,1.0,0.671875,0.00040312149193850387,4892
2476,0.03164033219218254,0.9921042323112488,1.0,0.62109375,0.00040297078755381746,2533
2477,0.015164627693593502,0.9954128265380859,1.0,0.45703125,0.000402820054425585,1962
2478,0.020626265555620193,0.995156466960907,1.0,0.279296875,0.0004026692925980297,2684
2479,0.03917498141527176,0.9890063405036926,1.0,0.796875,0.00040251850211538365,2365
2480,0.01156024169176817,0.9972135424613953,1.0,0.2734375,0.000402367683021887,2871
2481,0.026901360601186752,0.9927412271499634,1.0,0.56640625,0.0004022168353617884,2342
2482,0.0142453508451581,0.9957924485206604,1.0,0.244140625,0.00040206595917934484,2139
2483,0.03998200222849846,0.9903675317764282,1.0,0.5625,0.0004019150545188218,3945
2484,0.01440788246691227,0.9968101978302002,1.0,0.490234375,0.00040176412142449295,1881
2485,0.013082108460366726,0.9971412420272827,1.0,0.283203125,0.0004016131599406406,1749
2486,0.052570223808288574,0.9825136661529541,1.0,0.91796875,0.000401462170111555,1830
2487,0.03443388640880585,0.9895615577697754,1.0,1.1328125,0.0004013111519815349,479
2488,0.10754835605621338,0.9690936803817749,1.0,1.015625,0.00040116010559488734,5274
2489,0.03758213296532631,0.9941956996917725,1.0,0.72265625,0.0004010090309959277,1206
2490,0.06575139611959457,0.9820228815078735,1.0,0.6484375,0.0004008579282289797,5507
2491,0.024755440652370453,0.9942085146903992,1.0,0.625,0.0004007067973383751,1554
2492,0.022465720772743225,0.9951748847961426,1.0,0.56640625,0.000400555638368454,1658
2493,0.022719789296388626,0.99442058801651,1.0,0.271484375,0.00040040445136356483,2330
2494,0.07093919813632965,0.9819424748420715,1.0,0.73828125,0.00040025323636806427,5704
2495,0.07687810808420181,0.9797095060348511,1.0,0.8515625,0.0004001019934263171,4682
2496,0.04972241073846817,0.9881350994110107,1.0,0.71875,0.0003999507225826961,3287
2497,0.026089323684573174,0.9952625632286072,1.0,0.384765625,0.00039979942388158266,5066
2498,0.03281693160533905,0.9901158809661865,1.0,0.82421875,0.00039964809736736613,2934
2499,0.07877495139837265,0.9749776721000671,1.0,0.85546875,0.00039949674308444413,4476
2500,0.0683804601430893,0.9806026816368103,1.0,0.66015625,0.0003993453610772221,5774
2501,0.0293814055621624,0.9922480583190918,1.0,0.6953125,0.000399193951390114,1419
2502,0.018904538825154305,0.9960442781448364,1.0,0.4453125,0.00039904251406754174,2528
2503,0.04631709307432175,0.989173948764801,1.0,0.59765625,0.00039889104915393544,4249
2504,0.0711255893111229,0.9798115491867065,1.0,0.83984375,0.0003987395566937331,5201
2505,0.022396568208932877,0.9941225647926331,1.0,0.734375,0.00039858803673138097,1191
2506,0.015269555151462555,0.9948453903198242,1.0,0.326171875,0.0003984364893113333,2328
2507,0.03553379327058792,0.9910339117050171,1.0,0.5859375,0.0003982849144780525,3569
2508,0.03715311363339424,0.9924569129943848,1.0,0.5859375,0.00039813331227600893,2784
2509,0.007588566746562719,0.9976811408996582,1.0,0.2392578125,0.00039798168274968095,1725
2510,0.03616786375641823,0.9879164099693298,1.0,0.6875,0.0003978300259435551,3062
2511,0.008661800064146519,0.9987834692001343,1.0,0.2236328125,0.00039767834190212564,1644
2512,0.01921531930565834,0.9961252808570862,1.0,0.326171875,0.00039752663066989515,3097
2513,0.020010124891996384,0.9945017099380493,1.0,0.36328125,0.00039737489229137396,2910
2514,0.03272062540054321,0.9905596971511841,1.0,0.75,0.00039722312681108045,1483
2515,0.02446099743247032,0.994866132736206,1.0,0.400390625,0.0003970713342735409,2727
2516,0.02988099679350853,0.9956172108650208,1.0,0.59375,0.0003969195147232895,1369
2517,0.014340372756123543,0.9964002966880798,1.0,0.390625,0.00039676766820486873,2778
2518,0.028858525678515434,0.9946146011352539,1.0,0.490234375,0.0003966157947628283,2971
2519,0.059578511863946915,0.9840764403343201,1.0,0.9765625,0.00039646389444172636,2198
2520,0.026609888300299644,0.99631267786026,1.0,0.396484375,0.0003963119672861288,2712
2521,0.016920192167162895,0.9954519867897034,1.0,0.43359375,0.00039616001334060943,1759
2522,0.03938985615968704,0.9908749461174011,1.0,0.578125,0.0003960080326497498,3726
2523,0.024664299562573433,0.9965338110923767,1.0,0.5625,0.00039585602525813926,1154
2524,0.02909873239696026,0.9918002486228943,1.0,0.59375,0.00039570399121037524,2683
2525,0.021651938557624817,0.9922109246253967,1.0,0.59375,0.0003955519305510627,1669
2526,0.014607509598135948,0.9963446259498596,1.0,0.462890625,0.00039539984332481477,1915
2527,0.017541950568556786,0.9956236481666565,1.0,0.494140625,0.000395247729576252,1828
2528,0.02295241504907608,0.9945136904716492,1.0,0.40234375,0.0003950955893500029,2005
2529,0.02529400773346424,0.9935897588729858,1.0,0.447265625,0.00039494342269070376,2808
2530,0.015883196145296097,0.9967367649078369,1.0,0.416015625,0.00039479122964299865,2758
2531,0.025314532220363617,0.994727611541748,1.0,0.416015625,0.0003946390102515392,2845
2532,0.02363446354866028,0.993109405040741,1.0,0.63671875,0.00039448676456098504,1161
2533,0.04113483801484108,0.988664984703064,1.0,0.69921875,0.00039433449261600326,3176
2534,0.08736629784107208,0.973964512348175,1.0,0.98828125,0.00039418219446126884,4225
2535,0.044946469366550446,0.9908065795898438,1.0,0.55078125,0.00039402987014146437,5765
2536,0.022626375779509544,0.9975222945213318,1.0,0.50390625,0.00039387751970128,2018
2537,0.02905518189072609,0.9905213117599487,1.0,0.73046875,0.0003937251431854138,1266
2538,0.01838025078177452,0.994339644908905,1.0,0.53125,0.00039357274063857127,1590
2539,0.05428704619407654,0.987583577632904,1.0,1.1953125,0.0003934203121054657,1047
2540,0.04183697700500488,0.991026759147644,1.0,0.52734375,0.00039326785763081797,5795
2541,0.015613017603754997,0.9971510171890259,1.0,0.5,0.0003931153772593565,1404
2542,0.030275898054242134,0.9922551512718201,1.0,0.796875,0.0003929628710358172,2195
2543,0.03300565108656883,0.9908454418182373,1.0,0.68359375,0.0003928103390049439,1857
2544,0.025735147297382355,0.9936336874961853,1.0,0.453125,0.00039265778121148784,2042
2545,0.028756560757756233,0.9897552728652954,1.0,0.74609375,0.0003925051977002075,1757
2546,0.06708431243896484,0.9797555804252625,1.0,0.87890625,0.00039235258851586956,5483
2547,0.05426923185586929,0.987765371799469,1.0,0.6953125,0.00039219995370324764,2779
2548,0.03359982743859291,0.9917001724243164,0.75,0.5703125,0.0003920472933071232,3976
2549,0.032768312841653824,0.991827666759491,1.0,0.82421875,0.00039189460737228506,1346
2550,0.03558202087879181,0.9922178983688354,1.0,0.796875,0.00039174189594352963,1542
2551,0.03840913623571396,0.9923195242881775,1.0,1.15625,0.00039158915906566073,1302
2552,0.02492733858525753,0.9941459894180298,1.0,0.447265625,0.00039143639678348963,2904
2553,0.20087210834026337,0.9408156871795654,1.0,1.4453125,0.00039128360914183525,3261
2554,0.07388453185558319,0.9822565913200378,1.0,1.0625,0.0003911307961855235,2198
2555,0.03774119168519974,0.9903329610824585,1.0,0.56640625,0.00039097795795938834,4655
2556,0.07689626514911652,0.9778123497962952,1.0,0.87109375,0.0003908250945082706,5138
2557,0.0375334732234478,0.9920831322669983,1.0,0.671875,0.0003906722058770189,2021
2558,0.031753577291965485,0.9907031059265137,1.0,0.75,0.0003905192921104888,1721
2559,0.03696748614311218,0.9911373853683472,1.0,0.68359375,0.0003903663532535438,2031
2560,0.020314961671829224,0.9956709742546082,1.0,0.396484375,0.0003902133893510544,1386
2561,0.060344625264406204,0.9831134676933289,1.0,0.7890625,0.0003900604004478985,5685
2562,0.024904051795601845,0.994149923324585,1.0,0.5546875,0.0003899073865889612,2735
2563,0.010096604935824871,0.99843829870224,1.0,0.20703125,0.0003897543478191353,1921
2564,0.061354462057352066,0.9833002090454102,1.0,0.6171875,0.00038960128418332043,2515
2565,0.00908641330897808,0.9974827170372009,1.0,0.47265625,0.00038944819572642403,1589
2566,0.0341263972222805,0.9890909194946289,1.0,0.8828125,0.00038929508249336046,1925
2567,0.02122603915631771,0.9941452145576477,1.0,0.5390625,0.0003891419445290514,1708
2568,0.0362541563808918,0.9900814890861511,1.0,0.625,0.0003889887818784259,2823
2569,0.01988753117620945,0.9954389929771423,1.0,0.435546875,0.0003888355945864201,1754
2570,0.05083850771188736,0.985051155090332,1.0,1.1171875,0.0003886823826979777,1271
2571,0.0904642716050148,0.9724770784378052,1.0,0.984375,0.00038852914625804916,4578
2572,0.013397213071584702,0.9963964223861694,1.0,0.41796875,0.0003883758853115922,2220
2573,0.034554462879896164,0.9908443689346313,1.0,0.5859375,0.00038822259990357226,2949
2574,0.05972934886813164,0.9794007539749146,1.0,1.5625,0.00038806929007896145,534
2575,0.009241780266165733,0.9981676340103149,1.0,0.220703125,0.000387915955882739,2183
2576,0.04026154428720474,0.9921480417251587,1.0,0.6796875,0.00038776259735989163,1783
2577,0.04431285336613655,0.9888400435447693,1.0,0.68359375,0.00038760921455541306,2957
2578,0.03189956024289131,0.9928247928619385,1.0,0.59375,0.0003874558075143041,2648
2579,0.037732742726802826,0.9919893145561218,1.0,0.78515625,0.00038730237628157265,1498
2580,0.05849408730864525,0.9861892461776733,0.75,0.98046875,0.0003871489209022336,1955
2581,0.04041725769639015,0.9898832440376282,1.0,0.7890625,0.00038699544142130934,2570
2582,0.036970656365156174,0.9911275506019592,1.0,0.59375,0.0003868419378838287,2705
2583,0.06727506965398788,0.9798548221588135,1.0,0.7421875,0.00038668841033482834,5510
2584,0.01803862862288952,0.994965136051178,1.0,0.431640625,0.0003865348588193512,2582
2585,0.08036387711763382,0.9753028750419617,1.0,1.03125,0.0003863812833824478,4292
2586,0.013247246854007244,0.996458113193512,1.0,0.48046875,0.00038622768406917533,1694
2587,0.044044993817806244,0.9900735020637512,1.0,0.78515625,0.00038607406092459835,2720
2588,0.06730937212705612,0.9809949398040771,1.0,1.1796875,0.000385920413993788,1789
2589,0.049937088042497635,0.9888961315155029,1.0,0.80078125,0.0003857667433218225,1531
2590,0.01574834994971752,0.9958915114402771,1.0,0.310546875,0.00038561304895378735,2434
2591,0.08047478646039963,0.979463517665863,1.0,0.921875,0.0003854593309347747,2386
2592,0.03251102939248085,0.9916527271270752,1.0,0.640625,0.0003853055893098838,2396
2593,0.029615456238389015,0.9921428561210632,1.0,0.51171875,0.0003851518241242205,1400
2594,0.03126710280776024,0.9931259155273438,1.0,0.515625,0.00038499803542289807,2764
2595,0.09523966908454895,0.9726921319961548,1.0,0.98046875,0.0003848442232510362,4138
2596,0.03156192600727081,0.9905744791030884,1.0,0.8125,0.00038469038765376193,2228
2597,0.03748366981744766,0.9924182891845703,1.0,0.51953125,0.0003845365286762087,3825
2598,0.03306771442294121,0.9912245869636536,1.0,0.6484375,0.00038438264636351713,2507
2599,0.02530035562813282,0.9942227005958557,1.0,0.5546875,0.00038422874076083453,1904
2600,0.028874048963189125,0.9929735064506531,1.0,0.51953125,0.00038407481191331526,3131
2601,0.05098623409867287,0.9860938787460327,1.0,0.66796875,0.00038392085986612014,4027
2602,0.06856730580329895,0.9814902544021606,1.0,0.828125,0.0003837668846644171,4214
2603,0.020283391699194908,0.9947368502616882,1.0,0.58984375,0.00038361288635338075,1140
2604,0.014992797747254372,0.9967966079711914,1.0,0.34765625,0.0003834588649781924,1873
2605,0.03128707781434059,0.9912143349647522,1.0,0.546875,0.00038330482058404044,3187
2606,0.026148099452257156,0.9943479895591736,1.0,0.609375,0.0003831507532161197,2477
2607,0.05122748017311096,0.9879245162010193,1.0,1.015625,0.0003829966629196317,1325
2608,0.042526014149188995,0.9915032386779785,1.0,0.7265625,0.00038284254973978494,1530
2609,0.01900058053433895,0.995627760887146,1.0,0.46875,0.0003826884137217946,1601
2610,0.07068171352148056,0.9815600514411926,1.0,0.72265625,0.00038253425491088235,5423
2611,0.014743149280548096,0.9976340532302856,1.0,0.49609375,0.00038238007335227676,1268
2612,0.02619369886815548,0.9936708807945251,1.0,0.625,0.00038222586909121293,2054
2613,0.031755946576595306,0.9921568632125854,1.0,0.59375,0.00038207164217293266,2550
2614,0.025665458291769028,0.9940452575683594,1.0,0.5078125,0.0003819173926426847,2519
2615,0.049468766897916794,0.9872807264328003,1.0,0.78125,0.00038176312054572376,2280
2616,0.0647052600979805,0.9845121502876282,0.75,0.84375,0.0003816088259273118,1937
2617,0.02370007336139679,0.994315505027771,1.0,0.48046875,0.00038145450883271716,2111
2618,0.027466267347335815,0.9939073920249939,1.0,0.4140625,0.00038130016930721473,2462
2619,0.023718353360891342,0.9939607381820679,1.0,0.52734375,0.00038114580739608597,1987
2620,0.011064213700592518,0.998009979724884,1.0,0.265625,0.00038099142314461897,2010
2621,0.04918667674064636,0.9871665239334106,1.0,0.7734375,0.0003808370165981084,2961
2622,0.02192489430308342,0.9947842359542847,1.0,0.5,0.0003806825878018554,2109
2623,0.06044021248817444,0.984434962272644,1.0,0.68359375,0.0003805281368011678,4690
2624,0.048171889036893845,0.9881392121315002,1.0,0.61328125,0.00038037366364135957,5143
2625,0.061639681458473206,0.9820067882537842,1.0,0.64453125,0.0003802191683677517,4724
2626,0.020334631204605103,0.9957519173622131,1.0,0.458984375,0.00038006465102567125,2354
2627,0.05720818042755127,0.9851493835449219,1.0,0.58984375,0.0003799101116604519,5589
2628,0.007026220206171274,0.997360110282898,1.0,0.294921875,0.00037975555031743383,1894
2629,0.05754786729812622,0.9884149432182312,1.0,0.87109375,0.00037960096704196355,1899
2630,0.025703968480229378,0.9963680505752563,1.0,0.380859375,0.00037944636187939415,4956
2631,0.030301865190267563,0.9927091598510742,1.0,0.60546875,0.00037929173487508507,2606
2632,0.03232194110751152,0.9893859028816223,1.0,0.85546875,0.00037913708607440226,1319
2633,0.027349203824996948,0.9928638339042664,1.0,0.478515625,0.0003789824155227177,5325
2634,0.020707201212644577,0.9955506324768066,1.0,0.427734375,0.0003788277232654103,2697
2635,0.03909038007259369,0.9893749952316284,1.0,0.7578125,0.00037867300934786493,1600
2636,0.02095842733979225,0.9949026703834534,1.0,0.35546875,0.000378518273815473,2158
2637,0.05589597672224045,0.987614095211029,1.0,1.09375,0.00037836351671363216,1534
2638,0.016269363462924957,0.9957666993141174,1.0,0.275390625,0.0003782087380877464,2126
2639,0.007981368340551853,0.9989985227584839,1.0,0.271484375,0.0003780539379832261,1997
2640,0.029789889231324196,0.9937543272972107,1.0,0.3125,0.0003778991164454879,2882
2641,0.018875721842050552,0.9960442781448364,1.0,0.5703125,0.0003777442735199548,1264
2642,0.03130635619163513,0.9917796850204468,1.0,0.625,0.0003775894092520558,2433
2643,0.026408905163407326,0.996632993221283,1.0,0.50390625,0.00037743452368722656,1782
2644,0.04152451828122139,0.9872782230377197,1.0,0.734375,0.0003772796168709087,2987
2645,0.036509834229946136,0.990805447101593,1.0,0.6171875,0.00037712468884855025,2719
2646,0.029975581914186478,0.9944843053817749,1.0,0.416015625,0.00037696973966560535,1813
2647,0.027028342708945274,0.9950354695320129,1.0,0.6328125,0.00037681476936753425,1410
2648,0.019738975912332535,0.9971751570701599,1.0,0.345703125,0.0003766597779998037,1770
2649,0.03988680616021156,0.9884467124938965,1.0,1.1015625,0.0003765047656078862,1558
2650,0.05709138512611389,0.9836627244949341,1.0,0.7734375,0.0003763497322372611,3795
2651,0.04279215261340141,0.9900000095367432,1.0,0.7421875,0.0003761946779334131,3100
2652,0.023347504436969757,0.9937426447868347,1.0,0.53515625,0.00037603960274183354,2557
2653,0.03946902975440025,0.9891799688339233,1.0,0.96484375,0.00037588450670801983,1756
2654,0.025104723870754242,0.9924007058143616,1.0,0.54296875,0.0003757293898774754,2895
2655,0.028682541102170944,0.9915825128555298,1.0,0.8046875,0.0003755742522957097,1188
2656,0.021288279443979263,0.9947214126586914,1.0,0.5703125,0.0003754190940082385,1705
2657,0.022306695580482483,0.9922918677330017,1.0,0.65234375,0.00037526391506058354,1946
2658,0.012990323826670647,0.9981818199157715,1.0,0.392578125,0.0003751087154982724,1100
2659,0.032695457339286804,0.9919502139091492,1.0,0.59765625,0.0003749534953668393,2733
2660,0.04495909810066223,0.9899291396141052,1.0,0.80078125,0.0003747982547118238,2681
2661,0.01212896965444088,0.9972584247589111,1.0,0.4140625,0.0003746429935787718,1459
2662,0.029189517721533775,0.9917412400245667,1.0,0.51171875,0.0003744877120132354,2906
2663,0.06152503564953804,0.9829999804496765,1.0,0.93359375,0.0003743324100607724,3000
2664,0.040006231516599655,0.9927184581756592,1.0,0.68359375,0.0003741770877669466,1648
2665,0.06438233703374863,0.981806218624115,1.0,0.7578125,0.00037402174517732787,4562
2666,0.043866515159606934,0.9858333468437195,1.0,1.1640625,0.00037386638233749206,1200
2667,0.02120867185294628,0.995207667350769,1.0,0.70703125,0.00037371099929302086,1252
2668,0.032800618559122086,0.9916597008705139,1.0,0.318359375,0.00037355559608950206,2398
2669,0.03997538983821869,0.9906008839607239,1.0,0.671875,0.00037340017277252905,2979
2670,0.019900836050510406,0.9940029978752136,1.0,0.53125,0.00037324472938770145,2668
2671,0.0690404400229454,0.9808403849601746,1.0,0.828125,0.0003730892659806246,4593
2672,0.0312906950712204,0.9931972622871399,1.0,0.6328125,0.0003729337825969097,2352
2673,0.02981225959956646,0.9935012459754944,1.0,0.578125,0.000372778279282174,2462
2674,0.01835542730987072,0.9956552982330322,1.0,0.5234375,0.0003726227560820402,1381
2675,0.014601347967982292,0.9970238208770752,1.0,0.3203125,0.0003724672130421373,2016
2676,0.01249851007014513,0.9972164034843445,1.0,0.251953125,0.0003723116502080998,2874
2677,0.010492419824004173,0.9971655607223511,1.0,0.359375,0.0003721560676255683,1764
2678,0.01772758550941944,0.9959758520126343,1.0,0.396484375,0.0003720004653401887,2485
2679,0.11630614101886749,0.967242419719696,1.0,1.34375,0.0003718448433976132,5037
2680,0.04416421800851822,0.9895522594451904,1.0,0.9296875,0.0003716892018434995,1340
2681,0.047900550067424774,0.987874448299408,0.75,0.94921875,0.0003715335407235113,1402
2682,0.018683236092329025,0.9933244585990906,1.0,0.515625,0.0003713778600833175,1498
2683,0.03075101412832737,0.99367755651474,0.75,0.7265625,0.0003712221599685934,949
2684,0.015807949006557465,0.996977686882019,1.0,0.353515625,0.00037106644042501945,2647
2685,0.02225285768508911,0.9941593408584595,1.0,0.515625,0.00037091070149828205,2397
2686,0.07465901225805283,0.9766448736190796,1.0,0.8828125,0.0003707549432340736,3982
2687,0.03440473973751068,0.9920734167098999,1.0,0.458984375,0.00037059916567809147,2397
2688,0.05315830186009407,0.9863636493682861,1.0,0.9375,0.0003704433688760393,1980
2689,0.04127216339111328,0.9864479303359985,1.0,0.890625,0.000370287552873626,1402
2690,0.030720582231879234,0.9906033873558044,1.0,0.6953125,0.0003701317177165664,2022
2691,0.024994445964694023,0.993593156337738,1.0,0.58203125,0.00036997586345058076,1873
2692,0.018009139224886894,0.9952658414840698,1.0,0.388671875,0.00036981999012139505,2746
2693,0.03418366238474846,0.9894803762435913,1.0,0.67578125,0.0003696640977747407,3137
2694,0.0790443941950798,0.9736841917037964,1.0,0.99609375,0.0003695081864563548,4294
2695,0.025292349979281425,0.9931699633598328,1.0,0.51953125,0.00036935225621198005,2489
2696,0.031058723106980324,0.9895833134651184,1.0,0.7734375,0.00036919630708736456,1824
2697,0.014778075739741325,0.9959985613822937,1.0,0.390625,0.0003690403391282622,2749
2698,0.007912504486739635,0.9994333982467651,1.0,0.173828125,0.0003688843523804323,1765
2699,0.016723422333598137,0.9944609999656677,1.0,0.298828125,0.00036872834688963954,2347
2700,0.020643603056669235,0.993762195110321,1.0,0.53125,0.00036857232270165414,2565
2701,0.01452204491943121,0.9966499209403992,1.0,0.2119140625,0.0003684162798622521,2388
2702,0.021706176921725273,0.9934988021850586,1.0,0.66796875,0.0003682602184172144,1692
2703,0.045337650924921036,0.9899759292602539,1.0,0.6171875,0.0003681041384123279,4988
2704,0.03599296882748604,0.9913090467453003,1.0,0.7109375,0.0003679480398933847,1841
2705,0.0650252029299736,0.981709361076355,1.0,1.0625,0.0003677919229061824,3007
2706,0.028043756261467934,0.9949135184288025,1.0,0.5625,0.00036763578749652394,983
2707,0.026692844927310944,0.9926335215568542,1.0,0.6328125,0.0003674796337102178,1629
2708,0.010668943636119366,0.9970220327377319,1.0,0.51171875,0.00036732346159307785,1679
2709,0.054384686052799225,0.984770655632019,1.0,0.625,0.0003671672711909231,5450
2710,0.03507738932967186,0.9904761910438538,1.0,0.671875,0.0003670110625495781,2940
2711,0.10933966189622879,0.9641045928001404,1.0,1.0234375,0.00036685483571487286,5126
2712,0.008681505918502808,0.9973743557929993,1.0,0.29296875,0.0003666985907326425,2666
2713,0.019715523347258568,0.9964169263839722,1.0,0.431640625,0.0003665423276487276,3070
2714,0.015254026278853416,0.9960502982139587,1.0,0.349609375,0.00036638604650897404,2785
2715,0.02122577279806137,0.9958174824714661,1.0,0.482421875,0.0003662297473592329,2630
2716,0.037781935185194016,0.9898098111152649,1.0,0.5859375,0.0003660734302453608,2944
2717,0.03542941063642502,0.9920306205749512,1.0,0.66015625,0.00036591709521321925,3137
2718,0.012221582233905792,0.9963971376419067,1.0,0.451171875,0.0003657607423086753,2498
2719,0.037039514631032944,0.9900398254394531,1.0,0.83203125,0.00036560437157760127,1004
2720,0.012364859692752361,0.996364951133728,1.0,0.42578125,0.0003654479830658745,2751
2721,0.020575087517499924,0.9949206113815308,1.0,0.5859375,0.0003652915768193776,1575
2722,0.018229184672236443,0.996379017829895,1.0,0.498046875,0.00036513515288399853,1657
2723,0.02682908996939659,0.9933056831359863,1.0,0.5390625,0.0003649787113056303,3137
2724,0.03323311358690262,0.9906579852104187,0.75,0.40234375,0.0003648222521301711,2462
2725,0.0204171072691679,0.9932647943496704,1.0,0.474609375,0.0003646657754035244,2821
2726,0.00989711843430996,0.9971264600753784,1.0,0.333984375,0.0003645092811715988,1740
2727,0.047329746186733246,0.98749178647995,1.0,0.94921875,0.00036435276948030784,1519
2728,0.03700625151395798,0.988752543926239,1.0,0.625,0.0003641962403755703,2934
2729,0.061984531581401825,0.9803416132926941,1.0,0.89453125,0.00036403969390331017,3103
2730,0.014170324429869652,0.9961922764778137,1.0,0.380859375,0.00036388313010945664,2101
2731,0.01616552844643593,0.9951377511024475,1.0,0.2080078125,0.0003637265490399434,2468
2732,0.11649785935878754,0.9669437408447266,1.0,1.390625,0.00036356995074070985,5173
2733,0.017479682341217995,0.9954105019569397,1.0,0.44921875,0.0003634133352577001,1961
2734,0.009246532805263996,0.9965397715568542,1.0,0.203125,0.0003632567026368635,2312
2735,0.03743110969662666,0.991104245185852,1.0,0.54296875,0.0003631000529241544,5171
2736,0.0065107340924441814,0.9992184638977051,1.0,0.1728515625,0.00036294338616553185,2559
2737,0.035730380564928055,0.9880130887031555,1.0,0.703125,0.0003627867024069604,2753
2738,0.023336520418524742,0.9918386936187744,1.0,0.61328125,0.000362630001694409,2083
2739,0.04377039149403572,0.9916368126869202,1.0,0.77734375,0.0003624732840738524,837
2740,0.06322479993104935,0.982300877571106,1.0,1.125,0.0003623165495912693,2373
2741,0.009444938972592354,0.9978424906730652,1.0,0.158203125,0.00036215979829264415,1854
2742,0.03569088131189346,0.9950993657112122,1.0,0.53515625,0.0003620030302239661,3673
2743,0.047851767390966415,0.9873617887496948,1.0,0.7421875,0.000361846245431229,1899
2744,0.025865500792860985,0.991093099117279,1.0,0.8984375,0.0003616894439604318,1235
2745,0.20287200808525085,0.9417433142662048,1.0,2.40625,0.00036153262585757835,4566
2746,0.047631751745939255,0.9880533814430237,1.0,0.96484375,0.00036137579116867744,1423
2747,0.032286182045936584,0.9923518300056458,1.0,0.64453125,0.0003612189399397424,2615
2748,0.009427175857126713,0.9976204633712769,1.0,0.30859375,0.00036106207221679206,1681
2749,0.03167087957262993,0.9926793575286865,1.0,0.74609375,0.00036090518804584925,2049
2750,0.07703496515750885,0.9776344895362854,1.0,0.87890625,0.00036074828747294224,4963
2751,0.04232020676136017,0.9879153966903687,1.0,1.0859375,0.0003605913705441038,1324
2752,0.032421112060546875,0.9917834997177124,1.0,0.578125,0.0003604344373053719,2069
2753,0.03319016471505165,0.9903093576431274,1.0,0.59765625,0.0003602774878027887,2683
2754,0.031390249729156494,0.9913621544837952,1.0,0.6875,0.00036012052208240163,1505
2755,0.013874023221433163,0.9963343143463135,1.0,0.32421875,0.0003599635401902627,2728
2756,0.01575837843120098,0.9974702000617981,1.0,0.408203125,0.00035980654217242865,2767
2757,0.033333443105220795,0.9921608567237854,1.0,0.625,0.0003596495280749608,2934
2758,0.11155504733324051,0.9627097845077515,1.0,1.546875,0.00035949249794392556,4827
2759,0.01729670912027359,0.9962311387062073,1.0,0.40625,0.00035933545182539374,1592
2760,0.02049946039915085,0.9941237568855286,1.0,0.498046875,0.00035917838976544093,2893
2761,0.021633658558130264,0.9924190044403076,1.0,0.671875,0.0003590213118101476,1451
2762,0.015534170903265476,0.994017481803894,1.0,0.25,0.0003588642180055983,2173
2763,0.04270565137267113,0.9903057217597961,1.0,0.84765625,0.0003587071083978829,1341
2764,0.058309707790613174,0.9843549728393555,1.0,0.734375,0.0003585499830330955,3899
2765,0.08957253396511078,0.9735287427902222,1.0,0.87109375,0.0003583928419573351,4231
2766,0.010153469629585743,0.9968279004096985,1.0,0.373046875,0.00035823568521670487,1261
2767,0.07414062321186066,0.9792578816413879,1.0,0.93359375,0.0003580785128573132,4339
2768,0.014659232459962368,0.9961519837379456,1.0,0.4609375,0.00035792132492527254,2079
2769,0.018429461866617203,0.9943679571151733,1.0,0.59375,0.0003577641214667001,1598
2770,0.028578685596585274,0.9914407730102539,1.0,0.6796875,0.0003576069025277176,2103
2771,0.011059639044106007,0.9965837001800537,1.0,0.259765625,0.00035744966815445144,2049
2772,0.01991392858326435,0.994911789894104,1.0,0.306640625,0.00035729241839303234,2948
2773,0.07448974251747131,0.9767282605171204,1.0,0.921875,0.0003571351532895957,4383
2774,0.025702467188239098,0.9929906725883484,1.0,0.55078125,0.00035697787289028145,2996
2775,0.021206893026828766,0.9956584572792053,1.0,0.47265625,0.0003568205772412338,2764
2776,0.02218262106180191,0.9948524236679077,1.0,0.4296875,0.00035666326638860156,2914
2777,0.0368366539478302,0.9910953044891357,1.0,0.73828125,0.0003565059403785381,2246
2778,0.038182225078344345,0.991623044013977,1.0,0.68359375,0.0003563485992572009,2865
2779,0.012775306589901447,0.9967266917228699,1.0,0.46484375,0.00035619124307075244,1833
2780,0.04706282168626785,0.9909909963607788,1.0,0.7734375,0.000356033871865359,1443
2781,0.07750406861305237,0.9768572449684143,1.0,0.875,0.00035587648568719167,5142
2782,0.038435809314250946,0.9927957057952881,1.0,0.478515625,0.00035571908458242575,4303
2783,0.02941875346004963,0.9932600259780884,1.0,0.51953125,0.00035556166859724116,2819
2784,0.012353077530860901,0.9961190223693848,1.0,0.330078125,0.00035540423777782177,1546
2785,0.03211183100938797,0.990078330039978,1.0,0.65625,0.00035524679217035626,1915
2786,0.017957275733351707,0.9959112405776978,1.0,0.470703125,0.0003550893318210373,1712
2787,0.05362049117684364,0.9855934381484985,1.0,0.703125,0.00035493185677606194,4373
2788,0.008587975054979324,0.9975099563598633,1.0,0.349609375,0.00035477436708163194,2008
2789,0.012709670700132847,0.9962013363838196,1.0,0.458984375,0.0003546168627839526,1053
2790,0.007044559810310602,0.9986072182655334,1.0,0.2099609375,0.00035445934392923427,1436
2791,0.02917359210550785,0.992893397808075,1.0,0.55078125,0.0003543018105636911,2955
2792,0.016713647171854973,0.9969348907470703,1.0,0.439453125,0.00035414426273354166,1305
2793,0.034519366919994354,0.9914496541023254,1.0,0.70703125,0.0003539867004850088,2573
2794,0.052293069660663605,0.983698308467865,1.0,0.640625,0.0003538291238643194,6073
2795,0.019911400973796844,0.9965665340423584,1.0,0.435546875,0.000353671532917705,2330
2796,0.03946784883737564,0.9893149137496948,1.0,0.5546875,0.00035351392769140066,4773
2797,0.04846009239554405,0.9877739548683167,1.0,0.73828125,0.0003533563082316462,4335
2798,0.02683308534324169,0.9926509261131287,1.0,0.4609375,0.0003531986745846854,3810
2799,0.014357827603816986,0.9955673813819885,1.0,0.439453125,0.00035304102679676626,1128
2800,0.07120571285486221,0.979122519493103,0.75,0.84375,0.00035288336491414086,3305
2801,0.03475751355290413,0.9926847219467163,1.0,0.640625,0.0003527256889830656,2734
2802,0.011970466002821922,0.9964321851730347,1.0,0.361328125,0.0003525679990498006,1962
2803,0.05524412915110588,0.9843522310256958,1.0,0.66796875,0.00035241029516061047,5496
2804,0.038179971277713776,0.9913606643676758,1.0,0.4921875,0.0003522525773617638,6019
2805,0.026138722896575928,0.9917080998420715,1.0,0.515625,0.0003520948456995333,1809
2806,0.013876172713935375,0.9960194826126099,1.0,0.326171875,0.0003519371002201956,2261
2807,0.013828401453793049,0.998343825340271,1.0,0.263671875,0.00035177934097003154,3019
2808,0.02179960533976555,0.9964572787284851,1.0,0.32421875,0.00035162156799532584,4234
2809,0.010961235500872135,0.996921181678772,1.0,0.357421875,0.00035146378134236753,1624
2810,0.06447171419858932,0.9828431606292725,1.0,1.1875,0.0003513059810574493,1224
2811,0.015272494405508041,0.9958398342132568,1.0,0.373046875,0.00035114816718686805,1923
2812,0.024709807708859444,0.9943622350692749,1.0,0.65625,0.00035099033977692467,1419
2813,0.021226201206445694,0.9958617687225342,1.0,0.365234375,0.000350832498873924,4833
2814,0.027243593707680702,0.9950228929519653,1.0,0.447265625,0.0003506746445241747,5023
2815,0.010517639108002186,0.9972602725028992,1.0,0.43359375,0.00035051677677398963,1095
2816,0.020276373252272606,0.9963721036911011,1.0,0.35546875,0.00035035889566968533,3859
2817,0.018426552414894104,0.9942528605461121,1.0,0.328125,0.00035020100125758243,1740
2818,0.015702566131949425,0.9972144961357117,1.0,0.3671875,0.00035004309358400537,2872
2819,0.02005458064377308,0.9955624341964722,1.0,0.396484375,0.0003498851726952826,4507
2820,0.01785096898674965,0.9950980544090271,1.0,0.458984375,0.00034972723863774615,1428
2821,0.07876260578632355,0.977319598197937,1.0,1.421875,0.0003495692914577324,970
2822,0.033284399658441544,0.9917372465133667,1.0,0.490234375,0.0003494113312015812,4841
2823,0.09415459632873535,0.9747149348258972,0.75,1.125,0.0003492533579156363,2017
2824,0.019156696274876595,0.99613356590271,1.0,0.396484375,0.0003490953716462453,2845
2825,0.0656852126121521,0.9845993518829346,1.0,0.6953125,0.0003489373724397597,4805
2826,0.02010478638112545,0.9963924884796143,1.0,0.32421875,0.0003487793603425347,2772
2827,0.017966443672776222,0.9956602454185486,1.0,0.484375,0.0003486213354009292,1613
2828,0.0182853601872921,0.9945873022079468,1.0,0.287109375,0.00034846329766130617,2956
2829,0.02545318379998207,0.9930756092071533,1.0,0.462890625,0.000348305247170032,3466
2830,0.028418298810720444,0.993273138999939,1.0,0.451171875,0.00034814718397347695,5203
2831,0.019580688327550888,0.9963846802711487,1.0,0.34765625,0.0003479891081180151,2766
2832,0.01212968397885561,0.9962295889854431,1.0,0.2294921875,0.0003478310196500241,2387
2833,0.01224482711404562,0.997063159942627,1.0,0.2275390625,0.00034767291861588544,2043
2834,0.026891382411122322,0.9929659962654114,1.0,0.6875,0.00034751480506198403,1706
2835,0.010414310730993748,0.9984452724456787,1.0,0.2275390625,0.0003473566790347088,3216
2836,0.015939198434352875,0.9968922734260559,1.0,0.404296875,0.00034719854058045204,2896
2837,0.020916039124131203,0.9921292662620544,1.0,0.3203125,0.00034704038974561004,2414
2838,0.014399529434740543,0.9960578083992004,1.0,0.310546875,0.00034688222657658233,3044
2839,0.019755445420742035,0.9930041432380676,1.0,0.486328125,0.0003467240511197723,2430
2840,0.018211567774415016,0.9971252679824829,1.0,0.353515625,0.00034656586342158684,2435
2841,0.018941834568977356,0.9964788556098938,1.0,0.38671875,0.0003464076635284366,2556
2842,0.023734910413622856,0.9959677457809448,1.0,0.89453125,0.00034624945148673545,744
2843,0.024416495114564896,0.9932482838630676,1.0,0.60546875,0.00034609122734290126,1333
2844,0.022907009348273277,0.9956709742546082,1.0,0.404296875,0.00034593299114335513,3927
2845,0.021411806344985962,0.995106041431427,1.0,0.416015625,0.00034577474293452187,2452
2846,0.005850505083799362,0.9983326196670532,1.0,0.1357421875,0.00034561648276282975,2399
2847,0.01090220920741558,0.9976787567138672,1.0,0.25390625,0.00034545821067471046,2154
2848,0.017098354175686836,0.9951179623603821,0.75,0.63671875,0.0003452999267165995,1229
2849,0.07425343990325928,0.9778298735618591,1.0,0.7890625,0.00034514163093493535,5548
2850,0.019086521118879318,0.9964891672134399,1.0,0.283203125,0.0003449833233761605,5127
2851,0.01764562539756298,0.9959765672683716,1.0,0.396484375,0.00034482500408672054,2734
2852,0.012758305296301842,0.9982185363769531,1.0,0.23046875,0.00034466667311306456,1684
2853,0.052946530282497406,0.9847822189331055,1.0,0.59765625,0.0003445083305016452,5257
2854,0.04983949288725853,0.9892131686210632,1.0,0.90625,0.0003443499762989182,1576
2855,0.009894915856420994,0.9970149397850037,1.0,0.216796875,0.0003441916105513433,1675
2856,0.01696033589541912,0.9966503977775574,1.0,0.412109375,0.0003440332333053829,3284
2857,0.025217683985829353,0.9934183359146118,0.75,0.53515625,0.00034387484460750344,2431
2858,0.034271739423274994,0.9915966391563416,1.0,0.8203125,0.0003437164445041742,1071
2859,0.012795582413673401,0.9964912533760071,1.0,0.39453125,0.0003435580330418681,1995
2860,0.020932411774992943,0.9963599443435669,1.0,0.345703125,0.0003433996102670613,4945
2861,0.011552654206752777,0.9952957034111023,1.0,0.44140625,0.0003432411762262334,1488
2862,0.010501784272491932,0.99765944480896,1.0,0.298828125,0.000343082730965867,1709
2863,0.025878703221678734,0.9921708106994629,1.0,0.53515625,0.0003429242745324483,1405
2864,0.020924558863043785,0.993565022945404,1.0,0.8125,0.0003427658069724667,1554
2865,0.02974982187151909,0.9924366474151611,1.0,0.482421875,0.00034260732833241473,4892
2866,0.016262488439679146,0.9972677826881409,1.0,0.451171875,0.0003424488386587883,1830
2867,0.026812328025698662,0.9942857027053833,1.0,0.73046875,0.0003422903379980865,1575
2868,0.017427511513233185,0.9961896538734436,1.0,0.330078125,0.00034213182639681184,4724
2869,0.0017287835944443941,0.9994029998779297,1.0,0.06005859375,0.00034197330390146966,1675
2870,0.02098161354660988,0.9972432851791382,1.0,0.384765625,0.00034181477055856885,1451
2871,0.023062262684106827,0.9954423308372498,1.0,0.396484375,0.00034165622641462134,4827
2872,0.015243595466017723,0.9971354007720947,1.0,0.3125,0.00034149767151614213,3840
2873,0.025709785521030426,0.994319498538971,1.0,0.4296875,0.0003413391059096495,4225
2874,0.00905243307352066,0.998343825340271,1.0,0.26953125,0.0003411805296416649,3019
2875,0.014379960484802723,0.9961758852005005,1.0,0.345703125,0.00034102194275871284,2615
2876,0.02838137559592724,0.991830050945282,1.0,0.76953125,0.0003408633453073209,1224
2877,0.006444036960601807,0.99941486120224,1.0,0.0908203125,0.0003407047373340199,5127
2878,0.02310016378760338,0.9928673505783081,1.0,0.52734375,0.0003405461188853436,1402
2879,0.014115463010966778,0.9968454241752625,1.0,0.34765625,0.0003403874900078289,1268
2880,0.014890562742948532,0.9961653351783752,1.0,0.2431640625,0.0003402288507480159,2347
2881,0.013199753127992153,0.9977511167526245,1.0,0.330078125,0.0003400702011524474,2668
2882,0.012736842967569828,0.9967260956764221,1.0,0.376953125,0.00033991154126766955,2749
2883,0.014184407889842987,0.9984025359153748,1.0,0.671875,0.00033975287114023137,1252
2884,0.005912124644964933,0.999640941619873,1.0,0.0947265625,0.00033959419081668496,2785
2885,0.08095536381006241,0.9868913888931274,0.75,1.2421875,0.00033943550034358527,534
2886,0.00838901475071907,0.9977753162384033,1.0,0.2392578125,0.0003392767997674906,2697
2887,0.013715733774006367,0.9965136647224426,1.0,0.400390625,0.0003391180891349616,1721
2888,0.014635130763053894,0.9977642893791199,1.0,0.26171875,0.0003389593684925624,3131
2889,0.017048504203557968,0.9967505931854248,1.0,0.3671875,0.0003388006378868598,2462
2890,0.030023669824004173,0.9958246350288391,1.0,0.9921875,0.0003386418973644238,479
2891,0.006968817673623562,0.9988818764686584,1.0,0.1611328125,0.000338483146971827,2683
2892,0.027879424393177032,0.9928429126739502,1.0,0.486328125,0.0003383243867556449,2515
2893,0.011259802617132664,0.9979466199874878,1.0,0.2578125,0.000338165616762456,4383
2894,0.030918532982468605,0.9927048087120056,1.0,0.72265625,0.0003380068370388418,1782
2895,0.005833334289491177,0.9982832670211792,1.0,0.2041015625,0.00033784804763138654,2330
2896,0.010487155057489872,0.9973304867744446,1.0,0.421875,0.000337689248586677,1873
2897,0.04311460256576538,0.9940263032913208,0.75,0.99609375,0.0003375304399513034,837
2898,0.029072536155581474,0.9910846948623657,1.0,0.8125,0.0003373716217718583,1346
2899,0.013200495392084122,0.9971209168434143,1.0,0.3828125,0.00033721279409493714,3126
2900,0.013285371474921703,0.9974629878997803,1.0,0.337890625,0.00033705395696713837,2365
2901,0.013902110978960991,0.994397759437561,1.0,0.56640625,0.0003368951104350628,1428
2902,0.018372345715761185,0.9945418834686279,1.0,0.55859375,0.0003367362545453144,2565
2903,0.014698340557515621,0.9977812170982361,1.0,0.283203125,0.0003365773893444997,4507
2904,0.008923644199967384,0.9994027614593506,1.0,0.16796875,0.0003364185148792281,5023
2905,0.006404081825166941,0.9990838170051575,1.0,0.2060546875,0.00033625963119611143,2183
2906,0.009765740483999252,0.9985830783843994,0.75,0.251953125,0.0003361007383417645,2823
2907,0.01847269758582115,0.9942938685417175,1.0,0.65625,0.0003359418363628048,1402
2908,0.018571507185697556,0.9967067241668701,1.0,0.314453125,0.0003357829253058523,6073
2909,0.010036335326731205,0.9972624182701111,1.0,0.298828125,0.0003356240052175297,2557
2910,0.014697292819619179,0.9962787628173828,1.0,0.283203125,0.00033546507614446255,2956
2911,0.016510283574461937,0.997402012348175,1.0,0.349609375,0.00033530613813327875,4234
2912,0.030282944440841675,0.9926543831825256,1.0,0.4609375,0.000335147191230609,5037
2913,0.00548100471496582,0.9996342062950134,1.0,0.1650390625,0.0003349882354830867,2734
2914,0.017579764127731323,0.9965168833732605,1.0,0.38671875,0.0003348292709373474,2871
2915,0.03436429053544998,0.9953314661979675,1.0,0.83984375,0.00033467029764002983,1071
2916,0.06665582954883575,0.9821516871452332,1.0,1.171875,0.0003345113156377748,2017
2917,0.03426022082567215,0.9916123151779175,1.0,0.56640625,0.0003343523249772261,4292
2918,0.011581748723983765,0.9969660043716431,1.0,0.421875,0.0003341933257050297,1648
2919,0.025991884991526604,0.993837296962738,1.0,0.5625,0.0003340343178678342,2434
2920,0.018683936446905136,0.9959825873374939,1.0,0.5390625,0.0003338753015122907,2987
2921,0.02047351561486721,0.9958559274673462,1.0,0.58984375,0.000333716276685053,3137
2922,0.010760994628071785,0.9982040524482727,1.0,0.263671875,0.00033355724343277703,2784
2923,0.01808125711977482,0.993327796459198,1.0,0.29296875,0.00033339820180212156,2398
2924,0.00891219824552536,0.9970119595527649,1.0,0.287109375,0.0003332391518397475,2008
2925,0.007013358175754547,0.9983752965927124,1.0,0.1689453125,0.0003330800935923185,2462
2926,0.030263511463999748,0.9933056831359863,1.0,0.640625,0.00033292102710650044,3137
2927,0.01670808345079422,0.9956849813461304,1.0,0.57421875,0.00033276195242896176,1854
2928,0.033484283834695816,0.9926542639732361,1.0,0.70703125,0.0003326028696063729,2042
2929,0.016327882185578346,0.9962426424026489,1.0,0.40234375,0.0003324437786854073,5589
2930,0.025751782581210136,0.9950199127197266,1.0,0.921875,0.0003322846797127404,1004
2931,0.019177835434675217,0.9928797483444214,1.0,0.859375,0.00033212557273505004,1264
2932,0.012171602807939053,0.9965736865997314,1.0,0.287109375,0.00033196645779901647,2043
2933,0.012003307230770588,0.9970256090164185,1.0,0.412109375,0.0003318073349513222,1681
2934,0.021768657490611076,0.9942893385887146,1.0,0.51171875,0.0003316482042386523,1576
2935,0.008823500014841557,0.9987484216690063,1.0,0.33984375,0.0003314890657076937,1598
2936,0.016064800322055817,0.9966287612915039,1.0,0.498046875,0.00033132991940513606,2373
2937,0.032735228538513184,0.9920924305915833,1.0,0.7578125,0.00033117076537767117,1644
2938,0.016372881829738617,0.9963221549987793,1.0,0.4453125,0.00033101160367199296,2719
2939,0.01630322076380253,0.995232880115509,1.0,0.43359375,0.00033085243433479775,2727
2940,0.022876635193824768,0.9908643960952759,1.0,0.73828125,0.000330693257412784,1423
2941,0.04581171274185181,0.9874773025512695,1.0,0.6875,0.0003305340729526526,5510
2942,0.008582927286624908,0.9973873496055603,1.0,0.302734375,0.00033037488100110646,1531
2943,0.01666545681655407,0.9943042993545532,1.0,0.72265625,0.0003302156816048507,1229
2944,0.015994656831026077,0.9958763122558594,1.0,0.451171875,0.0003300564748105926,2910
2945,0.01805066131055355,0.9942470192909241,1.0,0.515625,0.0003298972606650418,2955
2946,0.03919930383563042,0.9901780486106873,1.0,0.74609375,0.00032973803921491,1629
2947,0.04095182567834854,0.9911764860153198,1.0,0.84375,0.0003295788105069108,2720
2948,0.023464683443307877,0.9950637817382812,1.0,0.578125,0.0003294195745877604,2431
2949,0.00807869341224432,0.9981595277786255,1.0,0.30859375,0.0003292603315041767,1630
2950,0.16270068287849426,0.9531103372573853,1.0,1.5390625,0.00032910108130287984,3199
2951,0.011502017267048359,0.99717777967453,1.0,0.28125,0.00032894182403059215,2126
2952,0.030407816171646118,0.9925974011421204,1.0,0.53515625,0.000328782559734038,4593
2953,0.021716013550758362,0.9927756786346436,1.0,0.59375,0.00032862328845994365,2630
2954,0.018363729119300842,0.9958890080451965,1.0,0.53515625,0.00032846401025503753,1946
2955,0.02234368771314621,0.993809163570404,1.0,0.5234375,0.0003283047251660503,2746
2956,0.017565272748470306,0.9958968162536621,1.0,0.53515625,0.0003281454332397142,1706
2957,0.02121906541287899,0.9933741092681885,0.75,0.546875,0.0003279861345227639,1962
2958,0.007696608081459999,0.9977332949638367,1.0,0.30859375,0.0003278268290619358,2647
2959,0.020189398899674416,0.9956140518188477,1.0,0.66015625,0.00032766751690396827,1140
2960,0.03346991911530495,0.9923858046531677,1.0,0.8046875,0.0003275081980956019,2758
2961,0.012147516943514347,0.9966349005699158,1.0,0.462890625,0.0003273488726835791,1783
2962,0.01554983388632536,0.995279848575592,1.0,0.5546875,0.0003271895407146439,1483
2963,0.024161100387573242,0.9937357902526855,1.0,0.78125,0.00032703020223554284,1756
2964,0.03299131244421005,0.9918122291564941,1.0,0.498046875,0.0003268708572930239,5496
2965,0.04128667339682579,0.9899902939796448,1.0,0.63671875,0.00032671150593383723,3097
2966,0.06545746326446533,0.9799095988273621,1.0,0.8671875,0.00032655214820473475,3982
2967,0.029460983350872993,0.9937469959259033,1.0,0.828125,0.00032639278415247017,2079
2968,0.03753230348229408,0.9892299175262451,1.0,0.89453125,0.0003262334138237991,1857
2969,0.0160073209553957,0.995293378829956,1.0,0.396484375,0.00032607403726547915,3187
2970,0.02213401347398758,0.9949672818183899,1.0,0.6328125,0.0003259146545242697,1987
2971,0.02104761265218258,0.9948834776878357,1.0,0.46875,0.00032575526564693175,1759
2972,0.0337158739566803,0.9900332093238831,1.0,0.859375,0.00032559587068022825,1505
2973,0.02662133239209652,0.99262535572052,1.0,0.6875,0.00032543646967092397,2712
2974,0.05934040620923042,0.9831603169441223,1.0,0.890625,0.0003252770626657854,4335
2975,0.053821589797735214,0.9842624068260193,1.0,0.76171875,0.0003251176497115808,5274
2976,0.03576216474175453,0.9883551597595215,1.0,0.8125,0.00032495823085508004,2748
2977,0.015309663489460945,0.9949727654457092,1.0,0.283203125,0.000324798806143055,2387
2978,0.019994374364614487,0.9956231713294983,1.0,0.404296875,0.00032463937562227915,4798
2979,0.01277095079421997,0.9977139234542847,1.0,0.359375,0.00032447993933952757,3062
2980,0.009970840066671371,0.9984160661697388,1.0,0.30078125,0.000324320497341577,1894
2981,0.07068134844303131,0.9801705479621887,1.0,0.98828125,0.0003241610496752061,4690
2982,0.018126241862773895,0.9961276054382324,1.0,0.328125,0.0003240015963871951,5423
2983,0.012362913228571415,0.9972211122512817,1.0,0.3046875,0.00032384213752432577,2519
2984,0.012338165193796158,0.9969325065612793,1.0,0.41796875,0.00032368267313338155,2934
2985,0.016814595088362694,0.997863233089447,1.0,0.56640625,0.00032352320326114743,1404
2986,0.025233887135982513,0.9941349029541016,1.0,0.66015625,0.0003233637279544103,1705
2987,0.02344302088022232,0.9945295453071594,1.0,0.5546875,0.00032320424725995833,1828
2988,0.03293193131685257,0.9920364022254944,1.0,0.6484375,0.0003230447612245815,2637
2989,0.01254559587687254,0.9970794320106506,1.0,0.421875,0.0003228852698950711,1712
2990,0.03274299204349518,0.9906250238418579,1.0,0.6875,0.0003227257733182203,1600
2991,0.03416329249739647,0.9916079044342041,1.0,0.7109375,0.0003225662715408234,2979
2992,0.018282974138855934,0.9953936338424683,1.0,0.306640625,0.0003224067646096768,2388
2993,0.015327182598412037,0.995975136756897,1.0,0.37109375,0.0003222472525715778,2733
2994,0.020647818222641945,0.994205892086029,1.0,0.59375,0.0003220877354733255,2934
2995,0.009358754381537437,0.9966624975204468,1.0,0.263671875,0.0003219282133617204,2397
2996,0.02956046350300312,0.9938313961029053,1.0,0.5859375,0.00032176868628356475,1459
2997,0.03228267654776573,0.9900881052017212,1.0,0.7109375,0.0003216091542856619,1816
2998,0.013860815204679966,0.9958333373069763,1.0,0.56640625,0.00032144961741481667,1200
2999,0.04994570463895798,0.9876288771629333,1.0,1.2890625,0.0003212900757178356,970
3000,0.011558955535292625,0.9970311522483826,1.0,0.39453125,0.0003211305292415263,2021
3001,0.01516797672957182,0.9969301819801331,1.0,0.36328125,0.00032097097803269814,2606
3002,0.0440613329410553,0.9880734086036682,1.0,0.7734375,0.0003208114221381615,5450
3003,0.019961968064308167,0.9942294359207153,1.0,0.37109375,0.0003206518616047284,2946
3004,0.020281095057725906,0.9950248599052429,1.0,0.40625,0.000320492296479212,2010
3005,0.03567579761147499,0.9900674223899841,1.0,0.6953125,0.0003203327268084272,2819
3006,0.0176335871219635,0.9960349202156067,1.0,0.69140625,0.0003201731526391898,1261
3007,0.05203908309340477,0.985453188419342,1.0,0.90234375,0.00032001357401831705,2681
3008,0.027753112837672234,0.9926953911781311,1.0,0.75390625,0.0003198539909926277,1369
3009,0.017852170392870903,0.996303915977478,1.0,0.421875,0.00031969440360894155,2435
3010,0.057687100023031235,0.9836981892585754,1.0,0.78125,0.00031953481191407987,4294
3011,0.013195890933275223,0.9966728091239929,1.0,0.41015625,0.000319375215954865,2705
3012,0.017425963655114174,0.9970070123672485,1.0,0.46875,0.00031921561577812074,3007
3013,0.04557330161333084,0.9870162010192871,1.0,0.7890625,0.00031905601143067185,4005
3014,0.03997533395886421,0.9910790324211121,1.0,0.875,0.00031889640295934454,2354
3015,0.019297219812870026,0.9967118501663208,1.0,0.380859375,0.0003187367904109663,2433
3016,0.028025934472680092,0.9913793206214905,1.0,0.55078125,0.00031857717383236556,2784
3017,0.023763006553053856,0.9941434860229492,1.0,0.5703125,0.00031841755327037205,2049
3018,0.03434307873249054,0.9917802810668945,1.0,0.5703125,0.00031825792877181674,4988
3019,0.031676508486270905,0.9921156167984009,1.0,0.578125,0.00031809830038353174,3044
3020,0.010092887096107006,0.9974554777145386,1.0,0.427734375,0.0003179386681523501,2751
3021,0.01723381131887436,0.9977628588676453,1.0,0.42578125,0.0003177790321251063,1341
3022,0.07677356898784637,0.9769959449768066,1.0,0.9765625,0.0003176193923486357,5173
3023,0.02258802205324173,0.9949295520782471,1.0,0.36328125,0.0003174597488697749,5325
3024,0.023575225844979286,0.9952731132507324,1.0,0.53125,0.0003173001017353615,1904
3025,0.020964480936527252,0.9936203956604004,1.0,0.62890625,0.00031714045099223416,1881
3026,0.027182497084140778,0.9932092428207397,1.0,0.486328125,0.00031698079668723275,3976
3027,0.0284155011177063,0.9937701225280762,1.0,0.51171875,0.0003168211388671979,4655
3028,0.01937713660299778,0.994217574596405,1.0,0.51953125,0.0003166614775789718,2767
3029,0.032622743397951126,0.9946236610412598,1.0,0.67578125,0.0003165018128693969,1302
3030,0.007336346432566643,0.998794674873352,1.0,0.1591796875,0.0003163421447853173,2489
3031,0.026764394715428352,0.9926238059997559,0.75,0.81640625,0.0003161824733735778,949
3032,0.02698695659637451,0.9938300848007202,1.0,0.5234375,0.0003160227986810242,4214
3033,0.02142632193863392,0.9948849081993103,1.0,0.5859375,0.0003158631207545034,1955
3034,0.009653540328145027,0.9981400966644287,1.0,0.53125,0.0003157034396408629,1613
3035,0.007330093998461962,0.9983983039855957,1.0,0.240234375,0.00031554375538695155,1873
3036,0.020568722859025,0.9955401420593262,1.0,0.51953125,0.0003153840680396189,2018
3037,0.01967308484017849,0.993794322013855,1.0,0.83203125,0.00031522437764571555,1128
3038,0.032226286828517914,0.9908209443092346,1.0,0.546875,0.0003150646842520928,5774
3039,0.019203729927539825,0.996010422706604,1.0,0.296875,0.0003149049879056029,5765
3040,0.04330252483487129,0.985458254814148,1.0,0.78125,0.00031474528865309905,2957
3041,0.01175477635115385,0.9974226951599121,1.0,0.2001953125,0.0003145855865414352,2328
3042,0.0216203685849905,0.9947819709777832,1.0,0.453125,0.0003144258816174663,2683
3043,0.012139189057052135,0.99750155210495,1.0,0.408203125,0.0003142661739280478,1601
3044,0.022691810503602028,0.9952606558799744,1.0,0.52734375,0.00031410646352003635,1266
3045,0.009923180565237999,0.9977494478225708,1.0,0.33984375,0.0003139467504402892,1333
3046,0.026336954906582832,0.9939393997192383,1.0,0.5703125,0.0003137870347356643,3795
3047,0.011513187550008297,0.9983333349227905,1.0,0.3046875,0.00031362731645302055,3000
3048,0.038657985627651215,0.9902060031890869,1.0,0.71875,0.0003134675956392175,2961
3049,0.006892386823892593,0.9981120228767395,1.0,0.392578125,0.00031330787234111555,1589
3050,0.033172495663166046,0.9911894202232361,1.0,0.6328125,0.0003131481466055757,3859
3051,0.015077881515026093,0.9953161478042603,1.0,0.494140625,0.0003129884184794597,1708
3052,0.03362898528575897,0.9923591017723083,1.0,0.87890625,0.0003128286880096299,1047
3053,0.03739212453365326,0.9903284311294556,1.0,0.53515625,0.0003126689552429496,4963
3054,0.012293185107409954,0.9968627691268921,1.0,0.373046875,0.00031250922022628267,2550
3055,0.022849487140774727,0.9937877655029297,1.0,0.42578125,0.00031234948300649354,5795
3056,0.026517992839217186,0.9929933547973633,1.0,0.453125,0.0003121897436304473,5138
3057,0.022861303761601448,0.9925870895385742,1.0,0.7421875,0.00031203000214500973,1349
3058,0.01098069828003645,0.9971035718917847,1.0,0.373046875,0.00031187025859704727,1381
3059,0.01635475642979145,0.9957295656204224,1.0,0.48046875,0.00031171051303342687,1405
3060,0.014162341132760048,0.9966167211532593,1.0,0.43359375,0.00031155076550101616,2069
3061,0.017055919393897057,0.9941785335540771,1.0,0.53515625,0.0003113910160466832,1546
3062,0.016759099438786507,0.995468258857727,1.0,0.3359375,0.0003112312647172968,1324
3063,0.03373010829091072,0.9923939108848572,1.0,0.73046875,0.0003110715115597261,2498
3064,0.01074141263961792,0.9976246953010559,1.0,0.25390625,0.0003109117566208412,1684
3065,0.01366573479026556,0.9982993006706238,1.0,0.35546875,0.00031075199994751217,2352
3066,0.02188548818230629,0.9934210777282715,1.0,0.6171875,0.0003105922415866099,2280
3067,0.02137983776628971,0.9949048757553101,1.0,0.494140625,0.0003104324815850058,2944
3068,0.018916625529527664,0.9969707131385803,1.0,0.5078125,0.0003102727199895717,2971
3069,0.018469631671905518,0.9954504370689392,1.0,0.490234375,0.0003101129568471798,2198
3070,0.020852534100413322,0.995322048664093,1.0,0.46875,0.00030995319220470286,2779
3071,0.011606520973145962,0.9986763596534729,1.0,0.32421875,0.00030979342610901406,1511
3072,0.013974156230688095,0.9945175647735596,1.0,0.5390625,0.00030963365860698706,1824
3073,0.01530565693974495,0.9958582520484924,1.0,0.408203125,0.0003094738897454958,2173
3074,0.018485404551029205,0.9945887327194214,1.0,0.5234375,0.0003093141195714148,2772
3075,0.013131331652402878,0.9963436722755432,1.0,0.453125,0.0003091543481316188,2735
3076,0.006467261351644993,0.9982025027275085,1.0,0.248046875,0.0003089945754729829,1669
3077,0.007257501129060984,0.9989975094795227,1.0,0.2392578125,0.0003088348016423828,1995
3078,0.01145323645323515,0.9971002340316772,1.0,0.29296875,0.0003086750266866943,2414
3079,0.010050145909190178,0.9976635575294495,1.0,0.271484375,0.00030851525065279353,2996
3080,0.014384150505065918,0.997620165348053,1.0,0.443359375,0.00030835547358755704,2101
3081,0.01039315015077591,0.9974874258041382,1.0,0.38671875,0.0003081956955378617,1592
3082,0.07080482691526413,0.9767484068870544,1.0,0.890625,0.00030803591655058474,5548
3083,0.02268366888165474,0.9939516186714172,1.0,0.59765625,0.0003078761366726033,1488
3084,0.019866187125444412,0.9965338110923767,1.0,0.6015625,0.00030771635595079513,1154
3085,0.03983616083860397,0.9896495342254639,1.0,0.5,0.0003075565744320382,5507
3086,0.008640979416668415,0.9977611899375916,1.0,0.408203125,0.0003073967921632106,1340
3087,0.018470851704478264,0.9962121248245239,1.0,0.43359375,0.00030723700919119075,2904
3088,0.02651521936058998,0.9935432076454163,1.0,0.451171875,0.000307077225562857,4956
3089,0.016659948974847794,0.9965682625770569,1.0,0.400390625,0.00030691744132508827,2914
3090,0.04052954539656639,0.9871436357498169,1.0,0.94140625,0.00030675765652476343,1789
3091,0.012976427562534809,0.9979282021522522,1.0,0.34765625,0.0003065978712087617,2896
3092,0.022597026079893112,0.9946004152297974,1.0,0.45703125,0.0003064380854239621,2778
3093,0.008631367236375809,0.9977738261222839,1.0,0.2734375,0.00030627829921724413,2246
3094,0.023416906595230103,0.9956439137458801,1.0,0.447265625,0.00030611851263548736,3673
3095,0.015143964439630508,0.9965301752090454,1.0,0.2890625,0.0003059587257255713,2882
3096,0.006489241030067205,0.9979108572006226,1.0,0.263671875,0.00030579893853437573,1436
3097,0.01829592138528824,0.9962817430496216,1.0,0.384765625,0.0003056391511087805,4841
3098,0.009803438559174538,0.9986351132392883,1.0,0.267578125,0.0003054793634956653,2198
3099,0.03641640022397041,0.990620493888855,1.0,0.8984375,0.0003053195757419103,1386
3100,0.008139870129525661,0.99821937084198,1.0,0.193359375,0.0003051597878943951,2808
3101,0.010593297891318798,0.9983326196670532,1.0,0.1962890625,0.00030499999999999993,2399
3102,0.009786811657249928,0.9975308775901794,1.0,0.328125,0.0003048402121056049,2430
3103,0.025708984583616257,0.9933567643165588,1.0,0.302734375,0.0003046804242580897,2559
3104,0.014921965077519417,0.9958963990211487,1.0,0.373046875,0.0003045206365043347,3899
3105,0.028701219707727432,0.9949495196342468,1.0,0.609375,0.0003043608488912194,1188
3106,0.029373735189437866,0.9933821558952332,1.0,0.494140625,0.0003042010614656242,4231
3107,0.006824402138590813,0.997735857963562,1.0,0.5390625,0.0003040412742744285,1325
3108,0.010175046510994434,0.9967266917228699,1.0,0.4453125,0.0003038814873645126,1833
3109,0.01155152264982462,0.9977558255195618,1.0,0.40625,0.00030372170078275573,2228
3110,0.009043204598128796,0.997723400592804,1.0,0.189453125,0.00030356191457603783,1757
3111,0.011107628233730793,0.9959225058555603,1.0,0.43359375,0.00030340212879123834,1962
3112,0.0183115191757679,0.9986559152603149,1.0,0.55078125,0.0003032423434752365,744
3113,0.014368257485330105,0.9957301616668701,1.0,0.41015625,0.0003030825586749117,2342
3114,0.022827832028269768,0.9950762987136841,1.0,0.6875,0.00030292277443714295,2031
3115,0.007932192645967007,0.9976387023925781,1.0,0.326171875,0.0003027629908088093,1694
3116,0.0043650041334331036,0.9994044303894043,1.0,0.1123046875,0.0003026032078367892,1679
3117,0.007785846944898367,0.9992156624794006,1.0,0.1640625,0.00030244342556796173,3825
3118,0.036847442388534546,0.9920182228088379,1.0,1.1171875,0.00030228364404920473,1754
3119,0.02190249040722847,0.9960231184959412,1.0,0.5,0.00030212386332739667,2766
3120,0.021991275250911713,0.9949719309806824,1.0,0.443359375,0.0003019640834494153,5171
3121,0.025449587032198906,0.9948614835739136,1.0,0.490234375,0.00030180430446213825,4476
3122,0.007842360064387321,0.9989264607429504,1.0,0.140625,0.00030164452641244293,3726
3123,0.015272497199475765,0.9969179034233093,1.0,0.328125,0.00030148474934720644,3569
3124,0.017418647184967995,0.9937629699707031,1.0,0.59765625,0.0003013249733133057,1443
3125,0.003151871729642153,0.9993965029716492,1.0,0.1083984375,0.00030116519835761716,1657
3126,0.013264013454318047,0.9966621994972229,1.0,0.515625,0.000301005424527017,1498
3127,0.006986686494201422,0.9990262985229492,1.0,0.345703125,0.0003008456518683811,2054
3128,0.04070999473333359,0.9905511736869812,1.0,0.69921875,0.00030068588042858515,2540
3129,0.008349332958459854,0.9978858232498169,1.0,0.259765625,0.00030052611025450406,1419
3130,0.02548927068710327,0.9927870631217957,1.0,0.53125,0.0003003663413930129,3466
3131,0.01649615354835987,0.995993971824646,1.0,0.5859375,0.0003002065738909859,1997
3132,0.03625000640749931,0.9909995198249817,1.0,0.84375,0.00030004680779529706,2111
3133,0.01768503338098526,0.9961977005004883,1.0,0.51953125,0.00029988704315282017,2893
3134,0.00907942932099104,0.9979608654975891,1.0,0.283203125,0.00029972728001042827,2452
3135,0.012660917825996876,0.9974048733711243,1.0,0.23828125,0.00029956751841499413,2312
3136,0.01918701082468033,0.9959068298339844,1.0,0.48828125,0.00029940775841339,3176
3137,0.008722731843590736,0.9979131817817688,1.0,0.1435546875,0.0002992480000524878,2396
3138,0.011925873346626759,0.9980567693710327,1.0,0.369140625,0.0002990882433791587,2573
3139,0.012482108548283577,0.9957780241966248,1.0,0.443359375,0.0002989284884402738,1658
3140,0.015385523438453674,0.9961089491844177,1.0,0.498046875,0.00029876873528270325,2570
3141,0.01521774660795927,0.9955591559410095,1.0,0.515625,0.00029860898395331673,2477
3142,0.010428926907479763,0.9982958436012268,1.0,0.26953125,0.0002984492344989838,2934
3143,0.008583202958106995,0.9985369443893433,1.0,0.2314453125,0.00029828948696657305,2734
3144,0.015547762624919415,0.9961089491844177,1.0,0.400390625,0.0002981297414029527,1542
3145,0.007171860430389643,0.9986082315444946,1.0,0.166015625,0.0002979699978549902,2874
3146,0.01859183982014656,0.9943262338638306,1.0,0.6796875,0.0002978102563695526,1410
3147,0.0094672292470932,0.9975996017456055,1.0,0.275390625,0.0002976505169935064,2083
3148,0.015466279350221157,0.9960886836051941,1.0,0.515625,0.00029749077977371725,1534
3149,0.026024561375379562,0.9954128265380859,1.0,0.45703125,0.00029733104475705035,4578
3150,0.016232913359999657,0.9938962459564209,1.0,0.81640625,0.00029717131199037,983
3151,0.011041206307709217,0.9974968433380127,1.0,0.380859375,0.00029701158152054035,2397
3152,0.01649516448378563,0.9967438578605652,1.0,0.51171875,0.00029685185339442424,2764
3153,0.025145839899778366,0.9918976426124573,1.0,0.310546875,0.0002966921276588844,2345
3154,0.008692262694239616,0.9966809153556824,1.0,0.322265625,0.00029653240436078234,2109
3155,0.02089247852563858,0.9958515763282776,1.0,0.37109375,0.00029637268354697937,4339
3156,0.012449781410396099,0.998420238494873,1.0,0.328125,0.0002962129652643356,1899
3157,0.01169364620000124,0.9982547760009766,1.0,0.30078125,0.0002960532495597108,2865
3158,0.012260387651622295,0.9959308505058289,1.0,0.359375,0.0002958935364799636,2949
3159,0.010326383635401726,0.9975855350494385,1.0,0.263671875,0.0002957338260719521,2485
3160,0.017652280628681183,0.9966414570808411,1.0,0.4765625,0.00029557411838253376,1191
3161,0.018475452437996864,0.9948574304580688,1.0,0.322265625,0.0002954144134585647,2139
3162,0.013809614814817905,0.9962092638015747,1.0,0.55859375,0.000295254711346901,1319
3163,0.026903852820396423,0.9933671355247498,1.0,0.458984375,0.00029509501209439704,5126
3164,0.014816304668784142,0.9953188896179199,1.0,0.66796875,0.00029493531574790717,1709
3165,0.019859744235873222,0.9958224296569824,1.0,0.66796875,0.00029477562235428437,1915
3166,0.017268721014261246,0.9954838752746582,1.0,0.470703125,0.000294615931960381,3100
3167,0.010871097445487976,0.9964617490768433,1.0,0.359375,0.00029445624461304847,2261
3168,0.007644047494977713,0.9975689053535461,1.0,0.181640625,0.00029429656035913706,2468
3169,0.009253229014575481,0.9972366094589233,1.0,0.310546875,0.0002941368792454967,2895
3170,0.02451762557029724,0.9930281043052673,1.0,0.478515625,0.00029397720131897577,4303
3171,0.027785591781139374,0.9943808317184448,1.0,0.439453125,0.0002938175266264222,4805
3172,0.012230629101395607,0.9963820576667786,1.0,0.3984375,0.0002936578552146826,2764
3173,0.015667013823986053,0.9974842667579651,1.0,0.578125,0.000293498187130603,1590
3174,0.015318429097533226,0.9963054060935974,1.0,0.765625,0.0002933385224210282,1624
3175,0.017147118225693703,0.9961430430412292,1.0,0.36328125,0.000293178861132802,5704
3176,0.008150504902005196,0.9989554286003113,1.0,0.181640625,0.00029301920331276717,2872
3177,0.004175228998064995,0.9985037446022034,1.0,0.1767578125,0.00029285954900776576,2005
3178,0.004840289708226919,0.9992668628692627,1.0,0.1435546875,0.0002926998982646385,2728
3179,0.029795892536640167,0.9934916496276855,1.0,0.48046875,0.00029254025113022506,5685
3180,0.01307870727032423,0.996268630027771,1.0,0.35546875,0.0002923806076513643,3216
3181,0.051493458449840546,0.9860609173774719,1.0,1.0546875,0.0002922209678748936,1937
3182,0.019746042788028717,0.9959638714790344,1.0,0.3671875,0.00029206133184764987,5203
3183,0.016814742237329483,0.9960126280784607,1.0,0.380859375,0.00029190169961646823,6019
3184,0.007417686749249697,0.9989467859268188,1.0,0.1533203125,0.00029174207122818324,1899
3185,0.013134191744029522,0.9979602098464966,1.0,0.31640625,0.0002915824467296278,1961
3186,0.010951854288578033,0.9984044432640076,1.0,0.314453125,0.0002914228261676344,2507
3187,0.005323244724422693,0.9978540539741516,1.0,0.1376953125,0.00029126320958903373,2330
3188,0.010953318327665329,0.997391939163208,1.0,0.1689453125,0.0002911035970406554,2684
3189,0.008239271119236946,0.9985714554786682,1.0,0.2470703125,0.00029094398856932817,1400
3190,0.01894921250641346,0.995538055896759,1.0,0.38671875,0.00029078438422187923,3810
3191,0.01959659531712532,0.99627685546875,1.0,0.390625,0.00029062478404513493,4566
3192,0.011125920340418816,0.99687659740448,1.0,0.2451171875,0.00029046518808592005,1921
3193,0.01925833523273468,0.995945930480957,1.0,0.609375,0.00029030559639105837,2220
3194,0.01018599048256874,0.9976312518119812,1.0,0.2734375,0.00029014600900737213,2533
3195,0.014134812168776989,0.9957461953163147,1.0,0.419921875,0.00028998642598168287,2821
3196,0.02049257420003414,0.9945869445800781,1.0,0.412109375,0.00028982684736081023,4249
3197,0.010461549274623394,0.998551607131958,1.0,0.189453125,0.00028966727319157273,4833
3198,0.013653269968926907,0.9974722862243652,1.0,0.25,0.00028950770352078795,5143
3199,0.004557203967124224,0.9989556074142456,1.0,0.1494140625,0.00028934813839527157,1915
3200,0.007500997744500637,0.997732400894165,1.0,0.302734375,0.00028918857786183847,1764
3201,0.00791016686707735,0.9982993006706238,1.0,0.2294921875,0.0002890290219673018,2940
3202,0.024647610262036324,0.9954599142074585,1.0,0.39453125,0.00028886947075847363,5066
3203,0.008696509525179863,0.9977220892906189,1.0,0.2451171875,0.00028870992428216426,2195
3204,0.025900259613990784,0.9923154711723328,1.0,0.486328125,0.00028855038258518325,4945
3205,0.013399675488471985,0.9986684322357178,1.0,0.1904296875,0.0002883908457143381,5257
3206,0.00824629608541727,0.9989860653877258,1.0,0.2421875,0.0002882313137164352,3945
3207,0.012830013409256935,0.9966005682945251,1.0,0.3671875,0.00028807178663827957,1765
3208,0.01566392183303833,0.9969442486763,1.0,0.365234375,0.00028791226452667447,3927
3209,0.006803489755839109,0.9988700747489929,1.0,0.2158203125,0.0002877527474284222,1770
3210,0.00688837468624115,0.9974325895309448,1.0,0.365234375,0.00028759323539032317,1558
3211,0.006586141884326935,0.9981735348701477,1.0,0.234375,0.00028743372845917647,1095
3212,0.01050203014165163,0.9972310066223145,1.0,0.34765625,0.00028727422668177964,2528
3213,0.012245076708495617,0.9977086782455444,1.0,0.259765625,0.0002871147301049288,3055
3214,0.01811782643198967,0.9954264760017395,1.0,0.4453125,0.0002869552387754185,4373
3215,0.010710717178881168,0.9981006383895874,1.0,0.5859375,0.00028679575274004164,1053
3216,0.012046419084072113,0.9981746077537537,1.0,0.2001953125,0.0002866362720455897,3287
3217,0.009368780069053173,0.9972360134124756,1.0,0.2578125,0.0002864767967388525,1809
3218,0.005068677477538586,0.9993463754653931,1.0,0.1533203125,0.0002863173268666185,1530
3219,0.022784102708101273,0.9952793121337891,1.0,0.6796875,0.0002861578624756742,1271
3220,0.007724175229668617,0.9984399080276489,1.0,0.2255859375,0.0002859984036128049,1923
3221,0.019783562049269676,0.9973297715187073,1.0,0.4375,0.00028583895032479375,1498
3222,0.017490170896053314,0.994331955909729,1.0,0.62890625,0.0002856795026584229,1235
3223,0.009132719598710537,0.997032642364502,1.0,0.349609375,0.0002855200606604724,2022
3224,0.006916244979947805,0.9986235499382019,1.0,0.1923828125,0.0002853606243777208,2906
3225,0.011901085264980793,0.9978684782981873,1.0,0.298828125,0.000285201193856945,3284
3226,0.019977033138275146,0.9948740005493164,1.0,0.427734375,0.00028504176914491983,4682
3227,0.008343776687979698,0.9981818199157715,1.0,0.400390625,0.00028488235028841923,1100
3228,0.042696092277765274,0.9899412989616394,1.0,0.796875,0.00028472293733421453,2386
3229,0.008387154899537563,0.9972196221351624,1.0,0.2080078125,0.000284563530329076,2158
3230,0.006965575739741325,0.9988381266593933,1.0,0.265625,0.00028440412931977167,2582
3231,0.010395356453955173,0.9963444471359253,1.0,0.158203125,0.00028424473435306817,2462
3232,0.00919879786670208,0.9979647397994995,1.0,0.1787109375,0.0002840853454757302,2948
3233,0.06912659108638763,0.9831340312957764,1.0,0.84765625,0.00028392596273452077,3261
3234,0.010757488198578358,0.9981117844581604,1.0,0.375,0.00028376658617620086,2648
3235,0.012477279640734196,0.9964850544929504,1.0,0.373046875,0.0002836072158475298,2845
3236,0.014037898741662502,0.9971309900283813,1.0,0.310546875,0.0002834478517952653,3137
3237,0.014311899431049824,0.9973081946372986,1.0,0.3125,0.0002832884940661627,5201
3238,0.014113647863268852,0.9971014261245728,1.0,0.55859375,0.0002831291427069761,1725
3239,0.018201692029833794,0.9961699843406677,1.0,0.341796875,0.0002829697977644571,5483
3240,0.006523587740957737,0.9980158805847168,1.0,0.1396484375,0.00028281045928535604,2016
3241,0.03730771318078041,0.9927382469177246,1.0,0.625,0.0002826511273164209,3305
3242,0.010889830067753792,0.996476411819458,1.0,0.59375,0.0002824918019043981,1419
3243,0.011119488626718521,0.9977494478225708,1.0,0.296875,0.0002823324830960317,2666
3244,0.010194404982030392,0.9980438351631165,1.0,0.2197265625,0.00028217317093806414,2556
3245,0.015979131683707237,0.9975167512893677,1.0,0.369140625,0.0002820138654772361,4027
3246,0.006543296854943037,0.9977441430091858,1.0,0.1796875,0.00028185456676028573,3103
3247,0.053033243864774704,0.9847752451896667,1.0,0.76953125,0.0002816952748339497,4138
3248,0.006750913802534342,0.9985940456390381,1.0,0.236328125,0.0002815359897449623,2845
3249,0.009740961715579033,0.9977011680603027,1.0,0.302734375,0.00028137671154005627,1740
3250,0.005165067035704851,0.9986072182655334,1.0,0.1923828125,0.0002812174402659619,2154
3251,0.034716974943876266,0.9918032884597778,1.0,0.6796875,0.00028105817596940776,2196
3252,0.026634396985173225,0.9934239387512207,1.0,0.53125,0.00028089891869712013,4562
3253,0.008334962651133537,0.9978205561637878,1.0,0.2412109375,0.00028073966849582327,2753
3254,0.013946594670414925,0.996708333492279,1.0,0.41796875,0.00028058042541223956,1519
3255,0.012917662970721722,0.9972993731498718,1.0,0.283203125,0.00028042118949308907,5184
3256,0.008487873710691929,0.9976165890693665,1.0,0.2451171875,0.00028026196078509,2937
3257,0.008149544708430767,0.9983704686164856,1.0,0.2890625,0.00028010273933495807,1841
3258,0.009142477065324783,0.9969348907470703,1.0,0.31640625,0.0002799435251894073,1305
3259,0.007924243807792664,0.9964538812637329,1.0,0.423828125,0.00027978431839514927,1692
3260,0.007479481399059296,0.9985734820365906,1.0,0.251953125,0.0002796251189988935,2103
3261,0.015911733731627464,0.9960193037986755,1.0,0.376953125,0.00027946592704734726,4773
3262,0.018517274409532547,0.9957215189933777,1.0,0.466796875,0.0002793067425872159,5142
3263,0.0036887687165290117,0.9990239143371582,1.0,0.080078125,0.0002791475656652022,2049
3264,0.018222402781248093,0.9965694546699524,1.0,0.462890625,0.000278988396328007,1749
3265,0.0026318642776459455,1.0,1.0,0.1533203125,0.00027882923462232886,1813
3266,0.00533094210550189,0.9984848499298096,1.0,0.1201171875,0.0002786700805948638,1980
3267,0.00752042094245553,0.9990227818489075,1.0,0.2353515625,0.0002785109342923062,3070
3268,0.007017381023615599,0.9984415769577026,1.0,0.13671875,0.00027835179576134764,1925
3269,0.024718599393963814,0.9942944645881653,1.0,0.5,0.0002781926650486777,4557
3270,0.044732026755809784,0.9922480583190918,1.0,0.828125,0.00027803354220098345,1161
3271,0.008693521842360497,0.9977011680603027,1.0,0.169921875,0.0002778744272649499,1740
3272,0.008701197803020477,0.9975124597549438,1.0,0.4296875,0.0002777153202872596,1206
3273,0.006821482442319393,0.9988700747489929,1.0,0.1552734375,0.00027755622131459267,1770
3274,0.026541665196418762,0.9940912127494812,1.0,0.55078125,0.0002773971303936271,4231
3275,0.007370505947619677,0.9978858232498169,1.0,0.34375,0.0002772380475710382,1419
3276,0.008463650941848755,0.9974405765533447,1.0,0.353515625,0.0002770789728934994,2735
3277,0.003676850814372301,0.9984674453735352,1.0,0.193359375,0.00027691990640768137,1305
3278,0.013876011595129967,0.9962661266326904,1.0,0.37109375,0.0002767608481602524,2946
3279,0.010621435008943081,0.9978150129318237,1.0,0.384765625,0.00027660179819787836,2746
3280,0.01033406425267458,0.9979158043861389,1.0,0.267578125,0.00027644275656722294,4798
3281,0.008703857660293579,0.9980145692825317,1.0,0.35546875,0.00027628372331494705,1511
3282,0.01260550506412983,0.9945765733718872,1.0,0.2080078125,0.0002761246984877093,2397
3283,0.008089975453913212,0.9987424612045288,1.0,0.23046875,0.00027596568213216583,3976
3284,0.005075337365269661,0.9995189905166626,1.0,0.0966796875,0.00027580667429497025,2079
3285,0.012151659466326237,0.9980545043945312,1.0,0.3984375,0.0002756476750227738,2570
3286,0.011982007883489132,0.9965850710868835,1.0,0.37890625,0.00027548868436222504,1757
3287,0.005626220256090164,0.9988276958465576,1.0,0.1025390625,0.00027532970235997014,2559
3288,0.01071179285645485,0.9959040284156799,1.0,0.52734375,0.00027517072906265246,1709
3289,0.01693512499332428,0.9964958429336548,1.0,0.421875,0.0002750117645169133,4566
3290,0.007869038730859756,0.997824490070343,1.0,0.2890625,0.00027485280876939094,2758
3291,0.010904204100370407,0.9981801509857178,1.0,0.5,0.00027469386186672123,2198
3292,0.0075907157734036446,0.9974424839019775,1.0,0.2470703125,0.0002745349238555375,1955
3293,0.00982755608856678,0.9985990524291992,1.0,0.25390625,0.0002743759947824702,3569
3294,0.011069622822105885,0.997840166091919,1.0,0.275390625,0.0002742170746941477,6019
3295,0.021773075684905052,0.9935805797576904,1.0,0.68359375,0.00027405816363719514,1402
3296,0.014168075285851955,0.9968124032020569,1.0,0.419921875,0.0002738992616582354,2196
3297,0.003963450435549021,0.9995938539505005,1.0,0.1181640625,0.00027374036880388843,2462
3298,0.011651086620986462,0.9971274733543396,1.0,0.27734375,0.00027358148512077185,2785
3299,0.011285687796771526,0.9976505637168884,1.0,0.306640625,0.00027342261065550023,4682
3300,0.013400974683463573,0.9950071573257446,1.0,0.515625,0.00027326374545468555,1402
3301,0.0060512106865644455,0.9978991746902466,1.0,0.228515625,0.0002731048895649372,1428
3302,0.01973016932606697,0.9954796433448792,1.0,0.53515625,0.0002729460430328616,3982
3303,0.016530079767107964,0.9961528778076172,1.0,0.4296875,0.0002727872059050628,3899
3304,0.008151070214807987,0.9985755085945129,1.0,0.130859375,0.00027262837822814164,2808
3305,0.007638253271579742,0.9984902143478394,1.0,0.1533203125,0.0002724695600486965,1987
3306,0.011408207006752491,0.9972794651985168,1.0,0.431640625,0.0002723107514133228,2573
3307,0.008016945794224739,0.9973564743995667,1.0,0.3359375,0.00027215195236861343,2648
3308,0.009579060599207878,0.9972981810569763,1.0,0.2734375,0.0002719931629611581,2961
3309,0.012487403117120266,0.9957912564277649,1.0,0.439453125,0.00027183438323754395,1188
3310,0.003566423896700144,0.9992548227310181,1.0,0.1484375,0.0002716756132443552,2684
3311,0.008327992632985115,0.9986842274665833,1.0,0.171875,0.00027151685302817297,2280
3312,0.004548460710793734,0.9990909099578857,1.0,0.08447265625,0.0002713581026355761,1100
3313,0.02039608545601368,0.9950423240661621,1.0,0.515625,0.00027119936211314,4841
3314,0.009200683794915676,0.998275876045227,1.0,0.369140625,0.00027104063150743755,1740
3315,0.013527849689126015,0.9962304830551147,1.0,0.421875,0.0002708819108650383,1857
3316,0.010728273540735245,0.997273325920105,1.0,0.296875,0.00027072320023250934,2934
3317,0.006278845015913248,0.9989058971405029,1.0,0.193359375,0.00027056449965641454,1828
3318,0.015321983955800533,0.9966972470283508,1.0,0.322265625,0.000270405809183315,5450
3319,0.014997146092355251,0.9973614811897278,1.0,0.3671875,0.0002702471288597686,5685
3320,0.006187984254211187,0.9992022514343262,1.0,0.2353515625,0.00027008845873233037,2507
3321,0.00234856060706079,0.9995244741439819,1.0,0.1513671875,0.0002699297988475526,2103
3322,0.012424350716173649,0.9976534843444824,1.0,0.2412109375,0.00026977114925198407,2557
3323,0.008145210333168507,0.9971977472305298,1.0,0.36328125,0.000269612509992171,2498
3324,0.0077257645316421986,0.9987248778343201,1.0,0.1875,0.0002694538811146563,3137
3325,0.00849994644522667,0.9994861483573914,1.0,0.3828125,0.0002692952626659801,1946
3326,0.005407148040831089,0.9988317489624023,1.0,0.1337890625,0.00026913665469267904,1712
3327,0.006301915738731623,0.9983260631561279,1.0,0.28125,0.00026897805724128713,2987
3328,0.0032499637454748154,0.9995262622833252,1.0,0.19140625,0.0002688194703583351,2111
3329,0.01176082156598568,0.9978858232498169,1.0,0.66796875,0.0002686608940903504,1419
3330,0.0058447192423045635,0.9985527992248535,1.0,0.166015625,0.00026850232848385784,2764
3331,0.0049009476788342,0.9987301826477051,1.0,0.12451171875,0.00026834377358537863,1575
3332,0.007910609245300293,0.9992542862892151,1.0,0.28125,0.00026818522944143107,1341
3333,0.005023993086069822,0.998813271522522,1.0,0.177734375,0.00026802669609853015,2528
3334,0.007857791148126125,0.9984028935432434,1.0,0.2109375,0.0002678681736031881,4383
3335,0.005563364829868078,0.998192310333252,1.0,0.154296875,0.00026770966200191334,2766
3336,0.01528831198811531,0.9957420825958252,1.0,0.875,0.00026755116134121164,1644
3337,0.0029068069998174906,0.9995511770248413,1.0,0.185546875,0.0002673926716675853,2228
3338,0.0035929614678025246,0.9991503953933716,1.0,0.10693359375,0.00026723419302753323,2354
3339,0.005914498586207628,0.9982975721359253,1.0,0.25,0.0002670757254675516,2937
3340,0.0050603109411895275,0.9985364079475403,1.0,0.158203125,0.0002669172690341329,2733
3341,0.009805886074900627,0.9975942373275757,1.0,0.28515625,0.0002667588237737666,4988
3342,0.007583895232528448,0.9981583952903748,1.0,0.306640625,0.0002666003897329385,1629
3343,0.008991575799882412,0.9966960549354553,1.0,0.412109375,0.0002664419669581318,1816
3344,0.01426415704190731,0.9964538812637329,1.0,0.6640625,0.00026628355549582574,1128
3345,0.004391669761389494,0.9986257553100586,1.0,0.173828125,0.00026612515539249654,2183
3346,0.006583633832633495,0.9985294342041016,1.0,0.271484375,0.00026596676669461705,2720
3347,0.00755911972373724,0.9983805418014526,1.0,0.3125,0.0002658083894486567,1235
3348,0.010787425562739372,0.9975715279579163,1.0,0.29296875,0.0002656500237010817,5765
3349,0.010449884459376335,0.9973161816596985,1.0,0.2451171875,0.0002654916694983548,5589
3350,0.005698862951248884,0.9983726739883423,1.0,0.2255859375,0.00026533332688693546,1229
3351,0.008385133929550648,0.9986687302589417,1.0,0.1728515625,0.00026517499591327933,4507
3352,0.0061930082738399506,0.9991154074668884,1.0,0.1875,0.0002650166766238394,2261
3353,0.012551702558994293,0.997989296913147,1.0,0.32421875,0.00026485836906506446,4476
3354,0.027986370027065277,0.9941735863685608,1.0,0.470703125,0.0002647000732834005,3261
3355,0.0376894511282444,0.9924560189247131,1.0,0.80078125,0.00026454178932528935,2386
3356,0.01501550804823637,0.9960099458694458,1.0,0.232421875,0.0002643835172371702,2005
3357,0.004549678415060043,0.9985315799713135,1.0,0.1318359375,0.0002642252570654781,2043
3358,0.002825566567480564,0.9988088011741638,1.0,0.10986328125,0.0002640670088566448,1679
3359,0.008881168439984322,0.9980126023292542,1.0,0.265625,0.00026390877265709876,3019
3360,0.00944228284060955,0.9974573254585266,1.0,0.318359375,0.00026375054851326447,2753
3361,0.011903733015060425,0.99748694896698,1.0,0.28515625,0.00026359233647156344,5173
3362,0.010019900277256966,0.9963533282279968,1.0,0.1875,0.0002634341365784131,2468
3363,0.006205299869179726,0.99869704246521,1.0,0.2275390625,0.0002632759488802277,3070
3364,0.008340239524841309,0.998835563659668,1.0,0.2236328125,0.0002631177734234176,4294
3365,0.005489877890795469,0.9988188743591309,1.0,0.142578125,0.0002629596102543899,2540
3366,0.007452699821442366,0.9979209899902344,1.0,0.365234375,0.0002628014594195479,1443
3367,0.006815822329372168,0.9982584714889526,1.0,0.203125,0.0002626433209652912,2871
3368,0.015379256568849087,0.9968924522399902,1.0,0.330078125,0.000262485194938016,4827
3369,0.008392971940338612,0.9970149397850037,1.0,0.4453125,0.00026232708138411453,1675
3370,0.015050928108394146,0.9967171549797058,1.0,0.33203125,0.00026216898034997586,5483
3371,0.006485404446721077,0.999209463596344,1.0,0.2216796875,0.0002620108918819848,3795
3372,0.006080850958824158,0.9988090395927429,1.0,0.23828125,0.00026185281602652296,2519
3373,0.009474191814661026,0.9981771111488342,1.0,0.2119140625,0.00026169475282996783,3840
3374,0.01215700339525938,0.9977255463600159,1.0,0.5234375,0.00026153670233869375,1319
3375,0.014181189239025116,0.9978517889976501,1.0,0.30859375,0.00026137866459907075,4655
3376,0.008004719391465187,0.9977494478225708,1.0,0.25390625,0.0002612206396574653,1333
3377,0.01611514575779438,0.9949748516082764,1.0,0.2119140625,0.0002610626275602403,2388
3378,0.0045338161289691925,0.9989467859268188,1.0,0.107421875,0.0002609046283537546,1899
3379,0.004643384832888842,0.9993324279785156,1.0,0.09912109375,0.00026074664208436366,2996
3380,0.005715787410736084,0.9990239143371582,1.0,0.09130859375,0.00026058866879841874,2049
3381,0.012643360532820225,0.9966312646865845,1.0,0.4140625,0.0002604307085422676,3859
3382,0.005182088818401098,0.9991951584815979,1.0,0.3046875,0.0002602727613622537,2485
3383,0.013374603353440762,0.9974184036254883,1.0,0.29296875,0.0002601148273047174,5423
3384,0.01457310188561678,0.998136043548584,1.0,0.322265625,0.0002599569064159946,4292
3385,0.011334531009197235,0.9981006383895874,1.0,0.44921875,0.00025979899874241754,1053
3386,0.008178068324923515,0.9982702136039734,1.0,0.23046875,0.0002596411043303147,5203
3387,0.008511441759765148,0.9981545805931091,1.0,0.25,0.0002594832232260103,4335
3388,0.010965918190777302,0.9978054165840149,1.0,0.21484375,0.00025932535547582524,2734
3389,0.007605127524584532,0.9989501237869263,1.0,0.181640625,0.00025916750112607595,3810
3390,0.005634789355099201,0.9979602098464966,1.0,0.240234375,0.00025900966022307525,1961
3391,0.023159589618444443,0.9952638745307922,1.0,0.33203125,0.0002588518328131318,2956
3392,0.006792038679122925,0.9989629983901978,1.0,0.208984375,0.0002586940189425506,2893
3393,0.004301194567233324,0.9993429780006409,1.0,0.1025390625,0.00025853621865763244,3044
3394,0.013090649619698524,0.9976292252540588,1.0,0.341796875,0.00025837843200467403,2109
3395,0.007848539389669895,0.9978698492050171,1.0,0.25,0.00025822065902996843,4225
3396,0.008514241315424442,0.99845290184021,1.0,0.19921875,0.0002580628997798043,5171
3397,0.004758868832141161,0.9989847540855408,1.0,0.1103515625,0.0002579051543004666,2955
3398,0.00601149071007967,0.9989467859268188,1.0,0.169921875,0.0002577474226382361,1899
3399,0.0057559991255402565,0.9983552694320679,1.0,0.193359375,0.00025758970483938945,1824
3400,0.013166040182113647,0.9964214563369751,1.0,0.322265625,0.0002574320009501993,2515
3401,0.0056265066377818584,0.9985119104385376,1.0,0.291015625,0.00025727431101693436,2016
3402,0.0272300373762846,0.9938962459564209,1.0,0.75390625,0.000257116635085859,983
3403,0.009939816780388355,0.9967505931854248,1.0,0.1435546875,0.00025695897320323366,2462
3404,0.00400350010022521,0.998866856098175,1.0,0.10791015625,0.00025680132541531456,1765
3405,0.006133330054581165,0.9992665648460388,1.0,0.16796875,0.00025664369176835373,2727
3406,0.006420332007110119,0.9987263679504395,1.0,0.1689453125,0.0002564860723085993,5496
3407,0.014836428686976433,0.9966414570808411,1.0,0.400390625,0.000256328467082295,1191
3408,0.00610912824049592,0.9989774823188782,1.0,0.201171875,0.0002561708761356805,2934
3409,0.023557929322123528,0.996757447719574,1.0,0.431640625,0.0002560132995149911,1542
3410,0.0059792823158204556,0.9986486434936523,1.0,0.1494140625,0.0002558557372664582,2220
3411,0.008989599533379078,0.9979352951049805,1.0,0.265625,0.00025569818943630877,2906
3412,0.011692820116877556,0.9958649277687073,1.0,0.419921875,0.0002555406560707657,1451
3413,0.005372725892812014,0.9985597729682922,1.0,0.1884765625,0.00025538313721604737,2083
3414,0.005461600609123707,0.9990507960319519,1.0,0.10205078125,0.00025522563291836803,4214
3415,0.004761374555528164,0.9986072182655334,1.0,0.1630859375,0.000255068143223938,2154
3416,0.013869005255401134,0.9970149397850037,1.0,0.5078125,0.0002549106681789627,1340
3417,0.006694704759865999,0.9978424906730652,1.0,0.341796875,0.00025475320782964377,1854
3418,0.007211314979940653,0.9971035718917847,1.0,0.37109375,0.0002545957622221781,1381
3419,0.008628054521977901,0.997474730014801,1.0,0.318359375,0.0002544383314027588,1980
3420,0.004372770898044109,0.9996634125709534,1.0,0.0751953125,0.0002542809154175741,2971
3421,0.009417515248060226,0.9986854195594788,1.0,0.205078125,0.0002541235143128083,5325
3422,0.004824061878025532,0.9988662004470825,1.0,0.189453125,0.00025396612813464103,1764
3423,0.0076904939487576485,0.9987654089927673,1.0,0.234375,0.0002538087569292475,2430
3424,0.0049418737180531025,0.9983983039855957,1.0,0.16015625,0.000253651400742799,1873
3425,0.0059671709313988686,0.9983633160591125,1.0,0.4375,0.00025349405962146184,1833
3426,0.004153858404606581,0.9994229674339294,1.0,0.119140625,0.0002533367336113984,3466
3427,0.012308988720178604,0.9979457855224609,1.0,0.240234375,0.00025317942275876606,2434
3428,0.004631657153367996,0.9988235235214233,1.0,0.13671875,0.00025302212710971847,2550
3429,0.009325351566076279,0.996921181678772,1.0,0.359375,0.0002528648467104041,1624
3430,0.008228812366724014,0.9982993006706238,1.0,0.271484375,0.0002527075816069676,2940
3431,0.006769187748432159,0.9990276098251343,1.0,0.158203125,0.0002525503318455486,5142
3432,0.006288005039095879,0.9988592863082886,1.0,0.1845703125,0.0002523930974722823,2630
3433,0.003825570223852992,0.9994992613792419,1.0,0.10595703125,0.0002522358785332999,1997
3434,0.007501608692109585,0.9979949593544006,1.0,0.2890625,0.0002520786750747274,1995
3435,0.014152253977954388,0.996927797794342,1.0,0.375,0.00025192148714268676,4557
3436,0.007469776552170515,0.9974958300590515,1.0,0.1923828125,0.00025176431478329494,2396
3437,0.005506225861608982,0.9988597631454468,1.0,0.263671875,0.0002516071580426649,1754
3438,0.018103118985891342,0.9927834868431091,1.0,1.015625,0.0002514500169669044,970
3439,0.005729575641453266,0.9985007643699646,1.0,0.10205078125,0.0002512928916021171,2668
3440,0.01107054203748703,0.996617317199707,1.0,0.40234375,0.00025113578199440173,2365
3441,0.026290282607078552,0.9942333698272705,1.0,0.302734375,0.0002509786881898524,2948
3442,0.01346027571707964,0.9977712035179138,1.0,0.390625,0.00025082161023455893,1346
3443,0.01795831136405468,0.9966349005699158,1.0,0.275390625,0.0002506645481746062,1783
3444,0.006889343727380037,0.9984005093574524,1.0,0.24609375,0.0002505075020560744,3126
3445,0.006429577246308327,0.9978917837142944,1.0,0.263671875,0.00025035047192503907,1423
3446,0.006340244319289923,0.9981110692024231,1.0,0.2236328125,0.0002501934578275713,2647
3447,0.0070801107212901115,0.9982817769050598,1.0,0.294921875,0.0002500364598097372,2910
3448,0.021173380315303802,0.9919857382774353,1.0,0.6875,0.0002498794779175983,2246
3449,0.009551295079290867,0.9979122877120972,1.0,0.458984375,0.00024972251219721115,479
3450,0.005486553069204092,0.998146116733551,1.0,0.2158203125,0.000249565562694628,2697
3451,0.0028520000632852316,0.998651385307312,1.0,0.138671875,0.00024940862945589616,1483
3452,0.004576399456709623,0.9990888237953186,1.0,0.12158203125,0.00024925171252705773,2195
3453,0.004072757437825203,0.9992724657058716,1.0,0.12060546875,0.0002490948119541507,2749
3454,0.0059968349523842335,0.9980595111846924,1.0,0.232421875,0.00024893792778320786,1546
3455,0.011034848168492317,0.9979612827301025,1.0,0.345703125,0.0002487810600602575,1962
3456,0.010284975171089172,0.9974226951599121,1.0,0.234375,0.0002486242088313225,2328
3457,0.009689351543784142,0.9969581961631775,1.0,0.263671875,0.00024846737414242157,3945
3458,0.009466343559324741,0.998634397983551,1.0,0.255859375,0.0002483105560395681,5126
3459,0.007901051081717014,0.9982425570487976,1.0,0.2236328125,0.000248153754568771,2845
3460,0.012389402836561203,0.9965665340423584,1.0,0.1806640625,0.00024799696977603395,2330
3461,0.012742371298372746,0.9971791505813599,1.0,0.30859375,0.0002478402017073557,4963
3462,0.015263838693499565,0.9972677826881409,1.0,0.353515625,0.00024768345040873066,1830
3463,0.011681096628308296,0.9962295889854431,1.0,0.20703125,0.00024752671592614755,2387
3464,0.005353276617825031,0.9987248778343201,1.0,0.1572265625,0.0002473699983055909,3137
3465,0.006456867791712284,0.9986292123794556,1.0,0.2353515625,0.00024721329759303955,1459
3466,0.010997272096574306,0.9980977773666382,1.0,0.2216796875,0.00024705661383446806,5257
3467,0.004092260729521513,0.9991779923439026,1.0,0.1357421875,0.00024689994707584545,2433
3468,0.012996799312531948,0.995674729347229,1.0,0.251953125,0.0002467432973631364,2312
3469,0.01484033651649952,0.9992012977600098,1.0,0.201171875,0.00024658666474229986,1252
3470,0.006579974666237831,0.9982773661613464,1.0,0.279296875,0.00024643004925929007,1161
3471,0.006035192869603634,0.9981796145439148,1.0,0.208984375,0.0002462734509600566,1648
3472,0.0056104655377566814,0.999070405960083,1.0,0.07177734375,0.00024611686989054333,4303
3473,0.005870876368135214,0.9990418553352356,1.0,0.1259765625,0.00024596030609668975,3131
3474,0.006811146624386311,0.9976303577423096,1.0,0.1708984375,0.00024580375962442955,1266
3475,0.010412918403744698,0.9989104866981506,1.0,0.205078125,0.00024564723051969214,5507
3476,0.013992281630635262,0.9956672191619873,1.0,0.66015625,0.00024549071882840105,1154
3477,0.006535664666444063,0.9990586042404175,1.0,0.1884765625,0.0002453342245964755,4249
3478,0.008561348542571068,0.9974026083946228,1.0,0.21484375,0.00024517774786982885,1925
3479,0.01003903616219759,0.9962935447692871,1.0,0.267578125,0.0002450212886943697,1349
3480,0.008757265284657478,0.9985432028770447,1.0,0.19140625,0.00024486484711600144,4805
3481,0.004052636679261923,0.9987413287162781,1.0,0.2060546875,0.00024470842318062233,1589
3482,0.004823613911867142,0.998040497303009,1.0,0.1708984375,0.00024455201693412553,1531
3483,0.00931293424218893,0.997735857963562,1.0,0.609375,0.00024439562842239865,1325
3484,0.011391190811991692,0.9983855485916138,1.0,0.365234375,0.0002442392576913246,3097
3485,0.009149069897830486,0.99824458360672,1.0,0.2197265625,0.0002440829047867807,5127
3486,0.01222588587552309,0.9979973435401917,1.0,0.294921875,0.0002439265697546392,1498
3487,0.04098496958613396,0.9882615804672241,1.0,1.2890625,0.00024377025264076695,1789
3488,0.004354690667241812,0.9987601041793823,1.0,0.154296875,0.0002436139534910259,1613
3489,0.0072907255962491035,0.9977494478225708,1.0,0.390625,0.00024345767235127238,2666
3490,0.004893450532108545,0.9988381266593933,1.0,0.1533203125,0.00024330140926735747,2582
3491,0.008437064476311207,0.9981909990310669,1.0,0.27734375,0.00024314516428512715,2764
3492,0.010782264173030853,0.9964830279350281,1.0,0.45703125,0.0002429889374504218,1706
3493,0.008810209110379219,0.9979608654975891,1.0,0.40234375,0.00024283272880907687,2452
3494,0.006064552813768387,0.9982568025588989,1.0,0.1103515625,0.0002426765384069221,1721
3495,0.008012532256543636,0.9970449209213257,1.0,0.482421875,0.00024252036628978212,1692
3496,0.0055761258117854595,0.9986225962638855,1.0,0.1884765625,0.0002423642125034759,2904
3497,0.016093533486127853,0.9971140027046204,0.75,0.359375,0.00024220807709381755,1386
3498,0.009078316390514374,0.9983665943145752,1.0,0.2177734375,0.0002420519601066153,5510
3499,0.009237520396709442,0.997991144657135,0.75,0.265625,0.00024189586158767208,2489
3500,0.008948159404098988,0.9983447194099426,1.0,0.2138671875,0.00024173978158278562,4833
3501,0.044723838567733765,0.9916368126869202,1.0,1.1953125,0.00024158372013774788,837
3502,0.020720934495329857,0.9959418177604675,1.0,0.48828125,0.00024142767729834575,2957
3503,0.00809532217681408,0.9990662932395935,1.0,0.271484375,0.00024127165311036038,1071
3504,0.005723117850720882,0.998525083065033,1.0,0.2451171875,0.00024111564761956767,2712
3505,0.008144854567945004,0.9967824816703796,1.0,0.2216796875,0.0002409596608717376,1554
3506,0.011978073045611382,0.997360110282898,1.0,0.451171875,0.00024080369291263533,1894
3507,0.008515187539160252,0.9960784316062927,1.0,0.294921875,0.00024064774378801997,1530
3508,0.008426935411989689,0.9984073042869568,1.0,0.224609375,0.0002404918135436452,5023
3509,0.011884565465152264,0.9973297715187073,1.0,0.5390625,0.00024033590222525931,1498
3510,0.027803892269730568,0.9924968481063843,1.0,0.462890625,0.00024018000987860487,2399
3511,0.0061614918522536755,0.998712420463562,1.0,0.2197265625,0.00024002413654941916,2330
3512,0.015721699222922325,0.9973081946372986,1.0,0.37109375,0.0002398682822834335,5201
3513,0.016126636415719986,0.9961620569229126,1.0,0.3828125,0.00023971244712637393,4690
3514,0.015047319233417511,0.996647834777832,1.0,0.302734375,0.00023955663112396064,4773
3515,0.006170996464788914,0.9988123774528503,1.0,0.25390625,0.00023940083432190848,1684
3516,0.004751297179609537,0.9991708397865295,1.0,0.205078125,0.00023924505676592642,1206
3517,0.005813993513584137,0.9979691505432129,1.0,0.24609375,0.00023908929850171786,2462
3518,0.037536971271038055,0.9915869832038879,1.0,0.7734375,0.00023893355957498063,2615
3519,0.01694975607097149,0.9959150552749634,1.0,0.61328125,0.0002387778400314066,1224
3520,0.015276692807674408,0.9964413046836853,1.0,0.39453125,0.00023862213991668245,1405
3521,0.011030257679522038,0.9970557689666748,1.0,0.287109375,0.0002384664592764887,5774
3522,0.012565282173454762,0.9956803321838379,1.0,0.427734375,0.0002383107981565004,2778
3523,0.007035375107079744,0.9976481795310974,1.0,0.228515625,0.0002381551566023867,2126
3524,0.012397374026477337,0.9975972175598145,1.0,0.326171875,0.00023799953465981127,4578
3525,0.009562129154801369,0.9969662427902222,1.0,0.369140625,0.0002378439323744318,2637
3526,0.014772926457226276,0.9969358444213867,1.0,0.408203125,0.00023768834979190015,5548
3527,0.00572378933429718,0.9985390901565552,1.0,0.150390625,0.00023753278695786271,1369
3528,0.017683984711766243,0.9950199127197266,1.0,0.640625,0.00023737724391795974,1004
3529,0.007344831712543964,0.9980178475379944,1.0,0.296875,0.00023722172071782605,2018
3530,0.008179531432688236,0.9975359439849854,1.0,0.26953125,0.00023706621740309026,2435
3531,0.01595359295606613,0.9951612949371338,1.0,0.4921875,0.00023691073401937543,3100
3532,0.008012179285287857,0.9971631169319153,1.0,0.265625,0.00023675527061229844,1410
3533,0.010148214176297188,0.9969442486763,1.0,0.37890625,0.0002365998272274709,3927
3534,0.03241428732872009,0.9960132837295532,1.0,0.6953125,0.0002364444039104979,1505
3535,0.04419615864753723,0.990469217300415,1.0,0.91796875,0.00023628900070697906,2728
3536,0.007726317271590233,0.9989365339279175,1.0,0.18359375,0.00023613361766250794,2821
3537,0.005493213422596455,0.9989809989929199,1.0,0.109375,0.00023597825482267205,2944
3538,0.010110056027770042,0.9983983039855957,1.0,0.3125,0.0002358229122330534,1873
3539,0.015097840689122677,0.9959420561790466,1.0,0.5625,0.00023566758993922757,1725
3540,0.004799187649041414,0.9987162947654724,1.0,0.1484375,0.00023551228798676457,1558
3541,0.011744536459445953,0.9968668222427368,1.0,0.369140625,0.00023535700642122803,1915
3542,0.028046540915966034,0.9916189908981323,1.0,0.73046875,0.00023520174528817616,4892
3543,0.014551032334566116,0.9968387484550476,0.75,0.62890625,0.00023504650463316063,949
3544,0.010022838599979877,0.9980250000953674,1.0,0.373046875,0.00023489128450172747,1519
3545,0.006300477311015129,0.9972144961357117,1.0,0.326171875,0.0002347360849394165,1436
3546,0.022067448124289513,0.9942693114280701,1.0,0.5703125,0.0002345809059917614,1047
3547,0.008559606038033962,0.9984139800071716,1.0,0.2138671875,0.00023442574770429027,1261
3548,0.00942827109247446,0.9971949458122253,1.0,0.2119140625,0.0002342706101225246,2139
3549,0.0071125030517578125,0.9985606074333191,1.0,0.28515625,0.00023411549329198014,2779
3550,0.030897263437509537,0.9919697642326355,1.0,0.8203125,0.00023396039725816632,4234
3551,0.02183556742966175,0.9957115054130554,1.0,0.4609375,0.00023380532206658685,2565
3552,0.008715069852769375,0.9975711107254028,1.0,0.203125,0.0002336502677627388,2882
3553,0.02080918848514557,0.9943557977676392,1.0,0.455078125,0.00023349523439211367,5138
3554,0.02131637930870056,0.992996335029602,1.0,0.58203125,0.00023334022200019634,3284
3555,0.028353571891784668,0.9930912256240845,1.0,0.625,0.00023318523063246566,5066
3556,0.006968141067773104,0.9982847571372986,1.0,0.287109375,0.00023303026033439468,1749
3557,0.008198895491659641,0.997032642364502,1.0,0.4296875,0.0002328753111514497,2022
3558,0.010200581513345242,0.9974489808082581,1.0,0.5078125,0.00023272038312909126,2352
3559,0.010059269145131111,0.9973971843719482,1.0,0.380859375,0.00023256547631277333,1921
3560,0.005191064439713955,0.9992771744728088,1.0,0.0712890625,0.0002324105907479441,2767
3561,0.018162082880735397,0.9959543943405151,1.0,0.400390625,0.0002322557264800452,2719
3562,0.011901029385626316,0.9976502060890198,1.0,0.36328125,0.00023210088355451208,2979
3563,0.017232457175850868,0.9976266026496887,1.0,0.443359375,0.0002319460620167739,1264
3564,0.009603672660887241,0.9970617294311523,1.0,0.416015625,0.00023179126191225357,2042
3565,0.014208988286554813,0.9971621036529541,1.0,0.43359375,0.00023163648328636784,2819
3566,0.007365555968135595,0.9974842667579651,1.0,0.2578125,0.00023148172618452694,1590
3567,0.01667620800435543,0.9967532753944397,1.0,0.43359375,0.00023132699065213505,2772
3568,0.005866489373147488,0.9982425570487976,1.0,0.12890625,0.0002311722767345896,2845
3569,0.02030322141945362,0.9930514097213745,1.0,0.53515625,0.0002310175844772822,5037
3570,0.007136195432394743,0.9995131492614746,1.0,0.2236328125,0.00023086291392559772,2054
3571,0.023497916758060455,0.9960415363311768,1.0,0.48046875,0.0002307082651249149,2021
3572,0.024843167513608932,0.9929221272468567,1.0,0.65234375,0.00023055363812060588,4945
3573,0.011439752764999866,0.9986697435379028,1.0,0.326171875,0.00023039903295803637,3007
3574,0.009162812493741512,0.9972360134124756,1.0,0.431640625,0.00023024444968256617,1809
3575,0.008276272565126419,0.9984639286994934,1.0,0.287109375,0.00023008988833954808,1302
3576,0.007346530444920063,0.9981735348701477,1.0,0.162109375,0.00022993534897432875,1095
3577,0.013293459080159664,0.9967266917228699,1.0,0.45703125,0.00022978083163224819,3055
3578,0.017354344949126244,0.9962700605392456,1.0,0.50390625,0.00022962633635864032,2681
3579,0.009825676679611206,0.9971662759780884,1.0,0.376953125,0.00022947186319883213,3176
3580,0.013088029809296131,0.9972015023231506,1.0,0.376953125,0.00022931741219814453,3216
3581,0.02455730177462101,0.9928554892539978,1.0,0.63671875,0.00022916298340189148,4339
3582,0.007390749175101519,0.9988776445388794,1.0,0.2041015625,0.00022900857685538098,1782
3583,0.05177006497979164,0.9879032373428345,1.0,0.7890625,0.00022885419260391406,5704
3584,0.009205586276948452,0.9971760511398315,1.0,0.390625,0.00022869983069278527,3187
3585,0.01706332340836525,0.9956964254379272,1.0,0.46484375,0.00022854549116728285,2556
3586,0.010369555093348026,0.9975318908691406,1.0,0.404296875,0.00022839117407268808,2431
3587,0.00805083941668272,0.9986559152603149,1.0,0.388671875,0.0002282368794542762,1488
3588,0.005018588155508041,0.9989554286003113,1.0,0.134765625,0.0002280826073573153,2872
3589,0.004839626606553793,0.9987508058547974,1.0,0.19921875,0.00022792835782706723,1601
3590,0.0053324331529438496,0.9979112148284912,1.0,0.267578125,0.000227774130908787,1915
3591,0.005345073528587818,0.9994314908981323,1.0,0.1376953125,0.0002276199266477232,1759
3592,0.005103052128106356,0.9992877244949341,1.0,0.203125,0.00022746574508911765,1404
3593,0.007007267326116562,0.998275876045227,1.0,0.1298828125,0.00022731158627820538,1740
3594,0.039067912846803665,0.9891040921211243,1.0,0.703125,0.00022715745026021504,4956
3595,0.01994090899825096,0.9945660829544067,1.0,0.4375,0.0002270033370803682,6073
3596,0.01522566843777895,0.9966455698013306,1.0,0.451171875,0.0002268492467838803,2683
3597,0.005489404778927565,0.9983333349227905,1.0,0.1435546875,0.00022669517941595948,1200
3598,0.026464981958270073,0.9945536851882935,1.0,0.5390625,0.0002265411350218075,3305
3599,0.007285004016011953,0.9984788298606873,1.0,0.2265625,0.0002263871136466192,3287
3600,0.013761081732809544,0.9971264600753784,1.0,0.3046875,0.00022623311533558288,2784
3601,0.016403544694185257,0.9962499737739563,1.0,0.4765625,0.00022607914013387988,1600
3602,0.02980121038854122,0.9925631880760193,0.75,0.6640625,0.00022592518808668474,2017
3603,0.004939673468470573,0.9987437129020691,1.0,0.19921875,0.00022577125923916544,1592
3604,0.021918294951319695,0.9939324855804443,1.0,0.4921875,0.0002256173536364828,5274
3605,0.004912485368549824,0.9989026784896851,1.0,0.251953125,0.00022546347132379127,2734
3606,0.006259264890104532,0.9986273050308228,1.0,0.21875,0.00022530961234623801,2914
3607,0.021026285365223885,0.9943820238113403,1.0,0.4140625,0.0002251557767489637,534
3608,0.01057392917573452,0.9967702627182007,1.0,0.400390625,0.00022500196457710185,2477
3609,0.00839987862855196,0.9988290667533875,1.0,0.2275390625,0.0002248481758757794,1708
3610,0.006871514022350311,0.9989774823188782,1.0,0.201171875,0.00022469441069011622,2934
3611,0.014243305660784245,0.9969301819801331,1.0,0.40234375,0.00022454066906522522,2606
3612,0.00659366836771369,0.9982040524482727,1.0,0.283203125,0.0002243869510462126,2784
3613,0.004350028000771999,0.9993019104003906,1.0,0.11865234375,0.0002242332566781774,2865
3614,0.0055632879957556725,0.9987248778343201,1.0,0.2236328125,0.00022407958600621203,3137
3615,0.008197137154638767,0.9975597858428955,1.0,0.2158203125,0.0002239259390754016,2049
3616,0.0047919414937496185,0.9989561438560486,1.0,0.1357421875,0.0002237723159308246,2874
3617,0.003451818600296974,0.9990732073783875,1.0,0.1767578125,0.00022361871661755208,2158
3618,0.010031457059085369,0.9979199171066284,1.0,0.3671875,0.0002234651411806487,1923
3619,0.014592629857361317,0.9972702264785767,1.0,0.703125,0.00022331158966517166,2198
3620,0.04753557965159416,0.9896842837333679,1.0,0.7734375,0.00022315806211617117,3199
3621,0.03613317012786865,0.9913086891174316,1.0,0.7734375,0.00022300455857869072,4027
3622,0.014202908612787724,0.9978079795837402,1.0,0.296875,0.0002228510790977663,4562
3623,0.008760841563344002,0.9977139234542847,1.0,0.326171875,0.00022269762371842738,3062
3624,0.007475193124264479,0.9975124597549438,1.0,0.263671875,0.00022254419248569587,2010
3625,0.014562930911779404,0.995739221572876,1.0,0.21875,0.00022239078544458688,2347
3626,0.01523470226675272,0.9967540502548218,1.0,0.34375,0.00022223740264010823,4005
3627,0.010625790804624557,0.9974526762962341,1.0,0.34375,0.00022208404411726095,2748
3628,0.006536989938467741,0.9984227418899536,1.0,0.287109375,0.0002219307099210385,1268
3629,0.011878269724547863,0.9965884685516357,1.0,0.2080078125,0.0002217774000964277,2345
3630,0.00601561926305294,0.9989373087882996,1.0,0.2353515625,0.00022162411468840774,2823
3631,0.017465099692344666,0.9963750839233398,1.0,0.404296875,0.00022147085374195084,4138
3632,0.008850294165313244,0.9974218606948853,1.0,0.380859375,0.00022131761730202225,3103
3633,0.010526027530431747,0.9965469837188721,1.0,0.318359375,0.00022116440541357973,2896
3634,0.007009950932115316,0.9982025027275085,1.0,0.64453125,0.00022101121812157407,1669
3635,0.011132224462926388,0.9994096755981445,1.0,0.1171875,0.0002208580554709485,1694
3636,0.015362606383860111,0.9967985153198242,1.0,0.345703125,0.0002207049175066395,4373
3637,0.00595150887966156,0.9976990222930908,1.0,0.16015625,0.0002205518042735759,2173
3638,0.0157230943441391,0.9966012835502625,1.0,0.40234375,0.00022039871581667954,3825
3639,0.015526844188570976,0.9955279231071472,1.0,0.39453125,0.00022024565218086478,5143
3640,0.00825299322605133,0.9989264607429504,1.0,0.1689453125,0.00022009261341103875,3726
3641,0.005021342542022467,0.9991655945777893,1.0,0.162109375,0.00021993959955210154,2397
3642,0.007952124811708927,0.9983704686164856,1.0,0.29296875,0.00021978661064894553,1841
3643,0.009371910244226456,0.9965831637382507,1.0,0.296875,0.00021963364674645612,1756
3644,0.003462846390902996,0.9988102316856384,1.0,0.20703125,0.00021948070788951099,1681
3645,0.0040070367977023125,0.9986559152603149,1.0,0.2470703125,0.0002193277941229811,744
3646,0.010196040384471416,0.997883141040802,1.0,0.25390625,0.00021917490549172933,4724
3647,0.006249175872653723,0.9983333349227905,1.0,0.52734375,0.00021902204204061164,3000
3648,0.007838371209800243,0.9985091090202332,1.0,0.203125,0.00021886920381447648,2683
3649,0.01300402358174324,0.9989674687385559,1.0,0.1865234375,0.00021871639085816475,1937
3650,0.00587410619482398,0.9989109635353088,1.0,0.146484375,0.0002185636032165103,3673
3651,0.0067215352319180965,0.9978734850883484,1.0,0.1923828125,0.00021841084093433924,1881
3652,0.009582605212926865,0.9982638955116272,1.0,0.2314453125,0.00021825810405647035,5184
3653,0.014006863348186016,0.9962453246116638,1.0,0.58984375,0.00021810539262771486,1598
3654,0.005311713553965092,0.9985212683677673,1.0,0.181640625,0.00021795270669287673,2705
3655,0.004767616745084524,0.9985228776931763,1.0,0.1494140625,0.00021780004629675227,2031
3656,0.001974713057279587,1.0,1.0,0.11083984375,0.00021764741148413042,1630
3657,0.007247883826494217,0.9967405200004578,1.0,0.353515625,0.00021749480229979243,1534
3658,0.009222345426678658,0.998040497303009,1.0,0.353515625,0.00021734221878851214,4593
3659,0.010171224363148212,0.9968416690826416,1.0,0.380859375,0.00021718966099505604,2533
3660,0.0037259990349411964,0.9988968372344971,1.0,0.087890625,0.0002170371289641827,1813
3661,0.004558541812002659,0.9987937211990356,1.0,0.130859375,0.0002168846227406435,1658
3662,0.009523420594632626,0.9978571534156799,1.0,0.28125,0.00021673214236918195,1400
3663,0.010125009343028069,0.997011125087738,1.0,0.66796875,0.0002165796878945342,2342
3664,0.005554102826863527,0.9991227984428406,1.0,0.1845703125,0.00021642725936142865,1140
3665,0.005437662359327078,0.997620165348053,1.0,0.3203125,0.00021627485681458618,2101
3666,0.0032550443429499865,0.9990333318710327,1.0,0.11669921875,0.00021612248029872003,2069
3667,0.0075096371583640575,0.9983044862747192,1.0,0.224609375,0.00021597012985853563,2949
3668,0.01018766313791275,0.9974619150161743,1.0,0.416015625,0.00021581780553873113,1576
3669,0.00852136593312025,0.9982728958129883,1.0,0.265625,0.00021566550738399666,2895
3670,0.012040759436786175,0.9975144863128662,1.0,0.1728515625,0.00021551323543901493,2414
3671,0.009196136146783829,0.9977341294288635,1.0,0.1982421875,0.00021536098974846062,1324
3672,0.007054794114083052,0.9975860118865967,1.0,0.478515625,0.0002152087703570013,1657
3673,0.006031565368175507,0.998735785484314,1.0,0.1904296875,0.00021505657730929616,2373
3674,0.004095111507922411,0.9992132186889648,1.0,0.11376953125,0.00021490441064999705,1271
3675,0.00754182692617178,0.9986194968223572,1.0,0.1787109375,0.00021475227042374792,5795
3676,0.004542933311313391,0.9989806413650513,1.0,0.11279296875,0.00021460015667518515,1962
3677,0.010393660515546799,0.9966638684272766,1.0,0.1591796875,0.00021444806944893722,2398
3678,0.007427972741425037,0.998182475566864,1.0,0.1611328125,0.00021429600878962476,2751
3679,0.00627239840105176,0.9976539611816406,1.0,0.3671875,0.00021414397474186077,1705
3680,0.003835876239463687,0.9985059499740601,1.0,0.181640625,0.00021399196735025013,2008
3681,0.005958528723567724,0.9994747638702393,1.0,0.166015625,0.00021383998665939054,1904
3682,0.007619722280651331,0.9990853071212769,1.0,0.13671875,0.00021368803271387107,4373
3683,0.003339044051244855,0.9991334676742554,1.0,0.1416015625,0.00021353610555827359,1154
3684,0.00398918054997921,0.999071478843689,1.0,0.15234375,0.0002133842052371716,2154
3685,0.004851214122027159,0.9990554451942444,1.0,0.26171875,0.00021323233179513127,3176
3686,0.004121067933738232,0.9992178082466125,1.0,0.123046875,0.00021308048527671038,2557
3687,0.007860604673624039,0.9980635046958923,1.0,0.3203125,0.00021292866572645904,2582
3688,0.0048999907448887825,0.9989416003227234,1.0,0.1318359375,0.00021277687318891955,4724
3689,0.004189828876405954,0.9985369443893433,1.0,0.13671875,0.00021262510770862593,2734
3690,0.004759369883686304,0.999196469783783,1.0,0.1669921875,0.00021247336933010474,2489
3691,0.0064496309496462345,0.9984251856803894,1.0,0.28515625,0.00021232165809787425,2540
3692,0.008466940373182297,0.9978601932525635,1.0,0.421875,0.00021216997405644489,1402
3693,0.004869803786277771,0.9983805418014526,1.0,0.251953125,0.00021201831725031889,1235
3694,0.005105586256831884,0.9981776475906372,1.0,0.328125,0.00021186668772399096,2195
3695,0.008413387462496758,0.9981144070625305,1.0,0.2412109375,0.00021171508552194745,4773
3696,0.005001916084438562,0.9988970756530762,1.0,0.201171875,0.00021156351068866663,2720
3697,0.004190260544419289,0.9988088011741638,1.0,0.1064453125,0.00021141196326861903,1679
3698,0.004887953866273165,0.9995272755622864,1.0,0.08642578125,0.00021126044330626678,4231
3699,0.0019500602502375841,1.0,1.0,0.1083984375,0.00021110895084606448,1053
3700,0.004644359927624464,0.9992036819458008,1.0,0.1328125,0.00021095748593245812,5023
3701,0.0029422789812088013,0.9996520280838013,1.0,0.05615234375,0.0002108060486098859,2874
3702,0.0033249794505536556,0.9996618032455444,1.0,0.08642578125,0.00021065463892277773,2957
3703,0.001933783059939742,1.0,1.0,0.05712890625,0.00021050325691555582,1904
3704,0.002432341454550624,0.999162495136261,1.0,0.0703125,0.00021035190263263382,2388
3705,0.002995454939082265,0.9993183612823486,1.0,0.130859375,0.00021020057611841725,2934
3706,0.011067737825214863,0.9981982111930847,1.0,0.451171875,0.00021004927741730389,2220
3707,0.008712846785783768,0.9984931945800781,1.0,0.310546875,0.0002098980065736829,3982
3708,0.007574310526251793,0.9985690712928772,1.0,0.2373046875,0.00020974676363193565,4892
3709,0.006846709176898003,0.9990379810333252,1.0,0.267578125,0.00020959554863643503,2079
3710,0.003885854035615921,0.9993069767951965,1.0,0.08056640625,0.00020944436163154593,1443
3711,0.006464611738920212,0.9988670945167542,1.0,0.2119140625,0.00020929320266162478,2648
3712,0.0070701660588383675,0.9985141158103943,1.0,0.47265625,0.0002091420717710202,1346
3713,0.0034867310896515846,0.9992226958274841,1.0,0.1005859375,0.00020899096900407215,2573
3714,0.004722705576568842,0.9989103078842163,1.0,0.10546875,0.0002088398944051126,2753
3715,0.004270210396498442,0.998815655708313,1.0,0.21875,0.00020868884801846516,2533
3716,0.002500087721273303,0.9992915391921997,1.0,0.06689453125,0.00020853782988844495,2823
3717,0.01376560889184475,0.9947197437286377,1.0,0.1767578125,0.0002083868400593594,2462
3718,0.002149535808712244,0.9995735883712769,1.0,0.055908203125,0.00020823587857550694,2345
3719,0.003959439694881439,0.9989455342292786,1.0,0.146484375,0.0002080849454811782,2845
3720,0.004188888240605593,0.9990332126617432,1.0,0.318359375,0.00020793404082065508,3103
3721,0.012656698934733868,0.9978924989700317,0.75,0.1650390625,0.00020778316463821155,949
3722,0.010563834570348263,0.9974674582481384,1.0,0.3125,0.00020763231697811294,2764
3723,0.006067515350878239,0.9971890449523926,1.0,0.287109375,0.0002074814978846163,1423
3724,0.0036350933369249105,0.9987301826477051,1.0,0.115234375,0.00020733070740197026,1575
3725,0.004340762738138437,0.9991023540496826,1.0,0.2236328125,0.00020717994557441495,2228
3726,0.0035445031244307756,0.9995450377464294,1.0,0.048583984375,0.00020702921244618246,2198
3727,0.017345890402793884,0.9964157938957214,1.0,0.466796875,0.0002068785080614961,837
3728,0.013717708177864552,0.9966015219688416,1.0,0.53515625,0.0002067278324645709,2354
3729,0.0044086771085858345,0.999616265296936,1.0,0.08740234375,0.00020657718569961334,2606
3730,0.0024480633437633514,0.9993094205856323,1.0,0.06884765625,0.00020642656781082164,2896
3731,0.0035958338994532824,0.9984227418899536,1.0,0.0966796875,0.00020627597884238536,1268
3732,0.003437669947743416,0.9990049600601196,1.0,0.228515625,0.00020612541883848566,2010
3733,0.007771285716444254,0.9982256293296814,1.0,0.26171875,0.00020597488784329516,3945
3734,0.006783913355320692,0.9971346855163574,1.0,0.23046875,0.0002058243859009779,1047
3735,0.0032329047098755836,0.9989200830459595,1.0,0.10107421875,0.00020567391305568964,2778
3736,0.004883332643657923,0.9983752965927124,1.0,0.259765625,0.00020552346935157734,2462
3737,0.007348515093326569,0.9989110827445984,1.0,0.185546875,0.0002053730548327797,5510
3738,0.0026134983636438847,0.9996545910835266,1.0,0.1142578125,0.00020522266954342634,2895
3739,0.005620128009468317,0.9986750483512878,1.0,0.23828125,0.000205072313527639,3019
3740,0.005981612950563431,0.9984399080276489,1.0,0.185546875,0.00020492198682953028,1923
3741,0.0019367656204849482,1.0,1.0,0.158203125,0.00020477168949320447,1873
3742,0.0038923544343560934,0.9989070892333984,1.0,0.1796875,0.00020462142156275708,1830
3743,0.005839724559336901,0.9978647828102112,1.0,0.47265625,0.00020447118308227491,1405
3744,0.00863296166062355,0.9978355169296265,1.0,0.484375,0.0002043209740958366,1386
3745,0.003497856669127941,0.9990436434745789,1.0,0.2060546875,0.00020417079464751155,3137
3746,0.002342879306524992,0.9994308352470398,1.0,0.0654296875,0.00020402064478136086,1757
3747,0.004590868018567562,0.9986666440963745,1.0,0.259765625,0.00020387052454143672,3000
3748,0.005564815830439329,0.997611939907074,1.0,0.287109375,0.00020372043397178297,1675
3749,0.005527450703084469,0.9983752965927124,1.0,0.1162109375,0.00020357037311643432,2462
3750,0.003755987389013171,0.9996362328529358,1.0,0.13671875,0.00020342034201941713,2749
3751,0.0013520829379558563,1.0,1.0,0.10986328125,0.0002032703407247488,1669
3752,0.007185647264122963,0.99845290184021,1.0,0.236328125,0.00020312036927643782,5171
3753,0.002344152657315135,0.9995020031929016,1.0,0.3125,0.00020297042771848456,2008
3754,0.003114535938948393,0.9996517896652222,1.0,0.06396484375,0.00020282051609487995,2872
3755,0.003354086074978113,0.9992548227310181,1.0,0.076171875,0.00020267063444960652,2684
3756,0.002190191298723221,0.9995240569114685,1.0,0.11083984375,0.00020252078282663775,2101
3757,0.003725937334820628,0.9984703660011292,1.0,0.095703125,0.00020237096126993865,2615
3758,0.0046170917339622974,0.9990066885948181,1.0,0.16796875,0.00020222116982346506,4027
3759,0.0019331874791532755,0.9996516704559326,1.0,0.08447265625,0.0002020714085311642,2871
3760,0.006731552071869373,0.9985994100570679,1.0,0.115234375,0.00020192167743697425,1428
3761,0.0018581494223326445,0.9992132186889648,1.0,0.107421875,0.0002017719765848249,1271
3762,0.004091328009963036,0.9982425570487976,1.0,0.1171875,0.00020162230601863653,2845
3763,0.0036333235912024975,0.9994388222694397,1.0,0.1435546875,0.0002014726657823209,1782
3764,0.0025672023184597492,0.999630331993103,1.0,0.06591796875,0.00020132305591978082,2705
3765,0.008298859931528568,0.9986182451248169,1.0,0.251953125,0.00020117347647491003,5066
3766,0.003016955452039838,0.9990025162696838,1.0,0.09326171875,0.00020102392749159366,2005
3767,0.004392093513160944,0.9995352029800415,1.0,0.083984375,0.00020087440901370764,4303
3768,0.00506479199975729,0.9992880821228027,1.0,0.169921875,0.00020072492108511912,4214
3769,0.004951555747538805,0.999447226524353,1.0,0.1484375,0.00020057546374968607,1809
3770,0.004465390462428331,0.9990864992141724,1.0,0.0771484375,0.00020042603705125778,3284
3771,0.007607575040310621,0.9989122748374939,1.0,0.271484375,0.0002002766410336743,2758
3772,0.003269940847530961,0.9995921850204468,1.0,0.05615234375,0.00020012727574076673,2452
3773,0.005469129886478186,0.9988232254981995,1.0,0.1982421875,0.0001999779412163573,4249
3774,0.005165472161024809,0.9994750618934631,1.0,0.1279296875,0.00019982863750425895,3810
3775,0.004243569448590279,0.9986225962638855,1.0,0.11865234375,0.00019967936464827595,2904
3776,0.002408394357189536,1.0,1.0,0.08056640625,0.0001995301226922031,1404
3777,0.004601263906806707,0.9994044303894043,1.0,0.09375,0.00019938091167982658,5037
3778,0.003463217755779624,0.9995861649513245,1.0,0.072265625,0.00019923173165492294,4833
3779,0.0038403747603297234,0.9987024068832397,1.0,0.1240234375,0.00019908258266126025,2312
3780,0.002084024017676711,0.9994061589241028,1.0,0.07421875,0.0001989334647425971,1684
3781,0.006877906620502472,0.998866856098175,1.0,0.138671875,0.00019878437794268285,1765
3782,0.0040703099220991135,0.9993215799331665,1.0,0.08837890625,0.00019863532230525815,2948
3783,0.003526597749441862,0.9992665648460388,1.0,0.06884765625,0.00019848629787405403,2727
3784,0.005161426495760679,0.997965395450592,1.0,0.2275390625,0.00019833730469279292,983
3785,0.009678955189883709,0.9970946907997131,1.0,0.27734375,0.00019818834280518755,1721
3786,0.007961445488035679,0.9961373209953308,1.0,0.14453125,0.0001980394122549418,2330
3787,0.001896401634439826,0.9995166659355164,1.0,0.051513671875,0.0001978905130857501,2069
3788,0.007636580150574446,0.9982773661613464,1.0,0.2099609375,0.00019774164534129806,1161
3789,0.003193513723090291,0.9992730021476746,1.0,0.060791015625,0.00019759280906526166,2751
3790,0.004243917763233185,0.9994555115699768,1.0,0.083984375,0.00019744400430130783,3673
3791,0.00511993607506156,0.9979122877120972,1.0,0.271484375,0.00019729523109309426,479
3792,0.0029015836771577597,0.9994252920150757,1.0,0.07080078125,0.00019714648948426932,1740
3793,0.007031803485006094,0.999068021774292,1.0,0.228515625,0.00019699777951847228,4292
3794,0.0033296465408056974,0.999481737613678,1.0,0.06640625,0.0001968491012393329,3859
3795,0.007396578323096037,0.9990987777709961,1.0,0.1728515625,0.00019670045469047184,5548
3796,0.0065126256085932255,0.9987248778343201,1.0,0.19140625,0.0001965518399155001,3137
3797,0.004822794813662767,0.9983559250831604,1.0,0.265625,0.00019640325695801996,2433
3798,0.0016514186281710863,0.9994778037071228,1.0,0.06396484375,0.00019625470586162385,1915
3799,0.004120152443647385,0.9994232058525085,1.0,0.052001953125,0.00019610618666989494,5201
3800,0.004533558152616024,0.9990180134773254,1.0,0.1806640625,0.0001959576994264073,3055
3801,0.011093302629888058,0.9967132210731506,1.0,0.2734375,0.0001958092441747252,2434
3802,0.007709428668022156,0.9982249736785889,1.0,0.2431640625,0.00019566082095840407,4507
3803,0.0036605510395020247,0.9979602098464966,1.0,0.0927734375,0.00019551242982098938,1961
3804,0.009301704354584217,0.9983844757080078,1.0,0.201171875,0.00019536407080601766,1857
3805,0.0385528989136219,0.9918724894523621,1.0,0.74609375,0.00019521574395701556,3199
3806,0.004013657104223967,0.9987863898277283,1.0,0.12158203125,0.0001950674493175008,1648
3807,0.006733071058988571,0.9981704950332642,1.0,0.2294921875,0.00019491918693098121,2733
3808,0.00652733538299799,0.9985905289649963,1.0,0.2412109375,0.00019477095684095546,1419
3809,0.004066145047545433,0.9992488026618958,1.0,0.111328125,0.00019462275909091259,5325
3810,0.0035469625145196915,0.9987684488296509,1.0,0.08349609375,0.00019447459372433197,1624
3811,0.0034706639125943184,0.9993612170219421,1.0,0.05029296875,0.00019432646078468407,3131
3812,0.005636255256831646,0.9980695247650146,1.0,0.216796875,0.00019417836031542906,1554
3813,0.0062738447450101376,0.9974968433380127,1.0,0.10498046875,0.00019403029236001826,2397
3814,0.007260590326040983,0.9987916946411133,1.0,0.197265625,0.000193882256961893,4138
3815,0.0024394707288593054,0.9992444515228271,1.0,0.2197265625,0.00019373425416448537,2647
3816,0.004877668339759111,0.9990023374557495,1.0,0.1728515625,0.00019358628401121766,3007
3817,0.0017837252235040069,1.0,1.0,0.06298828125,0.00019343834654550278,1824
3818,0.003065682016313076,0.9987729787826538,1.0,0.2236328125,0.00019329044181074387,1630
3819,0.005555280018597841,0.9991582632064819,1.0,0.23046875,0.00019314256985033442,1188
3820,0.007087280973792076,0.9978276491165161,1.0,0.27734375,0.00019299473070765876,1381
3821,0.003506184322759509,0.9993218183517456,1.0,0.07666015625,0.00019284692442609084,2949
3822,0.0038836426101624966,0.9990586638450623,1.0,0.142578125,0.00019269915104899575,3187
3823,0.008789251558482647,0.9981259107589722,1.0,0.384765625,0.00019255141061972833,2668
3824,0.003033305052667856,0.9992088675498962,1.0,0.0986328125,0.00019240370318163418,2528
3825,0.006968291476368904,0.9987155795097351,1.0,0.13671875,0.00019225602877804884,5450
3826,0.0015940713929012418,1.0,1.0,0.05859375,0.00019210838745229851,1592
3827,0.002701972611248493,0.9982414841651917,1.0,0.1181640625,0.00019196077924769946,1706
3828,0.004986296407878399,0.9988783001899719,1.0,0.10888671875,0.00019181320420755819,1783
3829,0.0037912107072770596,0.9989902377128601,1.0,0.111328125,0.00019166566237517187,2971
3830,0.003943676128983498,0.9992763996124268,1.0,0.06494140625,0.00019151815379382726,2764
3831,0.005422736518085003,0.9976624846458435,1.0,0.1162109375,0.0001913706785068021,2139
3832,0.005561369005590677,0.9987030029296875,1.0,0.134765625,0.00019122323655736375,1542
3833,0.004656289238482714,0.9988818764686584,1.0,0.2294921875,0.00019107582798877037,2683
3834,0.004414625000208616,0.9991496801376343,1.0,0.083984375,0.00019092845284426956,2352
3835,0.004866691771894693,0.997551441192627,1.0,0.12890625,0.00019078111116709994,2042
3836,0.0019537692423909903,1.0,1.0,0.06298828125,0.00019063380300048975,1436
3837,0.006202897522598505,0.998967170715332,1.0,0.197265625,0.0001904865283876576,4841
3838,0.004703812766820192,0.9985085725784302,1.0,0.142578125,0.00019033928737181228,1341
3839,0.02486221119761467,0.9950980544090271,1.0,0.65234375,0.00019019207999615252,1224
3840,0.0034734937362372875,0.999325692653656,1.0,0.08056640625,0.0001900449063038676,1483
3841,0.0034469268284738064,0.99843829870224,1.0,0.201171875,0.00018989776633813638,1921
3842,0.003508706809952855,0.9990144371986389,1.0,0.1240234375,0.00018975066014212836,3044
3843,0.005996773485094309,0.9980461001396179,1.0,0.1103515625,0.00018960358775900265,2559
3844,0.014390428550541401,0.9970253109931946,1.0,0.47265625,0.00018945654923190882,2017
3845,0.0040654814802110195,0.9993800520896912,1.0,0.189453125,0.00018930954460398628,1613
3846,0.003463888308033347,0.9992952942848206,1.0,0.10302734375,0.00018916257391836454,1419
3847,0.0011728466488420963,1.0,1.0,0.046875,0.00018901563721816328,1833
3848,0.01422815676778555,0.9963201284408569,1.0,0.46875,0.00018886873454649185,3261
3849,0.012908313423395157,0.9978723526000977,1.0,0.310546875,0.0001887218659464502,1410
3850,0.0033080768771469593,0.9982957243919373,1.0,0.07421875,0.00018857503146112775,2347
3851,0.003304296638816595,0.9988505840301514,1.0,0.095703125,0.00018842823113360418,1740
3852,0.004591047763824463,0.9984120726585388,1.0,0.119140625,0.00018828146500694898,2519
3853,0.018208332359790802,0.9962279796600342,1.0,0.59375,0.0001881347331242219,2386
3854,0.005064557772129774,0.9990079402923584,1.0,0.1611328125,0.00018798803552847227,2016
3855,0.002701505785807967,0.9994683861732483,1.0,0.0712890625,0.0001878413722627397,1881
3856,0.007894044741988182,0.9988401532173157,1.0,0.2177734375,0.00018769474337005352,5173
3857,0.0026303990744054317,0.9994903206825256,1.0,0.07177734375,0.00018754814889343288,1962
3858,0.0029246266931295395,0.9987063407897949,1.0,0.08203125,0.0001874015888758872,1546
3859,0.0075918626971542835,0.9988586902618408,1.0,0.2197265625,0.00018725506336041543,5257
3860,0.004273257218301296,0.9991291165351868,1.0,0.138671875,0.0001871085723900066,4593
3861,0.002795322798192501,0.9992815852165222,1.0,0.12158203125,0.0001869621160076394,2784
3862,0.005185834132134914,0.999561607837677,1.0,0.08935546875,0.00018681569425628276,4562
3863,0.004576759412884712,0.9993780851364136,1.0,0.11083984375,0.00018666930717889504,3216
3864,0.00939091108739376,0.99717777967453,1.0,0.337890625,0.00018652295481842466,2126
3865,0.008093778975307941,0.9969586133956909,1.0,0.474609375,0.00018637663721780972,1644
3866,0.0036676751915365458,0.9983207583427429,1.0,0.212890625,0.00018623035441997816,1191
3867,0.005313304718583822,0.9977341294288635,1.0,0.298828125,0.00018608410646784785,1324
3868,0.00397227518260479,0.9996812343597412,1.0,0.09375,0.00018593789340432625,3137
3869,0.004286969546228647,0.9995119571685791,1.0,0.10107421875,0.00018579171527231068,2049
3870,0.004776316229254007,0.9987484216690063,1.0,0.193359375,0.0001856455721146881,1598
3871,0.007810225244611502,0.9986824989318848,1.0,0.2314453125,0.00018549946397433548,3795
3872,0.008786525577306747,0.9985173940658569,1.0,0.486328125,0.00018535339089411918,1349
3873,0.0048190332017838955,0.9986273050308228,1.0,0.09716796875,0.00018520735291689553,2914
3874,0.0031791378278285265,0.9989556074142456,1.0,0.2138671875,0.00018506135008551037,1915
3875,0.008316053077578545,0.9985798597335815,1.0,0.27734375,0.00018491538244279929,4225
3876,0.005505503620952368,0.9985597729682922,1.0,0.1279296875,0.00018476945003158775,2083
3877,0.0029471495654433966,0.9990239143371582,1.0,0.0703125,0.00018462355289469053,2049
3878,0.003771426621824503,0.9990873336791992,1.0,0.1005859375,0.00018447769107491236,3287
3879,0.003218744182959199,0.9992202520370483,1.0,0.1787109375,0.00018433186461504734,2565
3880,0.003371474100276828,0.9992910027503967,1.0,0.07177734375,0.00018418607355787952,2821
3881,0.007143443450331688,0.9982174634933472,1.0,0.28515625,0.00018404031794618225,3927
3882,0.002271484350785613,0.9991227984428406,1.0,0.0771484375,0.00018389459782271875,1140
3883,0.005591429769992828,0.9992220997810364,1.0,0.130859375,0.00018374891323024155,5142
3884,0.0035240051802247763,0.999365508556366,1.0,0.080078125,0.0001836032642114929,1576
3885,0.005175247322767973,0.9986763596534729,1.0,0.2421875,0.00018345765080920477,1511
3886,0.004504673182964325,0.9996269941329956,1.0,0.154296875,0.00018331207306609837,2681
3887,0.003952486906200647,0.9993481040000916,1.0,0.349609375,0.00018316653102488467,1534
3888,0.0022391388192772865,0.999335527420044,1.0,0.0908203125,0.000183021024728264,1505
3889,0.004612925462424755,0.9988986849784851,1.0,0.1181640625,0.0001828755542189265,1816
3890,0.007384884636849165,0.9981273412704468,1.0,0.2294921875,0.00018273011953955144,534
3891,0.005867102183401585,0.9982290267944336,1.0,0.35546875,0.00018258472073280778,1694
3892,0.007267003413289785,0.9983713626861572,1.0,0.310546875,0.00018243935784135402,3070
3893,0.002926361281424761,0.999254584312439,1.0,0.0634765625,0.0001822940309078378,2683
3894,0.005352337379008532,0.9983903169631958,1.0,0.263671875,0.0001821487399748967,2485
3895,0.0043645938858389854,0.9986254572868347,1.0,0.2177734375,0.00018200348508515718,2910
3896,0.005692305043339729,0.9990881085395813,1.0,0.130859375,0.00018185826628123585,5483
3897,0.004211124498397112,0.9987494945526123,1.0,0.138671875,0.0001817130836057379,4798
3898,0.003741377964615822,0.9994661211967468,1.0,0.1611328125,0.00018156793710125845,1873
3899,0.005410834681242704,0.9980079531669617,1.0,0.15625,0.0001814228268103819,1004
3900,0.004250313155353069,0.9994147419929504,1.0,0.10791015625,0.00018127775277568202,5126
3901,0.006470442749559879,0.9970781803131104,1.0,0.19921875,0.0001811327150397219,1369
3902,0.0039068167097866535,0.9994161128997803,1.0,0.138671875,0.00018098771364505412,5138
3903,0.005301371216773987,0.9979798197746277,1.0,0.12255859375,0.00018084274863422028,1980
3904,0.005520840175449848,0.9985632300376892,1.0,0.2353515625,0.0001806978200497516,2784
3905,0.0031124993693083525,0.9992722272872925,1.0,0.06591796875,0.0001805529279341686,2748
3906,0.0043748049065470695,0.9992684721946716,1.0,0.091796875,0.0001804080723299809,2734
3907,0.0037639609072357416,0.9992454648017883,1.0,0.1767578125,0.00018026325327968776,3976
3908,0.004453004337847233,0.9991666674613953,1.0,0.1376953125,0.00018011847082577707,1200
3909,0.007271462585777044,0.9980207681655884,1.0,0.439453125,0.00017997372501072688,2021
3910,0.005693838465958834,0.9983416199684143,1.0,0.220703125,0.00017982901587700373,1206
3911,0.0061628930270671844,0.9986346960067749,1.0,0.1767578125,0.00017968434346706373,5127
3912,0.0029960917308926582,0.9992498159408569,1.0,0.07080078125,0.00017953970782335225,2666
3913,0.002771554281935096,0.9996386170387268,1.0,0.051513671875,0.00017939510898830352,2767
3914,0.0017721970798447728,0.9995076060295105,1.0,0.061767578125,0.00017925054700434164,2031
3915,0.008257107809185982,0.997986912727356,1.0,0.1640625,0.00017910602191387922,1987
3916,0.006577988155186176,0.9987162947654724,1.0,0.103515625,0.00017896153375931837,1558
3917,0.004176951479166746,0.9975874423980713,1.0,0.1298828125,0.00017881708258305038,1658
3918,0.00569786224514246,0.9987876415252686,1.0,0.19921875,0.00017867266842745556,5774
3919,0.0033142450265586376,0.999620795249939,1.0,0.049560546875,0.00017852829133490345,5274
3920,0.005332236178219318,0.9987990260124207,1.0,0.2021484375,0.00017838395134775286,2498
3921,0.005429248325526714,0.9989049434661865,1.0,0.1982421875,0.00017823964850835128,4566
3922,0.003136388724669814,0.9989816546440125,1.0,0.0751953125,0.00017809538285903562,2946
3923,0.005791469011455774,0.9984654784202576,1.0,0.1259765625,0.00017795115444213197,1955
3924,0.0030754846520721912,0.9992784857749939,1.0,0.0869140625,0.00017780696329995524,2772
3925,0.002469473285600543,0.9987499713897705,1.0,0.08203125,0.00017766280947480962,1600
3926,0.004094984382390976,0.998513400554657,1.0,0.11328125,0.000177518693008988,2018
3927,0.0028732202481478453,0.9991769790649414,1.0,0.05859375,0.00017737461394477295,2430
3928,0.00275461096316576,0.9993279576301575,1.0,0.1162109375,0.0001772305723244353,1488
3929,0.00538174482062459,0.9993354082107544,1.0,0.1015625,0.0001770865681902355,6019
3930,0.0373043566942215,0.9938144087791443,1.0,0.796875,0.00017694260158442277,970
3931,0.0030043364968150854,0.9995735883712769,1.0,0.052734375,0.00017679867254923506,4690
3932,0.002964113838970661,0.9992175102233887,1.0,0.07958984375,0.0001766547811268999,2556
3933,0.015590855851769447,0.9964380860328674,1.0,0.3359375,0.0001765109273596333,2246
3934,0.008254813961684704,0.998135507106781,1.0,0.28515625,0.00017636711128964024,4827
3935,0.00427166186273098,0.9988610744476318,1.0,0.21484375,0.00017622333295911493,1756
3936,0.0020865853875875473,0.999245285987854,1.0,0.08984375,0.0001760795924102403,1325
3937,0.0042715128511190414,0.9984837174415588,1.0,0.1484375,0.0001759358896851882,1319
3938,0.0015116952126845717,0.9993754029273987,1.0,0.04736328125,0.0001757922248261196,1601
3939,0.005068469326943159,0.9994233846664429,1.0,0.11669921875,0.00017564859787518394,5203
3940,0.00454308046028018,0.9990277886390686,1.0,0.1552734375,0.00017550500887451986,5143
3941,0.0042144241742789745,0.9992716908454895,1.0,0.0908203125,0.00017536145786625477,2746
3942,0.004034783225506544,0.9996384382247925,1.0,0.10595703125,0.00017521794489250503,2766
3943,0.005813183728605509,0.9982269406318665,1.0,0.34375,0.0001750744699953758,1128
3944,0.002282508881762624,1.0,1.0,0.1298828125,0.0001749310332169607,1946
3945,0.001953809754922986,0.9993324279785156,1.0,0.091796875,0.00017478763459934297,1498
3946,0.003537292592227459,0.9986936450004578,1.0,0.0859375,0.00017464427418459382,3062
3947,0.0030626074876636267,0.9992803335189819,1.0,0.06396484375,0.00017450095201477378,2779
3948,0.0036306160036474466,0.99932861328125,1.0,0.091796875,0.0001743576681319319,2979
3949,0.005157277919352055,0.9989594221115112,1.0,0.11669921875,0.00017421442257810612,4805
3950,0.006304546725004911,0.99824458360672,1.0,0.11474609375,0.00017407121539532325,1709
3951,0.008191690780222416,0.9975689053535461,1.0,0.11962890625,0.0001739280466255985,2468
3952,0.0031793105881661177,0.9991772770881653,1.0,0.09423828125,0.00017378491631093602,2431
3953,0.0028929251711815596,0.9994229674339294,1.0,0.043212890625,0.00017364182449332866,3466
3954,0.0037864542100578547,0.9992818832397461,1.0,0.07568359375,0.0001734987712147581,2785
3955,0.0037586642429232597,0.9992668628692627,1.0,0.08740234375,0.00017335575651719447,2728
3956,0.005681934766471386,0.9992736577987671,1.0,0.1455078125,0.0001732127804425969,5507
3957,0.002603269414976239,0.9994903206825256,1.0,0.10546875,0.00017306984303291258,1962
3958,0.010017195716500282,0.9950289726257324,1.0,0.1630859375,0.00017292694433007822,2414
3959,0.0018450208008289337,0.9995054602622986,1.0,0.0869140625,0.00017278408437601848,2022
3960,0.0033617394510656595,0.9991326928138733,1.0,0.07763671875,0.00017264126321264687,5765
3961,0.005286123603582382,0.9991233944892883,1.0,0.21484375,0.00017249848088186575,5704
3962,0.0036357927601784468,0.9992623925209045,1.0,0.072265625,0.0001723557374255655,5423
3963,0.009096321649849415,0.9988792538642883,1.0,0.265625,0.00017221303288562592,3569
3964,0.0055078668519854546,0.9989264607429504,1.0,0.216796875,0.00017207036730391463,3726
3965,0.0038882519584149122,0.9995531439781189,1.0,0.11865234375,0.00017192774072228822,4476
3966,0.003414919599890709,0.9996482133865356,1.0,0.058837890625,0.00017178515318259176,5685
3967,0.004506763070821762,0.9993710517883301,1.0,0.1259765625,0.0001716426047266589,1590
3968,0.0027712092269212008,0.9993183612823486,1.0,0.058837890625,0.00017150009539631183,2934
3969,0.006162671837955713,0.99723881483078,1.0,0.2392578125,0.00017135762523336104,2173
3970,0.001837312476709485,0.9994484186172485,1.0,0.055908203125,0.00017121519427960576,1813
3971,0.003767563495784998,0.9995390772819519,1.0,0.06640625,0.0001710728025768337,4339
3972,0.0026803475338965654,0.9996662139892578,1.0,0.052978515625,0.00017093045016682097,2996
3973,0.0024432095233350992,0.9995704293251038,1.0,0.0830078125,0.00017078813709133224,2328
3974,0.0029177404940128326,0.9984139800071716,1.0,0.1376953125,0.00017064586339212071,1261
3975,0.002183861332014203,0.9992856979370117,1.0,0.06005859375,0.00017050362911092754,1400
3976,0.004692753776907921,0.9987413287162781,1.0,0.1240234375,0.00017036143428948312,1589
3977,0.002466717502102256,0.9994992613792419,1.0,0.08740234375,0.00017021927896950558,1997
3978,0.0034664419945329428,0.999309778213501,1.0,0.1015625,0.00017007716319270176,5795
3979,0.0038944378029555082,0.9990662932395935,1.0,0.259765625,0.00016993508700076704,1071
3980,0.0025748673360794783,0.9995105266571045,1.0,0.07373046875,0.00016979305043538458,2043
3981,0.0041828397661447525,0.9989956617355347,1.0,0.09326171875,0.00016965105353822688,2987
3982,0.0030181475449353456,0.998673141002655,1.0,0.16796875,0.00016950909635095383,2261
3983,0.0022289780899882317,0.9995262622833252,1.0,0.0634765625,0.00016936717891521432,2111
3984,0.002812902210280299,0.9995955228805542,1.0,0.057373046875,0.00016922530127264527,4945
3985,0.0027507185004651546,0.9987722635269165,1.0,0.0986328125,0.00016908346346487205,1629
3986,0.0042720683850348,0.9992498159408569,1.0,0.095703125,0.00016894166553350825,1333
3987,0.006495944689959288,0.9989911317825317,1.0,0.1298828125,0.000168799907520156,4956
3988,0.0035210074856877327,0.9992509484291077,1.0,0.1220703125,0.0001686581894664053,4005
3989,0.003448519855737686,0.9986216425895691,1.0,0.125,0.00016851651141383474,1451
3990,0.0031478803139179945,0.9992625117301941,1.0,0.08837890625,0.00016837487340401106,2712
3991,0.0033725681714713573,0.9993416666984558,1.0,0.0732421875,0.0001682332754784894,4557
3992,0.005348402075469494,0.9994837641716003,1.0,0.1259765625,0.00016809171767881304,1937
3993,0.0035869081038981676,0.9991766810417175,1.0,0.1103515625,0.0001679502000465132,6073
3994,0.007585612591356039,0.9979949593544006,1.0,0.138671875,0.00016780872262310998,1995
3995,0.0036178696900606155,0.999454140663147,1.0,0.060302734375,0.000167667285450111,5496
3996,0.0037908395752310753,0.9994568228721619,1.0,0.0673828125,0.00016752588856901244,1841
3997,0.002779571572318673,0.9993019104003906,1.0,0.07275390625,0.00016738453202129876,2865
3998,0.00267662457190454,0.9989785552024841,1.0,0.08349609375,0.00016724321584844198,2937
3999,0.0029983739368617535,0.9994089603424072,1.0,0.1416015625,0.00016710194009190323,1692
4000,0.0025223649572581053,0.999643862247467,1.0,0.06298828125,0.00016696070479313088,2808
4001,0.0030319136567413807,0.9984177350997925,1.0,0.1533203125,0.0001668195099935619,1264
4002,0.00473782978951931,0.9981735348701477,1.0,0.1455078125,0.00016667835573462133,1095
4003,0.0034641693346202374,0.9991227984428406,1.0,0.119140625,0.00016653724205772225,2280
4004,0.0042299553751945496,0.998420238494873,1.0,0.111328125,0.00016639616900426582,1266
4005,0.004374631680548191,0.9991980791091919,1.0,0.0966796875,0.0001662551366156415,4988
4006,0.0020611800719052553,0.9996774196624756,1.0,0.0595703125,0.0001661141449332263,3100
4007,0.0021073538810014725,0.9995244741439819,1.0,0.07421875,0.0001659731939983859,2103
4008,0.003536227159202099,0.9985394477844238,1.0,0.2001953125,0.00016583228385247357,2054
4009,0.003106177318841219,0.9993183612823486,1.0,0.0986328125,0.0001656914145368309,2934
4010,0.002105291932821274,0.9993463754653931,1.0,0.072265625,0.00016555058609278743,1530
4011,0.0013985944679006934,0.9995729923248291,1.0,0.056396484375,0.00016540979856166042,2342
4012,0.0037000493612140417,0.9990313053131104,1.0,0.10107421875,0.00016526905198475573,3097
4013,0.0038529271259903908,0.9994202852249146,1.0,0.060302734375,0.00016512834640336658,1725
4014,0.009205561131238937,0.9966170787811279,1.0,0.17578125,0.00016498768185877453,2956
4015,0.006053985096514225,0.9971469044685364,1.0,0.267578125,0.0001648470583922491,1402
4016,0.00279468041844666,0.9992022514343262,1.0,0.1484375,0.00016470647604504733,2507
4017,0.0028300993144512177,0.9992537498474121,1.0,0.09228515625,0.00016456593485841497,1340
4018,0.0012477637501433492,0.9995419383049011,1.0,0.061767578125,0.0001644254348735849,2183
4019,0.003609764389693737,0.9992305636405945,1.0,0.080078125,0.00016428497613177844,3899
4020,0.0032159979455173016,0.9995631575584412,1.0,0.06787109375,0.00016414455867420455,4578
4021,0.002860158681869507,0.999578595161438,1.0,0.08154296875,0.0001640041825420602,2373
4022,0.0032350195106118917,0.9990516901016235,1.0,0.1748046875,0.00016386384777653022,2109
4023,0.0059954081661999226,0.9986833333969116,1.0,0.25,0.00016372355441878736,1519
4024,0.0033101586159318686,0.9989467859268188,1.0,0.126953125,0.0001635833025099919,1899
4025,0.0038407770916819572,0.9994158744812012,1.0,0.09521484375,0.00016344309209129232,1712
4026,0.002947723725810647,0.9996598362922668,1.0,0.0849609375,0.00016330292320382485,2940
4027,0.0040064058266580105,0.9979438185691833,1.0,0.232421875,0.00016316279588871348,1459
4028,0.0044066570699214935,0.9976580739021301,1.0,0.1357421875,0.00016302271018707004,1708
4029,0.0026351113338023424,0.9994350075721741,1.0,0.08740234375,0.00016288266613999393,1770
4030,0.003550017485395074,0.999360203742981,1.0,0.087890625,0.00016274266378857286,3126
4031,0.001579556381329894,1.0,1.0,0.2392578125,0.0001626027031738817,744
4032,0.008933968842029572,0.9987897276878357,1.0,0.38671875,0.00016246278433698345,3305
4033,0.00540827214717865,0.9988876581192017,1.0,0.2060546875,0.00016232290731892868,2697
4034,0.003224819665774703,0.9992914795875549,1.0,0.072265625,0.00016218307216075587,4234
4035,0.004305293783545494,0.9996543526649475,1.0,0.0771484375,0.00016204327890349118,2893
4036,0.004600306507200003,0.9992218017578125,1.0,0.17578125,0.00016190352758814813,2570
4037,0.0023571953643113375,0.9986936450004578,1.0,0.1806640625,0.00016176381825572838,1531
4038,0.005171676632016897,0.9992687106132507,1.0,0.11279296875,0.0001616241509472211,2735
4039,0.0016292098443955183,0.9991863369941711,1.0,0.10009765625,0.00016148452570360314,1229
4040,0.004743482917547226,0.9994733929634094,1.0,0.09521484375,0.00016134494256583897,1899
4041,0.01207584235817194,0.9968771934509277,1.0,0.310546875,0.00016120540157488086,2882
4042,0.0059873485006392,0.9989583492279053,1.0,0.1337890625,0.0001610659027716683,3840
4043,0.002252831356599927,0.999620795249939,1.0,0.06494140625,0.0001609264461971291,2637
4044,0.0034557764884084463,0.9992319345474243,1.0,0.052734375,0.00016078703189217794,1302
4045,0.0021085916087031364,0.9988102316856384,1.0,0.06689453125,0.0001606476598977176,1681
4046,0.0014571346109732985,0.9995831847190857,1.0,0.05078125,0.00016050833025463832,2399
4047,0.00323865981772542,0.9989847540855408,1.0,0.076171875,0.00016036904300381754,2955
4048,0.002449923660606146,0.9988629817962646,1.0,0.0859375,0.00016022979818612116,1759
4049,0.003032369539141655,0.9992156624794006,1.0,0.068359375,0.00016009059584240162,2550
4050,0.003237571334466338,0.9992644190788269,1.0,0.078125,0.00015995143601349953,2719
4051,0.0021638732869178057,0.9994331002235413,1.0,0.061767578125,0.00015981231874024278,1764
4052,0.0032563430722802877,0.999570369720459,1.0,0.059814453125,0.00015967324406344693,4655
4053,0.006838188041001558,0.9991940259933472,1.0,0.173828125,0.000159534212023915,4963
4054,0.0030842178966850042,0.9977011680603027,1.0,0.11328125,0.0001593952226624372,1305
4055,0.0018617936875671148,0.9994720220565796,1.0,0.08447265625,0.00015925627601979164,1894
4056,0.007985718548297882,0.99708092212677,1.0,0.185546875,0.00015911737213674374,2398
4057,0.003810242982581258,0.9983588457107544,1.0,0.11865234375,0.00015897851105404633,1828
4058,0.00941698718816042,0.9970401525497437,1.0,0.38671875,0.00015883969281243974,2365
4059,0.0037189123686403036,0.9992395639419556,1.0,0.0703125,0.00015870091745265178,2630
4060,0.0015503084287047386,0.9994606375694275,1.0,0.055908203125,0.0001585621850153973,1854
4061,0.003722353372722864,0.9991416335105896,1.0,0.07958984375,0.00015842349554137934,2330
4062,0.004974076058715582,0.9989868402481079,1.0,0.2041015625,0.00015828484907128744,2961
4063,0.002130103763192892,0.9994805455207825,1.0,0.06884765625,0.00015814624564579913,1925
4064,0.005548274144530296,0.999089241027832,1.0,0.177734375,0.0001580076853055792,2196
4065,0.0032955084461718798,0.9989809989929199,1.0,0.08203125,0.0001578691680912794,2944
4066,0.00322514190338552,0.9993965029716492,1.0,0.10791015625,0.0001577306940435396,1657
4067,0.0038094816263765097,0.9994134902954102,1.0,0.150390625,0.00015759226320298623,1705
4068,0.0047094994224607944,0.9993592500686646,1.0,0.09912109375,0.00015745387561023343,4682
4069,0.004219493363052607,0.9986098408699036,1.0,0.15625,0.00015731553130588264,2158
4070,0.004183156881481409,0.9987679719924927,1.0,0.203125,0.00015717723033052252,2435
4071,0.004529139492660761,0.999087393283844,1.0,0.1640625,0.00015703897272472916,4383
4072,0.006120077800005674,0.997486412525177,1.0,0.119140625,0.00015690075852906564,2387
4073,0.0023544244468212128,0.9996452927589417,1.0,0.06201171875,0.00015676258778408257,2819
4074,0.005605975165963173,0.9981818199157715,1.0,0.1923828125,0.00015662446053031764,1100
4075,0.0033599724993109703,0.9993117451667786,1.0,0.07421875,0.00015648637680829594,2906
4076,0.004022109322249889,0.9983305335044861,1.0,0.09326171875,0.00015634833665852967,2396
4077,0.002076734323054552,0.999582827091217,1.0,0.0947265625,0.00015621034012151846,2397
4078,0.007694704458117485,0.998664915561676,1.0,0.2451171875,0.00015607238723774853,1498
4079,0.016513952985405922,0.9956262707710266,1.0,0.41796875,0.00015593447804769425,2515
4080,0.0037676054053008556,0.9988597631454468,1.0,0.1435546875,0.00015579661259181631,1754
4081,0.0023896032944321632,0.9993079304695129,1.0,0.047119140625,0.00015565879091056307,4335
4082,0.012079700827598572,0.9955282211303711,1.0,0.46875,0.00015552101304436983,1789
4083,0.003452763892710209,0.9991925954818726,1.0,0.1044921875,0.00015538327903365893,2477
4084,0.002998773008584976,0.9992284178733826,1.0,0.177734375,0.0001552455889188404,5184
4085,0.0031576587352901697,0.9994771480560303,1.0,0.0693359375,0.00015510794274031068,3825
4086,0.0028637039940804243,0.9988564848899841,1.0,0.1953125,0.0001549703405384537,1749
4087,0.004131239838898182,0.9995450377464294,1.0,0.0458984375,0.00015483278235364043,2198
4088,0.005406354088336229,0.9986026883125305,1.0,0.205078125,0.00015469526822622896,4294
4089,0.003619341179728508,0.9994632601737976,1.0,0.06640625,0.00015455779819656442,5589
4090,0.0016827844083309174,1.0,1.0,0.06982421875,0.00015442037230497906,1252
4091,0.003782759653404355,0.9992390871047974,1.0,0.0810546875,0.00015428299059179191,5257
4092,0.004268712364137173,0.999534010887146,1.0,0.1455078125,0.0001541456530973094,4292
4093,0.004683495499193668,0.9985517859458923,1.0,0.11865234375,0.00015400835986182477,1381
4094,0.003583740908652544,0.9989467859268188,1.0,0.1494140625,0.00015387111092561839,1899
4095,0.013187973760068417,0.996778666973114,1.0,0.3671875,0.00015373390632895768,2173
4096,0.002358752302825451,0.9996197819709778,1.0,0.0625,0.00015359674611209657,2630
4097,0.00798399094492197,0.9975000023841858,1.0,0.2109375,0.00015345963031527688,1200
4098,0.0026939199306070805,0.9990088939666748,1.0,0.1015625,0.00015332255897872643,2018
4099,0.00325976824387908,0.9995342493057251,1.0,0.1689453125,0.00015318553214266063,4294
4100,0.0023064573761075735,0.9997712969779968,1.0,0.0390625,0.00015304854984728178,4373
4101,0.004171338398009539,0.9992225766181946,1.0,0.09716796875,0.00015291161213277853,3859
4102,0.003329160623252392,0.9989854693412781,1.0,0.10546875,0.0001527747190393274,2957
4103,0.0036572320386767387,0.9985905289649963,1.0,0.158203125,0.00015263787060709099,1419
4104,0.0070562236942350864,0.9985569715499878,1.0,0.400390625,0.00015250106687621917,1386
4105,0.003637990914285183,0.9991233944892883,1.0,0.0673828125,0.0001523643078868487,5704
4106,0.002632796997204423,0.9994632601737976,1.0,0.0361328125,0.00015222759367910314,5589
4107,0.0030328130815178156,0.9992088675498962,1.0,0.0751953125,0.00015209092429309293,2528
4108,0.005476267077028751,0.9991843104362488,1.0,0.09716796875,0.0001519542997689154,2452
4109,0.002550885546952486,0.9993429780006409,1.0,0.07763671875,0.0001518177201466546,3044
4110,0.0056069279089570045,0.9984902143478394,1.0,0.11279296875,0.00015168118546638148,1987
4111,0.00986146368086338,0.996617317199707,1.0,0.3828125,0.00015154469576815382,2365
4112,0.0011501247063279152,1.0,1.0,0.04248046875,0.00015140825109201622,1575
4113,0.0031066476367413998,0.9984177350997925,1.0,0.138671875,0.00015127185147800014,1264
4114,0.004208415746688843,0.9985734820365906,1.0,0.130859375,0.0001511354969661233,1402
4115,0.0032253796234726906,0.9996312260627747,1.0,0.056884765625,0.0001509991875963912,5423
4116,0.0015226504765450954,1.0,1.0,0.055908203125,0.00015086292340879507,1340
4117,0.003778682556003332,0.9987484216690063,1.0,0.126953125,0.0001507267044433135,1598
4118,0.002804270712658763,0.9996244311332703,1.0,0.054931640625,0.00015059053073991163,5325
4119,0.002178941387683153,0.9990662932395935,1.0,0.1708984375,0.00015045440233854107,1071
4120,0.007902242243289948,0.9984251856803894,1.0,0.1728515625,0.00015031831927914087,2540
4121,0.0026706296484917402,0.9992660284042358,1.0,0.05126953125,0.00015018228160163582,5450
4122,0.004552280995994806,0.9984405636787415,1.0,0.1796875,0.00015004628934593814,2565
4123,0.002904346212744713,0.9994906783103943,1.0,0.06494140625,0.00014991034255194634,3927
4124,0.003353212494403124,0.9992735385894775,1.0,0.09033203125,0.00014977444125954578,2753
4125,0.005109862424433231,0.997977077960968,1.0,0.14453125,0.00014963858550860835,1483
4126,0.005330271553248167,0.9978924989700317,0.75,0.169921875,0.00014950277533899278,949
4127,0.004389704670757055,0.9987888336181641,1.0,0.2490234375,0.00014936701079054385,2477
4128,0.0026600691489875317,0.9994568228721619,1.0,0.052734375,0.0001492312919030939,1841
4129,0.0017294826684519649,1.0,1.0,0.0849609375,0.00014909561871646106,1419
4130,0.00394935579970479,0.9987729787826538,1.0,0.1904296875,0.00014895999127045035,1630
4131,0.0029858474154025316,0.9994683861732483,1.0,0.076171875,0.00014882440960485354,1881
4132,0.005319508723914623,0.9981117844581604,1.0,0.1259765625,0.0001486888737594484,2648
4133,0.005744381807744503,0.9992036819458008,1.0,0.10009765625,0.0001485533837740002,5023
4134,0.004878501407802105,0.9987815022468567,1.0,0.171875,0.00014841793968825977,2462
4135,0.0025303976144641638,0.9993190169334412,1.0,0.0732421875,0.00014828254154196507,2937
4136,0.002632464049383998,0.999416708946228,1.0,0.05859375,0.00014814718937484038,5143
4137,0.002787178847938776,0.9996509552001953,1.0,0.062255859375,0.00014801188322659657,2865
4138,0.005223652347922325,0.9981527328491211,1.0,0.130859375,0.00014787662313693104,1624
4139,0.002883239882066846,0.9994333982467651,1.0,0.08837890625,0.00014774140914552744,1765
4140,0.0025267547462135553,0.9987421631813049,1.0,0.072265625,0.0001476062412920561,1590
4141,0.004563462920486927,0.9985091090202332,1.0,0.150390625,0.00014747111961617383,2683
4142,0.003940376453101635,0.9987489581108093,1.0,0.07275390625,0.00014733604415752383,2398
4143,0.0018873810768127441,0.9996568560600281,1.0,0.046630859375,0.0001472010149557357,2914
4144,0.0020560245029628277,0.9996634125709534,1.0,0.0615234375,0.00014706603205042569,2971
4145,0.002029250841587782,0.9994614720344543,1.0,0.0634765625,0.00014693109548119591,1857
4146,0.0007677203393541276,1.0,1.0,0.045166015625,0.00014679620528763575,1669
4147,0.0026085253339260817,0.9995296597480774,1.0,0.0615234375,0.00014666136150932006,2126
4148,0.0022056126035749912,1.0,1.0,0.1337890625,0.00014652656418581077,1235
4149,0.0025998209603130817,0.9992771744728088,1.0,0.05810546875,0.00014639181335665598,2767
4150,0.0020267481449991465,1.0,1.0,0.07958984375,0.00014625710906138973,1004
4151,0.002517505083233118,0.9989898800849915,1.0,0.07666015625,0.00014612245133953323,1980
4152,0.007586109451949596,0.9989145994186401,1.0,0.197265625,0.00014598784023059328,2764
4153,0.002733871340751648,0.9988876581192017,1.0,0.08349609375,0.00014585327577406332,2697
4154,0.0008446993306279182,1.0,1.0,0.033935546875,0.00014571875800942314,2031
4155,0.001550561748445034,0.9996312856674194,1.0,0.0673828125,0.00014558428697613874,2712
4156,0.0019792320672422647,0.9996609091758728,1.0,0.048828125,0.00014544986271366252,2949
4157,0.004473729524761438,0.9983726739883423,1.0,0.20703125,0.0001453154852614329,1229
4158,0.0020447312854230404,0.9995955228805542,1.0,0.03857421875,0.00014518115465887482,4945
4159,0.006734706927090883,0.997264564037323,1.0,0.1875,0.00014504687094539945,2559
4160,0.0028864191845059395,0.999021053314209,1.0,0.099609375,0.00014491263416040404,2043
4161,0.0032386602833867073,0.9992446899414062,1.0,0.12451171875,0.0001447784443432723,1324
4162,0.003486000234261155,0.9992444515228271,1.0,0.09033203125,0.00014464430153337401,2647
4163,0.0016255914233624935,1.0,1.0,0.06787109375,0.00014451020577006498,1319
4164,0.002346464665606618,0.9988610744476318,1.0,0.08642578125,0.00014437615709268783,1756
4165,0.0026663218159228563,0.9992907643318176,1.0,0.08837890625,0.00014424215554057073,1410
4166,0.003201816463842988,0.9993069767951965,1.0,0.1123046875,0.00014410820115302801,1443
4167,0.014056120999157429,0.998275876045227,1.0,0.640625,0.0001439742939693609,1740
4168,0.012670128606259823,0.997286319732666,1.0,0.32421875,0.00014384043402885578,2948
4169,0.00246032839640975,0.9996358156204224,1.0,0.051025390625,0.00014370662137078621,2746
4170,0.0018688358832150698,0.9995240569114685,1.0,0.05224609375,0.00014357285603441093,2101
4171,0.0031717640813440084,0.9992178082466125,1.0,0.059326171875,0.00014343913805897536,2557
4172,0.0025461118202656507,0.9995266199111938,1.0,0.048095703125,0.00014330546748371088,4225
4173,0.002847010502591729,0.9993112683296204,1.0,0.05810546875,0.00014317184434783494,2904
4174,0.002431964734569192,0.9996400475502014,1.0,0.0732421875,0.00014303826869055105,2778
4175,0.006439767312258482,0.9970821142196655,1.0,0.125,0.00014290474055104904,2399
4176,0.0034302384592592716,0.9989455342292786,1.0,0.07861328125,0.0001427712599685043,2845
4177,0.001841736026108265,1.0,1.0,0.04931640625,0.00014263782698207872,1899
4178,0.003409002674743533,0.9988235235214233,1.0,0.0888671875,0.0001425044416309201,2550
4179,0.0031420045997947454,0.999370276927948,1.0,0.08154296875,0.00014237110395416198,3176
4180,0.0027766115963459015,0.999670684337616,1.0,0.060302734375,0.00014223781399092455,6073
4181,0.0033423679415136576,0.9996030330657959,1.0,0.0693359375,0.00014210457178031314,2519
4182,0.002035350538790226,0.9996269941329956,1.0,0.064453125,0.00014197137736142007,2681
4183,0.006761432625353336,0.9985119104385376,1.0,0.19921875,0.00014183823077332269,2016
4184,0.0013935029273852706,0.9994778037071228,1.0,0.06884765625,0.00014170513205508494,1915
4185,0.0032827025279402733,0.999544620513916,1.0,0.11328125,0.0001415720812457565,2196
4186,0.0018089796649292111,0.9989588856697083,1.0,0.1748046875,0.00014143907838437282,1921
4187,0.005087853875011206,0.9977712035179138,1.0,0.14453125,0.00014130612350995582,1346
4188,0.0008793607703410089,1.0,1.0,0.049072265625,0.0001411732166615127,1498
4189,0.003149749245494604,0.9993603229522705,1.0,0.06787109375,0.0001410403578780369,4690
4190,0.004287319723516703,0.9994771480560303,1.0,0.1298828125,0.00014090754719850782,3825
4191,0.002391727175563574,0.99909907579422,1.0,0.0732421875,0.00014077478466189067,2220
4192,0.0011654780246317387,0.9995419383049011,1.0,0.0537109375,0.0001406420703071362,2183
4193,0.0015377040253952146,0.999620795249939,1.0,0.040771484375,0.00014050940417318183,2637
4194,0.002704766346141696,0.9995293021202087,1.0,0.048828125,0.00014037678629894994,4249
4195,0.0041232542134821415,0.9996052384376526,1.0,0.07421875,0.00014024421672334932,5066
4196,0.0012319085653871298,0.9995366334915161,1.0,0.06640625,0.00014011169548527446,2158
4197,0.0013640635879710317,1.0,1.0,0.08056640625,0.00013997922262360532,479
4198,0.0025077168829739094,0.9992542862892151,1.0,0.0908203125,0.00013984679817720844,1341
4199,0.0027514456305652857,0.9994388222694397,1.0,0.09033203125,0.00013971442218493522,1782
4200,0.009579898789525032,0.9967505931854248,1.0,0.2578125,0.00013958209468562375,2462
4201,0.0026572011411190033,0.9996771216392517,1.0,0.044189453125,0.00013944981571809722,3097
4202,0.0032893100287765265,0.9983242750167847,1.0,0.07861328125,0.0001393175853211648,2387
4203,0.0032663492020219564,0.999245285987854,1.0,0.0693359375,0.00013918540353362153,1325
4204,0.001865321071818471,0.9996615648269653,1.0,0.048095703125,0.00013905327039424797,2955
4205,0.005430329125374556,0.9988102316856384,1.0,0.2197265625,0.0001389211859418106,1681
4206,0.0033906116150319576,0.9990332126617432,1.0,0.08154296875,0.00013878915021506147,3103
4207,0.008408783935010433,0.9957355856895447,1.0,0.158203125,0.0001386571632527385,2345
4208,0.0037576649338006973,0.9987130165100098,1.0,0.12353515625,0.00013852522509356512,1554
4209,0.0021293205209076405,0.9996677041053772,1.0,0.048095703125,0.0001383933357762507,6019
4210,0.0022145870607346296,0.9996342062950134,1.0,0.07421875,0.00013826149533948976,2734
4211,0.003172687254846096,0.9995619654655457,1.0,0.037109375,0.00013812970382196324,4566
4212,0.0042740232311189175,0.9992325305938721,1.0,0.11474609375,0.00013799796126233687,2606
4213,0.0028269540052860975,0.998735785484314,1.0,0.08642578125,0.00013786626769926298,2373
4214,0.0027106243651360273,0.9996364712715149,1.0,0.049560546875,0.00013773462317137874,2751
4215,0.030110342428088188,0.9931228756904602,1.0,0.4765625,0.00013760302771730691,3199
4216,0.0028650262393057346,0.9988564848899841,1.0,0.283203125,0.0001374714813756567,1749
4217,0.0032711708918213844,0.9993333220481873,1.0,0.049560546875,0.0001373399841850219,3000
4218,0.0011363766388967633,1.0,1.0,0.04443359375,0.0001372085361839826,1828
4219,0.0038191198837012053,0.9991823434829712,1.0,0.10498046875,0.00013707713741110405,4892
4220,0.001773703028447926,0.9996408224105835,1.0,0.06787109375,0.00013694578790493723,2784
4221,0.0035895584151148796,0.9993468523025513,1.0,0.08984375,0.00013681448770401866,1531
4222,0.003754888428375125,0.9987674355506897,1.0,0.0908203125,0.00013668323684687045,2434
4223,0.0020910827443003654,0.9996370077133179,1.0,0.046142578125,0.00013655203537199997,5510
4224,0.003095970954746008,0.9990586638450623,1.0,0.07568359375,0.0001364208833179004,3187
4225,0.0028849374502897263,0.9994232058525085,1.0,0.0810546875,0.00013628978072305022,5201
4226,0.002436023438349366,0.9996536374092102,1.0,0.031494140625,0.00013615872762591356,5774
4227,0.003182609798386693,0.9991723299026489,1.0,0.0751953125,0.00013602772406494002,4833
4228,0.002756920177489519,0.9992319345474243,1.0,0.054443359375,0.0001358967700785643,1302
4229,0.0043328567408025265,0.9975669384002686,1.0,0.2294921875,0.00013576586570520727,1644
4230,0.0011305824154987931,0.9994606375694275,1.0,0.05126953125,0.00013563501098327454,1854
4231,0.001818231656216085,0.999330461025238,1.0,0.04345703125,0.0001355042059511574,2987
4232,0.003883505007252097,0.9995808601379395,1.0,0.125,0.00013537345064723287,2386
4233,0.002848152071237564,0.9993802905082703,1.0,0.05419921875,0.0001352427451098628,4841
4234,0.0002455714566167444,1.0,1.0,0.00457763671875,0.00013511208937739506,744
4235,0.0025866355281323195,0.9992104172706604,1.0,0.0595703125,0.00013498148348816232,2533
4236,0.0031818952411413193,0.997869610786438,1.0,0.08447265625,0.00013485092748048304,2347
4237,0.0021783369593322277,0.999071478843689,1.0,0.0947265625,0.0001347204213926609,2154
4238,0.00259590707719326,0.9992644190788269,1.0,0.087890625,0.00013458996526298492,2719
4239,0.004563316702842712,0.9989153742790222,1.0,0.07861328125,0.00013445955912972952,2766
4240,0.0023809936828911304,0.9989690780639648,1.0,0.06982421875,0.00013432920303115448,2910
4241,0.002175637986510992,0.9992722272872925,1.0,0.057373046875,0.00013419889700550468,2748
4242,0.0025513102300465107,0.9990448951721191,1.0,0.09375,0.0001340686410910105,1047
4243,0.009286492131650448,0.9975793957710266,1.0,0.3671875,0.00013393843532588773,3305
4244,0.0025653610937297344,0.9993091821670532,1.0,0.0908203125,0.00013380827974833712,2895
4245,0.0027552072424441576,0.9996543526649475,1.0,0.036376953125,0.0001336781743965451,2893
4246,0.0013717447873204947,1.0,1.0,0.04833984375,0.00013354811930868277,2431
4247,0.0016058244509622455,0.9995704293251038,1.0,0.08935546875,0.0001334181145229073,2328
4248,0.0027583062183111906,0.9995119571685791,1.0,0.0478515625,0.00013328816007736035,2049
4249,0.0020499033853411674,0.9995577335357666,1.0,0.08447265625,0.0001331582560101692,2261
4250,0.004013424273580313,0.9989868402481079,1.0,0.0927734375,0.00013302840235944637,2961
4251,0.0022641706746071577,0.9993036389350891,1.0,0.0595703125,0.00013289859916328924,2872
4252,0.004335290752351284,0.9989774823188782,1.0,0.099609375,0.000132768846459781,2934
4253,0.003265952691435814,0.9988059997558594,1.0,0.138671875,0.00013263914428698933,1675
4254,0.0013645114377140999,0.9992012977600098,1.0,0.0830078125,0.00013250949268296753,1252
4255,0.0015042974846437573,0.9994861483573914,1.0,0.06005859375,0.00013237989168575392,1946
4256,0.0014950701734051108,0.9996374249458313,1.0,0.080078125,0.00013225034133337206,2758
4257,0.0008106747409328818,1.0,1.0,0.0517578125,0.00013212084166383057,1128
4258,0.002349152462556958,0.9992337226867676,1.0,0.08203125,0.0001319913927151233,1305
4259,0.002457505092024803,0.9996109008789062,1.0,0.034423828125,0.00013186199452522884,2570
4260,0.00422986876219511,0.9988052845001221,1.0,0.185546875,0.00013173264713211164,837
4261,0.002749097067862749,0.9993624687194824,1.0,0.07470703125,0.0001316033505737204,3137
4262,0.003399411914870143,0.9995728135108948,1.0,0.051513671875,0.00013147410488798954,4682
4263,0.002854689257219434,0.999620795249939,1.0,0.053955078125,0.00013134491011283826,5274
4264,0.004957512952387333,0.9981273412704468,1.0,0.2314453125,0.0001312157662861707,534
4265,0.003477414371445775,0.9993946552276611,1.0,0.05908203125,0.00013108667344587658,4956
4266,0.0011536676902323961,1.0,1.0,0.05712890625,0.00013095763162983,1459
4267,0.002874871250241995,0.9996134042739868,1.0,0.07080078125,0.00013082864087589054,5173
4268,0.0026349748950451612,0.9993985295295715,1.0,0.038818359375,0.00013069970122190266,4988
4269,0.0048529114574193954,0.9990084171295166,1.0,0.203125,0.00013057081270569573,2017
4270,0.0028529223054647446,0.9992665648460388,1.0,0.055419921875,0.00013044197536508446,2727
4271,0.003408796153962612,0.9982455968856812,1.0,0.16796875,0.000130313189237868,1140
4272,0.002520558424293995,0.9993453621864319,1.0,0.1123046875,0.00013018445436183097,3055
4273,0.0035725561901926994,0.998305082321167,1.0,0.1689453125,0.00013005577077474268,1770
4274,0.0026866064872592688,0.9994198679924011,1.0,0.05224609375,0.0001299271385143575,5171
4275,0.0029987168963998556,0.998009979724884,1.0,0.1298828125,0.00012979855761841467,2010
4276,0.0028068386018276215,0.9997807741165161,1.0,0.0400390625,0.0001296700281246386,4562
4277,0.003984843846410513,0.9992126226425171,1.0,0.072265625,0.00012954155007073804,3810
4278,0.002669033594429493,0.9997928142547607,1.0,0.0556640625,0.00012941312349440745,4827
4279,0.001032580970786512,1.0,1.0,0.04736328125,0.00012928474843332548,2103
4280,0.0030867161694914103,0.999196469783783,1.0,0.0869140625,0.00012915642492515605,2489
4281,0.0021112088579684496,0.9996812343597412,1.0,0.040771484375,0.00012902815300754798,3137
4282,0.0029665830079466105,0.9988986849784851,1.0,0.0849609375,0.00012889993271813447,1816
4283,0.0023083642590790987,0.9994229674339294,1.0,0.058349609375,0.0001287717640945344,3466
4284,0.004514740779995918,0.9982608556747437,1.0,0.376953125,0.00012864364717435068,1725
4285,0.0023089894093573093,0.9997695088386536,1.0,0.0439453125,0.0001285155819951716,4339
4286,0.002775144763290882,0.9996342062950134,1.0,0.0888671875,0.00012838756859456988,2734
4287,0.00395207479596138,0.9988276958465576,1.0,0.162109375,0.0001282596070101034,1706
4288,0.003444234374910593,0.998974084854126,1.0,0.0771484375,0.00012813169727931472,3899
4289,0.0019186217105016112,0.9992498159408569,1.0,0.1279296875,0.00012800383943973096,2666
4290,0.0029405122622847557,0.9987413287162781,1.0,0.06494140625,0.00012787603352886422,1589
4291,0.0029156662058085203,0.9993612170219421,1.0,0.06494140625,0.00012774827958421145,3131
4292,0.003311990527436137,0.9993780851364136,1.0,0.046142578125,0.00012762057764325414,3216
4293,0.0037493358831852674,0.9989816546440125,1.0,0.19140625,0.00012749292774345874,2946
4294,0.003314299276098609,0.999290943145752,1.0,0.06787109375,0.00012736532992227637,4231
4295,0.002471806714311242,0.9994823336601257,1.0,0.05029296875,0.0001272377842171425,5795
4296,0.0013359809527173638,0.9993754029273987,1.0,0.05859375,0.00012711029066547804,1601
4297,0.0031262291595339775,0.9991655945777893,1.0,0.0888671875,0.0001269828493046879,2397
4298,0.0026704345364123583,0.9992647171020508,1.0,0.07958984375,0.000126855460172162,2720
4299,0.0014211054658517241,1.0,1.0,0.2177734375,0.00012672812330527514,1488
4300,0.0025882332120090723,0.9990909099578857,1.0,0.11865234375,0.00012660083874138615,1100
4301,0.003088542725890875,0.9990398287773132,1.0,0.07861328125,0.0001264736065178393,2083
4302,0.0026314938440918922,0.9993932247161865,1.0,0.078125,0.0001263464266719629,1648
4303,0.002177555114030838,0.9993197321891785,1.0,0.04150390625,0.00012621929924107013,2940
4304,0.004898353014141321,0.9978540539741516,1.0,0.1318359375,0.00012609222426245885,2330
4305,0.0027932121884077787,0.99882972240448,1.0,0.251953125,0.0001259652017734114,1709
4306,0.0023754523135721684,0.999640941619873,1.0,0.05517578125,0.00012583823181119475,2785
4307,0.005781703628599644,0.9985156059265137,1.0,0.1630859375,0.00012571131441306064,2021
4308,0.002210919978097081,0.9996547102928162,1.0,0.068359375,0.00012558444961624501,2896
4309,0.005419211927801371,0.9986833333969116,1.0,0.1318359375,0.0001254576374579687,1519
4310,0.0049796742387115955,0.9983633160591125,1.0,0.17578125,0.00012533087797543695,1833
4311,0.0017936935182660818,0.9993036389350891,1.0,0.0654296875,0.00012520417120583964,1436
4312,0.0054396046325564384,0.9982773661613464,1.0,0.2177734375,0.00012507751718635125,1161
4313,0.0027363074477761984,0.9996812343597412,1.0,0.047119140625,0.00012495091595413036,3137
4314,0.0033212676644325256,0.9989205002784729,1.0,0.0634765625,0.0001248243675463207,2779
4315,0.0037446969654411077,0.9988909363746643,1.0,0.1044921875,0.00012469787200004997,2705
4316,0.003004716709256172,0.9993183612823486,1.0,0.058837890625,0.0001245714293524306,2934
4317,0.004338657017797232,0.9990900754928589,1.0,0.1943359375,0.0001244450396405596,2198
4318,0.0028685100842267275,0.9990987777709961,1.0,0.0947265625,0.00012431870290151797,5548
4319,0.004210005514323711,0.998712420463562,1.0,0.1552734375,0.000124192419172372,2330
4320,0.0025309985503554344,0.9989806413650513,1.0,0.07177734375,0.00012406618849017154,1962
4321,0.0020371030550450087,0.9996662139892578,1.0,0.0260009765625,0.00012394001089195144,2996
4322,0.0017729857936501503,0.9994799494743347,1.0,0.05419921875,0.00012381388641473078,1923
4323,0.0017444388940930367,1.0,1.0,0.0712890625,0.00012368781509551312,1997
4324,0.002123194979503751,0.9993206262588501,1.0,0.06494140625,0.0001235617969712864,2944
4325,0.0028123187366873026,0.9994903206825256,1.0,0.06689453125,0.00012343583207902298,1962
4326,0.002758110174909234,0.9991291165351868,1.0,0.0673828125,0.0001233099204556794,4593
4327,0.004273292142897844,0.9985390901565552,1.0,0.146484375,0.00012318406213819686,1369
4328,0.0031105729285627604,0.9989023208618164,1.0,0.068359375,0.00012305825716350078,2733
4329,0.002549127908423543,0.9993747472763062,1.0,0.056396484375,0.00012293250556850096,4798
4330,0.004214107524603605,0.9995020031929016,1.0,0.0947265625,0.00012280680739009162,2008
4331,0.0025190915912389755,0.9992132186889648,1.0,0.1181640625,0.00012268116266515088,1271
4332,0.004765624180436134,0.998308539390564,1.0,0.1865234375,0.000122555571430542,2956
4333,0.002888296963647008,0.9993183612823486,1.0,0.0625,0.0001224300337231117,2934
4334,0.0023372918367385864,0.9991655945777893,1.0,0.09326171875,0.00012230454957969146,2397
4335,0.0029315613210201263,0.9995253682136536,1.0,0.04736328125,0.00012217911903709706,4214
4336,0.002981949830427766,0.999225378036499,1.0,0.07080078125,0.00012205374213212811,2582
4337,0.003302619792521,0.9994158744812012,1.0,0.1337890625,0.0001219284189015692,1712
4338,0.0037360272835940123,0.9984996318817139,1.0,0.18359375,0.00012180314938218853,1333
4339,0.003898702096194029,0.9989086985588074,1.0,0.1015625,0.00012167793361073884,2749
4340,0.0020637731067836285,0.9987937211990356,1.0,0.08349609375,0.0001215527716239571,1658
4341,0.0013901394559070468,0.9994134902954102,1.0,0.08349609375,0.00012142766345856437,1705
4342,0.003964792005717754,0.9985173940658569,1.0,0.193359375,0.00012130260915126613,1349
4343,0.003098867367953062,0.9990888237953186,1.0,0.0576171875,0.00012117760873875195,2195
4344,0.00135445361956954,0.9994535446166992,1.0,0.0712890625,0.00012105266225769534,1830
4345,0.0018369724275544286,0.9995948076248169,1.0,0.0634765625,0.00012092776974475442,2468
4346,0.004361145664006472,0.9982896447181702,1.0,0.17578125,0.00012080293123657117,1754
4347,0.0027361023239791393,0.9989975094795227,1.0,0.078125,0.00012067814676977187,1995
4348,0.000989419873803854,0.9993324279785156,1.0,0.05224609375,0.00012055341638096705,1498
4349,0.004801755305379629,0.9986962080001831,1.0,0.1064453125,0.00012042874010675085,1534
4350,0.005451833829283714,0.9981371164321899,1.0,0.1572265625,0.00012030411798370234,2684
4351,0.0023183636367321014,0.999335527420044,1.0,0.0771484375,0.00012017955004838395,1505
4352,0.00297331134788692,0.9993548393249512,1.0,0.0751953125,0.0001200550363373427,3100
4353,0.00273295515216887,0.9987722635269165,1.0,0.111328125,0.00011993057688710945,1629
4354,0.00373481516726315,0.9989561438560486,1.0,0.080078125,0.00011980617173419931,2874
4355,0.0020393836311995983,0.9993060231208801,1.0,0.0654296875,0.00011968182091511146,2882
4356,0.015637850388884544,0.9969072341918945,1.0,0.57421875,0.00011955752446632883,970
4357,0.002011991571635008,0.9993915557861328,1.0,0.041748046875,0.00011943328242431868,3287
4358,0.0038479322101920843,0.9990552663803101,1.0,0.0869140625,0.00011930909482553236,4234
4359,0.002490352839231491,0.999348521232605,1.0,0.054931640625,0.00011918496170640505,3070
4360,0.0011593226809054613,0.9995729923248291,1.0,0.03564453125,0.00011906088310335607,2342
4361,0.005871598608791828,0.9988783001899719,1.0,0.0947265625,0.00011893685905278878,1783
4362,0.004982526879757643,0.9981671571731567,1.0,0.10302734375,0.00011881288959109027,2728
4363,0.004456725437194109,0.9991876482963562,1.0,0.0908203125,0.00011868897475463207,2462
4364,0.0029242532327771187,0.9995386600494385,1.0,0.07177734375,0.00011856511457976919,4335
4365,0.0016591394087299705,0.9988179802894592,1.0,0.1240234375,0.00011844130910284092,1692
4366,0.0023729538079351187,0.9995033740997314,1.0,0.0654296875,0.0001183175583601706,4027
4367,0.003325131256133318,0.9991951584815979,1.0,0.0537109375,0.00011819386238806487,2485
4368,0.0022309692576527596,0.9993375539779663,1.0,0.0576171875,0.00011807022122281531,3019
4369,0.003301587887108326,0.9993555545806885,1.0,0.12255859375,0.00011794663490069648,4655
4370,0.0018708521965891123,0.9995614290237427,1.0,0.091796875,0.00011782310345796739,2280
4371,0.002363660605624318,0.9995766282081604,1.0,0.048583984375,0.0001176996269308708,4724
4372,0.007214703131467104,0.998074471950531,1.0,0.48828125,0.0001175762053556333,1558
4373,0.0031646532006561756,0.99932861328125,1.0,0.05029296875,0.00011745283876846557,2979
4374,0.004752978216856718,0.9988755583763123,1.0,0.1083984375,0.00011732952720556183,2668
4375,0.007546203676611185,0.9984667301177979,1.0,0.2333984375,0.00011720627070310035,3261
4376,0.0031896133441478014,0.9994632601737976,1.0,0.0830078125,0.00011708306929724325,3726
4377,0.0021520755253732204,0.9991652965545654,1.0,0.061279296875,0.00011695992302413651,2396
4378,0.0026082280091941357,0.9996482133865356,1.0,0.03466796875,0.00011683683191990985,5685
4379,0.003040289506316185,0.9992101192474365,1.0,0.1611328125,0.00011671379602067695,1266
4380,0.0019888838287442923,0.9992905259132385,1.0,0.0517578125,0.00011659081536253483,2819
4381,0.0023444565013051033,0.9992915391921997,1.0,0.051025390625,0.00011646788998156514,2823
4382,0.0018050193320959806,0.9993800520896912,1.0,0.0673828125,0.00011634501991383248,1613
4383,0.004055039957165718,0.9995166659355164,1.0,0.08447265625,0.00011622220519538564,4138
4384,0.0035078611690551043,0.9992509484291077,1.0,0.0947265625,0.00011609944586225727,4005
4385,0.0027622461784631014,0.9994189143180847,1.0,0.068359375,0.00011597674195046328,1721
4386,0.002456779358908534,0.9992284178733826,1.0,0.07373046875,0.00011585409349600402,5184
4387,0.002384581370279193,0.9998180270195007,1.0,0.03369140625,0.00011573150053486286,5496
4388,0.0016049877740442753,0.9994661211967468,1.0,0.07080078125,0.00011560896310300742,1873
4389,0.0035971079487353563,0.9989495873451233,1.0,0.1328125,0.00011548648123638874,1904
4390,0.0021211737766861916,0.9994308352470398,1.0,0.07861328125,0.00011536405497094166,1757
4391,0.0032540170941501856,0.9994061589241028,1.0,0.1064453125,0.00011524168434258483,1684
4392,0.002163446042686701,0.9994555115699768,1.0,0.03955078125,0.00011511936938722024,3673
4393,0.003503577085211873,0.9995352029800415,1.0,0.07080078125,0.0001149971101407338,4303
4394,0.0035462663508951664,0.9990864992141724,1.0,0.06787109375,0.00011487490663899504,3284
4395,0.002425811253488064,0.9996098875999451,1.0,0.03564453125,0.00011475275891785711,5127
4396,0.002406736370176077,0.9992882609367371,1.0,0.1103515625,0.00011463066701315686,1405
4397,0.003109010634943843,0.9996175765991211,1.0,0.06640625,0.00011450863096071473,2615
4398,0.003131056670099497,0.9993416666984558,1.0,0.06396484375,0.00011438665079633448,4557
4399,0.0028185804840177298,0.9993468523025513,1.0,0.06640625,0.00011426472655580412,3062
4400,0.00132781732827425,0.9994805455207825,1.0,0.07861328125,0.00011414285827489462,1925
4401,0.003155161626636982,0.9996156096458435,1.0,0.0537109375,0.00011402104598936085,5203
4402,0.0029522438999265432,0.9990503191947937,1.0,0.54296875,0.0001138992897349413,1053
4403,0.005290179047733545,0.9987309575080872,1.0,0.11474609375,0.00011377758954735757,1576
4404,0.003948182333260775,0.9992763996124268,1.0,0.08544921875,0.00011365594546231564,2764
4405,0.0026827333495020866,0.9985308647155762,1.0,0.09033203125,0.00011353435751550417,2042
4406,0.002096502110362053,0.9992877244949341,1.0,0.06396484375,0.00011341282574259583,2808
4407,0.0024507043417543173,0.9995562434196472,1.0,0.038330078125,0.00011329135017924671,4507
4408,0.0016095959581434727,0.9992856979370117,1.0,0.0654296875,0.00011316993086109638,1400
4409,0.003154359757900238,0.9981250166893005,1.0,0.103515625,0.00011304856782376795,1600
4410,0.002945594722405076,0.9996368288993835,1.0,0.0289306640625,0.00011292726110286811,5507
4411,0.0025791670195758343,0.9994528293609619,1.0,0.04345703125,0.00011280601073398663,5483
4412,0.0032897607889026403,0.9995837807655334,1.0,0.03955078125,0.00011268481675269723,4805
4413,0.002381937112659216,0.999360203742981,1.0,0.05517578125,0.0001125636791945568,3126
4414,0.003135224338620901,0.9978601932525635,1.0,0.10693359375,0.00011244259809510582,1402
4415,0.0018490534275770187,0.9993117451667786,1.0,0.061767578125,0.00011232157348986821,2906
4416,0.0015804964350536466,0.9994778037071228,1.0,0.083984375,0.00011220060541435098,1915
4417,0.0023218237329274416,0.9990525841712952,1.0,0.06591796875,0.00011207969390404518,2111
4418,0.003314328147098422,0.9988818764686584,1.0,0.076171875,0.0001119588389944247,2683
4419,0.0006296521751210093,1.0,1.0,0.047119140625,0.00011183804072094704,2022
4420,0.00259906193241477,0.9987063407897949,1.0,0.09716796875,0.00011171729911905318,1546
4421,0.0013155491324141622,0.9995511770248413,1.0,0.1015625,0.00011159661422416715,2228
4422,0.001984573667868972,0.9994314908981323,1.0,0.07373046875,0.00011147598607169694,1759
4423,0.0027104185428470373,0.9996516704559326,1.0,0.042236328125,0.00011135541469703314,2871
4424,0.002247594064101577,0.9992226958274841,1.0,0.0810546875,0.00011123490013555022,2573
4425,0.002867524977773428,0.9988968372344971,1.0,0.0908203125,0.00011111444242260586,1813
4426,0.0036775977350771427,0.9991582632064819,1.0,0.109375,0.00011099404159354092,1188
4427,0.0012835203669965267,0.9995889663696289,1.0,0.06689453125,0.00011087369768367978,2433
4428,0.002255241619423032,0.9990516901016235,1.0,0.07958984375,0.00011075341072833001,2109
4429,0.0028084220830351114,0.9991993308067322,1.0,0.09228515625,0.0001106331807627824,2498
4430,0.0022711066994816065,0.9992454648017883,1.0,0.0810546875,0.00011051300782231107,3976
4431,0.0026681881863623857,0.9996674656867981,1.0,0.04736328125,0.00011039289194217345,3007
4432,0.005703364964574575,0.9970687031745911,1.0,0.11279296875,0.00011027283315761029,2388
4433,0.0032525749411433935,0.9991708397865295,1.0,0.07275390625,0.00011015283150384554,1206
4434,0.0028631254099309444,0.9994044303894043,1.0,0.043212890625,0.00011003288701608609,5037
4435,0.0028762242291122675,0.9988290667533875,1.0,0.0888671875,0.00010991299972952272,1708
4436,0.001992343459278345,0.9995119571685791,1.0,0.059814453125,0.00010979316967932873,2049
4437,0.002897238126024604,0.999472975730896,1.0,0.07958984375,0.00010967339690066102,3795
4438,0.0021935547702014446,0.9992877244949341,1.0,0.10595703125,0.00010955368142865967,1404
4439,0.002590199699625373,0.9989365339279175,1.0,0.05712890625,0.00010943402329844776,2821
4440,0.002159193390980363,0.9993061423301697,1.0,0.058837890625,0.00010931442254513182,5765
4441,0.0015349994646385312,1.0,1.0,0.061767578125,0.00010919487920380125,1530
4442,0.002264829818159342,0.9991503953933716,1.0,0.09326171875,0.00010907539330952871,2354
4443,0.0023141540586948395,0.9995436668395996,1.0,0.052001953125,0.00010895596489737015,4383
4444,0.0025410791859030724,0.9995970129966736,1.0,0.08056640625,0.00010883659400236456,4963
4445,0.0024079703725874424,0.9992175102233887,1.0,0.059814453125,0.00010871728065953394,2556
4446,0.0031213865149766207,0.99897700548172,1.0,0.0947265625,0.00010859802490388366,1955
4447,0.003470328636467457,0.9993382096290588,1.0,0.2001953125,0.00010847882677040176,1511
4448,0.006400207057595253,0.9983659982681274,1.0,0.45703125,0.00010835968629406002,1224
4449,0.003031141823157668,0.9989321827888489,1.0,0.3203125,0.00010824060350981269,1873
4450,0.0030084000900387764,0.9989177584648132,1.0,0.07763671875,0.00010812157845259736,2772
4451,0.004282581619918346,0.9985945224761963,1.0,0.095703125,0.00010800261115733488,1423
4452,0.0015654207672923803,0.9995325207710266,1.0,0.044921875,0.0001078837016589285,2139
4453,0.0009457073174417019,1.0,1.0,0.03515625,0.00010776484999226545,2054
4454,0.0038042846135795116,0.999447226524353,1.0,0.060302734375,0.00010764605619221518,1809
4455,0.010043657384812832,0.997614324092865,1.0,0.212890625,0.00010752732029363057,2515
4456,0.0025386251509189606,0.9993714690208435,1.0,0.0537109375,0.00010740864233134741,4773
4457,0.0027783492114394903,0.9981895089149475,1.0,0.1875,0.00010729002234018454,1657
4458,0.002632636111229658,0.9989827275276184,1.0,0.2578125,0.00010717146035494379,983
4459,0.0030001301784068346,0.9991769790649414,1.0,0.0947265625,0.00010705295641040978,2430
4460,0.0024937710259109735,0.9993107914924622,1.0,0.09375,0.00010693451054135033,1451
4461,0.0014836551854386926,1.0,1.0,0.0849609375,0.00010681612278251621,1095
4462,0.002991447690874338,0.9987679719924927,1.0,0.07958984375,0.00010669779316864101,2435
4463,0.004794187843799591,0.9987030029296875,1.0,0.1220703125,0.00010657952173444139,1542
4464,0.003632975509390235,0.9990900754928589,1.0,0.08203125,0.00010646130851461691,2198
4465,0.0028223858680576086,0.9996098279953003,1.0,0.047119140625,0.00010634315354384976,5126
4466,0.002764534903690219,0.9991334676742554,1.0,0.1025390625,0.00010622505685680574,1154
4467,0.0022434017155319452,0.9991603493690491,1.0,0.095703125,0.00010610701848813273,1191
4468,0.007417118176817894,0.9977641105651855,1.0,0.18359375,0.00010598903847246208,1789
4469,0.0020359777845442295,0.9985994100570679,1.0,0.08740234375,0.00010587111684440785,1428
4470,0.00550818582996726,0.9982190728187561,1.0,0.1435546875,0.00010575325363856664,2246
4471,0.0026519261300563812,0.9997197985649109,1.0,0.044189453125,0.00010563544888951867,3569
4472,0.0016421565087512136,1.0,1.0,0.0712890625,0.00010551770263182623,1261
4473,0.002556813880801201,0.9994165897369385,1.0,0.06787109375,0.0001054000149000348,5142
4474,0.002347937785089016,0.9994977116584778,1.0,0.06494140625,0.00010528238572867273,3982
4475,0.004081501625478268,0.9984227418899536,1.0,0.08984375,0.00010516481515225116,1268
4476,0.0021687394473701715,0.9989801049232483,1.0,0.0751953125,0.00010504730320526398,1961
4477,0.002631767652928829,0.9991496801376343,1.0,0.04833984375,0.00010492984992218778,2352
4478,0.0025075182784348726,0.9993718862533569,1.0,0.062255859375,0.00010481245533748217,1592
4479,0.0019470369443297386,0.9997815489768982,1.0,0.0400390625,0.00010469511948558938,4578
4480,0.0009107280056923628,1.0,1.0,0.0673828125,0.00010457784240093442,1824
4481,0.003929906524717808,0.9987572431564331,1.0,0.0908203125,0.00010446062411792515,2414
4482,0.00431402400135994,0.9984160661697388,1.0,0.310546875,0.00010434346467095219,1894
4483,0.0012777824886143208,0.9994331002235413,1.0,0.057861328125,0.00010422636409438858,1764
4484,0.0026930777821689844,0.9995531439781189,1.0,0.0615234375,0.00010410932242259064,4476
4485,0.0013923560036346316,0.9996343851089478,1.0,0.052490234375,0.00010399233968989685,2735
4486,0.0012233755551278591,1.0,1.0,0.07275390625,0.00010387541593062878,1694
4487,0.007028322201222181,0.996107280254364,1.0,0.193359375,0.00010375855117909064,2312
4488,0.0012916714185848832,1.0,1.0,0.051025390625,0.00010364174546956895,2069
4489,0.002653917297720909,0.9994252920150757,1.0,0.1376953125,0.00010352499883633362,1740
4490,0.0024526582565158606,0.9994930028915405,1.0,0.068359375,0.00010340831131363656,3945
4491,0.0028704465366899967,0.9995189905166626,1.0,0.051513671875,0.00010329168293571259,2079
4492,0.004244963638484478,0.9985940456390381,1.0,0.11474609375,0.00010317511373677931,2845
4493,0.0024690867867320776,0.9996408224105835,1.0,0.0634765625,0.00010305860375103681,2784
4494,0.00284808618016541,0.9989674687385559,1.0,0.0810546875,0.00010294215301266777,1937
4495,0.0014714115532115102,0.9995012283325195,1.0,0.07373046875,0.00010282576155583768,2005
4496,0.002734555397182703,0.9992022514343262,1.0,0.11328125,0.00010270942941469434,2507
4497,0.0026473875623196363,0.9994161128997803,1.0,0.08251953125,0.00010259315662336841,5138
4498,0.0017530502518638968,0.9994044303894043,1.0,0.10986328125,0.00010247694321597296,1679
4499,0.0027035544626414776,0.9997395873069763,1.0,0.042236328125,0.00010236078922660382,3840
4500,0.0031208940781652927,0.9992446899414062,1.0,0.0703125,0.0001022446946893393,2648
4501,0.00198063044808805,0.9996482133865356,1.0,0.037109375,0.00010212865963824009,5685
4502,0.0022379038855433464,0.9996516704559326,1.0,0.0439453125,0.00010201268410734983,2871
4503,0.0029275112319737673,0.9991876482963562,1.0,0.09130859375,0.00010189676813069421,2462
4504,0.0034444432239979506,0.9989561438560486,1.0,0.19921875,0.00010178091174228184,2874
4505,0.0009968950180336833,0.9995039701461792,1.0,0.03466796875,0.00010166511497610379,2016
4506,0.0024331267923116684,0.9992647171020508,1.0,0.07666015625,0.00010154937786613324,2720
4507,0.0012929487274959683,0.9994778037071228,1.0,0.0771484375,0.00010143370044632661,1915
4508,0.0024664318189024925,0.9992202520370483,1.0,0.07666015625,0.00010131808275062204,2565
4509,0.00222608121111989,0.999360203742981,1.0,0.115234375,0.00010120252481294053,3126
4510,0.002627443289384246,0.9995166659355164,1.0,0.040283203125,0.00010108702666718562,4138
4511,0.0019865853246301413,0.999386727809906,1.0,0.048828125,0.0001009715883472431,4892
4512,0.0018179084872826934,0.9996374249458313,1.0,0.052978515625,0.00010085620988698131,2758
4513,0.0028355177491903305,0.998651385307312,1.0,0.140625,0.0001007408913202512,1483
4514,0.001058650203049183,0.9994350075721741,1.0,0.045166015625,0.00010062563268088565,1770
4515,0.0016251264605671167,0.9996252059936523,1.0,0.04443359375,0.0001005104340027004,2668
4516,0.0012542923213914037,0.9993864893913269,1.0,0.083984375,0.00010039529531949351,1630
4517,0.0024494235403835773,0.9992584586143494,1.0,0.076171875,0.00010028021666504537,2697
4518,0.0019351226510480046,0.9992012977600098,1.0,0.07275390625,0.00010016519807311889,1252
4519,0.0013082989025861025,1.0,1.0,0.0869140625,0.00010005023957745897,1629
4520,0.0013294490054249763,0.9994391202926636,1.0,0.042724609375,9.993534121179349e-05,1783
4521,0.0016553906025364995,0.9994314908981323,1.0,0.0634765625,9.982050300983214e-05,1759
4522,0.0029450529254972935,0.9991925954818726,1.0,0.0751953125,9.970572500526726e-05,2477
4523,0.000798806722741574,1.0,1.0,0.033447265625,9.959100723177353e-05,1530
4524,0.0014378734631463885,0.9996687769889832,1.0,0.048095703125,9.947634972300759e-05,3019
4525,0.0027703477535396814,0.999487042427063,1.0,0.047119140625,9.936175251260911e-05,3899
4526,0.002012290759012103,0.9996408224105835,1.0,0.046875,9.924721563419927e-05,2784
4527,0.0022381304297596216,0.9995808601379395,1.0,0.058837890625,9.913273912138211e-05,2386
4528,0.00196602800861001,0.9996674656867981,1.0,0.040283203125,9.901832300774369e-05,3007
4529,0.0009880948346108198,1.0,1.0,0.059326171875,9.890396732685253e-05,1319
4530,0.0017094395589083433,0.9995258450508118,1.0,0.08447265625,9.878967211225925e-05,2109
4531,0.0009680892690084875,1.0,1.0,0.036376953125,9.86754373974969e-05,2431
4532,0.0024787220172584057,0.9997385740280151,1.0,0.03125,9.856126321608046e-05,3825
4533,0.002216074615716934,0.9993429780006409,1.0,0.0458984375,9.844714960150767e-05,3044
4534,0.002320393454283476,0.9992915391921997,1.0,0.04443359375,9.833309658725807e-05,2823
4535,0.0003909047518391162,1.0,1.0,0.0179443359375,9.821910420679332e-05,1679
4536,0.00421920046210289,0.9989827275276184,1.0,0.0908203125,9.810517249355798e-05,2949
4537,0.0008381839725188911,1.0,1.0,0.07958984375,9.799130148097791e-05,1271
4538,0.0014007093850523233,0.9996812343597412,1.0,0.026611328125,9.787749120246199e-05,3137
4539,0.0008425631676800549,1.0,1.0,0.0322265625,9.77637416914006e-05,1684
4540,0.0016088595148175955,0.999580979347229,1.0,0.0267333984375,9.765005298116675e-05,4773
4541,0.0022177130449563265,0.999640166759491,1.0,0.05029296875,9.753642510511538e-05,2779
4542,0.001519081648439169,0.9994305372238159,1.0,0.0927734375,9.742285809658373e-05,1756
4543,0.0032865111716091633,0.999447226524353,1.0,0.08447265625,9.730935198889109e-05,1809
4544,0.0007717288099229336,1.0,1.0,0.03759765625,9.71959068153388e-05,1854
4545,0.0023283404298126698,0.9992907643318176,1.0,0.1416015625,9.708252260921048e-05,1410
4546,0.0010250044288113713,1.0,1.0,0.034423828125,9.696919940377183e-05,2734
4547,0.0026804173830896616,0.9995342493057251,1.0,0.056396484375,9.685593723227064e-05,4294
4548,0.0017765490338206291,0.9993036389350891,1.0,0.1201171875,9.674273612793662e-05,1436
4549,0.0027755789924412966,0.99909907579422,1.0,0.09423828125,9.662959612398198e-05,2220
4550,0.0061539397574961185,0.9993866682052612,1.0,0.12353515625,9.651651725360045e-05,3261
4551,0.0022538190241903067,0.9993190169334412,1.0,0.061767578125,9.640349954996848e-05,2937
4552,0.0018318375805392861,0.9996249079704285,1.0,0.046875,9.629054304624401e-05,2666
4553,0.001789187896065414,0.9993710517883301,1.0,0.10498046875,9.617764777556706e-05,1590
4554,0.0021607244852930307,0.9989026784896851,1.0,0.07080078125,9.60648137710602e-05,2734
4555,0.002349626971408725,0.9992319345474243,1.0,0.0634765625,9.595204106582734e-05,1302
4556,0.0035589360632002354,0.998633861541748,1.0,0.08935546875,9.58393296929551e-05,2196
4557,0.00023742888879496604,1.0,1.0,0.006744384765625,9.572667968551146e-05,744
4558,0.0023995705414563417,0.999599039554596,1.0,0.0537109375,9.561409107654679e-05,4988
4559,0.005049610510468483,0.9978924989700317,1.0,0.1416015625,9.550156389909336e-05,949
4560,0.002238535089418292,0.9994202852249146,1.0,0.06884765625,9.538909818616547e-05,1725
4561,0.00293699000030756,0.9993183612823486,1.0,0.080078125,9.527669397075918e-05,2934
4562,0.002039323328062892,0.9996662139892578,1.0,0.033447265625,9.516435128585267e-05,2996
4563,0.003072847379371524,0.9990398287773132,1.0,0.10693359375,9.505207016440608e-05,2083
4564,0.0021904953755438328,0.9992877244949341,1.0,0.076171875,9.493985063936147e-05,2808
4565,0.0029384829103946686,0.9990239143371582,1.0,0.06396484375,9.48276927436428e-05,2049
4566,0.0006140845944173634,1.0,1.0,0.03125,9.47155965101558e-05,2712
4567,0.0013207260053604841,1.0,1.0,0.07080078125,9.460356197178855e-05,1443
4568,0.002780931768938899,0.9991951584815979,1.0,0.054443359375,9.449158916141048e-05,2485
4569,0.0018611043924465775,0.9996362328529358,1.0,0.032470703125,9.437967811187344e-05,2749
4570,0.0009343478595837951,0.9996343851089478,1.0,0.036865234375,9.426782885601075e-05,2735
4571,0.008702167309820652,0.9981909990310669,1.0,0.150390625,9.415604142663754e-05,2764
4572,0.0019326516194269061,1.0,1.0,0.130859375,9.40443158565514e-05,970
4573,0.002358510624617338,0.9996954798698425,1.0,0.041259765625,9.393265217853113e-05,3284
4574,0.007731501013040543,0.9987431764602661,1.0,0.306640625,9.382105042533763e-05,2387
4575,0.0015811675693839788,0.9998055100440979,1.0,0.023193359375,9.370951062971366e-05,5142
4576,0.0019516177708283067,0.9996244311332703,1.0,0.0289306640625,9.35980328243838e-05,5325
4577,0.003235389245674014,0.999254584312439,1.0,0.08203125,9.348661704205438e-05,2683
4578,0.0007115097250789404,1.0,1.0,0.02294921875,9.337526331541364e-05,1349
4579,0.0008130683563649654,1.0,1.0,0.0322265625,9.326397167713126e-05,1923
4580,0.00546109676361084,0.9975144863128662,1.0,0.107421875,9.31527421598593e-05,2414
4581,0.0026722815819084644,0.9995837807655334,1.0,0.03662109375,9.304157479623109e-05,4805
4582,0.001961574424058199,0.9992360472679138,1.0,0.05224609375,9.293046961886195e-05,3927
4583,0.00286641763523221,0.999206006526947,1.0,0.0703125,9.281942666034897e-05,2519
4584,0.0025384435430169106,0.9993792772293091,1.0,0.051513671875,9.270844595327074e-05,4833
4585,0.0027111172676086426,0.9995921850204468,1.0,0.0400390625,9.259752753018807e-05,2452
4586,0.002640098100528121,0.9996087551116943,1.0,0.07177734375,9.248667142364289e-05,2556
4587,0.0012093342375010252,1.0,1.0,0.1533203125,9.237587766615932e-05,1575
4588,0.0028515635058283806,0.9992395639419556,1.0,0.07568359375,9.226514629024298e-05,2630
4589,0.0015083524631336331,1.0,1.0,0.0859375,9.215447732838129e-05,1997
4590,0.0023018240462988615,0.9995729923248291,1.0,0.07568359375,9.204387081304331e-05,2342
4591,0.0039004660211503506,0.9987684488296509,1.0,0.0986328125,9.193332677667969e-05,1624
4592,0.0009217842598445714,1.0,1.0,0.04638671875,9.182284525172284e-05,1191
4593,0.0022177945356816053,0.9992548227310181,1.0,0.0703125,9.171242627058679e-05,2684
4594,0.0028379475697875023,0.9989136457443237,1.0,0.0810546875,9.160206986566732e-05,1841
4595,0.0020500931423157454,0.9995266199111938,1.0,0.04931640625,9.149177606934173e-05,4225
4596,0.0030228453688323498,0.9994632601737976,1.0,0.0458984375,9.138154491396917e-05,3726
4597,0.0018402633722871542,0.9993468523025513,1.0,0.04833984375,9.127137643188989e-05,4593
4598,0.0015526048373430967,0.9995996952056885,1.0,0.03857421875,9.116127065542653e-05,2498
4599,0.00042562861926853657,1.0,1.0,0.01031494140625,9.10512276168825e-05,1873
4600,0.001882293727248907,0.9995033740997314,1.0,0.044677734375,9.094124734854348e-05,4027
4601,0.0026385451201349497,0.9987863898277283,1.0,0.09521484375,9.083132988267646e-05,1648
4602,0.0014772170688956976,0.9993107914924622,1.0,0.0654296875,9.072147525152977e-05,1451
4603,0.002301430329680443,0.999474048614502,1.0,0.0595703125,9.061168348733387e-05,5704
4604,0.0020159343257546425,0.9996361136436462,1.0,0.1240234375,9.05019546223002e-05,2748
4605,0.0031849942170083523,0.9993234276771545,1.0,0.1728515625,9.039228868862208e-05,2956
4606,0.0024595139548182487,0.9993946552276611,1.0,0.057861328125,9.028268571847433e-05,4956
4607,0.002490848070010543,0.9993749856948853,1.0,0.09326171875,9.01731457440132e-05,1600
4608,0.0013401840114966035,0.9994661211967468,1.0,0.0849609375,9.006366879737656e-05,1873
4609,0.002404897939413786,0.999071478843689,1.0,0.07861328125,8.995425491068363e-05,2154
4610,0.002290794625878334,0.99932861328125,1.0,0.045166015625,8.984490411603532e-05,2979
4611,0.00144324847497046,0.9995240569114685,1.0,0.05322265625,8.97356164455139e-05,2101
4612,0.0021322891116142273,0.9996812343597412,1.0,0.06640625,8.96263919311832e-05,3137
4613,0.0018874849192798138,0.9993091821670532,1.0,0.05859375,8.951723060508847e-05,2895
4614,0.0008154865354299545,1.0,1.0,0.06201171875,8.940813249925649e-05,1830
4615,0.0011677256552502513,0.9996605515480042,1.0,0.0380859375,8.929909764569524e-05,2946
4616,0.0017343926010653377,0.9998265504837036,1.0,0.0400390625,8.919012607639469e-05,5765
4617,0.0025378272403031588,0.9993780851364136,1.0,0.05029296875,8.908121782332556e-05,3216
4618,0.0023227548226714134,0.9996052384376526,1.0,0.04833984375,8.897237291844046e-05,5066
4619,0.002008351031690836,0.9991652965545654,1.0,0.06396484375,8.886359139367342e-05,2396
4620,0.002055209595710039,0.999498724937439,1.0,0.0703125,8.87548732809394e-05,1995
4621,0.0007775551057420671,1.0,1.0,0.044189453125,8.864621861213542e-05,2008
4622,0.004653848707675934,0.9983752965927124,1.0,0.1142578125,8.853762741913938e-05,2462
4623,0.00178226875141263,0.999616265296936,1.0,0.0908203125,8.842909973381081e-05,2606
4624,0.002831609919667244,0.9996175765991211,1.0,0.06396484375,8.832063558799046e-05,2615
4625,0.0011064427671954036,1.0,1.0,0.06689453125,8.821223501350058e-05,1542
4626,0.00146097328979522,0.9992800354957581,1.0,0.04833984375,8.810389804214471e-05,2778
4627,0.0026699313893914223,0.9994410276412964,1.0,0.0693359375,8.799562470570772e-05,1789
4628,0.0014372175792232156,0.9996607899665833,1.0,0.043212890625,8.788741503595572e-05,2948
4629,0.0009107571677304804,1.0,1.0,0.052734375,8.777926906463628e-05,1658
4630,0.0018527691718190908,0.9996195435523987,1.0,0.039794921875,8.767118682347829e-05,5257
4631,0.0021004651207476854,0.9995970129966736,1.0,0.059326171875,8.756316834419178e-05,4963
4632,0.002800452522933483,0.9993612170219421,1.0,0.05615234375,8.745521365846837e-05,3131
4633,0.002752713393419981,0.999196469783783,1.0,0.07861328125,8.734732279798046e-05,2489
4634,0.0024708309210836887,0.9982773661613464,1.0,0.154296875,8.723949579438235e-05,1161
4635,0.001129194744862616,1.0,1.0,0.053955078125,8.713173267930911e-05,1505
4636,0.002328643575310707,0.9996563792228699,1.0,0.0791015625,8.702403348437727e-05,2910
4637,0.001937354914844036,0.9992660284042358,1.0,0.051025390625,8.691639824118472e-05,5450
4638,0.0012933621183037758,0.9995262622833252,1.0,0.048583984375,8.68088269813101e-05,2111
4639,0.002305731875821948,0.9984227418899536,1.0,0.07470703125,8.670131973631407e-05,1268
4640,0.0017144999001175165,0.9994977116584778,1.0,0.05615234375,8.65938765377378e-05,3982
4641,0.0008579333079978824,1.0,1.0,0.09765625,8.648649741710398e-05,1264
4642,0.0019446047954261303,0.9990649819374084,1.0,0.06591796875,8.637918240591647e-05,2139
4643,0.0019151013111695647,0.9996615648269653,1.0,0.06201171875,8.627193153566034e-05,2955
4644,0.001928367419168353,1.0,1.0,0.107421875,8.616474483780176e-05,1554
4645,0.0018942148890346289,0.9996023774147034,1.0,0.126953125,8.605762234378822e-05,2515
4646,0.001969544915482402,0.9993468523025513,1.0,0.06689453125,8.595056408504815e-05,3062
4647,0.0014312106650322676,0.9994308352470398,1.0,0.06396484375,8.584357009299126e-05,1757
4648,0.0012631736462935805,1.0,1.0,0.09619140625,8.57366403990085e-05,1511
4649,0.0027263520751148462,0.999330461025238,1.0,0.0751953125,8.562977503447178e-05,2987
4650,0.0024444316513836384,0.9992695450782776,1.0,0.1142578125,8.552297403073438e-05,1369
4651,0.00328655494377017,0.9988059997558594,1.0,0.11328125,8.541623741913024e-05,1675
4652,0.0018626328092068434,0.9992952942848206,1.0,0.10302734375,8.530956523097501e-05,1419
4653,0.002009853022173047,0.9996222257614136,1.0,0.055908203125,8.520295749756492e-05,2647
4654,0.0006482957396656275,1.0,1.0,0.043212890625,8.509641425017755e-05,1261
4655,0.0038678948767483234,0.9992763996124268,1.0,0.06982421875,8.498993552007166e-05,2764
4656,0.002915096702054143,0.9996141791343689,1.0,0.0615234375,8.48835213384866e-05,5184
4657,0.0011237444123253226,1.0,1.0,0.0751953125,8.477717173664347e-05,1749
4658,0.005316469818353653,0.9983249306678772,1.0,0.171875,8.467088674574386e-05,2388
4659,0.0016118381172418594,0.9994903206825256,1.0,0.07080078125,8.456466639697063e-05,1962
4660,0.0019326637266203761,0.9993333220481873,1.0,0.048095703125,8.445851072148773e-05,3000
4661,0.002077891258522868,0.9992101192474365,1.0,0.142578125,8.435241975044005e-05,1266
4662,0.001933883992023766,0.9992867112159729,1.0,0.0966796875,8.424639351495347e-05,1402
4663,0.0005158559652045369,1.0,1.0,0.0196533203125,8.414043204613498e-05,2054
4664,0.0006891053053550422,1.0,1.0,0.0390625,8.40345353750724e-05,2103
4665,0.0020143340807408094,0.9995748400688171,1.0,0.041015625,8.392870353283469e-05,2352
4666,0.0044541386887431145,0.9992784857749939,1.0,0.220703125,8.382293655047174e-05,1386
4667,0.0016210955800488591,1.0,1.0,0.07763671875,8.371723445901442e-05,1333
4668,0.0022571829613298178,0.9995868802070618,1.0,0.038330078125,8.361159728947466e-05,4841
4669,0.010592814534902573,0.9991227984428406,1.0,0.08984375,8.350602507284493e-05,2280
4670,0.0016787565546110272,0.9995831847190857,1.0,0.032958984375,8.340051784009937e-05,4798
4671,0.000551450124476105,1.0,1.0,0.0299072265625,8.329507562219231e-05,1764
4672,0.0016162233659997582,0.9996726512908936,1.0,0.0595703125,8.318969845005947e-05,3055
4673,0.0018744594417512417,0.999370276927948,1.0,0.04638671875,8.308438635461729e-05,3176
4674,0.003247068962082267,0.999290943145752,1.0,0.07080078125,8.297913936676324e-05,4231
4675,0.0006248135468922555,1.0,1.0,0.03125,8.287395751737563e-05,1915
4676,0.0012296122731640935,0.9996452927589417,1.0,0.046142578125,8.276884083731357e-05,2819
4677,0.0028487734962254763,0.9990313053131104,1.0,0.0927734375,8.266378935741714e-05,3097
4678,0.0013984990073367953,0.9995511770248413,1.0,0.07177734375,8.255880310850731e-05,2228
4679,0.0015051409136503935,0.9995577335357666,1.0,0.08203125,8.245388212138596e-05,2261
4680,0.0019319469574838877,0.9992665648460388,1.0,0.052978515625,8.234902642683563e-05,2727
4681,0.002443106146529317,0.9991876482963562,1.0,0.07421875,8.224423605561991e-05,2462
4682,0.002066271612420678,0.9993724226951599,1.0,0.0634765625,8.2139511038483e-05,3187
4683,0.0020165396854281425,0.9994555115699768,1.0,0.050537109375,8.203485140615029e-05,5510
4684,0.0020011679735034704,0.9990239143371582,1.0,0.06396484375,8.193025718932756e-05,2049
4685,0.002119812648743391,0.9995728135108948,1.0,0.0537109375,8.182572841870167e-05,4682
4686,0.0012317372020334005,1.0,1.0,0.087890625,8.17212651249403e-05,1235
4687,0.002164544304832816,0.9995611310005188,1.0,0.03857421875,8.161686733869151e-05,4557
4688,0.0023746530059725046,0.9993183612823486,1.0,0.058349609375,8.151253509058487e-05,2934
4689,0.002450439613312483,0.9996322393417358,1.0,0.08154296875,8.140826841123005e-05,2719
4690,0.0019635034259408712,0.9992877244949341,1.0,0.09326171875,8.130406733121776e-05,1404
4691,0.0006009652279317379,1.0,1.0,0.05615234375,8.11999318811195e-05,1400
4692,0.0017690600361675024,0.9991227984428406,1.0,0.08203125,8.109586209148748e-05,1140
4693,0.0016821451717987657,0.9994733929634094,1.0,0.06494140625,8.099185799285467e-05,1899
4694,0.0022117639891803265,0.9992178082466125,1.0,0.07763671875,8.088791961573456e-05,2557
4695,0.0013276898534968495,0.9992337226867676,1.0,0.056396484375,8.07840469906216e-05,1305
4696,0.0015476442640647292,0.9992997050285339,1.0,0.07470703125,8.068024014799086e-05,1428
4697,0.0017957426607608795,0.9996044039726257,1.0,0.046875,8.057649911829817e-05,2528
4698,0.0026633525267243385,0.9989365339279175,1.0,0.1279296875,8.047282393197997e-05,2821
4699,0.00974266603589058,0.9990503191947937,1.0,0.33203125,8.03692146194535e-05,1053
4700,0.0012821477139368653,1.0,1.0,0.052978515625,8.026567121111633e-05,1961
4701,0.0021420083940029144,0.9991416335105896,1.0,0.06591796875,8.016219373734727e-05,2330
4702,0.009399394504725933,0.9968740344047546,1.0,0.353515625,8.005878222850522e-05,3199
4703,0.0010263781296089292,0.9996530413627625,1.0,0.06787109375,7.99554367149301e-05,2882
4704,0.0018064710311591625,0.9994969964027405,1.0,0.034912109375,7.985215722694244e-05,3976
4705,0.0030349628068506718,0.9992126226425171,1.0,0.059814453125,7.974894379484293e-05,3810
4706,0.0021018243860453367,0.9992784857749939,1.0,0.0595703125,7.964579644891374e-05,2772
4707,0.0018969628727063537,0.9997766017913818,1.0,0.034423828125,7.954271521941676e-05,4476
4708,0.0019283327274024487,0.9993197321891785,1.0,0.044921875,7.943970013659506e-05,2940
4709,0.0016333520179614425,0.9996269941329956,1.0,0.04736328125,7.933675123067213e-05,2681
4710,0.0019097772892564535,0.9993706941604614,1.0,0.07568359375,7.923386853185202e-05,1589
4711,0.001276971772313118,0.999451756477356,1.0,0.08984375,7.913105207031937e-05,1824
4712,0.0012977577280253172,1.0,1.0,0.045654296875,7.902830187623944e-05,2198
4713,0.002032821299508214,0.9996126890182495,1.0,0.038818359375,7.892561797975792e-05,2582
4714,0.0004837476590182632,1.0,1.0,0.02490234375,7.882300041100112e-05,1325
4715,0.002042773412540555,1.0,1.0,0.10205078125,7.872044920007601e-05,534
4716,0.0022524904925376177,0.9987217783927917,1.0,0.07080078125,7.861796437706987e-05,2347
4717,0.0014040820533409715,1.0,1.0,0.053466796875,7.851554597205078e-05,1601
4718,0.0019860602915287018,0.9996364712715149,1.0,0.052001953125,7.841319401506688e-05,2751
4719,0.00044659958803094923,1.0,1.0,0.03564453125,7.831090853614744e-05,1692
4720,0.001356247696094215,1.0,1.0,0.0673828125,7.820868956530162e-05,1613
4721,0.0023930363822728395,0.9993742108345032,1.0,0.10595703125,7.810653713251945e-05,1598
4722,0.0007543737883679569,1.0,1.0,0.042236328125,7.800445126777141e-05,1881
4723,0.0013779735891148448,0.9990103840827942,1.0,0.26171875,7.790243200100809e-05,2021
4724,0.0016587974969297647,0.9996421337127686,1.0,0.0294189453125,7.780047936216118e-05,5589
4725,0.0026519354432821274,0.9997807741165161,1.0,0.0341796875,7.769859338114221e-05,4562
4726,0.0022858541924506426,0.9995042085647583,1.0,0.042236328125,7.75967740878434e-05,2017
4727,0.0026157943066209555,0.9987679719924927,1.0,0.08349609375,7.749502151213752e-05,2435
4728,0.0016403438057750463,0.9990662932395935,1.0,0.095703125,7.739333568387758e-05,1071
4729,0.002512677339836955,0.9994027614593506,1.0,0.054443359375,7.729171663289711e-05,5023
4730,0.001983661437407136,0.9989806413650513,1.0,0.068359375,7.719016438901009e-05,1962
4731,0.002947186818346381,0.9995450377464294,1.0,0.03857421875,7.708867898201063e-05,2198
4732,0.00029393116710707545,1.0,1.0,0.007293701171875,7.698726044167352e-05,1128
4733,0.001628622761927545,0.9992542862892151,1.0,0.10400390625,7.688590879775387e-05,1341
4734,0.0018200803315266967,0.9996548891067505,1.0,0.0400390625,7.678462407998714e-05,5795
4735,0.0032012907322496176,0.998735785484314,1.0,0.150390625,7.668340631808917e-05,2373
4736,0.002496331464499235,0.9993094205856323,1.0,0.08154296875,7.658225554175595e-05,2896
4737,0.00223780726082623,0.9997197985649109,1.0,0.051513671875,7.64811717806643e-05,3569
4738,0.002388680586591363,0.9993603229522705,1.0,0.06396484375,7.638015506447081e-05,4690
4739,0.0003692178870551288,1.0,1.0,0.01116943359375,7.62792054228128e-05,2022
4740,0.0017263087211176753,0.9995105266571045,1.0,0.08642578125,7.617832288530781e-05,2043
4741,0.0016274912049993873,0.9995436668395996,1.0,0.04150390625,7.607750748155344e-05,4383
4742,0.0012389731127768755,0.999582827091217,1.0,0.109375,7.597675924112813e-05,2397
4743,0.0019197599031031132,0.9995352029800415,1.0,0.0361328125,7.58760781935901e-05,4303
4744,0.0032933219335973263,0.9992126226425171,1.0,0.07421875,7.577546436847808e-05,2540
4745,0.0024492291267961264,0.9993581771850586,1.0,0.0791015625,7.56749177953111e-05,1558
4746,0.002056012861430645,0.9994720220565796,1.0,0.08056640625,7.557443850358836e-05,1894
4747,0.0006779020768590271,1.0,1.0,0.039306640625,7.547402652278943e-05,1488
4748,0.000401303987018764,1.0,1.0,0.0224609375,7.537368188237413e-05,1921
4749,0.0016125947004184127,0.9992509484291077,1.0,0.05615234375,7.527340461178227e-05,4005
4750,0.002440348267555237,0.9996029138565063,1.0,0.034423828125,7.517319474043423e-05,5037
4751,0.0007104604737833142,0.9994298815727234,1.0,0.05517578125,7.507305229773045e-05,1754
4752,0.002538043074309826,0.9992972612380981,1.0,0.0927734375,7.497297731305167e-05,1423
4753,0.0028446821961551905,0.9995547533035278,1.0,0.06591796875,7.487296981575878e-05,2246
4754,0.003037599613890052,0.9985940456390381,1.0,0.08984375,7.477302983519269e-05,2845
4755,0.0022074657026678324,0.999630331993103,1.0,0.051513671875,7.467315740067498e-05,2705
4756,0.0014986497117206454,0.9994747638702393,1.0,0.0703125,7.457335254150691e-05,1904
4757,0.003695516614243388,0.9992218017578125,1.0,0.09521484375,7.447361528697014e-05,2570
4758,0.002482516458258033,0.9992156624794006,1.0,0.0712890625,7.437394566632652e-05,2550
4759,0.003165019676089287,0.999365508556366,1.0,0.11376953125,7.427434370881804e-05,1576
4760,0.0011731293052434921,0.9995889663696289,1.0,0.04931640625,7.417480944366688e-05,2433
4761,0.0006072227261029184,1.0,1.0,0.32421875,7.40753429000751e-05,1095
4762,0.002424846636131406,0.9994333982467651,1.0,0.0869140625,7.397594410722517e-05,1765
4763,0.0018478698330000043,0.9993531703948975,1.0,0.078125,7.387661309427963e-05,1546
4764,0.004594302270561457,0.9986833333969116,1.0,0.1533203125,7.377734989038104e-05,1519
4765,0.0023849729914218187,0.9993036389350891,1.0,0.07763671875,7.367815452465224e-05,2872
4766,0.002969590248540044,0.9995024800300598,1.0,0.1337890625,7.357902702619603e-05,2010
4767,0.0023885644041001797,0.9991769790649414,1.0,0.04833984375,7.347996742409509e-05,2430
4768,0.001008037943392992,1.0,1.0,0.043701171875,7.338097574741278e-05,1721
4769,0.0019460486946627498,0.9993413686752319,1.0,0.0517578125,7.328205202519191e-05,6073
4770,0.0021115283016115427,0.999570369720459,1.0,0.043701171875,7.318319628645567e-05,4655
4771,0.0009764189017005265,1.0,1.0,0.03759765625,7.308440856020733e-05,1340
4772,0.002201349474489689,0.9996340870857239,1.0,0.05517578125,7.298568887542988e-05,2733
4773,0.00195509335026145,0.9996536374092102,1.0,0.0262451171875,7.288703726108692e-05,5774
4774,0.0018498622812330723,0.9998180270195007,1.0,0.031982421875,7.278845374612143e-05,5496
4775,0.0007664756267331541,1.0,1.0,0.0439453125,7.268993835945692e-05,983
4776,0.00177489232737571,0.9996677041053772,1.0,0.04443359375,7.25914911299966e-05,6019
4777,0.002470636973157525,0.9991782903671265,1.0,0.060302734375,7.249311208662388e-05,2434
4778,0.002407404128462076,0.9993343949317932,1.0,0.0625,7.239480125820213e-05,4507
4779,0.000948526372667402,1.0,1.0,0.0595703125,7.22965586735745e-05,1419
4780,0.0004936996265314519,1.0,1.0,0.0157470703125,7.219838436156436e-05,1925
4781,0.0016601553652435541,0.9996509552001953,1.0,0.0498046875,7.210027835097498e-05,2865
4782,0.0009316126233898103,1.0,1.0,0.053955078125,7.20022406705896e-05,1740
4783,0.003456826088950038,0.9990888237953186,1.0,0.07080078125,7.190427134917133e-05,2195
4784,0.0016124139074236155,0.9995296597480774,1.0,0.041259765625,7.180637041546338e-05,2126
4785,0.0018725565169006586,0.9996111392974854,1.0,0.041015625,7.170853789818864e-05,5143
4786,0.0017308163223788142,1.0,1.0,0.111328125,7.16107738260503e-05,1200
4787,0.0025294749066233635,0.999767005443573,1.0,0.051513671875,7.151307822773106e-05,4292
4788,0.002569130389019847,0.9997810125350952,1.0,0.032958984375,7.141545113189387e-05,4566
4789,0.002607351867482066,0.9988052845001221,1.0,0.09765625,7.131789256718142e-05,837
4790,0.0009277808130718768,1.0,1.0,0.0546875,7.122040256221617e-05,1712
4791,0.000567651994060725,1.0,1.0,0.0732421875,7.112298114560083e-05,479
4792,0.0008733037975616753,1.0,1.0,0.04443359375,7.102562834591759e-05,1813
4793,0.001384770148433745,0.9996011257171631,1.0,0.051513671875,7.092834419172881e-05,2507
4794,0.00461531663313508,0.9991543292999268,1.0,0.12109375,7.083112871157646e-05,2365
4795,0.002599664032459259,0.9993112683296204,1.0,0.060302734375,7.073398193398257e-05,2904
4796,0.001984325237572193,0.9990448951721191,1.0,0.0947265625,7.063690388744904e-05,1047
4797,0.003149341559037566,0.9990909099578857,1.0,0.19140625,7.053989460045725e-05,1100
4798,0.002847597934305668,0.9991829991340637,1.0,0.291015625,7.044295410146881e-05,1224
4799,0.0031323584262281656,0.9990586042404175,1.0,0.0771484375,7.03460824189249e-05,4249
4800,0.0018214082811027765,0.999527633190155,1.0,0.03564453125,7.02492795812467e-05,4234
4801,0.0021709592547267675,0.9996154308319092,1.0,0.04345703125,7.01525456168351e-05,5201
4802,0.004270631354302168,0.9978373646736145,1.0,0.10498046875,7.005588055407073e-05,2312
4803,0.0005182002787478268,1.0,1.0,0.0361328125,6.995928442131388e-05,2183
4804,0.0024770847521722317,0.9987844228744507,1.0,0.09716796875,6.986275724690518e-05,2468
4805,0.0020381989888846874,0.9994614720344543,1.0,0.07470703125,6.976629905916431e-05,1857
4806,0.002297273138538003,0.9992771744728088,1.0,0.061767578125,6.966990988639111e-05,2767
4807,0.002185120480135083,0.9996052384376526,1.0,0.051513671875,6.957358975686519e-05,2533
4808,0.0023412092123180628,0.9994949698448181,1.0,0.09228515625,6.947733869884562e-05,1980
4809,0.001282916171476245,0.9996774196624756,1.0,0.049560546875,6.938115674057167e-05,3100
4810,0.001306030317209661,0.9996634125709534,1.0,0.047607421875,6.928504391026185e-05,2971
4811,0.0020227227360010147,0.99941486120224,1.0,0.080078125,6.91890002361147e-05,1709
4812,0.0034611602313816547,0.9984894394874573,1.0,0.1318359375,6.909302574630825e-05,1324
4813,0.0021161092445254326,0.9996156096458435,1.0,0.06201171875,6.899712046900054e-05,5203
4814,0.003646685043349862,0.9981752038002014,1.0,0.1484375,6.890128443232896e-05,1644
4815,0.0013902027858421206,0.9993965029716492,1.0,0.06298828125,6.880551766441092e-05,1657
4816,0.0009941424941644073,1.0,1.0,0.04052734375,6.870982019334313e-05,2398
4817,0.0022553708404302597,0.9992818832397461,1.0,0.06982421875,6.861419204720223e-05,2785
4818,0.002400392899289727,0.9996543526649475,1.0,0.0693359375,6.851863325404454e-05,2893
4819,0.0032210927456617355,0.9981592297554016,1.0,0.1015625,6.842314384190585e-05,2173
4820,0.0013309633359313011,0.9995366334915161,1.0,0.060791015625,6.832772383880187e-05,2158
4821,0.0017597690457478166,0.9992716908454895,1.0,0.057373046875,6.823237327272749e-05,2746
4822,0.001998646417632699,0.9996591806411743,1.0,0.056640625,6.813709217165784e-05,2934
4823,0.0034394061658531427,0.9992815852165222,1.0,0.08984375,6.804188056354708e-05,2784
4824,0.0020209960639476776,0.999364972114563,1.0,0.043212890625,6.794673847632937e-05,4724
4825,0.0012555991997942328,0.9994145035743713,1.0,0.056884765625,6.785166593791836e-05,1708
4826,0.0019436944276094437,0.9995390772819519,1.0,0.050537109375,6.77566629762071e-05,4339
4827,0.0018582550110295415,0.9994592666625977,1.0,0.3671875,6.766172961906874e-05,5548
4828,0.003312717890366912,0.9982832670211792,1.0,0.111328125,6.756686589435537e-05,2330
4829,0.00133773242123425,1.0,1.0,0.07568359375,6.747207182989906e-05,1004
4830,0.004324925132095814,0.9991708397865295,1.0,0.359375,6.737734745351141e-05,1206
4831,0.0036003030836582184,0.9992225766181946,1.0,0.09423828125,6.728269279298343e-05,3859
4832,0.001204665401019156,0.9994008541107178,1.0,0.1171875,6.718810787608577e-05,1669
4833,0.002170493360608816,0.9991582632064819,1.0,0.1279296875,6.709359273056865e-05,1188
4834,0.001779312384314835,0.9996098875999451,1.0,0.03271484375,6.69991473841617e-05,5127
4835,0.002115273615345359,0.9994468092918396,1.0,0.05712890625,6.690477186457414e-05,5423
4836,0.002214253880083561,0.9996368288993835,1.0,0.0267333984375,6.681046619949475e-05,5507
4837,0.0008713356801308692,1.0,1.0,0.0419921875,6.67162304165917e-05,2069
4838,0.0005887686857022345,1.0,1.0,0.06005859375,6.662206454351287e-05,1531
4839,0.002541756723076105,0.9988818764686584,1.0,0.07568359375,6.65279686078852e-05,2683
4840,0.0020114490762352943,0.9994229674339294,1.0,0.03759765625,6.643394263731576e-05,3466
4841,0.0009747623698785901,0.9994252920150757,1.0,0.0771484375,6.633998665939053e-05,1740
4842,0.0020587719045579433,0.9996113777160645,1.0,0.08837890625,6.624610070167514e-05,2573
4843,0.0016943425871431828,0.9995856881141663,1.0,0.03515625,6.615228479171479e-05,4827
4844,0.0005067193997092545,1.0,1.0,0.0189208984375,6.605853895703387e-05,2031
4845,0.0016466457163915038,0.9994733929634094,1.0,0.0654296875,6.596486322513659e-05,1899
4846,0.0016501074424013495,0.9993481040000916,1.0,0.06298828125,6.587125762350623e-05,1534
4847,0.0014344152295961976,0.9994096755981445,1.0,0.07861328125,6.577772217960564e-05,1694
4848,0.0015912954695522785,0.9993236660957336,1.0,0.04833984375,6.568425692087713e-05,2957
4849,0.0030261666979640722,0.9988776445388794,1.0,0.1044921875,6.559086187474234e-05,1782
4850,0.001673350459896028,0.9997977614402771,1.0,0.054931640625,6.549753706860235e-05,4945
4851,0.0016694155056029558,0.9994051456451416,1.0,0.08447265625,6.540428252983774e-05,1681
4852,0.0021098621655255556,0.9991471171379089,1.0,0.052001953125,6.531109828580813e-05,2345
4853,0.001860644668340683,0.9997815489768982,1.0,0.042724609375,6.521798436385298e-05,4578
4854,0.0017084942664951086,1.0,1.0,0.060546875,6.512494079129075e-05,1937
4855,0.0023659272119402885,0.9987494945526123,1.0,0.09716796875,6.503196759541939e-05,2399
4856,0.0019956238102167845,0.9992570877075195,1.0,0.0888671875,6.493906480351638e-05,1346
4857,0.0022150049917399883,0.9996132254600525,1.0,0.044189453125,6.484623244283806e-05,5171
4858,0.000965951185207814,1.0,1.0,0.0751953125,6.475347054062072e-05,1705
4859,0.0005978109547868371,1.0,1.0,0.0498046875,6.466077912407952e-05,1459
4860,0.002844443079084158,0.9984368681907654,1.0,0.0703125,6.45681582204091e-05,2559
4861,0.002168003236874938,0.9987255930900574,1.0,0.0927734375,6.44756078567835e-05,2354
4862,0.0018443933222442865,0.9996107220649719,1.0,0.0306396484375,6.438312806035587e-05,5138
4863,0.0022362906020134687,0.999620795249939,1.0,0.058837890625,6.429071885825886e-05,5274
4864,0.001809447887353599,0.9996742606163025,1.0,0.037353515625,6.419838027760422e-05,3070
4865,0.0007231530034914613,1.0,1.0,0.07861328125,6.410611234548308e-05,1405
4866,0.0022354288958013058,0.9993915557861328,1.0,0.04443359375,6.401391508896586e-05,3287
4867,0.0022182525135576725,0.9993206262588501,1.0,0.0830078125,6.39217885351022e-05,2944
4868,0.0022995946928858757,0.9989153742790222,1.0,0.05712890625,6.382973271092106e-05,2766
4869,0.002569128293544054,0.9996974468231201,1.0,0.0712890625,6.373774764343058e-05,3305
4870,0.0009290867601521313,1.0,1.0,0.05126953125,6.364583335961803e-05,1402
4871,0.0015773926861584187,0.9996367692947388,1.0,0.0615234375,6.355398988645032e-05,2753
4872,0.002748715691268444,0.999297022819519,1.0,0.083984375,6.346221725087308e-05,2845
4873,0.0003838124102912843,1.0,1.0,0.0130615234375,6.337051547981141e-05,2328
4874,0.001778314239345491,0.9994555115699768,1.0,0.03759765625,6.327888460016975e-05,3673
4875,0.00028111081337556243,1.0,1.0,0.006134033203125,6.318732463883132e-05,1498
4876,0.0017620022408664227,0.9995189905166626,1.0,0.047607421875,6.309583562265911e-05,2079
4877,0.0017033168114721775,0.9993136525154114,1.0,0.06494140625,6.30044175784948e-05,2914
4878,0.0023049439769238234,0.9994791746139526,1.0,0.0498046875,6.291307053315943e-05,3840
4879,0.0026525105349719524,0.9989868402481079,1.0,0.072265625,6.282179451345327e-05,2961
4880,0.0017845069523900747,0.9996134042739868,1.0,0.03662109375,6.273058954615567e-05,5173
4881,0.0016045408556237817,0.9994884729385376,1.0,0.06494140625,6.263945565802526e-05,1955
4882,0.002363344421610236,0.9993554353713989,1.0,0.064453125,6.254839287579955e-05,3103
4883,0.0017870112787932158,0.9994529485702515,1.0,0.0693359375,6.245740122619539e-05,1828
4884,0.0008600411238148808,1.0,1.0,0.044921875,6.236648073590881e-05,1154
4885,0.001761032035574317,0.9996352195739746,1.0,0.0322265625,6.227563143161482e-05,5483
4886,0.002490791492164135,0.9989860653877258,1.0,0.078125,6.218485333996759e-05,3945
4887,0.0018313878681510687,0.999736487865448,1.0,0.034423828125,6.20941464876005e-05,3795
4888,0.0018219707999378443,0.9995426535606384,1.0,0.03173828125,6.200351090112572e-05,4373
4889,0.00038780245813541114,1.0,1.0,0.039794921875,6.191294660713506e-05,1498
4890,0.001833015470765531,0.9992668628692627,1.0,0.052978515625,6.182245363219887e-05,2728
4891,0.0022928707767277956,0.9987437129020691,1.0,0.08447265625,6.173203200286669e-05,1592
4892,0.0004913680022582412,1.0,1.0,0.036376953125,6.164168174566749e-05,1946
4893,0.0024924634490162134,0.9995044469833374,1.0,0.09912109375,6.155140288710872e-05,2018
4894,0.002734523266553879,0.9988986849784851,1.0,0.0830078125,6.146119545367758e-05,1816
4895,0.0017057168297469616,0.9998049139976501,1.0,0.0306396484375,6.137105947183962e-05,5126
4896,0.0010490529239177704,0.999620795249939,1.0,0.03466796875,6.128099496803989e-05,2637
4897,0.0016111028380692005,0.9997693300247192,1.0,0.046630859375,6.119100196870226e-05,4335
4898,0.0012797766830772161,0.9994967579841614,1.0,0.06640625,6.110108050022974e-05,1987
4899,0.0014774203300476074,0.9992758631706238,1.0,0.10693359375,6.10112305890042e-05,1381
4900,0.0035962071269750595,0.9988276958465576,1.0,0.1494140625,6.092145226138683e-05,1706
4901,0.0021703673992305994,0.9995253682136536,1.0,0.04443359375,6.083174554371729e-05,4214
4902,0.0009566764929331839,0.9995012283325195,1.0,0.05419921875,6.074211046231474e-05,2005
4903,0.0027271450962871313,0.9983312487602234,1.0,0.07421875,6.065254704347714e-05,2397
4904,0.00031007619691081345,1.0,1.0,0.00799560546875,6.056305531348117e-05,1833
4905,0.0013601032551378012,0.9993117451667786,1.0,0.07275390625,6.047363529858302e-05,2906
4906,0.0017229863442480564,0.9996812343597412,1.0,0.033203125,6.038428702501729e-05,3137
4907,0.0019879713654518127,0.9990205764770508,1.0,0.10888671875,6.0295010518998024e-05,2042
4908,0.002679598517715931,0.9991863369941711,1.0,0.35546875,6.0205805806717675e-05,1229
4909,0.002168717561289668,0.9996381998062134,1.0,0.05517578125,6.0116672914348184e-05,2764
4910,0.0006711164605803788,1.0,1.0,0.0272216796875,6.0027611868040026e-05,1534
4911,0.0022647734731435776,0.9996030330657959,1.0,0.0712890625,5.993862269392263e-05,2519
4912,0.0028338537085801363,0.9990888237953186,1.0,0.059814453125,5.984970541810469e-05,2195
4913,0.00021903605374973267,1.0,1.0,0.005615234375,5.976086006667332e-05,1669
4914,0.002486620796844363,0.9994632601737976,1.0,0.0380859375,5.967208666569485e-05,3726
4915,0.0014676933642476797,0.9996531009674072,1.0,0.0361328125,5.9583385241214446e-05,5765
4916,0.0006914126570336521,1.0,1.0,0.03662109375,5.9494755819256144e-05,1694
4917,0.0013057562755420804,0.9993515014648438,1.0,0.0849609375,5.940619842582266e-05,1542
4918,0.00042552032391540706,1.0,1.0,0.0216064453125,5.931771308689604e-05,1443
4919,0.0022534127347171307,0.9998014569282532,1.0,0.032470703125,5.9229299828436606e-05,5037
4920,0.0014667451614513993,0.9998274445533752,1.0,0.042236328125,5.914095867638405e-05,5795
4921,0.002241834532469511,0.9995982050895691,1.0,0.095703125,5.905268965665665e-05,2489
4922,0.0018203234067186713,0.999254584312439,1.0,0.06640625,5.896449279515137e-05,2683
4923,0.0017969339387491345,0.9995119571685791,1.0,0.0634765625,5.88763681177445e-05,2049
4924,0.0005319950869306922,1.0,1.0,0.03466796875,5.8788315650290574e-05,1436
4925,0.0014980065170675516,0.9994493126869202,1.0,0.0625,5.870033541862347e-05,1816
4926,0.0009674751199781895,1.0,1.0,0.060546875,5.8612427448555366e-05,1644
4927,0.002397916978225112,0.9996340870857239,1.0,0.08251953125,5.852459176587764e-05,2733
4928,0.0009361992706544697,1.0,1.0,0.083984375,5.843682839636033e-05,1997
4929,0.0016654346836730838,1.0,1.0,0.054931640625,5.8349137365752094e-05,3199
4930,0.0015804857248440385,0.999578595161438,1.0,0.0625,5.8261518699780607e-05,2373
4931,0.0014675912680104375,0.9996485114097595,1.0,0.060302734375,5.81739724241522e-05,2845
4932,0.0014999837148934603,0.9996851682662964,1.0,0.033935546875,5.808649856455201e-05,3176
4933,0.0033319364301860332,0.999447226524353,1.0,0.0556640625,5.7999097146643857e-05,1809
4934,0.0010139149380847812,1.0,1.0,0.09814453125,5.791176819607047e-05,1613
4935,0.0018387137679383159,0.9985945224761963,1.0,0.07763671875,5.782451173845293e-05,1423
4936,0.0018003516597673297,1.0,1.0,0.1220703125,5.773732779939164e-05,1511
4937,0.0014576490502804518,0.9996862411499023,1.0,0.055419921875,5.765021640446512e-05,3187
4938,0.00047237658873200417,1.0,1.0,0.02392578125,5.756317757923116e-05,1854
4939,0.001787688466720283,1.0,1.0,0.0830078125,5.747621134922582e-05,2462
4940,0.0004588626034092158,1.0,1.0,0.022216796875,5.738931773996397e-05,1405
4941,0.0015964428894221783,0.9996156096458435,1.0,0.045166015625,5.7302496776939444e-05,5203
4942,0.0018660466885194182,0.9995728135108948,1.0,0.061767578125,5.721574848562437e-05,4682
4943,0.001719892956316471,0.9996598362922668,1.0,0.0458984375,5.7129072891469785e-05,2940
4944,0.0022773027885705233,0.9993909597396851,1.0,0.050537109375,5.704247001990538e-05,3284
4945,0.0007738901185803115,1.0,1.0,0.0250244140625,5.695593989633951e-05,2778
4946,0.0009249520371668041,1.0,1.0,0.06884765625,5.6869482546159085e-05,1200
4947,0.0004311845113988966,1.0,1.0,0.015869140625,5.6783097994729784e-05,1575
4948,0.0013928510015830398,0.9994969964027405,1.0,0.03173828125,5.669678626739588e-05,3976
4949,0.0014391402946785092,1.0,1.0,0.08447265625,5.66105473894802e-05,534
4950,0.00043443645699881017,1.0,1.0,0.0169677734375,5.652438138628438e-05,1881
4951,0.00035206341999582946,1.0,1.0,0.01214599609375,5.6438288283088526e-05,1488
4952,0.0015524750342592597,0.9991603493690491,1.0,0.0791015625,5.635226810515144e-05,1191
4953,0.001370176556520164,0.9996252059936523,1.0,0.047607421875,5.626632087771037e-05,2668
4954,0.0016576856141909957,0.999297022819519,1.0,0.0673828125,5.61804466259815e-05,2845
4955,0.0020217993296682835,0.9996364712715149,1.0,0.0537109375,5.609464537515915e-05,2751
4956,0.002520062727853656,0.9996362328529358,1.0,0.09912109375,5.600891715041659e-05,2749
4957,0.0005600459990091622,1.0,1.0,0.0235595703125,5.592326197690562e-05,1530
4958,0.001378113403916359,0.999365508556366,1.0,0.08056640625,5.583767987975625e-05,1576
4959,0.0008722090278752148,1.0,1.0,0.04052734375,5.575217088407762e-05,2016
4960,0.0014976697275415063,0.9991896152496338,1.0,0.04638671875,5.56667350149569e-05,2468
4961,0.0004243830917403102,1.0,1.0,0.0191650390625,5.5581372297460135e-05,1658
4962,0.0016410136595368385,0.9996615648269653,1.0,0.058837890625,5.5496082756631766e-05,2955
4963,0.002131521934643388,0.9993612170219421,1.0,0.047607421875,5.541086641749487e-05,3131
4964,0.0008430975140072405,1.0,1.0,0.034912109375,5.532572330505092e-05,2111
4965,0.0016460521146655083,0.9995964765548706,1.0,0.0576171875,5.5240653444279995e-05,4956
4966,0.0020393880549818277,0.999519944190979,1.0,0.076171875,5.5155656860140597e-05,2083
4967,0.0010338934371247888,1.0,1.0,0.031982421875,5.5070733577569816e-05,3100
4968,0.0015541937900707126,0.9996812343597412,1.0,0.03369140625,5.498588362148318e-05,3137
4969,0.0013813390396535397,0.999727725982666,1.0,0.0419921875,5.490110701677479e-05,3673
4970,0.0009759727981872857,1.0,1.0,0.052734375,5.481640378831717e-05,1770
4971,0.0003969227836932987,1.0,1.0,0.0194091796875,5.473177396096119e-05,1764
4972,0.002236979315057397,0.9992104172706604,1.0,0.05810546875,5.464721755953644e-05,2533
4973,0.0002507425379008055,1.0,1.0,0.00799560546875,5.456273460885078e-05,1235
4974,0.002114379545673728,0.9992178082466125,1.0,0.0693359375,5.447832513369055e-05,2557
4975,0.0020889420993626118,0.999290943145752,1.0,0.05810546875,5.439398915882064e-05,4231
4976,0.00041378114838153124,1.0,1.0,0.0235595703125,5.430972670898409e-05,1824
4977,0.0019316845573484898,0.9995707869529724,1.0,0.0537109375,5.42255378089029e-05,2330
4978,0.0019126114202663302,0.9993190169334412,1.0,0.06640625,5.414142248327687e-05,2937
4979,0.00291651813313365,0.9987024068832397,1.0,0.0703125,5.405738075678458e-05,2312
4980,0.0005839639343321323,1.0,1.0,0.0281982421875,5.397341265408307e-05,1004
4981,0.0018140817992389202,0.9995868802070618,1.0,0.04443359375,5.388951819980748e-05,4841
4982,0.0012557684676721692,1.0,1.0,0.046630859375,5.3805697418571655e-05,2365
4983,0.0017420608783140779,0.9996622800827026,1.0,0.0546875,5.372195033496763e-05,2961
4984,0.0017202431336045265,0.9996109008789062,1.0,0.0439453125,5.363827697356582e-05,2570
4985,0.0014450119342654943,1.0,1.0,0.043212890625,5.3554677358915176e-05,1789
4986,0.0023170735221356153,0.9995976090431213,1.0,0.0712890625,5.3471151515542785e-05,2485
4987,0.0009579408215358853,1.0,1.0,0.03369140625,5.338769946795432e-05,2684
4988,0.00037448108196258545,1.0,1.0,0.020263671875,5.3304321240633605e-05,1341
4989,0.000407212704885751,1.0,1.0,0.0140380859375,5.3221016858042866e-05,2054
4990,0.0010097816120833158,0.9994900822639465,1.0,0.048828125,5.3137786344622835e-05,1961
4991,0.0013025104999542236,0.9996618032455444,1.0,0.039794921875,5.3054629724792254e-05,2957
4992,0.0008482119301334023,1.0,1.0,0.0439453125,5.297154702294847e-05,1333
4993,0.0007793465629220009,0.9996343851089478,1.0,0.068359375,5.288853826346695e-05,2735
4994,0.001282370532862842,1.0,1.0,0.07177734375,5.2805603470701585e-05,1995
4995,0.0004562271060422063,1.0,1.0,0.029541015625,5.2722742668984607e-05,1709
4996,0.0020149610936641693,0.9991786479949951,1.0,0.0908203125,5.26399558826263e-05,2435
4997,0.0012189695844426751,0.9995826482772827,1.0,0.04248046875,5.255724313591552e-05,2396
4998,0.0013977405615150928,0.9989462494850159,1.0,0.181640625,5.247460445311916e-05,949
4999,0.0017085924046114087,0.9996312260627747,1.0,0.039306640625,5.239203985848258e-05,5423
5000,0.0019438180606812239,0.9996591806411743,1.0,0.0576171875,5.230954937622933e-05,2934
5001,0.0011445272248238325,1.0,1.0,0.05224609375,5.222713303056122e-05,2556
5002,0.0004756450070999563,1.0,1.0,0.04345703125,5.21447908456581e-05,983
5003,0.002264648675918579,0.9988909363746643,1.0,0.08642578125,5.2062522845678554e-05,2705
5004,0.0006027352064847946,1.0,1.0,0.06787109375,5.1980329054758905e-05,1679
5005,0.001819964381866157,0.9992319345474243,1.0,0.056640625,5.189820949701393e-05,1302
5006,0.0013928395928815007,0.9998197555541992,1.0,0.0269775390625,5.1816164196536725e-05,5548
5007,0.0015999089227989316,0.9996352195739746,1.0,0.030517578125,5.17341931773982e-05,5483
5008,0.0005537717370316386,1.0,1.0,0.033203125,5.165229646364811e-05,1708
5009,0.0015436457470059395,0.9998049139976501,1.0,0.0308837890625,5.157047407931372e-05,5126
5010,0.001613866537809372,0.9994903206825256,1.0,0.12890625,5.1488726048401006e-05,1962
5011,0.0020670583471655846,0.9994750618934631,1.0,0.05517578125,5.140705239489387e-05,3810
5012,0.0007856216980144382,0.9994747638702393,1.0,0.048828125,5.1325453142754427e-05,1904
5013,0.0028814401011914015,0.9992446899414062,1.0,0.060546875,5.124392831592313e-05,2648
5014,0.002174822147935629,0.9996141791343689,1.0,0.053955078125,5.116247793831829e-05,5184
5015,0.0004183775163255632,1.0,1.0,0.03662109375,5.108110203383665e-05,1459
5016,0.0015322106191888452,0.9995938539505005,1.0,0.06982421875,5.099980062635295e-05,2462
5017,0.0004420205659698695,1.0,1.0,0.0201416015625,5.091857373972017e-05,1325
5018,0.0024925454054027796,0.9992784857749939,1.0,0.171875,5.083742139776935e-05,1386
5019,0.0006479325820691884,0.999582827091217,1.0,0.052978515625,5.075634362430978e-05,2397
5020,0.001677827094681561,0.9995611310005188,1.0,0.03369140625,5.067534044312857e-05,4557
5021,0.001018546987324953,1.0,1.0,0.072265625,5.059441187799143e-05,1629
5022,0.0028094674926251173,0.9982942342758179,1.0,0.072265625,5.0513557952641706e-05,2345
5023,0.0019333979580551386,0.9996222257614136,1.0,0.08154296875,5.043277869080109e-05,2647
5024,0.0018976402934640646,0.9993094205856323,1.0,0.07666015625,5.035207411616943e-05,2896
5025,0.0011819066712632775,1.0,1.0,0.05810546875,5.027144425242431e-05,837
5026,0.0025897701270878315,0.9992126226425171,1.0,0.0703125,5.0190889123221946e-05,2540
5027,0.00195472058840096,0.9996974468231201,1.0,0.05126953125,5.011040875219613e-05,3305
5028,0.00017655019473750144,1.0,1.0,0.004669189453125,5.003000316295894e-05,744
5029,0.001565771410241723,0.9996662139892578,1.0,0.0303955078125,4.9949672379100516e-05,2996
5030,0.0015368842286989093,0.9996333122253418,1.0,0.057861328125,4.986941642418902e-05,2727
5031,0.0015538418665528297,0.9996742606163025,1.0,0.030029296875,4.9789235321770635e-05,3070
5032,0.0002998236450366676,1.0,1.0,0.00750732421875,4.9709129095369704e-05,1833
5033,0.002142523881047964,0.9992202520370483,1.0,0.076171875,4.962909776848839e-05,2565
5034,0.0011338118929415941,1.0,1.0,0.05126953125,4.9549141364607014e-05,2746
5035,0.0011944519355893135,0.9996367692947388,1.0,0.0537109375,4.946925990718395e-05,2753
5036,0.0013685330050066113,0.9991386532783508,1.0,0.10205078125,4.93894534196555e-05,1161
5037,0.0017936559161171317,0.9994202852249146,1.0,0.0732421875,4.930972192543612e-05,1725
5038,0.0021139157470315695,0.9997385740280151,1.0,0.02392578125,4.9230065447917886e-05,3825
5039,0.0006879307911731303,1.0,1.0,0.041748046875,4.915048401047145e-05,2042
5040,0.00021637817553710192,1.0,1.0,0.003936767578125,4.9070977636444885e-05,1128
5041,0.0005434016929939389,1.0,1.0,0.0291748046875,4.899154634916458e-05,1925
5042,0.002028063638135791,0.9996933341026306,1.0,0.027587890625,4.891219017193485e-05,3261
5043,0.001649581710807979,0.999487042427063,1.0,0.048583984375,4.883290912803771e-05,3899
5044,0.001362695125862956,1.0,1.0,0.036376953125,4.875370324073362e-05,2515
5045,0.0022765849716961384,0.9992584586143494,1.0,0.26171875,4.8674572533260495e-05,2697
5046,0.0004413209389895201,1.0,1.0,0.02294921875,4.859551702883455e-05,1140
5047,0.0010476073948666453,0.9992997050285339,1.0,0.05908203125,4.851653675064968e-05,1428
5048,0.002273016609251499,0.9996052384376526,1.0,0.06298828125,4.843763172187791e-05,5066
5049,0.0004846107040066272,1.0,1.0,0.029541015625,4.835880196566906e-05,1749
5050,0.00043433724204078317,1.0,1.0,0.018798828125,4.828004750515099e-05,2005
5051,0.001152604236267507,0.9996342062950134,1.0,0.051513671875,4.820136836342925e-05,2734
5052,0.0005293216090649366,1.0,1.0,0.052490234375,4.8122764563587514e-05,1319
5053,0.0006792108761146665,1.0,1.0,0.03857421875,4.80442361286873e-05,1721
5054,0.002364998683333397,0.9997807741165161,1.0,0.032470703125,4.7965783081767906e-05,4562
5055,0.00206590979360044,0.9996556639671326,1.0,0.06787109375,4.7887405445846693e-05,2904
5056,0.0007958206697367132,1.0,1.0,0.048095703125,4.78091032439186e-05,1047
5057,0.0019282164284959435,0.999640166759491,1.0,0.0576171875,4.773087649895688e-05,2779
5058,0.0015467939665541053,0.9993747472763062,1.0,0.05419921875,4.765272523391218e-05,4798
5059,0.0016071677673608065,1.0,1.0,0.05126953125,4.757464947171336e-05,1224
5060,0.0009323645499534905,1.0,1.0,0.03662109375,4.749664923526695e-05,2956
5061,0.0017699741292744875,0.9995253682136536,1.0,0.038330078125,4.741872454745722e-05,4214
5062,0.0005685998476110399,1.0,1.0,0.02880859375,4.734087543114662e-05,2069
5063,0.0009320537792518735,1.0,1.0,0.0654296875,4.726310190917514e-05,1590
5064,0.0014590936480090022,1.0,1.0,0.06982421875,4.718540400436063e-05,2173
5065,0.0025751383509486914,0.9988629817962646,1.0,0.1396484375,4.710778173949882e-05,1759
5066,0.0013530547730624676,0.9994977116584778,1.0,0.051025390625,4.7030235137363196e-05,3982
5067,0.00031274231150746346,1.0,1.0,0.015625,4.6952764220705185e-05,1921
5068,0.001014276989735663,1.0,1.0,0.044189453125,4.687536901225382e-05,2819
5069,0.0010668601607903838,1.0,1.0,0.09033203125,4.679804953471595e-05,1419
5070,0.001621238305233419,0.9996334314346313,1.0,0.04345703125,4.6720805810776354e-05,2728
5071,0.0018166383961215615,0.9990909099578857,1.0,0.111328125,4.664363786309742e-05,1100
5072,0.0025697778910398483,0.9995166659355164,1.0,0.053466796875,4.656654571431937e-05,4138
5073,0.0014142837608233094,0.9997465014457703,1.0,0.044921875,4.6489529387060286e-05,3945
5074,0.0003275957133155316,1.0,1.0,0.01123046875,4.641258890391573e-05,2043
5075,0.0022611806634813547,0.9993581771850586,1.0,0.08544921875,4.6335724287459364e-05,1558
5076,0.0004329624935053289,1.0,1.0,0.0712890625,4.62589355602423e-05,1264
5077,0.002013721503317356,0.9992184638977051,1.0,0.051513671875,4.618222274479356e-05,2559
5078,0.00030313266324810684,1.0,1.0,0.0093994140625,4.61055858636198e-05,1531
5079,0.0015890211798250675,0.9995436668395996,1.0,0.05322265625,4.602902493920548e-05,4383
5080,0.0017000166699290276,0.9996244311332703,1.0,0.044677734375,4.595253999401275e-05,5325
5081,0.0020840263459831476,0.9993218183517456,1.0,0.08935546875,4.5876131050481345e-05,2949
5082,0.001750641386024654,0.9995189905166626,1.0,0.05224609375,4.5799798131028844e-05,2079
5083,0.0015699673676863313,0.9996110200881958,1.0,0.04833984375,4.572354125805052e-05,5142
5084,0.0013397876173257828,1.0,1.0,0.0625,4.564736045391929e-05,1268
5085,0.0003816815442405641,1.0,1.0,0.01385498046875,4.55712557409857e-05,2031
5086,0.00033655186416581273,1.0,1.0,0.0216064453125,4.549522714157816e-05,2183
5087,0.0021350227762013674,0.999544620513916,1.0,0.076171875,4.5419274678002396e-05,2196
5088,0.0018557339208200574,0.9997766017913818,1.0,0.03662109375,4.534339837254231e-05,4476
5089,0.00196058489382267,0.9993714690208435,1.0,0.052978515625,4.5267598247458956e-05,4773
5090,0.0007255332311615348,1.0,1.0,0.057861328125,4.519187432499133e-05,1402
5091,0.0006194953457452357,1.0,1.0,0.05126953125,4.5116226627356014e-05,1915
5092,0.00027503928868100047,1.0,1.0,0.010498046875,4.5040655176747086e-05,479
5093,0.0016591513995081186,0.9993932247161865,1.0,0.0810546875,4.496515999533659e-05,1648
5094,0.0014243213227018714,0.999564528465271,1.0,0.05810546875,4.488974110527376e-05,4593
5095,0.0014644977636635303,0.9996386170387268,1.0,0.0556640625,4.481439852868577e-05,2767
5096,0.0013244631700217724,0.9989690780639648,1.0,0.10791015625,4.4739132287677306e-05,970
5097,0.0008521883864887059,1.0,1.0,0.037353515625,4.46639424043306e-05,1962
5098,0.002773446962237358,0.9992763996124268,1.0,0.0712890625,4.458882890070564e-05,2764
5099,0.00273829884827137,0.999254584312439,1.0,0.06201171875,4.451379179883977e-05,2683
5100,0.002168673323467374,0.9991594552993774,1.0,0.0537109375,4.4438831120748074e-05,3569
5101,0.0013957989867776632,0.999736487865448,1.0,0.0274658203125,4.436394688842326e-05,3795
5102,0.0018703504465520382,0.9996132254600525,1.0,0.04638671875,4.428913912383543e-05,5171
5103,0.001343581359833479,1.0,1.0,0.05224609375,4.421440784893241e-05,2399
5104,0.0012758176308125257,0.9993842244148254,1.0,0.0810546875,4.413975308563964e-05,1624
5105,0.0006817471003159881,1.0,1.0,0.0400390625,4.4065174855859764e-05,2021
5106,0.0006173175643198192,1.0,1.0,0.04150390625,4.3990673181473446e-05,1894
5107,0.001934100640937686,0.9995911717414856,1.0,0.0439453125,4.3916248084338436e-05,4892
5108,0.0017979881959035993,0.9996652007102966,1.0,0.0634765625,4.38418995862904e-05,2987
5109,0.0007509898277930915,1.0,1.0,0.051513671875,4.3767627709142385e-05,1404
5110,0.0015848620096221566,0.9998049736022949,1.0,0.034912109375,4.3693432474684696e-05,5127
5111,0.0009880473371595144,1.0,1.0,0.057373046875,4.3619313904685696e-05,1955
5112,0.0022341522853821516,0.999162495136261,1.0,0.0703125,4.3545272020890775e-05,2388
5113,0.00035979418316856027,1.0,1.0,0.01519775390625,4.3471306845023034e-05,1712
5114,0.0011685679201036692,0.9994333982467651,1.0,0.0751953125,4.339741839878308e-05,1765
5115,0.0014003721298649907,0.9996482133865356,1.0,0.03466796875,4.33236067038489e-05,5685
5116,0.0012745187850669026,1.0,1.0,0.06005859375,4.324987178187618e-05,2018
5117,0.001180083374492824,0.9995258450508118,1.0,0.076171875,4.317621365449774e-05,2109
5118,0.0011328404070809484,0.9996726512908936,1.0,0.04443359375,4.310263234332413e-05,3055
5119,0.0007870410918258131,1.0,1.0,0.04443359375,4.302912786994328e-05,1601
5120,0.0017113371286541224,0.9996111392974854,1.0,0.03857421875,4.2955700255920643e-05,5143
5121,0.001446600304916501,0.999585747718811,1.0,0.046875,4.2882349522799084e-05,2414
5122,0.001987081952393055,0.99932861328125,1.0,0.07275390625,4.2809075692098825e-05,2979
5123,0.0017882793908938766,0.9993915557861328,1.0,0.054443359375,4.273587878531757e-05,3287
5124,0.0015213430160656571,0.9992101192474365,1.0,0.1552734375,4.2662758823930665e-05,1266
5125,0.0007682128343731165,1.0,1.0,0.07470703125,4.258971582939046e-05,1681
5126,0.0007759042782709002,1.0,1.0,0.026611328125,4.25167498231271e-05,2637
5127,0.0006575359147973359,1.0,1.0,0.031982421875,4.2443860826548085e-05,1828
5128,0.0019101143116131425,0.9991416335105896,1.0,0.07275390625,4.237104886103795e-05,2330
5129,0.001362344017252326,0.9995015859603882,1.0,0.040771484375,4.2298313947959285e-05,6019
5130,0.0014257084112614393,0.9993706941604614,1.0,0.0654296875,4.222565610865142e-05,1589
5131,0.0019051225390285254,0.9993206262588501,1.0,0.107421875,4.21530753644315e-05,2944
5132,0.0006489052320830524,1.0,1.0,0.064453125,4.208057173659386e-05,1740
5133,0.0002517656539566815,1.0,1.0,0.0089111328125,4.200814524641032e-05,1498
5134,0.0016881535993888974,0.9992877244949341,1.0,0.06982421875,4.193579591512994e-05,2808
5135,0.0005674734711647034,1.0,1.0,0.041015625,4.1863523763979354e-05,2882
5136,0.0004930272116325796,1.0,1.0,0.033203125,4.1791328814162225e-05,1410
5137,0.0007028217078186572,1.0,1.0,0.06787109375,4.171921108685985e-05,1483
5138,0.0002511344209779054,1.0,1.0,0.00457763671875,4.16471706032308e-05,2022
5139,0.0019485781667754054,0.9996517896652222,1.0,0.0751953125,4.157520738441086e-05,2872
5140,0.0018925695912912488,0.9996801018714905,1.0,0.060546875,4.150332145151342e-05,3126
5141,0.0016119296196848154,0.9995861649513245,1.0,0.04443359375,4.1431512825628734e-05,4833
5142,0.0010963018285110593,0.9996634125709534,1.0,0.050048828125,4.135978152782499e-05,2971
5143,0.0019271773053333163,0.9993780851364136,1.0,0.051513671875,4.128812757914711e-05,3216
5144,0.0018417502287775278,0.9996384382247925,1.0,0.0498046875,4.121655100061766e-05,2766
5145,0.0018818075768649578,0.9994061589241028,1.0,0.09228515625,4.114505181323646e-05,1684
5146,0.0024796207435429096,0.9995547533035278,1.0,0.06787109375,4.1073630037980444e-05,2246
5147,0.0015040419530123472,0.9997851848602295,1.0,0.02734375,4.100228569580417e-05,4655
5148,0.0015346582513302565,0.9992012977600098,1.0,0.064453125,4.0931018807639106e-05,1252
5149,0.0013115588808432221,0.9996269941329956,1.0,0.042724609375,4.085982939439422e-05,2681
5150,0.0017419004580006003,0.9996543526649475,1.0,0.06884765625,4.07887174769557e-05,2893
5151,0.00219478621147573,0.9997810125350952,1.0,0.0274658203125,4.0717683076187034e-05,4566
5152,0.0015486313495784998,0.9996107220649719,1.0,0.0322265625,4.0646726212928914e-05,5138
5153,0.0017369913402944803,0.9992644190788269,1.0,0.0888671875,4.0575846907999354e-05,2719
5154,0.0018181767081841826,0.9996421337127686,1.0,0.04150390625,4.050504518219339e-05,5589
5155,0.00042057959944941103,1.0,1.0,0.018310546875,4.043432105628359e-05,2261
5156,0.0015558127779513597,0.9997638463973999,1.0,0.035400390625,4.036367455101964e-05,4234
5157,0.0016013451386243105,0.9994495511054993,1.0,0.043701171875,4.0293105687128423e-05,5450
5158,0.0016145848203450441,0.9994791746139526,1.0,0.050048828125,4.0222614485314075e-05,3840
5159,0.0010118576465174556,0.9995830059051514,1.0,0.031494140625,4.015220096625782e-05,2398
5160,0.0011790803400799632,0.9995751976966858,1.0,0.056884765625,4.00818651506184e-05,2354
5161,0.0006990076508373022,0.9994661211967468,1.0,0.06591796875,4.0011607059031434e-05,1873
5162,0.0005686021177098155,1.0,1.0,0.05419921875,3.9941426712109884e-05,1915
5163,0.0012465784093365073,0.9993742108345032,1.0,0.07666015625,3.9871324130443926e-05,1598
5164,0.0021527421195060015,0.9992446899414062,1.0,0.08984375,3.9801299334600855e-05,1324
5165,0.0013766675256192684,1.0,1.0,0.07958984375,3.9731352345125234e-05,1600
5166,0.002291260752826929,0.9993429780006409,1.0,0.0634765625,3.966148318253864e-05,3044
5167,0.003433186560869217,0.9983752965927124,1.0,0.09033203125,3.959169186733996e-05,2462
5168,0.00262624048627913,0.9995921850204468,1.0,0.04052734375,3.952197842000516e-05,2452
5169,0.0007778294384479523,1.0,1.0,0.058349609375,3.945234286098746e-05,2220
5170,0.0004269354685675353,1.0,1.0,0.021728515625,3.938278521071715e-05,1756
5171,0.001605361234396696,0.9995390772819519,1.0,0.06640625,3.931330548960167e-05,4339
5172,0.001752707757987082,0.9995996952056885,1.0,0.1171875,3.924390371802547e-05,2498
5173,0.0003073717816732824,1.0,1.0,0.00872802734375,3.917457991635051e-05,1946
5174,0.0024909470230340958,0.9991925954818726,1.0,0.09716796875,3.910533410491545e-05,2477
5175,0.0011666958453133702,0.9997503161430359,1.0,0.041259765625,3.9036166304036274e-05,4005
5176,0.00033520249417051673,1.0,1.0,0.020263671875,3.8967076534006144e-05,1705
5177,0.0005128574557602406,1.0,1.0,0.0225830078125,3.8898064815095056e-05,2433
5178,0.0019462815253064036,0.9996368288993835,1.0,0.02685546875,3.8829131167550465e-05,5507
5179,0.0004763432079926133,1.0,1.0,0.059814453125,3.876027561159664e-05,1400
5180,0.0021141136530786753,0.9986833333969116,1.0,0.1396484375,3.8691498167435044e-05,1519
5181,0.0015974746784195304,0.9994138479232788,1.0,0.0791015625,3.862279885524424e-05,1706
5182,0.0015206686221063137,0.9993565082550049,1.0,0.08740234375,3.855417769517988e-05,1554
5183,0.0014477339573204517,0.9997985363006592,1.0,0.035400390625,3.8485634707374645e-05,4963
5184,0.0019878512248396873,0.9996044039726257,1.0,0.052490234375,3.8417169911938226e-05,2528
5185,0.002891465788707137,0.9991708397865295,1.0,0.0830078125,3.834878332895749e-05,1206
5186,0.001732071628794074,0.9998103976249695,1.0,0.052001953125,3.8280474978496245e-05,5274
5187,0.00031721455161459744,1.0,1.0,0.01116943359375,3.821224488059553e-05,2103
5188,0.0004959956277161837,1.0,1.0,0.0250244140625,3.814409305527314e-05,2158
5189,0.002519950270652771,0.9992351531982422,1.0,0.06787109375,3.807601952252427e-05,2615
5190,0.0014423608081415296,0.999616265296936,1.0,0.11767578125,3.8008024302320714e-05,2606
5191,0.0005706757656298578,1.0,1.0,0.044677734375,3.794010741461169e-05,1071
5192,0.001861893804743886,0.9993542432785034,1.0,0.0693359375,3.787226887932318e-05,3097
5193,0.0020193534437566996,0.999599039554596,1.0,0.0498046875,3.780450871635826e-05,4988
5194,0.001917000045068562,0.9996520280838013,1.0,0.03857421875,3.773682694559711e-05,2874
5195,0.0027022685389965773,0.9993028044700623,1.0,0.0791015625,3.7669223586896605e-05,4303
5196,0.0014560283161699772,0.9992537498474121,1.0,0.0673828125,3.760169866009107e-05,1340
5197,0.0013202462578192353,0.9995240569114685,1.0,0.0576171875,3.753425218499144e-05,2101
5198,0.0008293295977637172,1.0,1.0,0.045654296875,3.746688418138575e-05,2573
5199,0.0013987745624035597,0.9995119571685791,1.0,0.06591796875,3.739959466903905e-05,2049
5200,0.0012817673850804567,0.9988968372344971,1.0,0.1171875,3.733238366769338e-05,1813
5201,0.0013486812822520733,0.9996408224105835,1.0,0.06640625,3.72652511970677e-05,2784
5202,0.0012423180742189288,0.9995357394218445,1.0,0.0693359375,3.7198197276857866e-05,2154
5203,0.0012250561267137527,0.9996545910835266,1.0,0.056396484375,3.713122192673677e-05,2895
5204,0.0006201345240697265,1.0,1.0,0.030029296875,3.706432516635435e-05,2228
5205,0.0023361456114798784,0.9995342493057251,1.0,0.043212890625,3.699750701533721e-05,4294
5206,0.002003250876441598,0.9996392726898193,1.0,0.07080078125,3.6930767493289185e-05,2772
5207,0.0016490740235894918,0.9996361136436462,1.0,0.0306396484375,3.686410661979089e-05,5496
5208,0.002074240241199732,0.9993343949317932,1.0,0.07373046875,3.679752441439979e-05,4507
5209,0.0010197310475632548,0.9995450377464294,1.0,0.046142578125,3.67310208966506e-05,2198
5210,0.0022150068543851376,0.9995837807655334,1.0,0.03955078125,3.6664596086054465e-05,4805
5211,0.002135850954800844,0.9992156624794006,1.0,0.08056640625,3.659825000209977e-05,2550
5212,0.0021010502241551876,0.9992915391921997,1.0,0.055419921875,3.6531982664251815e-05,2823
5213,0.002063129795715213,0.9990049600601196,1.0,0.11865234375,3.6465794091952504e-05,2010
5214,0.002080237492918968,0.9989136457443237,1.0,0.09228515625,3.639968430462108e-05,1841
5215,0.001986317802220583,0.9993624687194824,1.0,0.07666015625,3.633365332165325e-05,3137
5216,0.0013191710459068418,0.999670684337616,1.0,0.037353515625,3.6267701162421835e-05,6073
5217,0.0022447300143539906,0.9985734820365906,1.0,0.1376953125,3.620182784627644e-05,1402
5218,0.0003437204868532717,1.0,1.0,0.036376953125,3.613603339254362e-05,1271
5219,0.001680903253145516,0.9998067021369934,1.0,0.037841796875,3.607031782052672e-05,5173
5220,0.00131943728774786,0.9996509552001953,1.0,0.0615234375,3.600468114950599e-05,2865
5221,0.0011132598156109452,1.0,1.0,0.053955078125,3.593912339873842e-05,2507
5222,0.0003609081031754613,1.0,1.0,0.029541015625,3.5873644587457975e-05,1754
5223,0.0005061491974629462,1.0,1.0,0.032470703125,3.580824473487537e-05,1261
5224,0.0011052973568439484,0.9996568560600281,1.0,0.06689453125,3.57429238601783e-05,2914
5225,0.001626634388230741,0.9996408224105835,1.0,0.049560546875,3.567768198253116e-05,2784
5226,0.0008879904635250568,1.0,1.0,0.036376953125,3.561251912107511e-05,1857
5227,0.0012058225693181157,1.0,1.0,0.0341796875,3.554743529492833e-05,2352
5228,0.0004572447796817869,1.0,1.0,0.0262451171875,3.54824305231856e-05,1349
5229,0.0011365312384441495,1.0,1.0,0.10302734375,3.5417504824918606e-05,1188
5230,0.0014568886253982782,0.9994799494743347,1.0,0.0556640625,3.5352658219175945e-05,1923
5231,0.0016761228907853365,0.9993603229522705,1.0,0.048828125,3.528789072498273e-05,4690
5232,0.0005281508783809841,1.0,1.0,0.030029296875,3.522320236134115e-05,2280
5233,0.0019522887887433171,0.9996516704559326,1.0,0.048828125,3.5158593147230006e-05,2871
5234,0.0016376167768612504,0.9994293451309204,1.0,0.046630859375,3.509406310160493e-05,5257
5235,0.002006751950830221,0.9992939233779907,1.0,0.052734375,3.502961224339834e-05,4249
5236,0.0012218033662065864,0.9993718862533569,1.0,0.059814453125,3.4965240591519385e-05,1592
5237,0.0005513757350854576,1.0,1.0,0.0269775390625,3.490094816485401e-05,2712
5238,0.000775932683609426,1.0,1.0,0.0361328125,3.483673498226498e-05,1505
5239,0.0008761390345171094,1.0,1.0,0.031982421875,3.477260106259154e-05,2126
5240,0.001053083804436028,1.0,1.0,0.056884765625,3.470854642465002e-05,2139
5241,0.00029165830346755683,1.0,1.0,0.025634765625,3.4644571087233305e-05,1692
5242,0.002176179550588131,0.9994391202926636,1.0,0.07861328125,3.458067506911106e-05,1783
5243,0.0007913992740213871,0.9994733929634094,1.0,0.06591796875,3.451685838902976e-05,1899
5244,0.0017514313803985715,0.9993183612823486,1.0,0.06982421875,3.445312106571224e-05,2934
5245,0.0012628649128600955,0.9993531703948975,1.0,0.06640625,3.4389463117858663e-05,1546
5246,0.002671044785529375,0.9992395639419556,1.0,0.0849609375,3.4325884564145314e-05,2630
5247,0.0017374277813360095,0.9997633099555969,1.0,0.04052734375,3.426238542322557e-05,4225
5248,0.0014051080215722322,0.9996812343597412,1.0,0.05615234375,3.419896571372936e-05,3137
5249,0.0008914411882869899,0.9995729923248291,1.0,0.05126953125,3.413562545426325e-05,2342
5250,0.00187539157923311,0.9994027614593506,1.0,0.0458984375,3.407236466341069e-05,5023
5251,0.001466750050894916,0.9992695450782776,1.0,0.11376953125,3.400918335973157e-05,1369
5252,0.0007487215334549546,0.9994661211967468,1.0,0.046630859375,3.394608156176267e-05,1873
5253,0.0016904141521081328,0.9995033740997314,1.0,0.0654296875,3.388305928801738e-05,4027
5254,0.0009970034006983042,0.9994949698448181,1.0,0.059326171875,3.3820116556985666e-05,1980
5255,0.0005612301756627858,1.0,1.0,0.04833984375,3.375725338713426e-05,1419
5256,0.0018553235568106174,0.9996154308319092,1.0,0.04736328125,3.3694469796906584e-05,5201
5257,0.001795359654352069,0.9993183612823486,1.0,0.052734375,3.3631765804722496e-05,2934
5258,0.00031235511414706707,1.0,1.0,0.0101318359375,3.356914142897885e-05,2328
5259,0.001395959174260497,0.9995766282081604,1.0,0.0341796875,3.350659668804881e-05,4724
5260,0.0010088110575452447,0.9996605515480042,1.0,0.043701171875,3.3444131600282274e-05,2946
5261,0.0018045040778815746,0.9995042085647583,1.0,0.049072265625,3.338174618400597e-05,2017
5262,0.0017654249677434564,0.9992818832397461,1.0,0.05712890625,3.3319440457522937e-05,2785
5263,0.001743072411045432,0.9998247027397156,1.0,0.050048828125,3.325721443911311e-05,5704
5264,0.0017067299922928214,0.9995426535606384,1.0,0.034423828125,3.319506814703282e-05,4373
5265,0.002121676690876484,0.9991655945777893,1.0,0.06201171875,3.313300159951512e-05,2397
5266,0.0014065743889659643,0.9997693300247192,1.0,0.034423828125,3.307101481476967e-05,4335
5267,0.000621617364231497,1.0,1.0,0.0830078125,3.300910781098269e-05,1740
5268,0.001583585748448968,0.999666690826416,1.0,0.0654296875,3.2947280606317094e-05,3000
5269,0.0014139541890472174,0.9995955228805542,1.0,0.05712890625,3.288553321891216e-05,4945
5270,0.0018132796976715326,0.9996126890182495,1.0,0.0517578125,3.282386566688401e-05,2582
5271,0.0016536884941160679,0.9996455311775208,1.0,0.05908203125,3.2762277968325125e-05,2821
5272,0.0010133886244148016,1.0,1.0,0.09033203125,3.2700770141304755e-05,1381
5273,0.001581751275807619,0.9996687769889832,1.0,0.0693359375,3.263934220386847e-05,3019
5274,0.0017759479815140367,0.9994229674339294,1.0,0.03662109375,3.2577994174038744e-05,3466
5275,0.0015452110674232244,0.9994837641716003,1.0,0.072265625,3.251672606981416e-05,1937
5276,0.0005862565012648702,1.0,1.0,0.036865234375,3.245553790917039e-05,1757
5277,0.0012190639972686768,1.0,1.0,0.0673828125,3.239442971005926e-05,1346
5278,0.0005641586612910032,1.0,1.0,0.03759765625,3.233340149040904e-05,1095
5279,0.00030959316063672304,1.0,1.0,0.01434326171875,3.227245326812502e-05,2008
5280,0.0002514493535272777,1.0,1.0,0.00714111328125,3.221158506108853e-05,1053
5281,0.00021733349421992898,1.0,1.0,0.003936767578125,3.215079688715778e-05,1498
5282,0.001631889957934618,0.9997408390045166,1.0,0.05712890625,3.2090088764167274e-05,3859
5283,0.00033983701723627746,1.0,1.0,0.023681640625,3.20294607099281e-05,1830
5284,0.002028597518801689,0.999767005443573,1.0,0.0595703125,3.1968912742227824e-05,4292
5285,0.0004621453699655831,1.0,1.0,0.032958984375,3.1908444878830674e-05,1229
5286,0.0007691069040447474,1.0,1.0,0.044677734375,3.184805713747712e-05,1657
5287,0.0018079511355608702,0.9992498159408569,1.0,0.0830078125,3.178774953588437e-05,2666
5288,0.0028419706504791975,0.9995450377464294,1.0,0.054443359375,3.172752209174588e-05,2198
5289,0.0015400337288156152,0.9996370077133179,1.0,0.04931640625,3.1667374822731806e-05,5510
5290,0.0003702244139276445,1.0,1.0,0.0279541015625,3.160730774648875e-05,1630
5291,0.0021652684081345797,0.9991782903671265,1.0,0.061767578125,3.1547320880639525e-05,2434
5292,0.0014774593291804194,0.9992722272872925,1.0,0.059326171875,3.1487414242783845e-05,2748
5293,0.000700159405823797,1.0,1.0,0.045654296875,3.142758785049746e-05,1675
5294,0.0016708270413801074,0.9997815489768982,1.0,0.034423828125,3.136784172133295e-05,4578
5295,0.0005623861798085272,1.0,1.0,0.0172119140625,3.1308175872819074e-05,2431
5296,0.0004918123013339937,1.0,1.0,0.0245361328125,3.124859032246109e-05,1987
5297,0.0011228511575609446,0.9996607899665833,1.0,0.048095703125,3.118908508774084e-05,2948
5298,0.0018370868638157845,0.9994388222694397,1.0,0.080078125,3.11296601861164e-05,1782
5299,0.0007970796432346106,1.0,1.0,0.046875,3.1070315635022424e-05,2906
5300,0.0017640313599258661,0.9994906783103943,1.0,0.046142578125,3.101105145187002e-05,3927
5301,0.0009251277078874409,1.0,1.0,0.059326171875,3.095186765404653e-05,1154
5302,0.0019808420911431313,0.999312698841095,1.0,0.10009765625,3.089276425891586e-05,2910
5303,0.0019059907644987106,0.9993107914924622,1.0,0.0830078125,3.0833741283818414e-05,1451
5304,0.0018271597800776362,0.9996674656867981,1.0,0.046875,3.0774798746070615e-05,3007
5305,0.0014907228760421276,0.9995856881141663,1.0,0.034423828125,3.071593666296584e-05,4827
5306,0.0021101292222738266,0.9995808601379395,1.0,0.09912109375,3.065715505177342e-05,2386
5307,0.001795541844330728,0.9987431764602661,1.0,0.060546875,3.059845392973921e-05,2387
5308,0.0006855353713035583,1.0,1.0,0.036376953125,3.0539833314085596e-05,1305
5309,0.00076351931784302,0.9996374249458313,1.0,0.04150390625,3.0481293222011015e-05,2758
5310,0.0017777094617486,0.9996342062950134,1.0,0.06689453125,3.0422833670690737e-05,2734
5311,0.0021687480621039867,0.9991769790649414,1.0,0.060546875,3.036445467727594e-05,2430
5312,0.001980098197236657,0.9992647171020508,1.0,0.087890625,3.0306156258894452e-05,2720
5313,0.0016730541829019785,0.9987217783927917,1.0,0.057861328125,3.02479384326504e-05,2347
5314,0.0023064289707690477,0.9993468523025513,1.0,0.0673828125,3.0189801215624244e-05,3062
5315,0.0018333392217755318,0.9996536374092102,1.0,0.02978515625,3.0131744624872843e-05,5774
5316,0.001988559029996395,0.9990332126617432,1.0,0.061279296875,3.0073768677429246e-05,3103
5317,0.0012374097714200616,0.9994733929634094,1.0,0.058349609375,3.0015873390303002e-05,1899
5318,0.00033469090703874826,1.0,1.0,0.01458740234375,2.9958058780479965e-05,1140
5319,0.0013614203780889511,0.999578595161438,1.0,0.061767578125,2.9900324864922332e-05,2373
5320,0.00042174357804469764,1.0,1.0,0.025390625,2.9842671660568583e-05,1590
5321,0.000757459260057658,1.0,1.0,0.043701171875,2.9785099184333493e-05,1592
5322,0.0019459233153611422,0.9996052384376526,1.0,0.042724609375,2.9727607453108182e-05,5066
5323,0.0023784448858350515,0.9992395639419556,1.0,0.072265625,2.9670196483760155e-05,2630
5324,0.0016429558163508773,0.9996674656867981,1.0,0.042236328125,2.9612866293133108e-05,3007
5325,0.0005077956593595445,1.0,1.0,0.048095703125,2.9555616898047085e-05,1740
5326,0.0011836285702884197,0.9996482133865356,1.0,0.03515625,2.9498448315298484e-05,5685
5327,0.0020614468958228827,0.9996029138565063,1.0,0.03271484375,2.9441360561659788e-05,5037
5328,0.0017924156272783875,0.9993780851364136,1.0,0.056396484375,2.93843536538801e-05,3216
5329,0.00026957085356116295,1.0,1.0,0.01611328125,2.9327427608684507e-05,1754
5330,0.0015540822641924024,0.9997815489768982,1.0,0.032470703125,2.927058244277448e-05,4578
5331,0.00046096593723632395,1.0,1.0,0.029052734375,2.9213818172827787e-05,1095
5332,0.0013200860703364015,0.999666690826416,1.0,0.052978515625,2.915713481549846e-05,3000
5333,0.0015660106437280774,0.9998049139976501,1.0,0.035888671875,2.9100532387416774e-05,5126
5334,0.0012756944634020329,0.9998165369033813,1.0,0.031982421875,2.904401090518914e-05,5450
5335,0.0015749024460092187,0.9996771216392517,1.0,0.056396484375,2.898757038539846e-05,3097
5336,0.001714356360025704,0.9996622800827026,1.0,0.07373046875,2.8931210844603757e-05,2961
5337,0.001256630290299654,0.9993932247161865,1.0,0.064453125,2.8874932299340235e-05,1648
5338,0.0017421059310436249,0.9996517896652222,1.0,0.06884765625,2.881873476611939e-05,2872
5339,0.00136083725374192,1.0,1.0,0.060302734375,2.876261826142906e-05,1423
5340,0.0018082821043208241,0.9996520280838013,1.0,0.036865234375,2.8706582801733047e-05,2874
5341,0.0008589214994572103,0.9992012977600098,1.0,0.04443359375,2.8650628403471764e-05,1252
5342,0.0002955066447611898,1.0,1.0,0.01275634765625,2.8594755083061348e-05,1764
5343,0.0007036655442789197,1.0,1.0,0.049560546875,2.8538962856894588e-05,2021
5344,0.001478786114603281,0.999312698841095,1.0,0.0791015625,2.848325174134032e-05,2910
5345,0.00027237029280513525,1.0,1.0,0.0240478515625,2.84276217527434e-05,1669
5346,0.0013237810926511884,0.9997985363006592,1.0,0.0380859375,2.8372072907425247e-05,4963
5347,0.0004796933208126575,1.0,1.0,0.027099609375,2.8316605221683152e-05,2280
5348,0.0006039938307367265,1.0,1.0,0.07421875,2.8261218711790767e-05,2220
5349,0.0015981891192495823,0.9996154308319092,1.0,0.046630859375,2.820591339399786e-05,5201
5350,0.0006989965331740677,1.0,1.0,0.0322265625,2.8150689284530413e-05,2784
5351,0.0016231505433097482,0.9996547102928162,1.0,0.072265625,2.8095546399590606e-05,2896
5352,0.000476528744911775,1.0,1.0,0.030517578125,2.8040484755356728e-05,1675
5353,0.0004139153170399368,1.0,1.0,0.0233154296875,2.798550436798319e-05,1575
5354,0.0011239206651225686,0.9994061589241028,1.0,0.0634765625,2.7930605253600723e-05,1684
5355,0.0009398561087436974,1.0,1.0,0.029052734375,2.7875787428316077e-05,2398
5356,0.00173904316034168,0.9995562434196472,1.0,0.0517578125,2.7821050908212182e-05,4507
5357,0.0004271149809937924,1.0,1.0,0.01806640625,2.7766395709348198e-05,2433
5358,0.0017795126186683774,0.9996364712715149,1.0,0.05810546875,2.771182184775923e-05,2751
5359,0.0017960505792871118,0.9993190169334412,1.0,0.06591796875,2.7657329339456835e-05,2937
5360,0.001399504137225449,0.9997851848602295,1.0,0.0240478515625,2.760291820042836e-05,4655
5361,0.0006399847334250808,1.0,1.0,0.040771484375,2.754858844663743e-05,2906
5362,0.0007276965770870447,1.0,1.0,0.031982421875,2.7494340094023904e-05,2126
5363,0.0010981725063174963,0.9996452927589417,1.0,0.050537109375,2.7440173158503474e-05,2819
5364,0.00166437984444201,0.9995735883712769,1.0,0.048583984375,2.7386087655968304e-05,2345
5365,0.0003844429738819599,1.0,1.0,0.033203125,2.7332083602286425e-05,1740
5366,0.0015692105516791344,0.9998103976249695,1.0,0.049560546875,2.7278161013301937e-05,5274
5367,0.0017141213174909353,0.9995547533035278,1.0,0.0537109375,2.722431990483528e-05,2246
5368,0.0021500359289348125,0.9994632601737976,1.0,0.044189453125,2.717056029268272e-05,3726
5369,0.00045033206697553396,1.0,1.0,0.028564453125,2.7116882192616775e-05,1694
5370,0.0014385998947545886,0.9996531009674072,1.0,0.03857421875,2.7063285620386078e-05,5765
5371,0.000558568979613483,1.0,1.0,0.03369140625,2.7009770591715118e-05,1428
5372,0.002129788277670741,0.9995976090431213,1.0,0.057861328125,2.695633712230474e-05,2485
5373,0.0007075037574395537,1.0,1.0,0.0400390625,2.6902985227831665e-05,1340
5374,0.001657223212532699,0.9994906783103943,1.0,0.045166015625,2.6849714923948807e-05,3927
5375,0.0003011157677974552,1.0,1.0,0.0140380859375,2.6796526226285033e-05,2043
5376,0.0003000251017510891,1.0,1.0,0.017333984375,2.674341915044529e-05,1436
5377,0.001518739270977676,0.9996615648269653,1.0,0.060791015625,2.6690393712010748e-05,2955
5378,0.0020295653957873583,0.999196469783783,1.0,0.06982421875,2.6637449926538334e-05,2489
5379,0.0009180365013889968,1.0,1.0,0.056396484375,2.6584587809561254e-05,1386
5380,0.00047398312017321587,1.0,1.0,0.037109375,2.65318073765887e-05,1419
5381,0.0008054274367168546,1.0,1.0,0.054443359375,2.6479108643105683e-05,1333
5382,0.0014057246735319495,0.9996742606163025,1.0,0.031494140625,2.6426491624573642e-05,3070
5383,0.000499339890666306,1.0,1.0,0.036865234375,2.637395633642969e-05,2882
5384,0.001293643144890666,1.0,1.0,0.04638671875,2.6321502794087168e-05,4027
5385,0.0017002476379275322,0.9996052384376526,1.0,0.050048828125,2.6269131012935362e-05,2533
5386,0.003291474422439933,0.999447226524353,1.0,0.0732421875,2.621684100833955e-05,1809
5387,0.0016945776296779513,0.9993112683296204,1.0,0.0810546875,2.616463279564106e-05,2904
5388,0.00145587301813066,0.9996598362922668,1.0,0.043701171875,2.611250639015724e-05,2940
5389,0.0004816879809368402,1.0,1.0,0.030517578125,2.6060461807181286e-05,1813
5390,0.001539921504445374,0.9992584586143494,1.0,0.06201171875,2.6008499061982592e-05,2697
5391,0.0016875910805538297,0.9996591806411743,1.0,0.060791015625,2.5956618169806454e-05,2934
5392,0.0018504346953704953,0.9998183846473694,1.0,0.02490234375,2.5904819145874135e-05,5507
5393,0.0013044894440099597,0.9997465014457703,1.0,0.04443359375,2.5853102005382908e-05,3945
5394,0.002094898372888565,0.9997671246528625,1.0,0.03955078125,2.580146676350594e-05,4294
5395,0.00033654048456810415,1.0,1.0,0.014892578125,2.5749913435392578e-05,1712
5396,0.0002917219535447657,1.0,1.0,0.01214599609375,2.569844203616789e-05,1459
5397,0.0007034536683931947,1.0,1.0,0.0257568359375,2.5647052580933026e-05,2956
5398,0.001281269360333681,0.9996687769889832,1.0,0.05029296875,2.5595745084765097e-05,3019
5399,0.0006131388945505023,1.0,1.0,0.025390625,2.5544519562717158e-05,2778
5400,0.0004321304732002318,1.0,1.0,0.0201416015625,2.549337602981829e-05,1987
5401,0.0012591438135132194,0.9998197555541992,1.0,0.0390625,2.544231450107329e-05,5548
5402,0.001813539071008563,0.9996516704559326,1.0,0.0458984375,2.5391334991463142e-05,2871
5403,0.0002650826354511082,1.0,1.0,0.00579833984375,2.534043751594461e-05,2103
5404,0.0015192290302366018,0.999487042427063,1.0,0.038818359375,2.5289622089450524e-05,3899
5405,0.0009963602060452104,0.9995024800300598,1.0,0.07080078125,2.523888872688955e-05,2010
5406,0.000572781718801707,1.0,1.0,0.025146484375,2.5188237443146318e-05,2758
5407,0.0002342362713534385,1.0,1.0,0.010009765625,2.513766825308121e-05,1921
5408,0.0002969236229546368,1.0,1.0,0.0126953125,2.5087181171530857e-05,1854
5409,0.0011211060918867588,0.9996269941329956,1.0,0.04052734375,2.503677621330751e-05,2681
5410,0.0016785103362053633,0.9995891451835632,1.0,0.048828125,2.4986453393199433e-05,2434
5411,0.0008424685802310705,0.9996605515480042,1.0,0.03857421875,2.4936212725970827e-05,2946
5412,0.0006215513567440212,1.0,1.0,0.033203125,2.488605422636163e-05,1961
5413,0.0013270877534523606,0.9993206262588501,1.0,0.09423828125,2.4835977909087968e-05,2944
5414,0.0004382318293210119,1.0,1.0,0.03173828125,2.4785983788841556e-05,1229
5415,0.0015048265922814608,0.9995728135108948,1.0,0.058349609375,2.4736071880290164e-05,4682
5416,0.0005848543369211257,1.0,1.0,0.0517578125,2.4686242198077343e-05,1381
5417,0.001622881623916328,0.9996018409729004,1.0,0.041259765625,2.4636494756822665e-05,5023
5418,0.001991505268961191,0.999640166759491,1.0,0.058837890625,2.4586829571121423e-05,2779
5419,0.0008185159531421959,1.0,1.0,0.06591796875,2.4537246655544828e-05,1161
5420,0.0015584048815071583,0.9996974468231201,1.0,0.046875,2.448774602463991e-05,3305
5421,0.0012969522504135966,0.9994391202926636,1.0,0.05908203125,2.4438327692929716e-05,1783
5422,0.00021394203940872103,1.0,1.0,0.005401611328125,2.438899167491295e-05,1498
5423,0.0017296129371970892,0.999664306640625,1.0,0.05419921875,2.43397379850643e-05,2979
5424,0.0002740172203630209,1.0,1.0,0.015869140625,2.4290566637834276e-05,2183
5425,0.0012350279139354825,1.0,1.0,0.07373046875,2.4241477647649098e-05,1554
5426,0.0005119299748912454,1.0,1.0,0.052734375,2.419247102891112e-05,1405
5427,0.0018894887762144208,0.9996801018714905,1.0,0.053466796875,2.4143546795998137e-05,3126
5428,0.0007673890795558691,1.0,1.0,0.08447265625,2.4094704963264132e-05,1419
5429,0.0005836862837895751,1.0,1.0,0.036865234375,2.4045945545038714e-05,1721
5430,0.00046061596367508173,1.0,1.0,0.0225830078125,2.3997268555627268e-05,1530
5431,0.0012180221965536475,1.0,1.0,0.05029296875,2.394867400931121e-05,2399
5432,0.0014245942002162337,0.9997638463973999,1.0,0.035888671875,2.390016192034756e-05,4234
5433,0.0012037314008921385,0.9996358156204224,1.0,0.057861328125,2.3851732302969308e-05,2746
5434,0.0015360978431999683,0.9996244311332703,1.0,0.05029296875,2.380338517138508e-05,5325
5435,0.0011475463397800922,1.0,1.0,0.07763671875,2.3755120539779437e-05,2079
5436,0.0011772526195272803,0.9997915625572205,1.0,0.041748046875,2.3706938422312683e-05,4798
5437,0.0008867077995091677,0.999616265296936,1.0,0.12255859375,2.3658838833120975e-05,2606
5438,0.0014375649625435472,1.0,1.0,0.05615234375,2.3610821786316093e-05,2734
5439,0.0014597647823393345,0.9996156096458435,1.0,0.0439453125,2.3562887295985765e-05,5203
5440,0.0015690127620473504,0.9996126890182495,1.0,0.04052734375,2.3515035376193414e-05,2582
5441,0.001329918741248548,1.0,1.0,0.060302734375,2.3467266040978304e-05,1451
5442,0.0007654459914192557,1.0,1.0,0.061279296875,2.3419579304355463e-05,2109
5443,0.001210857997648418,0.9996333122253418,1.0,0.050537109375,2.3371975180315528e-05,2727
5444,0.0012393066426739097,1.0,1.0,0.059814453125,2.3324453682825163e-05,1937
5445,0.0016019666800275445,0.9995042085647583,1.0,0.0439453125,2.327701482582651e-05,2017
5446,0.0018372421618551016,0.9990332126617432,1.0,0.05908203125,2.3229658623237712e-05,3103
5447,0.0023836514446884394,0.9996340870857239,1.0,0.0693359375,2.318238508895255e-05,2733
5448,0.000872174627147615,1.0,1.0,0.0751953125,2.3135194236840426e-05,1511
5449,0.0013106019468978047,0.9991621375083923,1.0,0.042236328125,2.3088086080746836e-05,2387
5450,0.002682081889361143,0.9996223449707031,1.0,0.061767578125,2.3041060634492624e-05,2648
5451,0.0003627279947977513,1.0,1.0,0.0194091796875,2.2994117911874587e-05,1483
5452,0.0013728621415793896,0.9996392726898193,1.0,0.05224609375,2.2947257926665173e-05,2772
5453,0.0010345339542254806,1.0,1.0,0.03125,2.290048069261262e-05,2388
5454,0.0006203944212757051,1.0,1.0,0.052490234375,2.2853786223440884e-05,1402
5455,0.0008997184340842068,1.0,1.0,0.045654296875,2.2807174532849572e-05,837
5456,0.0013722240692004561,0.9997718334197998,1.0,0.046875,2.2760645634513973e-05,4383
5457,0.0015493982937186956,0.999519944190979,1.0,0.06982421875,2.271419954208521e-05,2083
5458,0.0006371056078933179,1.0,1.0,0.04052734375,2.2667836269190078e-05,1598
5459,0.0014698803424835205,0.9992769360542297,1.0,0.044921875,2.2621555829430993e-05,2766
5460,0.001123374910093844,0.9989462494850159,1.0,0.1318359375,2.25753582363862e-05,949
5461,0.0013014384312555194,1.0,1.0,0.05517578125,2.252924350360945e-05,2934
5462,0.0016813658876344562,0.9995868802070618,1.0,0.04638671875,2.248321164463043e-05,4841
5463,0.0006337455124594271,1.0,1.0,0.03955078125,2.243726267295426e-05,1657
5464,0.000786773394793272,1.0,1.0,0.047119140625,2.2391396602061928e-05,1955
5465,0.0010656591039150953,1.0,1.0,0.08935546875,2.2345613445410036e-05,1644
5466,0.0002724529476836324,1.0,1.0,0.0157470703125,2.2299913216430777e-05,1400
5467,0.0019102486548945308,0.9993581771850586,1.0,0.08544921875,2.225429592853222e-05,1558
5468,0.000313511467538774,1.0,1.0,0.021240234375,2.220876159509789e-05,1873
5469,0.0011812439188361168,1.0,1.0,0.039794921875,2.2163310229487042e-05,1224
5470,0.0012696413323283195,0.9996509552001953,1.0,0.06494140625,2.2117941845034637e-05,2865
5471,0.0008072068449109793,0.9994799494743347,1.0,0.03759765625,2.2072656455051262e-05,1923
5472,0.0007286648033186793,1.0,1.0,0.07470703125,2.202745407282316e-05,1188
5473,0.001287591876462102,0.9992446899414062,1.0,0.0751953125,2.1982334711612214e-05,1324
5474,0.00031442122417502105,1.0,1.0,0.017578125,2.1937298384655844e-05,1915
5475,0.0009337682276964188,0.9996568560600281,1.0,0.061767578125,2.189234510516734e-05,2914
5476,0.0013704366283491254,1.0,1.0,0.06396484375,2.1847474886335424e-05,534
5477,0.0005524307489395142,1.0,1.0,0.026611328125,2.1802687741324565e-05,2228
5478,0.0007538376376032829,1.0,1.0,0.048095703125,2.175798368327485e-05,1770
5479,0.0016483390936627984,0.9996591806411743,1.0,0.047607421875,2.1713362725301787e-05,2934
5480,0.0019699002150446177,0.999254584312439,1.0,0.060302734375,2.166882488049687e-05,2683
5481,0.0012250880245119333,0.9996812343597412,1.0,0.043701171875,2.1624370161926886e-05,3137
5482,0.0010596662759780884,0.9996386170387268,1.0,0.048095703125,2.157999858263443e-05,2767
5483,0.0014285065699368715,0.9996812343597412,1.0,0.03173828125,2.1535710155637586e-05,3137
5484,0.0015133239794522524,0.9996609091758728,1.0,0.08349609375,2.1491504893930068e-05,2949
5485,0.0006006617331877351,1.0,1.0,0.05517578125,2.1447382810481363e-05,1071
5486,0.0014719583559781313,1.0,1.0,0.06103515625,2.1403343918236214e-05,2987
5487,0.0009461247245781124,1.0,1.0,0.04296875,2.1359388230115194e-05,2507
5488,0.00021126531646586955,1.0,1.0,0.0037994384765625,2.1315515759014478e-05,1498
5489,0.00022045608784537762,1.0,1.0,0.00732421875,2.127172651780571e-05,479
5490,0.00029647108749486506,1.0,1.0,0.010498046875,2.1228020519336207e-05,2328
5491,0.00037989564589224756,1.0,1.0,0.024658203125,2.118439777642882e-05,1410
5492,0.0009424462332390249,1.0,1.0,0.038330078125,2.1140858301881903e-05,2468
5493,0.0005413780454546213,1.0,1.0,0.025146484375,2.1097402108469607e-05,1873
5494,0.00026029671425931156,1.0,1.0,0.0213623046875,2.1054029208941335e-05,1692
5495,0.0011590715730562806,0.9996367692947388,1.0,0.060302734375,2.101073961602234e-05,2753
5496,0.00237815803848207,0.9995166659355164,1.0,0.0634765625,2.0967533342413234e-05,4138
5497,0.0010412258561700583,1.0,1.0,0.047607421875,2.092441040079027e-05,2668
5498,0.001448844326660037,0.9995119571685791,1.0,0.06201171875,2.088137080380533e-05,2049
5499,0.0017106594750657678,0.9995253682136536,1.0,0.040283203125,2.0838414564085615e-05,4214
5500,0.0004451198037713766,1.0,1.0,0.036865234375,2.079554169423411e-05,1915
5501,0.001550380140542984,0.9994388222694397,1.0,0.07470703125,2.0752752206829248e-05,1782
5502,0.002093634568154812,0.9995837807655334,1.0,0.04052734375,2.0710046114424894e-05,4805
5503,0.0003681220696307719,1.0,1.0,0.048828125,2.0667423429550656e-05,1264
5504,0.0015732923056930304,0.9996111392974854,1.0,0.038330078125,2.06248841647115e-05,5143
5505,0.00136742671020329,0.9995856881141663,1.0,0.03515625,2.0582428332387968e-05,4827
5506,0.0014637000858783722,0.9996352195739746,1.0,0.0247802734375,2.054005594503617e-05,5483
5507,0.0016059611225500703,0.9995426535606384,1.0,0.0322265625,2.049776701508766e-05,4373
5508,0.0009530717507004738,0.9992695450782776,1.0,0.0888671875,2.045556155494955e-05,1369
5509,0.001357827801257372,0.9990795850753784,1.0,0.0595703125,2.04134395770045e-05,2173
5510,0.0014255641726776958,0.9998247027397156,1.0,0.038330078125,2.037140109361055e-05,5704
5511,0.0020598124247044325,0.9997810125350952,1.0,0.028564453125,2.0329446117101412e-05,4566
5512,0.0014303382486104965,0.9995964765548706,1.0,0.05322265625,2.0287574659786164e-05,4956
5513,0.00039986256160773337,1.0,1.0,0.024169921875,2.024578673394942e-05,1261
5514,0.001316879061050713,0.9994493126869202,1.0,0.06494140625,2.020408235185137e-05,1816
5515,0.0010955139296129346,0.9995119571685791,1.0,0.05908203125,2.016246152572749e-05,2049
5516,0.0015957141295075417,0.9995611310005188,1.0,0.052490234375,2.0120924267788983e-05,4557
5517,0.0004071066214237362,1.0,1.0,0.0177001953125,2.0079470590222367e-05,2069
5518,0.0015095868147909641,0.9996662139892578,1.0,0.036865234375,2.0038100505189715e-05,2996
5519,0.0008442711550742388,1.0,1.0,0.05859375,1.999681402482851e-05,1200
5520,0.0012289321748539805,0.9996851682662964,1.0,0.03515625,1.995561116125184e-05,3176
5521,0.0008199122385121882,1.0,1.0,0.039794921875,1.9914491926548093e-05,1534
5522,0.0012148249661549926,0.9990909099578857,1.0,0.1640625,1.987345633278119e-05,1100
5523,0.0004930256982333958,1.0,1.0,0.0303955078125,1.9832504391990566e-05,1708
5524,0.000878077233210206,0.9996545910835266,1.0,0.041748046875,1.9791636116191044e-05,2895
5525,0.0018526209751144052,0.999254584312439,1.0,0.083984375,1.975085151737297e-05,2683
5526,0.000698420568369329,1.0,1.0,0.02978515625,1.9710150607502028e-05,2971
5527,0.0014120109844952822,0.999582827091217,1.0,0.048583984375,1.9669533398519443e-05,2397
5528,0.0019160903757438064,0.999544620513916,1.0,0.076171875,1.9628999902341812e-05,2196
5529,0.000985661055892706,1.0,1.0,0.0546875,1.9588550130861326e-05,3982
5530,0.0003156399470753968,1.0,1.0,0.0167236328125,1.9548184095945417e-05,1749
5531,0.0009576231241226196,0.9994333982467651,1.0,0.068359375,1.950790180943702e-05,1765
5532,0.0004298641288187355,1.0,1.0,0.031494140625,1.9467703283154544e-05,1709
5533,0.0013909897534176707,0.9998049736022949,1.0,0.037109375,1.942758852889179e-05,5127
5534,0.001959720393642783,0.9994750618934631,1.0,0.06591796875,1.938755755841801e-05,3810
5535,0.001848384621553123,0.9996175765991211,1.0,0.06494140625,1.9347610383477807e-05,2615
5536,0.0013600059319287539,0.9996195435523987,1.0,0.041015625,1.9307747015791242e-05,5257
5537,0.0006422497099265456,1.0,1.0,0.05859375,1.9267967467053824e-05,1613
5538,0.00029066065326333046,1.0,1.0,0.01092529296875,1.9228271748936385e-05,1881
5539,0.0018807189771905541,0.9993985295295715,1.0,0.050048828125,1.918865987308521e-05,4988
5540,0.0018242262303829193,0.9997676014900208,1.0,0.050048828125,1.91491318511221e-05,4303
5541,0.0021154393907636404,0.9993468523025513,1.0,0.06787109375,1.9109687694643984e-05,3062
5542,0.00028147248667664826,1.0,1.0,0.0164794921875,1.9070327415223398e-05,1830
5543,0.0017447281861677766,0.9997197985649109,1.0,0.059814453125,1.9031051024408238e-05,3569
5544,0.0017148826736956835,0.9995938539505005,1.0,0.07080078125,1.899185853372176e-05,2462
5545,0.002380002522841096,0.9988276958465576,1.0,0.06689453125,1.895274995466256e-05,2559
5546,0.0010749970097094774,1.0,1.0,0.057861328125,1.8913725298704695e-05,1589
5547,0.0024150346871465445,0.9995921850204468,1.0,0.035888671875,1.887478457729761e-05,2452
5548,0.0010789233492687345,1.0,1.0,0.0311279296875,1.883592780186599e-05,2352
5549,0.0008323551155626774,1.0,1.0,0.04248046875,1.879715498381006e-05,1962
5550,0.0008415111806243658,1.0,1.0,0.048828125,1.8758466134505346e-05,2354
5551,0.002059551887214184,0.9991769790649414,1.0,0.064453125,1.8719861265302605e-05,2430
5552,0.0016533154994249344,0.9995911717414856,1.0,0.04345703125,1.8681340387528276e-05,4892
5553,0.0008667312213219702,0.9995826482772827,1.0,0.035888671875,1.8642903512483785e-05,2396
5554,0.000656795920804143,1.0,1.0,0.0419921875,1.860455065144615e-05,1047
5555,0.001202364801429212,0.999627411365509,1.0,0.03955078125,1.856628181566766e-05,2684
5556,0.00028128904523327947,1.0,1.0,0.041259765625,1.8528097016376042e-05,1235
5557,0.000500591064337641,1.0,1.0,0.0252685546875,1.8489996264774198e-05,2158
5558,0.0002606786438263953,1.0,1.0,0.01043701171875,1.8451979572040555e-05,2008
5559,0.0009607388055883348,0.9996607899665833,1.0,0.046630859375,1.8414046949328685e-05,2948
5560,0.002227785298600793,0.9992606043815613,1.0,0.08837890625,1.837619840776766e-05,2705
5561,0.0018495103577151895,0.9996485114097595,1.0,0.0869140625,1.8338433958461864e-05,2845
5562,0.00023708009393885732,1.0,1.0,0.005523681640625,1.8300753612490894e-05,1833
5563,0.0007302755257114768,1.0,1.0,0.034423828125,1.826315738090981e-05,2734
5564,0.0006709990557283163,1.0,1.0,0.046142578125,1.8225645274748855e-05,1404
5565,0.0005237859440967441,1.0,1.0,0.03173828125,1.8188217305013762e-05,2005
5566,0.0021879214327782393,0.9991925954818726,1.0,0.095703125,1.8150873482685413e-05,2477
5567,0.00033213384449481964,1.0,1.0,0.0186767578125,1.8113613818720072e-05,1658
5568,0.001473592477850616,0.9996408224105835,1.0,0.048583984375,1.8076438324049404e-05,2784
5569,0.0005985611933283508,1.0,1.0,0.038330078125,1.8039347009580106e-05,1962
5570,0.0012958291918039322,0.9998055100440979,1.0,0.041015625,1.8002339886194583e-05,5142
5571,0.0019279392436146736,0.9987024068832397,1.0,0.05322265625,1.7965416964750147e-05,2312
5572,0.0016655395738780499,0.9988629817962646,1.0,0.11083984375,1.792857825607963e-05,1759
5573,0.00048464539577253163,1.0,1.0,0.033447265625,1.789182377099112e-05,970
5574,0.0007103707757778466,1.0,1.0,0.04833984375,1.7855153520267927e-05,1681
5575,0.0017266531940549612,0.9996933341026306,1.0,0.0299072265625,1.781856751466878e-05,3261
5576,0.0020430840086191893,0.9997385740280151,1.0,0.0245361328125,1.7782065764927555e-05,3825
5577,0.0007072566659189761,0.9994529485702515,1.0,0.041259765625,1.774564828175342e-05,1828
5578,0.00045542579027824104,1.0,1.0,0.05517578125,1.770931507583093e-05,1341
5579,0.0020686353091150522,0.9993612170219421,1.0,0.056396484375,1.767306615781986e-05,3131
5580,0.0013169763842597604,0.9996361136436462,1.0,0.05712890625,1.7636901538355198e-05,2748
5581,0.0019205008866265416,0.9996044039726257,1.0,0.0517578125,1.7600821228047256e-05,2528
5582,0.0014440055238083005,0.9992668628692627,1.0,0.0478515625,1.756482523748154e-05,2728
5583,0.0016180264065042138,0.9998071193695068,1.0,0.037841796875,1.7528913577218994e-05,5184
5584,0.0018167732050642371,0.9996536374092102,1.0,0.0306396484375,1.749308625779563e-05,5774
5585,0.0007480763015337288,1.0,1.0,0.04345703125,1.745734328972277e-05,2573
5586,0.0010451838606968522,0.9997503161430359,1.0,0.0400390625,1.7421684683487025e-05,4005
5587,0.0008888613665476441,1.0,1.0,0.041259765625,1.7386110449550228e-05,2198
5588,0.0015612066490575671,0.999640941619873,1.0,0.057373046875,1.7350620598349564e-05,2785
5589,0.0019427068764343858,0.9995808601379395,1.0,0.09912109375,1.7315215140297232e-05,2386
5590,0.0020567539613693953,0.9996030330657959,1.0,0.1982421875,1.7279894085780833e-05,2519
5591,0.0010920549975708127,1.0,1.0,0.05224609375,1.72446574451632e-05,1302
5592,0.00017566856695339084,1.0,1.0,0.0029144287109375,1.7209505228782337e-05,1128
5593,0.0009236337500624359,1.0,1.0,0.038818359375,1.7174437446951596e-05,3055
5594,0.0008192725363187492,0.9995729923248291,1.0,0.050537109375,1.7139454109959437e-05,2342
5595,0.0003442422312218696,1.0,1.0,0.02001953125,1.7104555228069495e-05,1488
5596,0.00016394905105698854,1.0,1.0,0.007080078125,1.706974081152087e-05,744
5597,0.0015296502970159054,0.9996322393417358,1.0,0.0908203125,1.7035010870527598e-05,2719
5598,0.0006824656156823039,1.0,1.0,0.05908203125,1.7000365415279127e-05,2042
5599,0.001376194297336042,0.9997693300247192,1.0,0.036376953125,1.696580445594006e-05,4335
5600,0.0005226110224612057,1.0,1.0,0.01470947265625,1.6931328002650114e-05,2637
5601,0.0006481728632934391,1.0,1.0,0.0302734375,1.6896936065524435e-05,2016
5602,0.0015940747689455748,0.9997766017913818,1.0,0.03466796875,1.686262865465312e-05,4476
5603,0.0004139654047321528,1.0,1.0,0.0262451171875,1.682840578010165e-05,1624
5604,0.00042743186349980533,1.0,1.0,0.0196533203125,1.6794267451910593e-05,2712
5605,0.0006903181783854961,1.0,1.0,0.0238037109375,1.676021368009577e-05,1857
5606,0.001643287017941475,0.9995707869529724,1.0,0.060302734375,1.672624447464822e-05,2330
5607,0.0012793793575838208,0.9993416666984558,1.0,0.091796875,1.6692359845534076e-05,1519
5608,0.0015773283084854484,0.9996455311775208,1.0,0.064453125,1.6658559802694782e-05,2821
5609,0.0026685642078518867,0.9992763996124268,1.0,0.07861328125,1.6624844356046807e-05,2764
5610,0.000953434209804982,1.0,1.0,0.10009765625,1.659121351548197e-05,1266
5611,0.0009702526731416583,1.0,1.0,0.0556640625,1.655766729086715e-05,1546
5612,0.001326976460404694,0.9995015859603882,1.0,0.038330078125,1.652420569204447e-05,6019
5613,0.0019039527978748083,0.9996381998062134,1.0,0.059814453125,1.6490828728831107e-05,2764
5614,0.0018317833309993148,0.9991708397865295,1.0,0.408203125,1.6457536411019636e-05,1206
5615,0.0016578077338635921,0.9997636675834656,1.0,0.053466796875,1.6424328748377537e-05,4231
5616,0.00055743008852005,1.0,1.0,0.05078125,1.6391205750647584e-05,1899
5617,0.002146021230146289,0.9996362328529358,1.0,0.09521484375,1.6358167427547742e-05,2749
5618,0.0014231972163543105,0.9994555115699768,1.0,0.047119140625,1.632521378877102e-05,5510
5619,0.001954043284058571,0.9993429780006409,1.0,0.058837890625,1.6292344843985784e-05,3044
5620,0.0014828222338110209,0.9994138479232788,1.0,0.07470703125,1.6259560602835286e-05,1706
5621,0.0005739639746025205,1.0,1.0,0.035400390625,1.6226861074938135e-05,1997
5622,0.0015167085221037269,0.9996107220649719,1.0,0.045166015625,1.6194246269887957e-05,5138
5623,0.0019400889286771417,0.9994468092918396,1.0,0.06298828125,1.6161716197253626e-05,5423
5624,0.0016174946213141084,0.999365508556366,1.0,0.1005859375,1.612927086657908e-05,1576
5625,0.0004975621704943478,1.0,1.0,0.015625,1.609691028738347e-05,2431
5626,0.0016559268115088344,0.9993915557861328,1.0,0.05322265625,1.606463446916093e-05,3287
5627,0.0016287850448861718,0.9991876482963562,1.0,0.0546875,1.603244342138089e-05,2462
5628,0.00026179535780102015,1.0,1.0,0.0123291015625,1.6000337153487863e-05,1705
5629,0.0005353703163564205,1.0,1.0,0.039794921875,1.5968315674901445e-05,1904
5630,0.0010415210854262114,1.0,1.0,0.07177734375,1.5936378995016385e-05,1542
5631,0.0007764052716083825,1.0,1.0,0.04296875,1.5904527123202525e-05,2111
5632,0.0002286300150444731,1.0,1.0,0.007476806640625,1.587276006880499e-05,1824
5633,0.0009386046440340579,0.9994720220565796,1.0,0.06298828125,1.584107784114369e-05,1894
5634,0.001469731330871582,0.9996132254600525,1.0,0.053466796875,1.5809480449513955e-05,5171
5635,0.0013755196705460548,0.9996249079704285,1.0,0.07666015625,1.5777967903186106e-05,2666
5636,0.0018224529922008514,0.9996954798698425,1.0,0.0458984375,1.574654021140551e-05,3284
5637,0.001883575925603509,0.999767005443573,1.0,0.06396484375,1.5715197383392764e-05,4292
5638,0.0018437177641317248,0.9994568228721619,1.0,0.09326171875,1.5683939428343505e-05,1841
5639,0.0014150628121569753,0.9995861649513245,1.0,0.04296875,1.565276635542847e-05,4833
5640,0.0010309726931154728,1.0,1.0,0.051513671875,1.562167817379344e-05,1268
5641,0.0013434432912617922,0.9995766282081604,1.0,0.032958984375,1.5590674892559452e-05,4724
5642,0.0011158047709614038,1.0,1.0,0.0289306640625,1.5559756520822398e-05,2515
5643,0.00045070514897815883,1.0,1.0,0.0264892578125,1.5528923067653486e-05,1756
5644,0.0004015287559013814,1.0,1.0,0.0238037109375,1.5498174542098883e-05,1349
5645,0.0003528094675857574,1.0,1.0,0.0174560546875,1.5467510953179807e-05,983
5646,0.001561822835355997,0.9998180270195007,1.0,0.027587890625,1.543693230989269e-05,5496
5647,0.0006165319937281311,1.0,1.0,0.0208740234375,1.5406438621208928e-05,2365
5648,0.0012007305631414056,0.999670684337616,1.0,0.03369140625,1.5376029896075094e-05,6073
5649,0.0017298019956797361,0.9994229674339294,1.0,0.038330078125,1.5345706143412684e-05,3466
5650,0.0005930254701524973,1.0,1.0,0.044677734375,1.531546737211842e-05,1629
5651,0.0018604574725031853,0.9995893239974976,1.0,0.08837890625,1.5285313591063998e-05,2435
5652,0.0013752952218055725,0.9997408390045166,1.0,0.051025390625,1.525524480909618e-05,3859
5653,0.0015930720837786794,0.9996543526649475,1.0,0.07470703125,1.522526103503684e-05,2893
5654,0.0016228851163759828,0.9996134042739868,1.0,0.039794921875,1.519536227768291e-05,5173
5655,0.00022493094729725271,1.0,1.0,0.00408935546875,1.5165548545806305e-05,2022
5656,0.0003235750482417643,1.0,1.0,0.029296875,1.5135819848154063e-05,2397
5657,0.0010204097488895059,0.9991603493690491,1.0,0.06396484375,1.5106176193448272e-05,1191
5658,0.0022015797439962626,0.9997807741165161,1.0,0.033447265625,1.5076617590386008e-05,4562
5659,0.0026520253159105778,0.9995450377464294,1.0,0.052734375,1.5047144047639536e-05,2198
5660,0.00029400113271549344,1.0,1.0,0.01422119140625,1.5017755573855939e-05,1443
5661,0.001715920865535736,0.999764621257782,1.0,0.05078125,1.4988452177657584e-05,4249
5662,0.001056587672792375,0.9995240569114685,1.0,0.05908203125,1.4959233867641629e-05,2101
5663,0.0016025188378989697,0.9993624687194824,1.0,0.0712890625,1.4930100652380583e-05,3137
5664,0.0016050764825195074,0.9992647171020508,1.0,0.0771484375,1.490105254042171e-05,2720
5665,0.0012739063240587711,0.9995739459991455,1.0,0.046630859375,1.4872089540287358e-05,2347
5666,0.0008696226286701858,1.0,1.0,0.046630859375,1.4843211660475029e-05,2556
5667,0.0004604518471751362,1.0,1.0,0.02490234375,1.4814418909457149e-05,1925
5668,0.0007649957551620901,1.0,1.0,0.033203125,1.4785711295681158e-05,1995
5669,0.0013561290688812733,0.9996862411499023,1.0,0.056640625,1.475708882756962e-05,3187
5670,0.0015632349532097578,0.9996109008789062,1.0,0.042236328125,1.4728551513519981e-05,2570
5671,0.0012191978748887777,0.9997977614402771,1.0,0.0556640625,1.470009936190485e-05,4945
5672,0.0011471379548311234,1.0,1.0,0.030029296875,1.467173238107171e-05,3199
5673,0.0013612983748316765,0.9997695088386536,1.0,0.03564453125,1.464345057934314e-05,4339
5674,0.0014983309665694833,0.9995735883712769,1.0,0.051513671875,1.4615253965016704e-05,4690
5675,0.0016648249002173543,0.9995707869529724,1.0,0.06689453125,1.4587142546365016e-05,2330
5676,0.0002764095552265644,1.0,1.0,0.0167236328125,1.4559116331635579e-05,1630
5677,0.002020822139456868,0.9992915391921997,1.0,0.055908203125,1.4531175329051049e-05,2823
5678,0.0008342538494616747,0.9995357394218445,1.0,0.05029296875,1.4503319546808967e-05,2154
5679,0.0019200426759198308,0.9996089339256287,1.0,0.07080078125,1.447554899308193e-05,2557
5680,0.0016144441906362772,0.999297022819519,1.0,0.08935546875,1.444786367601749e-05,2845
5681,0.0012129147071391344,0.9996101260185242,1.0,0.05810546875,1.4420263603738214e-05,2565
5682,0.0014645064948126674,0.9996548891067505,1.0,0.042724609375,1.439274878434169e-05,5795
5683,0.0005625938065350056,1.0,1.0,0.03173828125,1.4365319225900429e-05,1601
5684,0.0010688849724829197,0.9995325207710266,1.0,0.036376953125,1.4337974936461994e-05,2139
5685,0.001267477753572166,0.9996618032455444,1.0,0.04296875,1.4310715924048865e-05,2957
5686,0.0021976057905703783,0.9992156624794006,1.0,0.087890625,1.4283542196658515e-05,2550
5687,0.0015213540755212307,0.9995938539505005,1.0,0.076171875,1.4256453762263497e-05,2462
5688,0.00023715943098068237,1.0,1.0,0.007080078125,1.4229450628811156e-05,1053
5689,0.0015307803405448794,0.9996421337127686,1.0,0.036865234375,1.420253280422402e-05,5589
5690,0.0007243151194415987,1.0,1.0,0.043212890625,1.4175700296399406e-05,1980
5691,0.0006188431289047003,1.0,1.0,0.031982421875,1.4148953113209683e-05,1305
5692,0.000944982108194381,0.9996774196624756,1.0,0.03857421875,1.4122291262502172e-05,3100
5693,0.0009654216701164842,1.0,1.0,0.0556640625,1.4095714752099185e-05,1346
5694,0.00025928966351784766,1.0,1.0,0.007171630859375,1.4069223589798018e-05,1531
5695,0.0015740059316158295,1.0,1.0,0.046142578125,1.4042817783370819e-05,2414
5696,0.0008279637550003827,1.0,1.0,0.056396484375,1.4016497340564759e-05,1154
5697,0.0016789220971986651,0.9997633099555969,1.0,0.046630859375,1.3990262269102027e-05,4225
5698,0.0010837771696969867,1.0,1.0,0.03466796875,1.3964112576679631e-05,3673
5699,0.00047598069068044424,1.0,1.0,0.028076171875,1.393804827096967e-05,1757
5700,0.0013120928779244423,1.0,1.0,0.0888671875,1.3912069359619094e-05,1402
5701,0.0010991721646860242,1.0,1.0,0.051025390625,1.388617585024977e-05,4593
5702,0.0003314261557534337,1.0,1.0,0.01190185546875,1.3860367750458689e-05,2054
5703,0.0003617856709752232,1.0,1.0,0.036376953125,1.383464506781753e-05,1679
5704,0.0011288131354376674,1.0,1.0,0.041015625,1.3809007809873151e-05,1789
5705,0.0003525801294017583,1.0,1.0,0.017822265625,1.3783455984147174e-05,1325
5706,0.00036112393718212843,1.0,1.0,0.0277099609375,1.3757989598136266e-05,1319
5707,0.0005635459674522281,1.0,1.0,0.025146484375,1.373260865931195e-05,1505
5708,0.001365772681310773,0.9995996952056885,1.0,0.0810546875,1.3707313175120737e-05,2498
5709,0.0011751338606700301,0.9994969964027405,1.0,0.03759765625,1.368210315298396e-05,3976
5710,0.0023920731619000435,0.9996063113212585,1.0,0.06640625,1.365697860029813e-05,2540
5711,0.00055363355204463,1.0,1.0,0.052490234375,1.3631939524434387e-05,2735
5712,0.0011071470798924565,0.999643862247467,1.0,0.056640625,1.3606985932738923e-05,2808
5713,0.0004012080898974091,1.0,1.0,0.0191650390625,1.358211783253288e-05,1004
5714,0.0008346940740011632,1.0,1.0,0.04638671875,1.3557335231112254e-05,1600
5715,0.0028872075490653515,0.9990888237953186,1.0,0.07666015625,1.3532638135748064e-05,2195
5716,0.00022982606606092304,1.0,1.0,0.01397705078125,1.3508026553686047e-05,1271
5717,0.00030233024153858423,1.0,1.0,0.01226806640625,1.348350049214706e-05,2261
5718,0.0014690832467749715,0.9997395873069763,1.0,0.043212890625,1.3459059958326745e-05,3840
5719,0.0003418972191866487,1.0,1.0,0.014892578125,1.3434704959395637e-05,2031
5720,0.00167358189355582,0.9993714690208435,1.0,0.05126953125,1.341043550249935e-05,4773
5721,0.0011902450351044536,1.0,1.0,0.060302734375,1.3386251594758157e-05,2018
5722,0.0010196093935519457,1.0,1.0,0.0537109375,1.3362153243267382e-05,1899
5723,0.0015518874861299992,0.9996222257614136,1.0,0.0546875,1.3338140455097202e-05,2647
5724,0.0013643726706504822,0.999736487865448,1.0,0.024658203125,1.3314213237292781e-05,3795
5725,0.0015352850314229727,0.9994202852249146,1.0,0.08447265625,1.3290371596874006e-05,1725
5726,0.00026557044475339353,1.0,1.0,0.006805419921875,1.3266615540835813e-05,1946
5727,0.001560875796712935,0.9996622800827026,1.0,0.0712890625,1.3242945076147892e-05,2961
5728,0.002810538047924638,0.9990888237953186,1.0,0.076171875,1.3219360209755026e-05,2195
5729,0.0011133973021060228,1.0,1.0,0.0634765625,1.3195860948576608e-05,1648
5730,0.0014905662974342704,0.9996547102928162,1.0,0.07177734375,1.317244729950716e-05,2896
5731,0.0014644783223047853,1.0,1.0,0.052734375,1.3149119269415954e-05,2330
5732,0.00015931633242871612,1.0,1.0,0.006011962890625,1.3125876865147145e-05,744
5733,0.0002469368337187916,1.0,1.0,0.00921630859375,1.310272009351988e-05,2008
5734,0.0004562906106002629,1.0,1.0,0.02734375,1.3079648961327992e-05,2280
5735,0.0017252643592655659,0.9996933341026306,1.0,0.0284423828125,1.3056663475340367e-05,3261
5736,0.0006758066592738032,1.0,1.0,0.044921875,1.3033763642300709e-05,1681
5737,0.00033970604999922216,1.0,1.0,0.0201416015625,1.3010949468927513e-05,1488
5738,0.00040893632103689015,1.0,1.0,0.0230712890625,1.2988220961914252e-05,1756
5739,0.0015460115391761065,0.9998180270195007,1.0,0.0272216796875,1.2965578127929198e-05,5496
5740,0.00046836823457852006,1.0,1.0,0.045166015625,1.2943020973615537e-05,1740
5741,0.0012567394878715277,0.9998165369033813,1.0,0.03515625,1.2920549505591205e-05,5450
5742,0.0005930563784204423,1.0,1.0,0.0201416015625,1.289816373044923e-05,2365
5743,0.0010095350444316864,0.9996386170387268,1.0,0.048828125,1.287586365475719e-05,2767
5744,0.00017425684200134128,1.0,1.0,0.00274658203125,1.2853649285057821e-05,1128
5745,0.0012985963840037584,0.9997408390045166,1.0,0.047607421875,1.2831520627868475e-05,3859
5746,0.0012499524746090174,1.0,1.0,0.038818359375,1.280947768968149e-05,2388
5747,0.00045969223720021546,1.0,1.0,0.0272216796875,1.2787520476963997e-05,1757
5748,0.0006005007307976484,1.0,1.0,0.0284423828125,1.276564899615804e-05,2016
5749,0.000489336671307683,1.0,1.0,0.042724609375,1.2743863253680453e-05,1071
5750,0.0005131655489094555,1.0,1.0,0.0196533203125,1.2722163255922923e-05,2778
5751,0.0016493937000632286,0.9991876482963562,1.0,0.0556640625,1.2700549009251992e-05,2462
5752,0.0009274930926039815,1.0,1.0,0.04541015625,1.2679020520009086e-05,2507
5753,0.0014523640275001526,0.999365508556366,1.0,0.09375,1.2657577794510355e-05,1576
5754,0.0008958436083048582,0.9996774196624756,1.0,0.03662109375,1.2636220839046862e-05,3100
5755,0.0013940173666924238,1.0,1.0,0.036865234375,1.2614949659884566e-05,3305
5756,0.001430268632248044,0.9996408224105835,1.0,0.048095703125,1.259376426326414e-05,2784
5757,0.002603373723104596,0.9992763996124268,1.0,0.07861328125,1.2572664655401176e-05,2764
5758,0.0005350127466954291,1.0,1.0,0.07177734375,1.2551650842486027e-05,2606
5759,0.00045981144648976624,1.0,1.0,0.0322265625,1.253072283068396e-05,2882
5760,0.0014071125769987702,0.9995728135108948,1.0,0.0576171875,1.2509880626134993e-05,4682
5761,0.000792366627138108,0.9995826482772827,1.0,0.03369140625,1.248912423495404e-05,2396
5762,0.0004516523040365428,1.0,1.0,0.0252685546875,1.246845366323076e-05,2005
5763,0.0009376699454151094,1.0,1.0,0.130859375,1.2447868917029603e-05,1100
5764,0.00029995449585840106,1.0,1.0,0.015625,1.2427370002390036e-05,1749
5765,0.001175076817162335,0.9997465014457703,1.0,0.039794921875,1.240695692532615e-05,3945
5766,0.001960101304575801,0.9995976090431213,1.0,0.058349609375,1.2386629691826887e-05,2485
5767,0.0002978235424961895,1.0,1.0,0.0264892578125,1.2366388307856111e-05,2397
5768,0.0006157614407129586,1.0,1.0,0.057373046875,1.2346232779352338e-05,1613
5769,0.0012313517509028316,0.9996618032455444,1.0,0.042236328125,1.232616311222907e-05,2957
5770,0.0014079778920859098,0.9996352195739746,1.0,0.02490234375,1.2306179312374397e-05,5483
5771,0.0002716069866437465,1.0,1.0,0.017578125,1.2286281385651464e-05,1400
5772,0.0015689628198742867,0.9996141791343689,1.0,0.037841796875,1.2266469337898033e-05,5184
5773,0.0002930100017692894,1.0,1.0,0.0198974609375,1.2246743174926788e-05,1873
5774,0.001843996811658144,0.999767005443573,1.0,0.0654296875,1.2227102902525132e-05,4292
5775,0.0010345712071284652,0.999643862247467,1.0,0.0537109375,1.2207548526455325e-05,2808
5776,0.000565193360671401,1.0,1.0,0.040771484375,1.2188080052454375e-05,1629
5777,0.0018164723878726363,0.9994750618934631,1.0,0.061279296875,1.2168697486234147e-05,3810
5778,0.001058352179825306,1.0,1.0,0.034912109375,1.2149400833481293e-05,3673
5779,0.001806662417948246,0.9995808601379395,1.0,0.08154296875,1.2130190099857152e-05,2386
5780,0.0002663809573277831,1.0,1.0,0.01055908203125,1.2111065290998046e-05,2043
5781,0.00044621131382882595,1.0,1.0,0.0240478515625,1.2092026412514856e-05,1925
5782,0.0016175261698663235,0.9996134042739868,1.0,0.039794921875,1.2073073469993511e-05,5173
5783,0.0008696140721440315,1.0,1.0,0.07470703125,1.2054206468994566e-05,1644
5784,0.0014000297524034977,0.9996548891067505,1.0,0.041259765625,1.203542541505329e-05,5795
5785,0.0003439380961935967,1.0,1.0,0.017333984375,1.2016730313679978e-05,1325
5786,0.0015233195153996348,0.9996543526649475,1.0,0.076171875,1.1998121170359476e-05,2893
5787,0.0011393449967727065,0.999670684337616,1.0,0.031982421875,1.1979597990551514e-05,6073
5788,0.0017478137742727995,0.9996801018714905,1.0,0.05419921875,1.1961160779690581e-05,3126
5789,0.0006449794746004045,1.0,1.0,0.0294189453125,1.1942809543185983e-05,2126
5790,0.0018983071204274893,0.9993468523025513,1.0,0.06591796875,1.1924544286421744e-05,3062
5791,0.0014422850217670202,0.9997435212135315,1.0,0.04150390625,1.190636501475668e-05,3899
5792,0.0004536068008746952,1.0,1.0,0.0299072265625,1.1888271733524424e-05,1813
5793,0.001246588653884828,0.9995739459991455,1.0,0.042724609375,1.1870264448033395e-05,2347
5794,0.0006678689969703555,1.0,1.0,0.053466796875,1.185234316356657e-05,2109
5795,0.0015346403233706951,0.9996109008789062,1.0,0.042236328125,1.1834507885381972e-05,2570
5796,0.0003507303190417588,1.0,1.0,0.017822265625,1.1816758618712286e-05,1575
5797,0.0011472319019958377,1.0,1.0,0.05517578125,1.1799095368764877e-05,1423
5798,0.0014681046595796943,0.9991708397865295,1.0,0.0712890625,1.1781518140722001e-05,1206
5799,0.0003479032893665135,1.0,1.0,0.017333984375,1.1764026939740567e-05,983
5800,0.002375556156039238,0.9995921850204468,1.0,0.037109375,1.1746621770952435e-05,2452
5801,0.0010688400361686945,1.0,1.0,0.051025390625,1.1729302639463922e-05,4593
5802,0.0014018075307831168,0.9998066425323486,1.0,0.04150390625,1.1712069550356362e-05,5171
5803,0.0014626405900344253,0.9996322393417358,1.0,0.09423828125,1.1694922508685744e-05,2719
5804,0.0016370578669011593,0.9996674656867981,1.0,0.044677734375,1.1677861519482778e-05,3007
5805,0.001646743156015873,0.9993714690208435,1.0,0.0498046875,1.1660886587753027e-05,4773
5806,0.0015486078336834908,0.9995426535606384,1.0,0.0322265625,1.1643997718476738e-05,4373
5807,0.0013793051475659013,0.9996384382247925,1.0,0.043212890625,1.1627194916608852e-05,2766
5808,0.0010503019439056516,0.9996367692947388,1.0,0.056884765625,1.161047818707922e-05,2753
5809,0.001118551241233945,1.0,1.0,0.05712890625,1.1593847534792289e-05,2018
5810,0.002369389170780778,0.9996063113212585,1.0,0.0654296875,1.1577302964627321e-05,2540
5811,0.0011610407382249832,0.9997484683990479,1.0,0.037841796875,1.1560844481438336e-05,3976
5812,0.0013626528671011329,0.9996598362922668,1.0,0.04296875,1.1544472090054003e-05,2940
5813,0.0006044096080586314,1.0,1.0,0.038818359375,1.1528185795277877e-05,1404
5814,0.0012461086735129356,0.9996687769889832,1.0,0.0498046875,1.1511985601888107e-05,3019
5815,0.0023044089321047068,0.9996340870857239,1.0,0.07080078125,1.1495871514637722e-05,2733
5816,0.001375615014694631,0.9997395873069763,1.0,0.042236328125,1.1479843538254373e-05,3840
5817,0.0002810918667819351,1.0,1.0,0.00994873046875,1.1463901677440502e-05,1881
5818,0.0010165702551603317,1.0,1.0,0.0546875,1.1448045936873296e-05,1899
5819,0.0007103017996996641,1.0,1.0,0.044921875,1.1432276321204604e-05,2342
5820,0.0015250608557835221,0.9996222257614136,1.0,0.05517578125,1.1416592835061088e-05,2647
5821,0.001383574097417295,0.9994138479232788,1.0,0.0771484375,1.140099548304414e-05,1706
5822,0.0008712507551535964,1.0,1.0,0.056884765625,1.138548426972976e-05,1191
5823,0.00025761633878573775,1.0,1.0,0.007171630859375,1.1370059199668847e-05,1531
5824,0.0007819441379979253,0.9995357394218445,1.0,0.050048828125,1.1354720277386908e-05,2154
5825,0.00163969025015831,0.9997197985649109,1.0,0.05615234375,1.1339467507384248e-05,3569
5826,0.001080441172234714,0.9994391202926636,1.0,0.05419921875,1.132430089413585e-05,1783
5827,0.0013774047838523984,0.9997931122779846,1.0,0.042724609375,1.1309220442091393e-05,4833
5828,0.0004806388169527054,1.0,1.0,0.03125,1.1294226155675334e-05,2021
5829,0.0010580159723758698,1.0,1.0,0.0654296875,1.1279318039286889e-05,1324
5830,0.00046214545727707446,1.0,1.0,0.033203125,1.1264496097299858e-05,1904
5831,0.0018310791347175837,0.9995893239974976,1.0,0.087890625,1.1249760334062863e-05,2435
5832,0.0006393870571628213,1.0,1.0,0.036376953125,1.1235110753899212e-05,1828
5833,0.0014876180794090033,0.9996662139892578,1.0,0.03564453125,1.1220547361106936e-05,2996
5834,0.0015380090335384011,0.9992647171020508,1.0,0.07666015625,1.1206070159958747e-05,2720
5835,0.0015768598532304168,0.9996154308319092,1.0,0.052001953125,1.1191679154702149e-05,5201
5836,0.0010763779282569885,0.9996269941329956,1.0,0.041015625,1.1177374349559265e-05,2681
5837,0.0004947258275933564,1.0,1.0,0.04931640625,1.1163155748726971e-05,1381
5838,0.0014202387537807226,0.9998049139976501,1.0,0.034912109375,1.1149023356376864e-05,5126
5839,0.0006661564693786204,1.0,1.0,0.05078125,1.113497717665519e-05,1200
5840,0.00023701711324974895,1.0,1.0,0.01275634765625,1.1121017213682959e-05,2183
5841,0.0008364183595404029,1.0,1.0,0.05810546875,1.1107143471555924e-05,2914
5842,0.00020392211445141584,1.0,1.0,0.00445556640625,1.1093355954344429e-05,1498
5843,0.001389768673107028,0.9996249079704285,1.0,0.08349609375,1.1079654666093607e-05,2666
5844,0.0015549238305538893,0.999780535697937,1.0,0.052490234375,1.1066039610823208e-05,4557
5845,0.001394954277202487,0.9997638463973999,1.0,0.0361328125,1.1052510792527836e-05,4234
5846,0.001468374626711011,0.9995735883712769,1.0,0.05224609375,1.103906821517665e-05,4690
5847,0.0009214659221470356,1.0,1.0,0.11669921875,1.1025711882713528e-05,949
5848,0.001959476387128234,0.999196469783783,1.0,0.06689453125,1.1012441799057071e-05,2489
5849,0.0004963866667822003,1.0,1.0,0.0245361328125,1.0999257968100627e-05,2228
5850,0.002074723830446601,0.9996029138565063,1.0,0.0380859375,1.0986160393712107e-05,5037
5851,0.0011129152262583375,1.0,1.0,0.028076171875,1.09731490797343e-05,3199
5852,0.002623077016323805,0.9995450377464294,1.0,0.05419921875,1.0960224029984488e-05,2198
5853,0.0015173677820712328,0.9997636675834656,1.0,0.050537109375,1.0947385248254769e-05,4231
5854,0.0013072211295366287,0.9997883439064026,1.0,0.032958984375,1.0934632738311933e-05,4724
5855,0.0009048639331012964,1.0,1.0,0.0286865234375,1.0921966503897383e-05,2398
5856,0.0013868416426703334,0.9995119571685791,1.0,0.05859375,1.090938654872725e-05,2049
5857,0.0017670522211119533,0.9996516704559326,1.0,0.050537109375,1.0896892876492347e-05,2871
5858,0.0010932213626801968,0.9998241066932678,1.0,0.03662109375,1.0884485490858274e-05,5685
5859,0.001076966873370111,0.9997915625572205,1.0,0.036865234375,1.0872164395465088e-05,4798
5860,0.00039728550473228097,1.0,1.0,0.01953125,1.0859929593927729e-05,1004
5861,0.0014955399092286825,1.0,1.0,0.03271484375,1.0847781089835794e-05,2017
5862,0.0020522589329630136,0.9991769790649414,1.0,0.0634765625,1.083571888675343e-05,2430
5863,0.002199476584792137,0.9997807741165161,1.0,0.034423828125,1.0823742988219608e-05,4562
5864,0.0011895464267581701,0.9996361136436462,1.0,0.0537109375,1.0811853397747884e-05,2748
5865,0.000598774990066886,1.0,1.0,0.031982421875,1.0800050118826598e-05,1340
5866,0.0006679540383629501,1.0,1.0,0.0361328125,1.0788333154918616e-05,2573
5867,0.0007057484472170472,1.0,1.0,0.043212890625,1.0776702509461654e-05,1592
5868,0.0006412919028662145,1.0,1.0,0.07275390625,1.0765158185867984e-05,1188
5869,0.0006582089117728174,1.0,1.0,0.035888671875,1.0753700187524562e-05,1252
5870,0.0010331413941457868,0.9995119571685791,1.0,0.05712890625,1.074232851779303e-05,2049
5871,0.0013553041499108076,0.9996370077133179,1.0,0.04638671875,1.0731043180009725e-05,5510
5872,0.00041148922173306346,1.0,1.0,0.0191650390625,1.071984417748566e-05,1530
5873,0.0013474568258970976,0.9997693300247192,1.0,0.0380859375,1.0708731513506507e-05,4335
5874,0.00020244710322003812,1.0,1.0,0.003509521484375,1.0697705191332562e-05,1498
5875,0.0003206943511031568,1.0,1.0,0.0167236328125,1.0686765214198833e-05,1410
5876,0.0014488439774140716,0.999312698841095,1.0,0.087890625,1.0675911585314956e-05,2910
5877,0.0003161841013934463,1.0,1.0,0.026611328125,1.0665144307865347e-05,1740
5878,0.0023472195025533438,0.9992395639419556,1.0,0.076171875,1.0654463385008982e-05,2630
5879,0.0009977181907743216,0.9995240569114685,1.0,0.05908203125,1.0643868819879453e-05,2101
5880,0.00155733956489712,0.9997815489768982,1.0,0.03369140625,1.0633360615585207e-05,4578
5881,0.0018098435830324888,0.9995562434196472,1.0,0.07861328125,1.062293877520911e-05,4507
5882,0.00023067230358719826,1.0,1.0,0.006927490234375,1.0612603301808919e-05,1053
5883,0.00048431282630190253,1.0,1.0,0.01470947265625,1.0602354198416873e-05,2431
5884,0.0014153523370623589,1.0,1.0,0.057861328125,1.059219146804e-05,2987
5885,0.0004847794189117849,1.0,1.0,0.042724609375,1.0582115113659884e-05,1899
5886,0.0009957952424883842,1.0,1.0,0.0419921875,1.0572125138232856e-05,2468
5887,0.0009623519144952297,1.0,1.0,0.04931640625,1.0562221544689842e-05,2746
5888,0.0008475846843793988,1.0,1.0,0.041015625,1.0552404335936482e-05,2198
5889,0.0002325445821043104,1.0,1.0,0.00537109375,1.0542673514852972e-05,1833
5890,0.001272245543077588,0.9997985363006592,1.0,0.037109375,1.0533029084294298e-05,4963
5891,0.0015669278800487518,0.999640941619873,1.0,0.05810546875,1.0523471047089959e-05,2785
5892,0.0007653180509805679,1.0,1.0,0.05517578125,1.051399940604425e-05,1765
5893,0.0015435692621394992,0.9995735883712769,1.0,0.046142578125,1.0504614163935976e-05,2345
5894,0.0004260465793777257,1.0,1.0,0.047119140625,1.0495315323518739e-05,1341
5895,0.0013729245401918888,0.9995996952056885,1.0,0.07861328125,1.0486102887520653e-05,2498
5896,0.0013504417147487402,1.0,1.0,0.03759765625,1.0476976858644592e-05,5704
5897,0.0009500653832219541,1.0,1.0,0.0322265625,1.0467937239567948e-05,2139
5898,0.0013398139271885157,0.999582827091217,1.0,0.047119140625,1.045898403294293e-05,2397
5899,0.0019810092635452747,0.9997385740280151,1.0,0.025634765625,1.0450117241396306e-05,3825
5900,0.0014640939189121127,0.9992584586143494,1.0,0.0654296875,1.044133686752946e-05,2697
5901,0.001627646735869348,0.9993112683296204,1.0,0.08642578125,1.0432642913918466e-05,2904
5902,0.00028968683909624815,1.0,1.0,0.01531982421875,1.0424035383114049e-05,1915
5903,0.0026371099520474672,0.9996223449707031,1.0,0.0634765625,1.0415514277641524e-05,2648
5904,0.0007683775038458407,1.0,1.0,0.048828125,1.0407079600000923e-05,1386
5905,0.0014610531507059932,0.9996107220649719,1.0,0.045166015625,1.03987313526669e-05,5138
5906,0.00042139296419918537,1.0,1.0,0.0390625,1.0390469538088696e-05,1405
5907,0.0016057942993938923,0.9996517896652222,1.0,0.06298828125,1.0382294158690241e-05,2872
5908,0.001960011897608638,0.9996044039726257,1.0,0.0517578125,1.0374205216870179e-05,2528
5909,0.0015385823789983988,0.9994906783103943,1.0,0.047607421875,1.0366202715001615e-05,3927
5910,0.00040138736949302256,1.0,1.0,0.0291748046875,1.0358286655432435e-05,1229
5911,0.00162124028429389,0.9996018409729004,1.0,0.044189453125,1.035045704048515e-05,5023
5912,0.0013460142072290182,0.9996812343597412,1.0,0.032470703125,1.034271387245682e-05,3137
5913,0.0013902276987209916,0.9994388222694397,1.0,0.07275390625,1.0335057153619264e-05,1782
5914,0.0015912775415927172,0.9993190169334412,1.0,0.06396484375,1.0327486886218883e-05,2937
5915,0.0007805392378941178,1.0,1.0,0.0654296875,1.0320003072476602e-05,1333
5916,0.0017146602040156722,0.9994229674339294,1.0,0.038330078125,1.0312605714588228e-05,3466
5917,0.0002559149288572371,1.0,1.0,0.03662109375,1.030529481472403e-05,1235
5918,0.0005425519193522632,1.0,1.0,0.024169921875,1.0298070375028855e-05,1505
5919,0.001772985327988863,0.9997676014900208,1.0,0.05224609375,1.029093239762241e-05,4303
5920,0.0005185975460335612,1.0,1.0,0.01513671875,1.0283880884598782e-05,2637
5921,0.00026488996809348464,1.0,1.0,0.0068359375,1.0276915838026855e-05,1946
5922,0.001405521878041327,0.9988629817962646,1.0,0.0966796875,1.0270037259950093e-05,1759
5923,0.0012003610609099269,1.0,1.0,0.059326171875,1.0263245152386645e-05,2373
5924,0.0013787579955533147,0.9996615648269653,1.0,0.059326171875,1.0256539517329155e-05,2955
5925,0.0007121918606571853,1.0,1.0,0.033935546875,1.0249920356744978e-05,2734
5926,0.0008462771656922996,0.9994720220565796,1.0,0.058837890625,1.024338767257623e-05,1894
5927,0.000745994970202446,1.0,1.0,0.033447265625,1.0236941466739412e-05,1995
5928,0.0011914633214473724,0.9994493126869202,1.0,0.062255859375,1.0230581741125743e-05,1816
5929,0.001015762914903462,1.0,1.0,0.07275390625,1.022430849760123e-05,1542
5930,0.0006835919921286404,1.0,1.0,0.040283203125,1.0218121738006235e-05,1980
5931,0.0014848406426608562,0.9996126890182495,1.0,0.041015625,1.0212021464156005e-05,2582
5932,0.0020383105147629976,0.9997810125350952,1.0,0.0291748046875,1.0206007677840211e-05,4566
5933,0.0010999275837093592,0.9996333122253418,1.0,0.045166015625,1.020008038082324e-05,2727
5934,0.00022332156368065625,1.0,1.0,0.00421142578125,1.0194239574844132e-05,2022
5935,0.0013127559795975685,0.9996195435523987,1.0,0.0390625,1.0188485261616486e-05,5257
5936,0.0016140714287757874,0.9997955560684204,1.0,0.043212890625,1.018281744282855e-05,4892
5937,0.001239989185705781,0.9993416666984558,1.0,0.10107421875,1.0177236120143195e-05,1519
5938,0.001688475371338427,0.9996591806411743,1.0,0.06298828125,1.0171741295197943e-05,2934
5939,0.000703263096511364,1.0,1.0,0.035888671875,1.016633296960494e-05,1962
5940,0.0011814645258709788,0.9998055100440979,1.0,0.037109375,1.0161011144950881e-05,5142
5941,0.0012805723818019032,0.9997982382774353,1.0,0.0498046875,1.0155775822797119e-05,4956
5942,0.0006966221844777465,1.0,1.0,0.031982421875,1.0150627004679723e-05,2971
5943,0.001670488971285522,0.999764621257782,1.0,0.0478515625,1.0145564692109188e-05,4249
5944,0.0003135397273581475,1.0,1.0,0.0133056640625,1.0140588886570788e-05,1140
5945,0.0003722145629581064,1.0,1.0,0.0224609375,1.0135699589524427e-05,1590
5946,0.00029656599508598447,1.0,1.0,0.01214599609375,1.013089680240452e-05,1712
5947,0.0004122019454371184,1.0,1.0,0.0211181640625,1.0126180526620075e-05,2433
5948,0.0012805465376004577,1.0,1.0,0.052490234375,1.012155076355492e-05,4027
5949,0.0014397749910131097,0.999664306640625,1.0,0.053955078125,1.0117007514567332e-05,2979
5950,0.0008194049005396664,0.9996605515480042,1.0,0.04150390625,1.0112550780990248e-05,2946
5951,0.00026770264958031476,1.0,1.0,0.01092529296875,1.0108180564131218e-05,1459
5952,0.001773589407093823,0.9991349577903748,1.0,0.0517578125,1.0103896865272454e-05,2312
5953,0.0017470530001446605,0.9996520280838013,1.0,0.038330078125,1.0099699685670648e-05,2874
5954,0.0008189165382646024,1.0,1.0,0.039306640625,1.0095589026557316e-05,2895
5955,0.0002554363163653761,1.0,1.0,0.0123291015625,1.0091564889138426e-05,1436
5956,0.0005510990158654749,1.0,1.0,0.035400390625,1.0087627274594568e-05,1962
5957,0.001218129531480372,1.0,1.0,0.05712890625,1.0083776184081116e-05,1451
5958,0.0005218160804361105,1.0,1.0,0.02197265625,1.0080011618727834e-05,2758
5959,0.0007955004111863673,1.0,1.0,0.04931640625,1.0076333579639273e-05,2354
5960,0.001945897238329053,0.9996030330657959,1.0,0.06787109375,1.0072742067894469e-05,2519
5961,0.0018664434319362044,0.9993429780006409,1.0,0.056884765625,1.0069237084547178e-05,3044
5962,0.0005675189895555377,1.0,1.0,0.035888671875,1.0065818630625711e-05,1047
5963,0.0012033829698339105,0.9996812343597412,1.0,0.049072265625,1.0062486707132966e-05,3137
5964,0.001125423121266067,0.9996101260185242,1.0,0.055908203125,1.0059241315046562e-05,2565
5965,0.0005548280896618962,1.0,1.0,0.038330078125,1.0056082455318604e-05,1721
5966,0.0016116108745336533,0.9995868802070618,1.0,0.04541015625,1.0053010128875883e-05,4841
5967,0.00026749525568448007,1.0,1.0,0.014892578125,1.005002433661981e-05,1830
5968,0.000556609476916492,1.0,1.0,0.03662109375,1.0047125079426321e-05,1997
5969,0.00119117577560246,0.9995397925376892,1.0,0.054443359375,1.00443123581461e-05,2173
5970,0.0014690705575048923,0.999297022819519,1.0,0.08642578125,1.0041586173604355e-05,2845
5971,0.0018519099103286862,0.9994468092918396,1.0,0.05712890625,1.0038946526600845e-05,5423
5972,0.0012981146574020386,0.9996509552001953,1.0,0.07177734375,1.0036393417910115e-05,2865
5973,0.0010796255664899945,1.0,1.0,0.03759765625,1.003392684828117e-05,1224
5974,0.0009039988508448005,1.0,1.0,0.04638671875,1.003154681843763e-05,2819
5975,0.0020246326457709074,0.9996362328529358,1.0,0.07763671875,1.0029253329077869e-05,2749
5976,0.002249288372695446,0.9995166659355164,1.0,0.057861328125,1.0027046380874682e-05,4138
5977,0.0014301956398412585,0.9994202852249146,1.0,0.0830078125,1.0024925974475617e-05,1725
5978,0.002140347147360444,0.9991925954818726,1.0,0.09375,1.0022892110502778e-05,2477
5979,0.0004622115520760417,1.0,1.0,0.0322265625,1.0020944789552854e-05,1675
5980,0.0011994891101494431,1.0,1.0,0.04931640625,1.0019084012197154e-05,2399
5981,0.000564991554711014,1.0,1.0,0.03515625,1.0017309778981642e-05,1598
5982,0.0013746683252975345,0.999519944190979,1.0,0.0673828125,1.0015622090426833e-05,2083
5983,0.000527146621607244,1.0,1.0,0.0267333984375,1.0014020947027867e-05,2158
5984,0.000833496218547225,1.0,1.0,0.045654296875,1.0012506349254568e-05,2556
5985,0.0010677126701921225,1.0,1.0,0.0281982421875,1.0011078297551212e-05,2515
5986,0.00039753547753207386,1.0,1.0,0.031494140625,1.0009736792336864e-05,1915
5987,0.0015019908314570785,0.9996771216392517,1.0,0.06396484375,1.0008481834005044e-05,3097
5988,0.001212358009070158,0.999666690826416,1.0,0.0546875,1.0007313422923958e-05,3000
5989,0.0009684583055786788,0.9995024800300598,1.0,0.07275390625,1.0006231559436428e-05,2010
5990,0.0004924943204969168,1.0,1.0,0.0478515625,1.0005236243859805e-05,2735
5991,0.0016017341986298561,0.9995707869529724,1.0,0.06396484375,1.0004327476486152e-05,2330
5992,0.0016311216168105602,0.9995938539505005,1.0,0.06787109375,1.000350525758209e-05,2462
5993,0.00039079293492250144,1.0,1.0,0.0230712890625,1.0002769587388859e-05,1349
5994,0.0011627079220488667,1.0,1.0,0.0625,1.0002120466122255e-05,1937
5995,0.0012431525392457843,1.0,1.0,0.0869140625,1.0001557893972723e-05,1402
5996,0.0012013091472908854,1.0,1.0,0.068359375,1.0001081871105366e-05,534
5997,0.0004036209429614246,1.0,1.0,0.0179443359375,1.000069239765977e-05,2069
5998,0.0005316089373081923,1.0,1.0,0.031494140625,1.0000389473750281e-05,2906
5999,0.0006507448269985616,1.0,1.0,0.0240478515625,1.0000173099465724e-05,2956
6000,0.0013545253314077854,0.999736487865448,1.0,0.0247802734375,1.0000043274869584e-05,3795
