track,mode,chunk,gt,pred,tp,fp,miss,chunk_f1,tokens,near_cap
Track01876,continuous,0,0,0,0,0,0,nan,2,0
Track01876,continuous,1,57,0,0,0,57,0.0,2,0
Track01876,continuous,2,42,0,0,0,42,0.0,2,0
Track01876,continuous,3,80,73,0,73,80,0.0,381,0
Track01876,continuous,4,101,87,3,84,98,0.031914893617021274,437,0
Track01876,continuous,5,101,67,2,65,99,0.023809523809523808,325,0
Track01876,continuous,6,93,55,4,51,89,0.05405405405405406,265,0
Track01876,continuous,7,103,50,2,48,101,0.026143790849673203,247,0
Track01876,continuous,8,99,50,0,50,99,0.0,247,0
Track01876,continuous,9,71,52,3,49,68,0.04878048780487805,256,0
Track01876,continuous,10,58,39,2,37,56,0.041237113402061855,189,0
Track01876,continuous,11,61,40,0,40,61,0.0,191,0
Track01876,continuous,12,56,48,3,45,53,0.057692307692307696,237,0
Track01876,continuous,13,64,50,2,48,62,0.03508771929824561,247,0
Track01876,continuous,14,61,50,0,50,61,0.0,247,0
Track01876,continuous,15,70,50,3,47,67,0.05,247,0
Track01876,continuous,16,60,50,2,48,58,0.03636363636363636,243,0
Track01876,continuous,17,105,50,0,50,105,0.0,243,0
Track01876,continuous,18,121,50,1,49,120,0.011695906432748537,243,0
Track01876,continuous,19,107,50,3,47,104,0.03821656050955414,243,0
Track01876,continuous,20,92,50,0,50,92,0.0,243,0
Track01876,continuous,21,106,50,3,47,103,0.038461538461538464,243,0
Track01876,continuous,22,100,50,0,50,100,0.0,243,0
Track01876,continuous,23,73,50,0,50,73,0.0,247,0
Track01876,continuous,24,58,50,3,47,55,0.05555555555555555,243,0
Track01876,continuous,25,74,50,3,47,71,0.04838709677419355,247,0
Track01876,continuous,26,69,50,1,49,68,0.01680672268907563,247,0
Track01876,continuous,27,74,50,0,50,74,0.0,247,0
Track01876,continuous,28,58,50,1,49,57,0.018518518518518517,247,0
Track01876,continuous,29,50,50,0,50,50,0.0,247,0
Track01876,continuous,30,64,50,1,49,63,0.017543859649122806,247,0
Track01876,continuous,31,102,50,1,49,101,0.013157894736842105,247,0
Track01876,continuous,32,120,50,0,50,120,0.0,247,0
Track01876,continuous,33,105,48,0,48,105,0.0,237,0
Track01876,continuous,34,84,50,0,50,84,0.0,243,0
Track01876,continuous,35,108,50,0,50,108,0.0,247,0
Track01876,continuous,36,105,50,0,50,105,0.0,243,0
Track01876,continuous,37,92,50,0,50,92,0.0,247,0
Track01876,continuous,38,74,50,1,49,73,0.016129032258064516,247,0
Track01876,continuous,39,78,50,1,49,77,0.015625,243,0
Track01876,continuous,40,87,50,1,49,86,0.014598540145985401,247,0
Track01876,continuous,41,75,50,0,50,75,0.0,247,0
Track01876,continuous,42,96,50,3,47,93,0.0410958904109589,247,0
Track01876,continuous,43,58,50,3,47,55,0.05555555555555555,247,0
Track01876,continuous,44,72,50,1,49,71,0.01639344262295082,247,0
Track01876,continuous,45,90,50,0,50,90,0.0,247,0
Track01876,continuous,46,116,50,2,48,114,0.024096385542168676,247,0
Track01876,continuous,47,101,50,0,50,101,0.0,247,0
Track01876,continuous,48,89,50,3,47,86,0.04316546762589928,247,0
Track01876,continuous,49,92,50,3,47,89,0.04225352112676056,247,0
Track01876,continuous,50,30,50,0,50,30,0.0,247,0
Track01876,continuous,51,0,0,0,0,0,nan,194,0
Track01876,reset,0,0,0,0,0,0,nan,2,0
Track01876,reset,1,57,0,0,0,57,0.0,2,0
Track01876,reset,2,42,0,0,0,42,0.0,2,0
Track01876,reset,3,80,241,0,241,80,0.0,1501,0
Track01876,reset,4,101,127,7,120,94,0.06140350877192982,393,0
Track01876,reset,5,101,118,5,113,96,0.045662100456621,339,0
Track01876,reset,6,93,374,7,367,86,0.029978586723768737,2044,0
Track01876,reset,7,103,190,7,183,96,0.04778156996587031,643,0
Track01876,reset,8,99,303,4,299,95,0.01990049751243781,1798,0
Track01876,reset,9,71,67,6,61,65,0.08695652173913043,229,0
Track01876,reset,10,58,345,8,337,50,0.03970223325062035,1855,0
Track01876,reset,11,61,234,9,225,52,0.061016949152542375,1288,0
Track01876,reset,12,56,688,8,680,48,0.021505376344086023,4096,1
Track01876,reset,13,64,189,6,183,58,0.04743083003952569,548,0
Track01876,reset,14,61,238,11,227,50,0.07357859531772576,1222,0
Track01876,reset,15,70,50,6,44,64,0.1,188,0
Track01876,reset,16,60,378,9,369,51,0.0410958904109589,2576,0
Track01876,reset,17,105,178,4,174,101,0.028268551236749116,952,0
Track01876,reset,18,121,243,8,235,113,0.04395604395604396,1361,0
Track01876,reset,19,107,283,14,269,93,0.07179487179487179,1567,0
Track01876,reset,20,92,263,8,255,84,0.04507042253521127,1423,0
Track01876,reset,21,106,112,9,103,97,0.08256880733944955,303,0
Track01876,reset,22,100,480,6,474,94,0.020689655172413793,2411,0
Track01876,reset,23,73,125,6,119,67,0.06060606060606061,356,0
Track01876,reset,24,58,267,8,259,50,0.04923076923076923,1501,0
Track01876,reset,25,74,199,9,190,65,0.06593406593406594,1138,0
Track01876,reset,26,69,337,9,328,60,0.04433497536945813,2247,0
Track01876,reset,27,74,346,8,338,66,0.0380952380952381,1949,0
Track01876,reset,28,58,413,9,404,49,0.03821656050955414,2563,0
Track01876,reset,29,50,270,7,263,43,0.04375,1421,0
Track01876,reset,30,64,42,4,38,60,0.07547169811320754,167,0
Track01876,reset,31,102,315,9,306,93,0.04316546762589928,1420,0
Track01876,reset,32,120,164,2,162,118,0.014084507042253521,759,0
Track01876,reset,33,105,527,11,516,94,0.03481012658227848,2635,0
Track01876,reset,34,84,66,5,61,79,0.06666666666666667,223,0
Track01876,reset,35,108,115,5,110,103,0.04484304932735426,345,0
Track01876,reset,36,105,453,5,448,100,0.017921146953405017,2263,0
Track01876,reset,37,92,249,2,247,90,0.011730205278592375,1380,0
Track01876,reset,38,74,73,3,70,71,0.04081632653061224,367,0
Track01876,reset,39,78,304,9,295,69,0.04712041884816754,1573,0
Track01876,reset,40,87,498,4,494,83,0.013675213675213675,2357,0
Track01876,reset,41,75,120,0,120,75,0.0,355,0
Track01876,reset,42,96,304,2,302,94,0.01,1727,0
Track01876,reset,43,58,234,7,227,51,0.04794520547945205,1437,0
Track01876,reset,44,72,363,11,352,61,0.05057471264367816,2212,0
Track01876,reset,45,90,286,0,286,90,0.0,1537,0
Track01876,reset,46,116,50,6,44,110,0.07228915662650602,188,0
Track01876,reset,47,101,364,12,352,89,0.05161290322580645,2297,0
Track01876,reset,48,89,339,7,332,82,0.03271028037383177,2205,0
Track01876,reset,49,92,38,3,35,89,0.046153846153846156,165,0
Track01876,reset,50,30,0,0,0,30,0.0,2,0
Track01876,reset,51,0,0,0,0,0,nan,2,0
Track01880,continuous,0,54,37,2,35,52,0.04395604395604396,159,0
Track01880,continuous,1,68,37,5,32,63,0.09523809523809523,175,0
Track01880,continuous,2,114,47,5,42,109,0.062111801242236024,225,0
Track01880,continuous,3,182,50,5,45,177,0.04310344827586207,247,0
Track01880,continuous,4,176,50,5,45,171,0.04424778761061947,247,0
Track01880,continuous,5,147,50,5,45,142,0.050761421319796954,247,0
Track01880,continuous,6,149,50,5,45,144,0.05025125628140704,247,0
Track01880,continuous,7,142,50,5,45,137,0.052083333333333336,247,0
Track01880,continuous,8,148,50,5,45,143,0.050505050505050504,247,0
Track01880,continuous,9,143,50,5,45,138,0.05181347150259067,247,0
Track01880,continuous,10,167,50,5,45,162,0.04608294930875576,247,0
Track01880,continuous,11,161,50,5,45,156,0.04739336492890995,247,0
Track01880,continuous,12,196,50,5,45,191,0.04065040650406504,247,0
Track01880,continuous,13,204,50,5,45,199,0.03937007874015748,247,0
Track01880,continuous,14,191,50,5,45,186,0.04149377593360996,247,0
Track01880,continuous,15,197,50,5,45,192,0.04048582995951417,247,0
Track01880,continuous,16,192,50,5,45,187,0.04132231404958678,247,0
Track01880,continuous,17,165,50,5,45,160,0.046511627906976744,247,0
Track01880,continuous,18,152,50,5,45,147,0.04950495049504951,247,0
Track01880,continuous,19,140,50,5,45,135,0.05263157894736842,247,0
Track01880,continuous,20,147,50,5,45,142,0.050761421319796954,247,0
Track01880,continuous,21,141,50,5,45,136,0.05235602094240838,247,0
Track01880,continuous,22,161,50,5,45,156,0.04739336492890995,247,0
Track01880,continuous,23,166,50,5,45,161,0.046296296296296294,247,0
Track01880,continuous,24,173,50,5,45,168,0.04484304932735426,247,0
Track01880,continuous,25,201,50,5,45,196,0.0398406374501992,247,0
Track01880,continuous,26,202,50,5,45,197,0.03968253968253968,247,0
Track01880,continuous,27,187,50,5,45,182,0.04219409282700422,247,0
Track01880,continuous,28,203,50,5,45,198,0.039525691699604744,247,0
Track01880,continuous,29,171,50,5,45,166,0.04524886877828054,247,0
Track01880,continuous,30,133,50,5,45,128,0.0546448087431694,247,0
Track01880,continuous,31,138,50,5,45,133,0.05319148936170213,247,0
Track01880,continuous,32,165,50,5,45,160,0.046511627906976744,247,0
Track01880,continuous,33,143,50,5,45,138,0.05181347150259067,247,0
Track01880,continuous,34,157,50,5,45,152,0.04830917874396135,247,0
Track01880,continuous,35,174,50,5,45,169,0.044642857142857144,247,0
Track01880,continuous,36,218,50,5,45,213,0.03731343283582089,247,0
Track01880,continuous,37,221,50,5,45,216,0.03690036900369004,247,0
Track01880,continuous,38,159,50,5,45,154,0.04784688995215311,247,0
Track01880,continuous,39,166,50,5,45,161,0.046296296296296294,247,0
Track01880,continuous,40,164,50,5,45,159,0.04672897196261682,247,0
Track01880,continuous,41,204,50,5,45,199,0.03937007874015748,247,0
Track01880,continuous,42,206,50,5,45,201,0.0390625,247,0
Track01880,continuous,43,210,50,5,45,205,0.038461538461538464,247,0
Track01880,continuous,44,208,50,5,45,203,0.03875968992248062,247,0
Track01880,continuous,45,196,50,5,45,191,0.04065040650406504,247,0
Track01880,continuous,46,197,50,5,45,192,0.04048582995951417,247,0
Track01880,continuous,47,203,50,5,45,198,0.039525691699604744,247,0
Track01880,continuous,48,59,50,1,49,58,0.01834862385321101,247,0
Track01880,continuous,49,0,0,0,0,0,nan,254,0
Track01880,reset,0,54,37,2,35,52,0.04395604395604396,159,0
Track01880,reset,1,68,46,0,46,68,0.0,183,0
Track01880,reset,2,114,328,2,326,112,0.00904977375565611,1984,0
Track01880,reset,3,182,223,20,203,162,0.09876543209876543,1205,0
Track01880,reset,4,176,184,14,170,162,0.07777777777777778,945,0
Track01880,reset,5,147,48,4,44,143,0.041025641025641026,193,0
Track01880,reset,6,149,372,12,360,137,0.046065259117082535,2076,0
Track01880,reset,7,142,48,5,43,137,0.05263157894736842,193,0
Track01880,reset,8,148,41,6,35,142,0.06349206349206349,130,0
Track01880,reset,9,143,46,3,43,140,0.031746031746031744,183,0
Track01880,reset,10,167,170,0,170,167,0.0,811,0
Track01880,reset,11,161,256,20,236,141,0.09592326139088729,1666,0
Track01880,reset,12,196,584,26,558,170,0.06666666666666667,3560,0
Track01880,reset,13,204,349,21,328,183,0.0759493670886076,1721,0
Track01880,reset,14,191,231,29,202,162,0.13744075829383887,1280,0
Track01880,reset,15,197,315,25,290,172,0.09765625,1803,0
Track01880,reset,16,192,643,16,627,176,0.03832335329341317,3322,0
Track01880,reset,17,165,197,11,186,154,0.06077348066298342,901,0
Track01880,reset,18,152,41,6,35,146,0.06217616580310881,130,0
Track01880,reset,19,140,56,3,53,137,0.030612244897959183,251,0
Track01880,reset,20,147,41,4,37,143,0.0425531914893617,130,0
Track01880,reset,21,141,56,2,54,139,0.02030456852791878,251,0
Track01880,reset,22,161,290,0,290,161,0.0,1552,0
Track01880,reset,23,166,255,15,240,151,0.07125890736342043,1118,0
Track01880,reset,24,173,496,21,475,152,0.06278026905829596,2570,0
Track01880,reset,25,201,269,22,247,179,0.09361702127659574,1562,0
Track01880,reset,26,202,298,26,272,176,0.104,1681,0
Track01880,reset,27,187,508,22,486,165,0.06330935251798561,2746,0
Track01880,reset,28,203,542,26,516,177,0.0697986577181208,3222,0
Track01880,reset,29,171,490,15,475,156,0.0453857791225416,1909,0
Track01880,reset,30,133,263,8,255,125,0.04040404040404041,1156,0
Track01880,reset,31,138,113,14,99,124,0.11155378486055777,341,0
Track01880,reset,32,165,672,24,648,141,0.05734767025089606,3140,0
Track01880,reset,33,143,120,14,106,129,0.10646387832699619,355,0
Track01880,reset,34,157,201,17,184,140,0.09497206703910614,1013,0
Track01880,reset,35,174,384,22,362,152,0.07885304659498207,2224,0
Track01880,reset,36,218,605,13,592,205,0.031591737545565005,3312,0
Track01880,reset,37,221,251,22,229,199,0.09322033898305085,1703,0
Track01880,reset,38,159,87,12,75,147,0.0975609756097561,193,0
Track01880,reset,39,166,260,16,244,150,0.07511737089201878,1141,0
Track01880,reset,40,164,517,2,515,162,0.005873715124816446,3177,0
Track01880,reset,41,204,435,12,423,192,0.03755868544600939,2397,0
Track01880,reset,42,206,410,20,390,186,0.06493506493506493,2164,0
Track01880,reset,43,210,411,18,393,192,0.057971014492753624,2254,0
Track01880,reset,44,208,809,25,784,183,0.049164208456243856,3909,1
Track01880,reset,45,196,479,22,457,174,0.06518518518518518,2386,0
Track01880,reset,46,197,328,23,305,174,0.08761904761904762,1811,0
Track01880,reset,47,203,49,5,44,198,0.03968253968253968,242,0
Track01880,reset,48,59,0,0,0,59,0.0,2,0
Track01880,reset,49,0,0,0,0,0,nan,249,0
Track01887,continuous,0,128,363,10,353,118,0.04073319755600815,1929,0
Track01887,continuous,1,129,529,16,513,113,0.0486322188449848,2767,0
Track01887,continuous,2,134,496,13,483,121,0.04126984126984127,2591,0
Track01887,continuous,3,133,518,14,504,119,0.043010752688172046,2713,0
Track01887,continuous,4,123,569,22,547,101,0.06358381502890173,2934,0
Track01887,continuous,5,120,526,18,508,102,0.05572755417956656,2741,0
Track01887,continuous,6,133,540,13,527,120,0.03863298662704309,2829,0
Track01887,continuous,7,123,549,14,535,109,0.041666666666666664,2859,0
Track01887,continuous,8,128,502,13,489,115,0.04126984126984127,2607,0
Track01887,continuous,9,125,502,17,485,108,0.05422647527910686,2607,0
Track01887,continuous,10,130,497,24,473,106,0.07655502392344497,2577,0
Track01887,continuous,11,129,523,18,505,111,0.05521472392638037,2721,0
Track01887,continuous,12,130,552,13,539,117,0.03812316715542522,2887,0
Track01887,continuous,13,127,547,15,532,112,0.04451038575667656,2892,0
Track01887,continuous,14,152,565,13,552,139,0.03626220362622036,2993,0
Track01887,continuous,15,141,522,16,506,125,0.048265460030165915,2713,0
Track01887,continuous,16,153,525,21,504,132,0.061946902654867256,2725,0
Track01887,continuous,17,147,497,16,481,131,0.049689440993788817,2577,0
Track01887,continuous,18,143,483,11,472,132,0.03514376996805112,2501,0
Track01887,continuous,19,157,572,6,566,151,0.01646090534979424,2969,0
Track01887,continuous,20,78,468,3,465,75,0.01098901098901099,2455,0
Track01887,continuous,21,95,505,0,505,95,0.0,2632,0
Track01887,continuous,22,137,552,17,535,120,0.04934687953555878,2885,0
Track01887,continuous,23,141,506,15,491,126,0.04636785162287481,2634,0
Track01887,continuous,24,136,573,14,559,122,0.039492242595204514,2977,0
Track01887,continuous,25,158,535,15,520,143,0.04329004329004329,2772,0
Track01887,continuous,26,136,554,14,540,122,0.04057971014492753,2867,0
Track01887,continuous,27,131,536,20,516,111,0.05997001499250375,2778,0
Track01887,continuous,28,142,512,19,493,123,0.0581039755351682,2678,0
Track01887,continuous,29,133,541,16,525,117,0.04747774480712166,2851,0
Track01887,continuous,30,131,483,13,470,118,0.04234527687296417,2533,0
Track01887,continuous,31,129,443,6,437,123,0.02097902097902098,2338,0
Track01887,continuous,32,139,488,14,474,125,0.044657097288676235,2563,0
Track01887,continuous,33,134,502,16,486,118,0.050314465408805034,2607,0
Track01887,continuous,34,136,513,17,496,119,0.05238828967642527,2701,0
Track01887,continuous,35,124,534,15,519,109,0.04559270516717325,2783,0
Track01887,continuous,36,142,551,11,540,131,0.031746031746031744,2861,0
Track01887,continuous,37,154,586,8,578,146,0.021621621621621623,3062,0
Track01887,continuous,38,138,506,16,490,122,0.049689440993788817,2631,0
Track01887,continuous,39,151,568,20,548,131,0.055632823365785816,2956,0
Track01887,continuous,40,159,536,17,519,142,0.04892086330935252,2815,0
Track01887,continuous,41,138,541,13,528,125,0.03829160530191458,2867,0
Track01887,continuous,42,142,539,14,525,128,0.041116005873715125,2840,0
Track01887,continuous,43,77,592,0,592,77,0.0,3089,0
Track01887,continuous,44,99,522,4,518,95,0.01288244766505636,2741,0
Track01887,continuous,45,149,506,20,486,129,0.061068702290076333,2631,0
Track01887,continuous,46,143,513,16,497,127,0.04878048780487805,2660,0
Track01887,continuous,47,140,553,21,532,119,0.06060606060606061,2899,0
Track01887,continuous,48,143,545,10,535,133,0.029069767441860465,2860,0
Track01887,continuous,49,125,556,15,541,110,0.04405286343612335,2949,0
Track01887,continuous,50,137,546,13,533,124,0.03806734992679356,2889,0
Track01887,continuous,51,139,550,14,536,125,0.040638606676342524,2867,0
Track01887,continuous,52,121,497,16,481,105,0.05177993527508091,2590,0
Track01887,continuous,53,124,526,12,514,112,0.036923076923076927,2732,0
Track01887,continuous,54,135,490,11,479,124,0.0352,2576,0
Track01887,continuous,55,121,479,13,466,108,0.043333333333333335,2519,0
Track01887,continuous,56,128,495,17,478,111,0.05457463884430177,2610,0
Track01887,continuous,57,134,599,13,586,121,0.03547066848567531,3153,0
Track01887,continuous,58,141,642,21,621,120,0.05363984674329502,3361,0
Track01887,continuous,59,181,606,17,589,164,0.043202033036848796,3184,0
Track01887,continuous,60,138,560,12,548,126,0.034383954154727794,2962,0
Track01887,continuous,61,121,585,16,569,105,0.0453257790368272,3049,0
Track01887,continuous,62,139,561,14,547,125,0.04,2947,0
Track01887,continuous,63,133,583,13,570,120,0.036312849162011177,3061,0
Track01887,continuous,64,127,554,16,538,111,0.04698972099853157,2886,0
Track01887,continuous,65,140,526,14,512,126,0.042042042042042045,2777,0
Track01887,continuous,66,147,537,11,526,136,0.03216374269005848,2831,0
Track01887,continuous,67,146,574,21,553,125,0.058333333333333334,3023,0
Track01887,continuous,68,148,566,20,546,128,0.056022408963585436,2959,0
Track01887,continuous,69,151,501,16,485,135,0.049079754601226995,2604,0
Track01887,continuous,70,156,528,21,507,135,0.06140350877192982,2750,0
Track01887,continuous,71,97,458,6,452,91,0.021621621621621623,2428,0
Track01887,continuous,72,73,472,0,472,73,0.0,2455,0
Track01887,continuous,73,134,610,9,601,125,0.024193548387096774,3185,0
Track01887,continuous,74,148,537,17,520,131,0.049635036496350364,2832,0
Track01887,continuous,75,139,531,14,517,125,0.041791044776119404,2798,0
Track01887,continuous,76,158,529,19,510,139,0.055312954876273655,2803,0
Track01887,continuous,77,140,534,15,519,125,0.04451038575667656,2783,0
Track01887,continuous,78,147,571,13,558,134,0.036211699164345405,2971,0
Track01887,continuous,79,153,551,14,537,139,0.03977272727272727,2861,0
Track01887,continuous,80,133,505,10,495,123,0.03134796238244514,2655,0
Track01887,continuous,81,57,485,3,482,54,0.01107011070110701,2549,0
Track01887,continuous,82,10,469,1,468,9,0.0041753653444676405,2468,0
Track01887,continuous,83,0,0,0,0,0,nan,2753,0
Track01887,reset,0,128,363,10,353,118,0.04073319755600815,1929,0
Track01887,reset,1,129,528,12,516,117,0.0365296803652968,2776,0
Track01887,reset,2,134,329,8,321,126,0.03455723542116631,1789,0
Track01887,reset,3,133,626,0,626,133,0.0,3780,0
Track01887,reset,4,123,329,10,319,113,0.04424778761061947,1789,0
Track01887,reset,5,120,626,1,625,119,0.002680965147453083,3780,0
Track01887,reset,6,133,465,7,458,126,0.023411371237458192,2694,0
Track01887,reset,7,123,681,23,658,100,0.05721393034825871,3565,0
Track01887,reset,8,128,626,0,626,128,0.0,3780,0
Track01887,reset,9,125,609,0,609,125,0.0,3679,0
Track01887,reset,10,130,363,18,345,112,0.07302231237322515,1977,0
Track01887,reset,11,129,471,18,453,111,0.06,2736,0
Track01887,reset,12,130,642,7,635,123,0.018134715025906734,3878,0
Track01887,reset,13,127,659,17,642,110,0.043256997455470736,3474,0
Track01887,reset,14,152,609,0,609,152,0.0,3676,0
Track01887,reset,15,141,621,0,621,141,0.0,3750,0
Track01887,reset,16,153,562,5,557,148,0.013986013986013986,3247,0
Track01887,reset,17,147,659,7,652,140,0.017369727047146403,3474,0
Track01887,reset,18,143,441,14,427,129,0.04794520547945205,2398,0
Track01887,reset,19,157,577,17,560,140,0.04632152588555858,3028,0
Track01887,reset,20,78,579,0,579,78,0.0,3487,0
Track01887,reset,21,95,329,1,328,94,0.0047169811320754715,1789,0
Track01887,reset,22,137,605,1,604,136,0.0026954177897574125,3865,0
Track01887,reset,23,141,621,5,616,136,0.013123359580052493,3750,0
Track01887,reset,24,136,523,17,506,119,0.051593323216995446,2627,0
Track01887,reset,25,158,506,10,496,148,0.030120481927710843,2692,0
Track01887,reset,26,136,609,0,609,136,0.0,3676,0
Track01887,reset,27,131,657,4,653,127,0.01015228426395939,3890,0
Track01887,reset,28,142,375,11,364,131,0.0425531914893617,1968,0
Track01887,reset,29,133,764,16,748,117,0.03567447045707915,3934,1
Track01887,reset,30,131,563,16,547,115,0.04610951008645533,2824,0
Track01887,reset,31,129,642,6,636,123,0.01556420233463035,3878,0
Track01887,reset,32,139,609,0,609,139,0.0,3676,0
Track01887,reset,33,134,609,0,609,134,0.0,3676,0
Track01887,reset,34,136,687,0,687,136,0.0,4096,1
Track01887,reset,35,124,473,1,472,123,0.0033500837520938024,2552,0
Track01887,reset,36,142,385,7,378,135,0.026565464895635674,2043,0
Track01887,reset,37,154,602,10,592,144,0.026455026455026454,3156,0
Track01887,reset,38,138,485,17,468,121,0.05457463884430177,2626,0
Track01887,reset,39,151,412,20,392,131,0.07104795737122557,2183,0
Track01887,reset,40,159,659,16,643,143,0.039119804400977995,3474,0
Track01887,reset,41,138,458,16,442,122,0.053691275167785234,2407,0
Track01887,reset,42,142,505,18,487,124,0.05564142194744977,2574,0
Track01887,reset,43,77,574,0,574,77,0.0,3457,0
Track01887,reset,44,99,466,4,462,95,0.01415929203539823,2514,0
Track01887,reset,45,149,621,0,621,149,0.0,3750,0
Track01887,reset,46,143,484,12,472,131,0.03827751196172249,2696,0
Track01887,reset,47,140,659,21,638,119,0.052565707133917394,3474,0
Track01887,reset,48,143,659,18,641,125,0.04488778054862843,3474,0
Track01887,reset,49,125,642,6,636,119,0.01564537157757497,3878,0
Track01887,reset,50,137,466,13,453,124,0.04311774461028192,2387,0
Track01887,reset,51,139,642,0,642,139,0.0,3878,0
Track01887,reset,52,121,609,1,608,120,0.0027397260273972603,3679,0
Track01887,reset,53,124,637,4,633,120,0.010512483574244415,3848,0
Track01887,reset,54,135,637,2,635,133,0.0051813471502590676,3848,0
Track01887,reset,55,121,518,8,510,113,0.025039123630672927,2597,0
Track01887,reset,56,128,609,0,609,128,0.0,3679,0
Track01887,reset,57,134,626,0,626,134,0.0,3780,0
Track01887,reset,58,141,569,13,556,128,0.036619718309859155,2969,0
Track01887,reset,59,181,523,15,508,166,0.04261363636363636,2773,0
Track01887,reset,60,138,559,19,540,119,0.054519368723098996,2801,0
Track01887,reset,61,121,421,16,405,105,0.05904059040590406,2840,0
Track01887,reset,62,139,234,17,217,122,0.09115281501340483,1105,0
Track01887,reset,63,133,533,14,519,119,0.042042042042042045,2800,0
Track01887,reset,64,127,656,10,646,117,0.02554278416347382,3926,1
Track01887,reset,65,140,278,19,259,121,0.09090909090909091,1561,0
Track01887,reset,66,147,659,18,641,129,0.04466501240694789,3468,0
Track01887,reset,67,146,543,22,521,124,0.06386066763425254,2870,0
Track01887,reset,68,148,593,7,586,141,0.018893387314439947,3259,0
Track01887,reset,69,151,363,8,355,143,0.0311284046692607,1977,0
Track01887,reset,70,156,502,21,481,135,0.06382978723404255,2658,0
Track01887,reset,71,97,572,8,564,89,0.02391629297458894,3443,0
Track01887,reset,72,73,449,0,449,73,0.0,1791,0
Track01887,reset,73,134,609,2,607,132,0.005383580080753701,3676,0
Track01887,reset,74,148,659,19,640,129,0.04708798017348203,3474,0
Track01887,reset,75,139,671,0,671,139,0.0,4096,1
Track01887,reset,76,158,659,12,647,146,0.02937576499388005,3474,0
Track01887,reset,77,140,642,1,641,139,0.0025575447570332483,3878,0
Track01887,reset,78,147,659,14,645,133,0.034739454094292806,3465,0
Track01887,reset,79,153,659,20,639,133,0.04926108374384237,3468,0
Track01887,reset,80,133,251,16,235,117,0.08333333333333333,1452,0
Track01887,reset,81,57,314,4,310,53,0.0215633423180593,2124,0
Track01887,reset,82,10,0,0,0,10,0.0,2,0
Track01887,reset,83,0,0,0,0,0,nan,2,0
Track01888,continuous,0,3,0,0,0,3,0.0,2,0
Track01888,continuous,1,67,306,5,301,62,0.02680965147453083,1727,0
Track01888,continuous,2,80,221,8,213,72,0.053156146179401995,1213,0
Track01888,continuous,3,84,224,7,217,77,0.045454545454545456,1207,0
Track01888,continuous,4,72,233,6,227,66,0.03934426229508197,1245,0
Track01888,continuous,5,75,261,5,256,70,0.02976190476190476,1407,0
Track01888,continuous,6,80,223,4,219,76,0.026402640264026403,1207,0
Track01888,continuous,7,67,196,3,193,64,0.022813688212927757,1057,0
Track01888,continuous,8,92,201,7,194,85,0.04778156996587031,1104,0
Track01888,continuous,9,93,224,5,219,88,0.031545741324921134,1190,0
Track01888,continuous,10,78,196,2,194,76,0.014598540145985401,1046,0
Track01888,continuous,11,78,236,2,234,76,0.012738853503184714,1277,0
Track01888,continuous,12,73,224,4,220,69,0.026936026936026935,1208,0
Track01888,continuous,13,82,204,3,201,79,0.02097902097902098,1093,0
Track01888,continuous,14,72,222,6,216,66,0.04081632653061224,1189,0
Track01888,continuous,15,76,232,5,227,71,0.032467532467532464,1263,0
Track01888,continuous,16,96,221,4,217,92,0.025236593059936908,1203,0
Track01888,continuous,17,94,229,6,223,88,0.03715170278637771,1223,0
Track01888,continuous,18,115,211,10,201,105,0.06134969325153374,1121,0
Track01888,continuous,19,119,233,12,221,107,0.06818181818181818,1249,0
Track01888,continuous,20,109,194,12,182,97,0.07920792079207921,1050,0
Track01888,continuous,21,122,221,7,214,115,0.04081632653061224,1191,0
Track01888,continuous,22,110,232,5,227,105,0.029239766081871343,1210,0
Track01888,continuous,23,102,234,9,225,93,0.05357142857142857,1255,0
Track01888,continuous,24,72,179,1,178,71,0.00796812749003984,971,0
Track01888,continuous,25,76,213,4,209,72,0.02768166089965398,1159,0
Track01888,continuous,26,68,213,2,211,66,0.014234875444839857,1160,0
Track01888,continuous,27,89,239,3,236,86,0.018292682926829267,1285,0
Track01888,continuous,28,73,216,5,211,68,0.03460207612456748,1155,0
Track01888,continuous,29,72,209,5,204,67,0.03558718861209965,1127,0
Track01888,continuous,30,98,227,6,221,92,0.036923076923076927,1212,0
Track01888,continuous,31,94,218,4,214,90,0.02564102564102564,1186,0
Track01888,continuous,32,113,205,5,200,108,0.031446540880503145,1115,0
Track01888,continuous,33,107,167,7,160,100,0.051094890510948905,891,0
Track01888,continuous,34,109,159,7,152,102,0.05223880597014925,861,0
Track01888,continuous,35,137,227,9,218,128,0.04945054945054945,1248,0
Track01888,continuous,36,103,242,8,234,95,0.0463768115942029,1310,0
Track01888,continuous,37,96,251,7,244,89,0.040345821325648415,1336,0
Track01888,continuous,38,95,215,5,210,90,0.03225806451612903,1143,0
Track01888,continuous,39,175,205,5,200,170,0.02631578947368421,1100,0
Track01888,continuous,40,201,206,6,200,195,0.029484029484029485,1115,0
Track01888,continuous,41,224,222,8,214,216,0.03587443946188341,1207,0
Track01888,continuous,42,204,221,5,216,199,0.023529411764705882,1164,0
Track01888,continuous,43,221,216,12,204,209,0.05491990846681922,1153,0
Track01888,continuous,44,133,229,7,222,126,0.03867403314917127,1224,0
Track01888,continuous,45,93,220,6,214,87,0.038338658146964855,1173,0
Track01888,continuous,46,103,233,5,228,98,0.02976190476190476,1264,0
Track01888,continuous,47,123,256,4,252,119,0.021108179419525065,1365,0
Track01888,continuous,48,117,197,7,190,110,0.044585987261146494,1042,0
Track01888,continuous,49,134,242,11,231,123,0.05851063829787234,1313,0
Track01888,continuous,50,112,219,4,215,108,0.02416918429003021,1183,0
Track01888,continuous,51,110,189,7,182,103,0.046822742474916385,1032,0
Track01888,continuous,52,109,189,6,183,103,0.040268456375838924,1015,0
Track01888,continuous,53,107,192,6,186,101,0.04013377926421405,1009,0
Track01888,continuous,54,122,218,5,213,117,0.029411764705882353,1176,0
Track01888,continuous,55,124,208,10,198,114,0.060240963855421686,1104,0
Track01888,continuous,56,114,243,9,234,105,0.05042016806722689,1301,0
Track01888,continuous,57,100,197,8,189,92,0.05387205387205387,1092,0
Track01888,continuous,58,97,214,6,208,91,0.03858520900321544,1125,0
Track01888,continuous,59,56,197,1,196,55,0.007905138339920948,1045,0
Track01888,continuous,60,5,172,0,172,5,0.0,931,0
Track01888,continuous,61,0,175,0,175,0,0.0,944,0
Track01888,continuous,62,0,0,0,0,0,nan,13,0
Track01888,reset,0,3,0,0,0,3,0.0,2,0
Track01888,reset,1,67,650,0,650,67,0.0,4096,1
Track01888,reset,2,80,441,0,441,80,0.0,2466,0
Track01888,reset,3,84,465,0,465,84,0.0,2694,0
Track01888,reset,4,72,225,5,220,67,0.03367003367003367,1643,0
Track01888,reset,5,75,465,0,465,75,0.0,2694,0
Track01888,reset,6,80,437,4,433,76,0.015473887814313346,2412,0
Track01888,reset,7,67,436,0,436,67,0.0,2572,0
Track01888,reset,8,92,724,1,723,91,0.0024509803921568627,3613,0
Track01888,reset,9,93,796,0,796,93,0.0,4096,1
Track01888,reset,10,78,457,0,457,78,0.0,2352,0
Track01888,reset,11,78,409,2,407,76,0.008213552361396304,2007,0
Track01888,reset,12,73,424,3,421,70,0.012072434607645875,2116,0
Track01888,reset,13,82,329,0,329,82,0.0,1789,0
Track01888,reset,14,72,427,1,426,71,0.004008016032064128,2014,0
Track01888,reset,15,76,405,0,405,76,0.0,1953,0
Track01888,reset,16,96,702,0,702,96,0.0,4096,1
Track01888,reset,17,94,585,0,585,94,0.0,2833,0
Track01888,reset,18,115,594,3,591,112,0.00846262341325811,3621,0
Track01888,reset,19,119,430,2,428,117,0.007285974499089253,2401,0
Track01888,reset,20,109,764,0,764,109,0.0,4096,1
Track01888,reset,21,122,329,0,329,122,0.0,1789,0
Track01888,reset,22,110,564,3,561,107,0.008902077151335312,2707,0
Track01888,reset,23,102,563,0,563,102,0.0,4096,1
Track01888,reset,24,72,497,1,496,71,0.0035149384885764497,1977,0
Track01888,reset,25,76,671,0,671,76,0.0,4096,1
Track01888,reset,26,68,631,0,631,68,0.0,3730,0
Track01888,reset,27,89,659,0,659,89,0.0,3474,0
Track01888,reset,28,73,659,1,658,72,0.00273224043715847,3474,0
Track01888,reset,29,72,402,0,402,72,0.0,2354,0
Track01888,reset,30,98,710,0,710,98,0.0,4096,1
Track01888,reset,31,94,457,1,456,93,0.003629764065335753,2352,0
Track01888,reset,32,113,238,7,231,106,0.039886039886039885,1711,0
Track01888,reset,33,107,336,2,334,105,0.009029345372460496,2054,0
Track01888,reset,34,109,478,11,467,98,0.03747870528109029,2808,0
Track01888,reset,35,137,520,2,518,135,0.0060882800608828,2767,0
Track01888,reset,36,103,659,0,659,103,0.0,3474,0
Track01888,reset,37,96,484,0,484,96,0.0,2696,0
Track01888,reset,38,95,771,0,771,95,0.0,4070,1
Track01888,reset,39,175,801,0,801,175,0.0,4096,1
Track01888,reset,40,201,525,1,524,200,0.0027548209366391185,2744,0
Track01888,reset,41,224,446,14,432,210,0.041791044776119404,2107,0
Track01888,reset,42,204,649,0,649,204,0.0,3905,1
Track01888,reset,43,221,439,3,436,218,0.00909090909090909,2131,0
Track01888,reset,44,133,385,1,384,132,0.003861003861003861,2043,0
Track01888,reset,45,93,454,1,453,92,0.003656307129798903,2490,0
Track01888,reset,46,103,449,0,449,103,0.0,2308,0
Track01888,reset,47,123,238,8,230,115,0.0443213296398892,1369,0
Track01888,reset,48,117,514,3,511,114,0.009508716323296355,2053,0
Track01888,reset,49,134,659,2,657,132,0.005044136191677175,3468,0
Track01888,reset,50,112,363,0,363,112,0.0,1977,0
Track01888,reset,51,110,524,1,523,109,0.0031545741324921135,2662,0
Track01888,reset,52,109,317,3,314,106,0.014084507042253521,2182,0
Track01888,reset,53,107,453,0,453,107,0.0,2675,0
Track01888,reset,54,122,452,2,450,120,0.006968641114982578,2674,0
Track01888,reset,55,124,411,4,407,120,0.014953271028037384,2206,0
Track01888,reset,56,114,668,4,664,110,0.010230179028132993,3958,1
Track01888,reset,57,100,484,0,484,100,0.0,2696,0
Track01888,reset,58,97,323,2,321,95,0.009523809523809525,2092,0
Track01888,reset,59,56,56,0,56,56,0.0,260,0
Track01888,reset,60,5,0,0,0,5,0.0,2,0
Track01888,reset,61,0,0,0,0,0,nan,2,0
Track01888,reset,62,0,0,0,0,0,nan,229,0
Track01889,continuous,0,7,0,0,0,7,0.0,2,0
Track01889,continuous,1,54,147,0,147,54,0.0,820,0
Track01889,continuous,2,56,131,0,131,56,0.0,709,0
Track01889,continuous,3,66,156,0,156,66,0.0,830,0
Track01889,continuous,4,60,178,0,178,60,0.0,975,0
Track01889,continuous,5,43,161,0,161,43,0.0,831,0
Track01889,continuous,6,46,154,0,154,46,0.0,819,0
Track01889,continuous,7,41,178,0,178,41,0.0,938,0
Track01889,continuous,8,59,183,1,182,58,0.008264462809917356,948,0
Track01889,continuous,9,77,189,2,187,75,0.015037593984962405,1009,0
Track01889,continuous,10,88,182,2,180,86,0.014814814814814815,957,0
Track01889,continuous,11,67,246,3,243,64,0.019169329073482427,1219,0
Track01889,continuous,12,58,260,4,256,54,0.025157232704402517,1291,0
Track01889,continuous,13,54,269,2,267,52,0.01238390092879257,1349,0
Track01889,continuous,14,66,289,2,287,64,0.011267605633802818,1445,0
Track01889,continuous,15,51,180,1,179,50,0.008658008658008658,893,0
Track01889,continuous,16,69,185,2,183,67,0.015748031496062992,921,0
Track01889,continuous,17,65,156,3,153,62,0.027149321266968326,777,0
Track01889,continuous,18,71,185,1,184,70,0.0078125,921,0
Track01889,continuous,19,70,257,1,256,69,0.0061162079510703364,1283,0
Track01889,continuous,20,53,165,3,162,50,0.027522935779816515,803,0
Track01889,continuous,21,63,183,2,181,61,0.016260162601626018,909,0
Track01889,continuous,22,98,214,2,212,96,0.01282051282051282,1065,0
Track01889,continuous,23,106,195,1,194,105,0.006644518272425249,963,0
Track01889,continuous,24,108,172,1,171,107,0.007142857142857143,862,0
Track01889,continuous,25,97,228,2,226,95,0.012307692307692308,1141,0
Track01889,continuous,26,94,180,0,180,94,0.0,887,0
Track01889,continuous,27,112,265,2,263,110,0.010610079575596816,1335,0
Track01889,continuous,28,95,234,1,233,94,0.0060790273556231,1153,0
Track01889,continuous,29,83,128,3,125,80,0.02843601895734597,597,0
Track01889,continuous,30,83,110,1,109,82,0.010362694300518135,511,0
Track01889,continuous,31,90,110,1,109,89,0.01,511,0
Track01889,continuous,32,78,107,2,105,76,0.021621621621621623,495,0
Track01889,continuous,33,98,110,1,109,97,0.009615384615384616,511,0
Track01889,continuous,34,84,118,1,117,83,0.009900990099009901,547,0
Track01889,continuous,35,101,101,1,100,100,0.009900990099009901,459,0
Track01889,continuous,36,90,95,2,93,88,0.021621621621621623,430,0
Track01889,continuous,37,68,113,0,113,68,0.0,512,0
Track01889,continuous,38,53,96,0,96,53,0.0,438,0
Track01889,continuous,39,78,108,0,108,78,0.0,492,0
Track01889,continuous,40,81,108,0,108,81,0.0,492,0
Track01889,continuous,41,127,108,2,106,125,0.01702127659574468,492,0
Track01889,continuous,42,101,121,3,118,98,0.02702702702702703,548,0
Track01889,continuous,43,109,116,3,113,106,0.02666666666666667,528,0
Track01889,continuous,44,104,120,4,116,100,0.03571428571428571,546,0
Track01889,continuous,45,96,109,3,106,93,0.02926829268292683,494,0
Track01889,continuous,46,107,122,1,121,106,0.008733624454148471,550,0
Track01889,continuous,47,113,121,4,117,109,0.03418803418803419,548,0
Track01889,continuous,48,116,129,2,127,114,0.0163265306122449,584,0
Track01889,continuous,49,58,129,0,129,58,0.0,584,0
Track01889,continuous,50,68,109,0,109,68,0.0,494,0
Track01889,continuous,51,66,103,0,103,66,0.0,467,0
Track01889,continuous,52,21,120,0,120,21,0.0,546,0
Track01889,continuous,53,13,97,0,97,13,0.0,440,0
Track01889,continuous,54,9,105,0,105,9,0.0,476,0
Track01889,continuous,55,0,97,0,97,0,0.0,440,0
Track01889,continuous,56,0,0,0,0,0,nan,682,0
Track01889,reset,0,7,0,0,0,7,0.0,2,0
Track01889,reset,1,54,468,0,468,54,0.0,2436,0
Track01889,reset,2,56,179,0,179,56,0.0,483,0
Track01889,reset,3,66,624,1,623,65,0.002898550724637681,3146,0
Track01889,reset,4,60,263,0,263,60,0.0,1156,0
Track01889,reset,5,43,66,0,66,43,0.0,305,0
Track01889,reset,6,46,323,1,322,45,0.005420054200542005,1926,0
Track01889,reset,7,41,328,0,328,41,0.0,1984,0
Track01889,reset,8,59,660,1,659,58,0.0027816411682892906,3978,1
Track01889,reset,9,77,448,0,448,77,0.0,2613,0
Track01889,reset,10,88,368,2,366,86,0.008771929824561403,1993,0
Track01889,reset,11,67,609,5,604,62,0.014792899408284023,3679,0
Track01889,reset,12,58,543,4,539,54,0.013311148086522463,2832,0
Track01889,reset,13,54,642,2,640,52,0.005747126436781609,3878,0
Track01889,reset,14,66,428,3,425,63,0.012145748987854251,2525,0
Track01889,reset,15,51,396,1,395,50,0.0044742729306487695,2302,0
Track01889,reset,16,69,471,3,468,66,0.011111111111111112,2736,0
Track01889,reset,17,65,642,3,639,62,0.008486562942008486,3878,0
Track01889,reset,18,71,489,6,483,65,0.02142857142857143,2599,0
Track01889,reset,19,70,466,1,465,69,0.0037313432835820895,2458,0
Track01889,reset,20,53,146,0,146,53,0.0,527,0
Track01889,reset,21,63,238,0,238,63,0.0,1369,0
Track01889,reset,22,98,471,0,471,98,0.0,2736,0
Track01889,reset,23,106,642,2,640,104,0.0053475935828877,3878,0
Track01889,reset,24,108,580,1,579,107,0.0029069767441860465,2898,0
Track01889,reset,25,97,533,4,529,93,0.012698412698412698,2834,0
Track01889,reset,26,94,465,2,463,92,0.007155635062611807,2758,0
Track01889,reset,27,112,546,4,542,108,0.0121580547112462,2849,0
Track01889,reset,28,95,541,2,539,93,0.006289308176100629,4096,1
Track01889,reset,29,83,533,8,525,75,0.025974025974025976,2834,0
Track01889,reset,30,83,284,0,284,83,0.0,1661,0
Track01889,reset,31,90,329,4,325,86,0.01909307875894988,1789,0
Track01889,reset,32,78,649,2,647,76,0.005502063273727648,3899,1
Track01889,reset,33,98,567,1,566,97,0.0030075187969924814,2965,0
Track01889,reset,34,84,679,1,678,83,0.002621231979030144,4096,1
Track01889,reset,35,101,569,3,566,98,0.008955223880597015,4096,1
Track01889,reset,36,90,385,2,383,88,0.008421052631578947,2043,0
Track01889,reset,37,68,290,1,289,67,0.00558659217877095,1328,0
Track01889,reset,38,53,208,0,208,53,0.0,531,0
Track01889,reset,39,78,609,3,606,75,0.008733624454148471,3679,0
Track01889,reset,40,81,540,2,538,79,0.00644122383252818,3202,0
Track01889,reset,41,127,454,1,453,126,0.0034423407917383822,2686,0
Track01889,reset,42,101,398,4,394,97,0.01603206412825651,2061,0
Track01889,reset,43,109,406,1,405,108,0.003883495145631068,2233,0
Track01889,reset,44,104,396,0,396,104,0.0,2345,0
Track01889,reset,45,96,604,1,603,95,0.002857142857142857,3710,0
Track01889,reset,46,107,152,1,151,106,0.007722007722007722,923,0
Track01889,reset,47,113,426,1,425,112,0.0037105751391465678,2519,0
Track01889,reset,48,116,442,0,442,116,0.0,2180,0
Track01889,reset,49,58,479,0,479,58,0.0,2840,0
Track01889,reset,50,68,454,1,453,67,0.0038314176245210726,2695,0
Track01889,reset,51,66,557,2,555,64,0.006420545746388443,3063,0
Track01889,reset,52,21,0,0,0,21,0.0,2,0
Track01889,reset,53,13,0,0,0,13,0.0,2,0
Track01889,reset,54,9,154,0,154,9,0.0,844,0
Track01889,reset,55,0,0,0,0,0,nan,2,0
Track01889,reset,56,0,0,0,0,0,nan,1358,0
Track01895,continuous,0,7,0,0,0,7,0.0,2,0
Track01895,continuous,1,126,92,7,85,119,0.06422018348623854,401,0
Track01895,continuous,2,173,94,17,77,156,0.12734082397003746,453,0
Track01895,continuous,3,168,150,17,133,151,0.1069182389937107,802,0
Track01895,continuous,4,188,134,10,124,178,0.062111801242236024,685,0
Track01895,continuous,5,196,144,22,122,174,0.12941176470588237,754,0
Track01895,continuous,6,188,141,26,115,162,0.1580547112462006,741,0
Track01895,continuous,7,228,147,13,134,215,0.06933333333333333,759,0
Track01895,continuous,8,242,145,21,124,221,0.10852713178294573,749,0
Track01895,continuous,9,242,134,20,114,222,0.10638297872340426,707,0
Track01895,continuous,10,156,149,10,139,146,0.06557377049180328,793,0
Track01895,continuous,11,214,146,29,117,185,0.16111111111111112,771,0
Track01895,continuous,12,196,129,24,105,172,0.1476923076923077,667,0
Track01895,continuous,13,239,142,11,131,228,0.05774278215223097,723,0
Track01895,continuous,14,256,130,15,115,241,0.07772020725388601,689,0
Track01895,continuous,15,247,138,20,118,227,0.1038961038961039,733,0
Track01895,continuous,16,162,124,5,119,157,0.03496503496503497,653,0
Track01895,continuous,17,210,176,44,132,166,0.22797927461139897,918,0
Track01895,continuous,18,196,158,26,132,170,0.14689265536723164,810,0
Track01895,continuous,19,194,146,19,127,175,0.11176470588235295,764,0
Track01895,continuous,20,221,167,12,155,209,0.061855670103092786,876,0
Track01895,continuous,21,220,137,16,121,204,0.0896358543417367,707,0
Track01895,continuous,22,249,150,15,135,234,0.07518796992481203,769,0
Track01895,continuous,23,238,174,19,155,219,0.09223300970873786,905,0
Track01895,continuous,24,14,131,0,131,14,0.0,697,0
Track01895,continuous,25,0,0,0,0,0,nan,23,0
Track01895,reset,0,7,0,0,0,7,0.0,2,0
Track01895,reset,1,126,262,11,251,115,0.05670103092783505,1548,0
Track01895,reset,2,173,581,15,566,158,0.03978779840848806,3682,0
Track01895,reset,3,168,550,30,520,138,0.08356545961002786,2955,0
Track01895,reset,4,188,317,20,297,168,0.07920792079207921,1706,0
Track01895,reset,5,196,266,7,259,189,0.030303030303030304,1519,0
Track01895,reset,6,188,852,20,832,168,0.038461538461538464,4096,1
Track01895,reset,7,228,442,21,421,207,0.0626865671641791,2547,0
Track01895,reset,8,242,350,27,323,215,0.09121621621621621,1794,0
Track01895,reset,9,242,448,27,421,215,0.0782608695652174,1780,0
Track01895,reset,10,156,485,15,470,141,0.046801872074883,2618,0
Track01895,reset,11,214,364,17,347,197,0.058823529411764705,2184,0
Track01895,reset,12,196,889,25,864,171,0.04608294930875576,3748,0
Track01895,reset,13,239,487,22,465,217,0.06060606060606061,2346,0
Track01895,reset,14,256,392,29,363,227,0.08950617283950617,2186,0
Track01895,reset,15,247,430,6,424,241,0.01772525849335303,1838,0
Track01895,reset,16,162,460,16,444,146,0.05144694533762058,2665,0
Track01895,reset,17,210,668,8,660,202,0.018223234624145785,4096,1
Track01895,reset,18,196,811,11,800,185,0.021847070506454815,4096,1
Track01895,reset,19,194,385,21,364,173,0.07253886010362694,2020,0
Track01895,reset,20,221,350,14,336,207,0.04903677758318739,1900,0
Track01895,reset,21,220,333,18,315,202,0.0650994575045208,1545,0
Track01895,reset,22,249,416,18,398,231,0.05413533834586466,2115,0
Track01895,reset,23,238,380,18,362,220,0.05825242718446602,1944,0
Track01895,reset,24,14,0,0,0,14,0.0,2,0
Track01895,reset,25,0,0,0,0,0,nan,2,0
Track01897,continuous,0,21,56,0,56,21,0.0,246,0
Track01897,continuous,1,51,43,0,43,51,0.0,211,0
Track01897,continuous,2,46,46,2,44,44,0.043478260869565216,228,0
Track01897,continuous,3,60,52,1,51,59,0.017857142857142856,257,0
Track01897,continuous,4,59,56,0,56,59,0.0,276,0
Track01897,continuous,5,36,56,1,55,35,0.021739130434782608,276,0
Track01897,continuous,6,35,56,0,56,35,0.0,276,0
Track01897,continuous,7,23,52,4,48,19,0.10666666666666667,257,0
Track01897,continuous,8,32,54,1,53,31,0.023255813953488372,267,0
Track01897,continuous,9,33,54,2,52,31,0.04597701149425287,267,0
Track01897,continuous,10,34,54,0,54,34,0.0,267,0
Track01897,continuous,11,44,54,1,53,43,0.02040816326530612,267,0
Track01897,continuous,12,36,54,0,54,36,0.0,267,0
Track01897,continuous,13,48,54,1,53,47,0.0196078431372549,267,0
Track01897,continuous,14,47,54,0,54,47,0.0,267,0
Track01897,continuous,15,52,54,0,54,52,0.0,267,0
Track01897,continuous,16,43,54,0,54,43,0.0,267,0
Track01897,continuous,17,54,54,0,54,54,0.0,267,0
Track01897,continuous,18,63,54,0,54,63,0.0,267,0
Track01897,continuous,19,57,56,0,56,57,0.0,276,0
Track01897,continuous,20,68,60,3,57,65,0.046875,296,0
Track01897,continuous,21,67,60,1,59,66,0.015748031496062992,296,0
Track01897,continuous,22,44,56,1,55,43,0.02,276,0
Track01897,continuous,23,22,54,0,54,22,0.0,267,0
Track01897,continuous,24,45,54,0,54,45,0.0,267,0
Track01897,continuous,25,62,54,0,54,62,0.0,267,0
Track01897,continuous,26,60,56,2,54,58,0.034482758620689655,276,0
Track01897,continuous,27,51,54,1,53,50,0.01904761904761905,267,0
Track01897,continuous,28,45,54,2,52,43,0.04040404040404041,267,0
Track01897,continuous,29,47,54,0,54,47,0.0,267,0
Track01897,continuous,30,45,54,1,53,44,0.020202020202020204,267,0
Track01897,continuous,31,56,54,2,52,54,0.03636363636363636,267,0
Track01897,continuous,32,72,54,6,48,66,0.09523809523809523,267,0
Track01897,continuous,33,61,54,6,48,55,0.10434782608695652,267,0
Track01897,continuous,34,80,60,4,56,76,0.05714285714285714,296,0
Track01897,continuous,35,72,61,5,56,67,0.07518796992481203,298,0
Track01897,continuous,36,78,68,6,62,72,0.0821917808219178,324,0
Track01897,continuous,37,86,60,1,59,85,0.0136986301369863,296,0
Track01897,continuous,38,95,60,5,55,90,0.06451612903225806,296,0
Track01897,continuous,39,76,60,5,55,71,0.07352941176470588,296,0
Track01897,continuous,40,98,60,4,56,94,0.05063291139240506,296,0
Track01897,continuous,41,94,61,6,55,88,0.07741935483870968,298,0
Track01897,continuous,42,105,68,6,62,99,0.06936416184971098,324,0
Track01897,continuous,43,80,68,7,61,73,0.0945945945945946,324,0
Track01897,continuous,44,99,68,4,64,95,0.04790419161676647,324,0
Track01897,continuous,45,76,68,6,62,70,0.08333333333333333,324,0
Track01897,continuous,46,86,68,6,62,80,0.07792207792207792,324,0
Track01897,continuous,47,94,68,7,61,87,0.08641975308641975,324,0
Track01897,continuous,48,108,72,4,68,104,0.044444444444444446,338,0
Track01897,continuous,49,69,66,1,65,68,0.014814814814814815,320,0
Track01897,continuous,50,22,60,0,60,22,0.0,296,0
Track01897,continuous,51,36,54,0,54,36,0.0,267,0
Track01897,continuous,52,58,54,0,54,58,0.0,267,0
Track01897,continuous,53,48,54,2,52,46,0.0392156862745098,267,0
Track01897,continuous,54,58,54,2,52,56,0.03571428571428571,267,0
Track01897,continuous,55,66,54,2,52,64,0.03333333333333333,267,0
Track01897,continuous,56,56,54,0,54,56,0.0,267,0
Track01897,continuous,57,38,54,1,53,37,0.021739130434782608,267,0
Track01897,continuous,58,2,54,0,54,2,0.0,267,0
Track01897,continuous,59,0,54,0,54,0,0.0,263,0
Track01897,continuous,60,0,0,0,0,0,nan,250,0
Track01897,reset,0,21,56,0,56,21,0.0,246,0
Track01897,reset,1,51,102,3,99,48,0.0392156862745098,283,0
Track01897,reset,2,46,158,1,157,45,0.00980392156862745,848,0
Track01897,reset,3,60,421,5,416,55,0.02079002079002079,1703,0
Track01897,reset,4,59,594,11,583,48,0.033690658499234305,3582,0
Track01897,reset,5,36,526,0,526,36,0.0,2428,0
Track01897,reset,6,35,204,0,204,35,0.0,766,0
Track01897,reset,7,23,59,0,59,23,0.0,274,0
Track01897,reset,8,32,64,0,64,32,0.0,313,0
Track01897,reset,9,33,271,6,265,27,0.039473684210526314,1612,0
Track01897,reset,10,34,64,0,64,34,0.0,313,0
Track01897,reset,11,44,217,0,217,44,0.0,868,0
Track01897,reset,12,36,56,0,56,36,0.0,260,0
Track01897,reset,13,48,204,2,202,46,0.015873015873015872,766,0
Track01897,reset,14,47,382,8,374,39,0.037296037296037296,2113,0
Track01897,reset,15,52,83,0,83,52,0.0,395,0
Track01897,reset,16,43,382,1,381,42,0.004705882352941176,2113,0
Track01897,reset,17,54,142,5,137,49,0.05102040816326531,564,0
Track01897,reset,18,63,62,0,62,63,0.0,227,0
Track01897,reset,19,57,401,1,400,56,0.004366812227074236,2105,0
Track01897,reset,20,68,183,7,176,61,0.055776892430278883,739,0
Track01897,reset,21,67,337,2,335,65,0.009900990099009901,2036,0
Track01897,reset,22,44,204,0,204,44,0.0,766,0
Track01897,reset,23,22,50,0,50,22,0.0,216,0
Track01897,reset,24,45,82,2,80,43,0.031496062992125984,389,0
Track01897,reset,25,62,180,1,179,61,0.008264462809917356,740,0
Track01897,reset,26,60,397,2,395,58,0.0087527352297593,1988,0
Track01897,reset,27,51,407,0,407,51,0.0,2359,0
Track01897,reset,28,45,204,0,204,45,0.0,766,0
Track01897,reset,29,47,105,0,105,47,0.0,621,0
Track01897,reset,30,45,56,1,55,44,0.019801980198019802,245,0
Track01897,reset,31,56,147,5,142,51,0.04926108374384237,657,0
Track01897,reset,32,72,204,6,198,66,0.043478260869565216,766,0
Track01897,reset,33,61,180,5,175,56,0.04149377593360996,737,0
Track01897,reset,34,80,572,3,569,77,0.009202453987730062,3443,0
Track01897,reset,35,72,570,12,558,60,0.037383177570093455,2839,0
Track01897,reset,36,78,436,14,422,64,0.054474708171206226,2194,0
Track01897,reset,37,86,159,6,153,80,0.04897959183673469,501,0
Track01897,reset,38,95,183,8,175,87,0.05755395683453238,739,0
Track01897,reset,39,76,386,11,375,65,0.047619047619047616,1832,0
Track01897,reset,40,98,567,4,563,94,0.012030075187969926,3413,0
Track01897,reset,41,94,596,16,580,78,0.0463768115942029,3147,0
Track01897,reset,42,105,640,22,618,83,0.05906040268456376,3307,0
Track01897,reset,43,80,436,16,420,64,0.06201550387596899,2194,0
Track01897,reset,44,99,671,3,668,96,0.007792207792207792,4096,1
Track01897,reset,45,76,582,8,574,68,0.0243161094224924,3441,0
Track01897,reset,46,86,754,14,740,72,0.03333333333333333,3913,1
Track01897,reset,47,94,692,19,673,75,0.04834605597964377,3542,0
Track01897,reset,48,108,659,16,643,92,0.041720990873533245,3474,0
Track01897,reset,49,69,159,0,159,69,0.0,501,0
Track01897,reset,50,22,401,0,401,22,0.0,1923,0
Track01897,reset,51,36,52,0,52,36,0.0,230,0
Track01897,reset,52,58,111,0,111,58,0.0,623,0
Track01897,reset,53,48,93,2,91,46,0.028368794326241134,509,0
Track01897,reset,54,58,371,1,370,57,0.004662004662004662,2464,0
Track01897,reset,55,66,377,2,375,64,0.009029345372460496,2518,0
Track01897,reset,56,56,156,0,156,56,0.0,912,0
Track01897,reset,57,38,382,0,382,38,0.0,2113,0
Track01897,reset,58,2,86,0,86,2,0.0,440,0
Track01897,reset,59,0,0,0,0,0,nan,2,0
Track01897,reset,60,0,0,0,0,0,nan,2,0
Track01901,continuous,0,17,0,0,0,17,0.0,2,0
Track01901,continuous,1,87,0,0,0,87,0.0,2,0
Track01901,continuous,2,84,0,0,0,84,0.0,2,0
Track01901,continuous,3,80,0,0,0,80,0.0,2,0
Track01901,continuous,4,81,0,0,0,81,0.0,2,0
Track01901,continuous,5,81,0,0,0,81,0.0,2,0
Track01901,continuous,6,89,37,0,37,89,0.0,160,0
Track01901,continuous,7,84,45,0,45,84,0.0,215,0
Track01901,continuous,8,88,46,0,46,88,0.0,215,0
Track01901,continuous,9,87,46,0,46,87,0.0,215,0
Track01901,continuous,10,83,46,0,46,83,0.0,215,0
Track01901,continuous,11,84,46,0,46,84,0.0,215,0
Track01901,continuous,12,92,46,0,46,92,0.0,215,0
Track01901,continuous,13,108,49,0,49,108,0.0,233,0
Track01901,continuous,14,118,51,1,50,117,0.011834319526627219,243,0
Track01901,continuous,15,125,56,1,55,124,0.011049723756906077,265,0
Track01901,continuous,16,124,50,0,50,124,0.0,247,0
Track01901,continuous,17,89,50,0,50,89,0.0,247,0
Track01901,continuous,18,92,50,0,50,92,0.0,247,0
Track01901,continuous,19,88,50,0,50,88,0.0,247,0
Track01901,continuous,20,85,50,0,50,85,0.0,247,0
Track01901,continuous,21,89,48,0,48,89,0.0,237,0
Track01901,continuous,22,111,50,0,50,111,0.0,247,0
Track01901,continuous,23,127,48,0,48,127,0.0,237,0
Track01901,continuous,24,137,50,0,50,137,0.0,247,0
Track01901,continuous,25,132,48,0,48,132,0.0,237,0
Track01901,continuous,26,129,50,0,50,129,0.0,247,0
Track01901,continuous,27,136,48,0,48,136,0.0,237,0
Track01901,continuous,28,108,50,0,50,108,0.0,247,0
Track01901,continuous,29,91,50,0,50,91,0.0,247,0
Track01901,continuous,30,96,50,0,50,96,0.0,247,0
Track01901,continuous,31,95,50,0,50,95,0.0,247,0
Track01901,continuous,32,97,50,0,50,97,0.0,247,0
Track01901,continuous,33,100,50,0,50,100,0.0,247,0
Track01901,continuous,34,105,50,0,50,105,0.0,247,0
Track01901,continuous,35,94,50,0,50,94,0.0,247,0
Track01901,continuous,36,119,50,0,50,119,0.0,247,0
Track01901,continuous,37,145,50,2,48,143,0.020512820512820513,247,0
Track01901,continuous,38,150,50,2,48,148,0.02,247,0
Track01901,continuous,39,156,50,3,47,153,0.02912621359223301,247,0
Track01901,continuous,40,154,50,3,47,151,0.029411764705882353,247,0
Track01901,continuous,41,152,50,1,49,151,0.009900990099009901,247,0
Track01901,continuous,42,155,50,0,50,155,0.0,247,0
Track01901,continuous,43,191,50,0,50,191,0.0,247,0
Track01901,continuous,44,225,51,0,51,225,0.0,249,0
Track01901,continuous,45,223,51,0,51,223,0.0,249,0
Track01901,continuous,46,225,51,0,51,225,0.0,249,0
Track01901,continuous,47,202,51,0,51,202,0.0,249,0
Track01901,continuous,48,171,50,1,49,170,0.00904977375565611,247,0
Track01901,continuous,49,0,50,0,50,0,0.0,247,0
Track01901,continuous,50,0,0,0,0,0,nan,285,0
Track01901,reset,0,17,0,0,0,17,0.0,2,0
Track01901,reset,1,87,0,0,0,87,0.0,2,0
Track01901,reset,2,84,65,0,65,84,0.0,315,0
Track01901,reset,3,80,61,0,61,80,0.0,313,0
Track01901,reset,4,81,65,0,65,81,0.0,315,0
Track01901,reset,5,81,382,0,382,81,0.0,2113,0
Track01901,reset,6,89,461,1,460,88,0.0036363636363636364,2513,0
Track01901,reset,7,84,458,0,458,84,0.0,2508,0
Track01901,reset,8,88,183,0,183,88,0.0,667,0
Track01901,reset,9,87,183,0,183,87,0.0,667,0
Track01901,reset,10,83,204,0,204,83,0.0,766,0
Track01901,reset,11,84,810,0,810,84,0.0,1747,0
Track01901,reset,12,92,247,0,247,92,0.0,989,0
Track01901,reset,13,108,347,0,347,108,0.0,2010,0
Track01901,reset,14,118,118,0,118,118,0.0,339,0
Track01901,reset,15,125,278,2,276,123,0.009925558312655087,1521,0
Track01901,reset,16,124,547,11,536,113,0.03278688524590164,2818,0
Track01901,reset,17,89,304,0,304,89,0.0,1430,0
Track01901,reset,18,92,325,0,325,92,0.0,1535,0
Track01901,reset,19,88,203,0,203,88,0.0,728,0
Track01901,reset,20,85,209,0,209,85,0.0,776,0
Track01901,reset,21,89,349,0,349,89,0.0,1377,0
Track01901,reset,22,111,326,3,323,108,0.013729977116704805,1958,0
Track01901,reset,23,127,484,9,475,118,0.029459901800327332,2879,0
Track01901,reset,24,137,238,0,238,137,0.0,1369,0
Track01901,reset,25,132,396,3,393,129,0.011363636363636364,2302,0
Track01901,reset,26,129,609,8,601,121,0.02168021680216802,3679,0
Track01901,reset,27,136,422,4,418,132,0.014336917562724014,2458,0
Track01901,reset,28,108,468,12,456,96,0.041666666666666664,2497,0
Track01901,reset,29,91,801,0,801,91,0.0,1729,0
Track01901,reset,30,96,276,1,275,95,0.005376344086021506,1336,0
Track01901,reset,31,95,209,0,209,95,0.0,776,0
Track01901,reset,32,97,204,0,204,97,0.0,766,0
Track01901,reset,33,100,219,0,219,100,0.0,763,0
Track01901,reset,34,105,209,0,209,105,0.0,776,0
Track01901,reset,35,94,120,0,120,94,0.0,439,0
Track01901,reset,36,119,626,0,626,119,0.0,3411,0
Track01901,reset,37,145,634,3,631,142,0.007702182284980745,3827,0
Track01901,reset,38,150,492,9,483,141,0.028037383177570093,2896,0
Track01901,reset,39,156,611,3,608,153,0.007822685788787484,3688,0
Track01901,reset,40,154,659,10,649,144,0.024600246002460024,3474,0
Track01901,reset,41,152,494,12,482,140,0.03715170278637771,2674,0
Track01901,reset,42,155,523,9,514,146,0.02654867256637168,2841,0
Track01901,reset,43,191,501,15,486,176,0.04335260115606936,2610,0
Track01901,reset,44,225,500,2,498,223,0.005517241379310344,2563,0
Track01901,reset,45,223,693,0,693,223,0.0,3627,0
Track01901,reset,46,225,443,7,436,218,0.020958083832335328,2139,0
Track01901,reset,47,202,451,13,438,189,0.039816232771822356,2222,0
Track01901,reset,48,171,502,1,501,170,0.0029717682020802376,2738,0
Track01901,reset,49,0,0,0,0,0,nan,2,0
Track01901,reset,50,0,0,0,0,0,nan,2,0
Track01902,continuous,0,11,0,0,0,11,0.0,2,0
Track01902,continuous,1,36,0,0,0,36,0.0,2,0
Track01902,continuous,2,29,0,0,0,29,0.0,2,0
Track01902,continuous,3,37,0,0,0,37,0.0,2,0
Track01902,continuous,4,43,0,0,0,43,0.0,2,0
Track01902,continuous,5,32,44,0,44,32,0.0,179,0
Track01902,continuous,6,32,39,0,39,32,0.0,161,0
Track01902,continuous,7,39,47,0,47,39,0.0,177,0
Track01902,continuous,8,40,49,0,49,40,0.0,181,0
Track01902,continuous,9,48,51,0,51,48,0.0,185,0
Track01902,continuous,10,36,51,0,51,36,0.0,185,0
Track01902,continuous,11,43,52,0,52,43,0.0,187,0
Track01902,continuous,12,109,54,2,52,107,0.024539877300613498,197,0
Track01902,continuous,13,126,55,1,54,125,0.011049723756906077,199,0
Track01902,continuous,14,157,53,0,53,157,0.0,195,0
Track01902,continuous,15,139,51,1,50,138,0.010526315789473684,191,0
Track01902,continuous,16,149,50,0,50,149,0.0,189,0
Track01902,continuous,17,70,48,0,48,70,0.0,185,0
Track01902,continuous,18,70,48,0,48,70,0.0,185,0
Track01902,continuous,19,84,48,2,46,82,0.030303030303030304,185,0
Track01902,continuous,20,107,49,0,49,107,0.0,187,0
Track01902,continuous,21,130,50,1,49,129,0.011111111111111112,189,0
Track01902,continuous,22,120,51,2,49,118,0.023391812865497075,191,0
Track01902,continuous,23,108,50,0,50,108,0.0,189,0
Track01902,continuous,24,131,49,2,47,129,0.022222222222222223,187,0
Track01902,continuous,25,117,49,1,48,116,0.012048192771084338,187,0
Track01902,continuous,26,135,50,0,50,135,0.0,189,0
Track01902,continuous,27,104,49,1,48,103,0.013071895424836602,187,0
Track01902,continuous,28,148,50,1,49,147,0.010101010101010102,189,0
Track01902,continuous,29,163,48,0,48,163,0.0,185,0
Track01902,continuous,30,129,48,1,47,128,0.011299435028248588,185,0
Track01902,continuous,31,133,48,2,46,131,0.022099447513812154,185,0
Track01902,continuous,32,152,48,0,48,152,0.0,185,0
Track01902,continuous,33,156,48,0,48,156,0.0,185,0
Track01902,continuous,34,123,47,1,46,122,0.011764705882352941,183,0
Track01902,continuous,35,64,44,0,44,64,0.0,177,0
Track01902,continuous,36,77,45,1,44,76,0.01639344262295082,179,0
Track01902,continuous,37,120,47,0,47,120,0.0,183,0
Track01902,continuous,38,111,48,1,47,110,0.012578616352201259,185,0
Track01902,continuous,39,147,48,0,48,147,0.0,185,0
Track01902,continuous,40,110,48,0,48,110,0.0,185,0
Track01902,continuous,41,131,49,1,48,130,0.011111111111111112,187,0
Track01902,continuous,42,125,49,1,48,124,0.011494252873563218,187,0
Track01902,continuous,43,106,49,0,49,106,0.0,187,0
Track01902,continuous,44,132,49,0,49,132,0.0,187,0
Track01902,continuous,45,148,49,1,48,147,0.01015228426395939,187,0
Track01902,continuous,46,156,49,1,48,155,0.00975609756097561,187,0
Track01902,continuous,47,173,49,2,47,171,0.018018018018018018,187,0
Track01902,continuous,48,166,48,1,47,165,0.009345794392523364,185,0
Track01902,continuous,49,171,49,0,49,171,0.0,187,0
Track01902,continuous,50,173,49,1,48,172,0.009009009009009009,187,0
Track01902,continuous,51,67,46,1,45,66,0.017699115044247787,181,0
Track01902,continuous,52,39,43,0,43,39,0.0,175,0
Track01902,continuous,53,1,41,0,41,1,0.0,165,0
Track01902,continuous,54,0,32,0,32,0,0.0,181,0
Track01902,reset,0,11,0,0,0,11,0.0,2,0
Track01902,reset,1,36,65,0,65,36,0.0,315,0
Track01902,reset,2,29,65,0,65,29,0.0,315,0
Track01902,reset,3,37,69,0,69,37,0.0,333,0
Track01902,reset,4,43,61,0,61,43,0.0,313,0
Track01902,reset,5,32,472,5,467,27,0.01984126984126984,2570,0
Track01902,reset,6,32,382,2,380,30,0.00966183574879227,2113,0
Track01902,reset,7,39,414,5,409,34,0.02207505518763797,2278,0
Track01902,reset,8,40,382,2,380,38,0.009478672985781991,2113,0
Track01902,reset,9,48,382,8,374,40,0.037209302325581395,2113,0
Track01902,reset,10,36,65,0,65,36,0.0,315,0
Track01902,reset,11,43,377,4,373,39,0.01904761904761905,2088,0
Track01902,reset,12,109,390,1,389,108,0.004008016032064128,2301,0
Track01902,reset,13,126,441,14,427,112,0.04938271604938271,2392,0
Track01902,reset,14,157,431,8,423,149,0.027210884353741496,2074,0
Track01902,reset,15,139,650,0,650,139,0.0,4096,1
Track01902,reset,16,149,480,0,480,149,0.0,3645,0
Track01902,reset,17,70,621,3,618,67,0.008683068017366137,3426,0
Track01902,reset,18,70,535,3,532,67,0.009917355371900827,2638,0
Track01902,reset,19,84,596,8,588,76,0.023529411764705882,3591,0
Track01902,reset,20,107,252,4,248,103,0.022284122562674095,1926,0
Track01902,reset,21,130,403,2,401,128,0.0075046904315197,1934,0
Track01902,reset,22,120,518,14,504,106,0.0438871473354232,2743,0
Track01902,reset,23,108,267,5,262,103,0.02666666666666667,1974,0
Track01902,reset,24,131,561,16,545,115,0.046242774566473986,2982,0
Track01902,reset,25,117,281,7,274,110,0.035175879396984924,2079,0
Track01902,reset,26,135,506,22,484,113,0.0686427457098284,2707,0
Track01902,reset,27,104,249,1,248,103,0.0056657223796034,1581,0
Track01902,reset,28,148,435,10,425,138,0.03430531732418525,2369,0
Track01902,reset,29,163,257,2,255,161,0.009523809523809525,1682,0
Track01902,reset,30,129,502,9,493,120,0.028526148969889066,2658,0
Track01902,reset,31,133,304,7,297,126,0.032036613272311214,1971,0
Track01902,reset,32,152,525,11,514,141,0.03249630723781388,2744,0
Track01902,reset,33,156,501,19,482,137,0.0578386605783866,2661,0
Track01902,reset,34,123,315,3,312,120,0.0136986301369863,2155,0
Track01902,reset,35,64,490,2,488,62,0.007220216606498195,2680,0
Track01902,reset,36,77,517,2,515,75,0.006734006734006734,2812,0
Track01902,reset,37,120,241,6,235,114,0.0332409972299169,1752,0
Track01902,reset,38,111,555,22,533,89,0.06606606606606606,2929,0
Track01902,reset,39,147,540,23,517,124,0.06695778748180495,2882,0
Track01902,reset,40,110,585,1,584,109,0.0028776978417266188,2726,0
Track01902,reset,41,131,447,8,439,123,0.02768166089965398,2139,0
Track01902,reset,42,125,632,10,622,115,0.026420079260237782,3522,0
Track01902,reset,43,106,726,1,725,105,0.002403846153846154,3852,0
Track01902,reset,44,132,276,4,272,128,0.0196078431372549,1652,0
Track01902,reset,45,148,476,21,455,127,0.0673076923076923,2534,0
Track01902,reset,46,156,258,2,256,154,0.00966183574879227,1947,0
Track01902,reset,47,173,525,21,504,152,0.06017191977077364,2744,0
Track01902,reset,48,166,297,3,294,163,0.012958963282937365,1964,0
Track01902,reset,49,171,275,9,266,162,0.04035874439461883,1931,0
Track01902,reset,50,173,566,22,544,151,0.05953991880920163,2937,0
Track01902,reset,51,67,478,2,476,65,0.007339449541284404,2737,0
Track01902,reset,52,39,365,2,363,37,0.009900990099009901,2067,0
Track01902,reset,53,1,0,0,0,1,0.0,2,0
Track01902,reset,54,0,0,0,0,0,nan,2,0
Track01903,continuous,0,40,194,3,191,37,0.02564102564102564,887,0
Track01903,continuous,1,70,177,4,173,66,0.032388663967611336,790,0
Track01903,continuous,2,71,173,3,170,68,0.02459016393442623,795,0
Track01903,continuous,3,76,173,10,163,66,0.08032128514056225,795,0
Track01903,continuous,4,84,197,13,184,71,0.09252669039145907,905,0
Track01903,continuous,5,85,207,17,190,68,0.11643835616438356,927,0
Track01903,continuous,6,79,188,8,180,71,0.0599250936329588,843,0
Track01903,continuous,7,64,194,9,185,55,0.06976744186046512,877,0
Track01903,continuous,8,135,192,5,187,130,0.03058103975535168,858,0
Track01903,continuous,9,165,214,12,202,153,0.0633245382585752,950,0
Track01903,continuous,10,169,209,9,200,160,0.047619047619047616,941,0
Track01903,continuous,11,174,197,11,186,163,0.05929919137466307,891,0
Track01903,continuous,12,160,207,14,193,146,0.07629427792915532,919,0
Track01903,continuous,13,162,190,11,179,151,0.0625,860,0
Track01903,continuous,14,175,170,8,162,167,0.0463768115942029,764,0
Track01903,continuous,15,167,192,15,177,152,0.08356545961002786,851,0
Track01903,continuous,16,165,217,14,203,151,0.07329842931937172,971,0
Track01903,continuous,17,185,218,9,209,176,0.04466501240694789,984,0
Track01903,continuous,18,237,188,13,175,224,0.0611764705882353,843,0
Track01903,continuous,19,161,187,5,182,156,0.028735632183908046,822,0
Track01903,continuous,20,49,192,9,183,40,0.07468879668049792,853,0
Track01903,continuous,21,52,176,6,170,46,0.05263157894736842,791,0
Track01903,continuous,22,59,192,7,185,52,0.055776892430278883,848,0
Track01903,continuous,23,59,194,9,185,50,0.07114624505928854,890,0
Track01903,continuous,24,57,201,7,194,50,0.05426356589147287,895,0
Track01903,continuous,25,104,168,14,154,90,0.10294117647058823,737,0
Track01903,continuous,26,172,210,11,199,161,0.05759162303664921,940,0
Track01903,continuous,27,169,195,12,183,157,0.06593406593406594,881,0
Track01903,continuous,28,167,204,14,190,153,0.07547169811320754,918,0
Track01903,continuous,29,176,182,9,173,167,0.05027932960893855,820,0
Track01903,continuous,30,173,224,19,205,154,0.09571788413098237,1002,0
Track01903,continuous,31,179,223,8,215,171,0.03980099502487562,1008,0
Track01903,continuous,32,222,223,8,215,214,0.035955056179775284,989,0
Track01903,continuous,33,217,215,15,200,202,0.06944444444444445,957,0
Track01903,continuous,34,284,218,12,206,272,0.04780876494023904,965,0
Track01903,continuous,35,254,218,13,205,241,0.05508474576271186,986,0
Track01903,continuous,36,321,203,23,180,298,0.08778625954198473,935,0
Track01903,continuous,37,120,205,6,199,114,0.036923076923076927,909,0
Track01903,continuous,38,53,215,5,210,48,0.03731343283582089,967,0
Track01903,continuous,39,52,196,11,185,41,0.08870967741935484,883,0
Track01903,continuous,40,62,221,7,214,55,0.04946996466431095,990,0
Track01903,continuous,41,53,200,6,194,47,0.04743083003952569,905,0
Track01903,continuous,42,95,198,12,186,83,0.08191126279863481,892,0
Track01903,continuous,43,79,176,11,165,68,0.08627450980392157,797,0
Track01903,continuous,44,152,201,9,192,143,0.05099150141643059,881,0
Track01903,continuous,45,143,192,18,174,125,0.10746268656716418,853,0
Track01903,continuous,46,34,177,0,177,34,0.0,800,0
Track01903,continuous,47,0,161,0,161,0,0.0,739,0
Track01903,continuous,48,0,0,0,0,0,nan,925,0
Track01903,reset,0,40,194,5,189,35,0.042735042735042736,887,0
Track01903,reset,1,70,399,4,395,66,0.017057569296375266,2243,0
Track01903,reset,2,71,364,15,349,56,0.06896551724137931,1905,0
Track01903,reset,3,76,46,5,41,71,0.08196721311475409,204,0
Track01903,reset,4,84,147,3,144,81,0.025974025974025976,814,0
Track01903,reset,5,85,323,11,312,74,0.05392156862745098,2188,0
Track01903,reset,6,79,41,0,41,79,0.0,164,0
Track01903,reset,7,64,27,2,25,62,0.04395604395604396,101,0
Track01903,reset,8,135,484,5,479,130,0.01615508885298869,1885,0
Track01903,reset,9,165,609,1,608,164,0.002583979328165375,3679,0
Track01903,reset,10,169,639,9,630,160,0.022277227722772276,3305,0
Track01903,reset,11,174,417,13,404,161,0.043993231810490696,2007,0
Track01903,reset,12,160,567,31,536,129,0.08528198074277854,3413,0
Track01903,reset,13,162,478,20,458,142,0.0625,2547,0
Track01903,reset,14,175,414,14,400,161,0.04753820033955857,2020,0
Track01903,reset,15,167,175,8,167,159,0.04678362573099415,475,0
Track01903,reset,16,165,440,21,419,144,0.06942148760330578,2188,0
Track01903,reset,17,185,467,26,441,159,0.07975460122699386,2611,0
Track01903,reset,18,237,363,16,347,221,0.05333333333333334,1977,0
Track01903,reset,19,161,570,46,524,115,0.12585499316005472,2988,0
Track01903,reset,20,49,546,8,538,41,0.02689075630252101,2697,0
Track01903,reset,21,52,140,8,132,44,0.08333333333333333,488,0
Track01903,reset,22,59,623,10,613,49,0.02932551319648094,3229,0
Track01903,reset,23,59,331,5,326,54,0.02564102564102564,2076,0
Track01903,reset,24,57,748,9,739,48,0.02236024844720497,3845,0
Track01903,reset,25,104,589,8,581,96,0.023088023088023088,3552,0
Track01903,reset,26,172,609,29,580,143,0.07426376440460948,3679,0
Track01903,reset,27,169,359,25,334,144,0.0946969696969697,1834,0
Track01903,reset,28,167,434,12,422,155,0.03993344425956739,2046,0
Track01903,reset,29,176,145,12,133,164,0.07476635514018691,580,0
Track01903,reset,30,173,780,26,754,147,0.05456453305351522,3994,1
Track01903,reset,31,179,642,25,617,154,0.06090133982947625,3878,0
Track01903,reset,32,222,659,36,623,186,0.08172531214528944,3474,0
Track01903,reset,33,217,438,21,417,196,0.06412213740458016,2318,0
Track01903,reset,34,284,501,37,464,247,0.09426751592356689,2610,0
Track01903,reset,35,254,501,38,463,216,0.10066225165562914,2610,0
Track01903,reset,36,321,506,55,451,266,0.13301088270858524,2700,0
Track01903,reset,37,120,570,22,548,98,0.06376811594202898,2953,0
Track01903,reset,38,53,435,7,428,46,0.028688524590163935,2413,0
Track01903,reset,39,52,302,5,297,47,0.02824858757062147,1792,0
Track01903,reset,40,62,416,10,406,52,0.04184100418410042,2064,0
Track01903,reset,41,53,317,6,311,47,0.032432432432432434,1997,0
Track01903,reset,42,95,141,12,129,83,0.1016949152542373,465,0
Track01903,reset,43,79,393,14,379,65,0.059322033898305086,2136,0
Track01903,reset,44,152,567,25,542,127,0.06954102920723226,3413,0
Track01903,reset,45,143,109,0,109,143,0.0,430,0
Track01903,reset,46,34,342,1,341,33,0.005319148936170213,2024,0
Track01903,reset,47,0,0,0,0,0,nan,2,0
Track01903,reset,48,0,0,0,0,0,nan,2,0
Track01906,continuous,0,26,50,0,50,26,0.0,222,0
Track01906,continuous,1,82,49,0,49,82,0.0,239,0
Track01906,continuous,2,77,50,0,50,77,0.0,247,0
Track01906,continuous,3,76,50,0,50,76,0.0,247,0
Track01906,continuous,4,59,50,0,50,59,0.0,247,0
Track01906,continuous,5,61,50,0,50,61,0.0,247,0
Track01906,continuous,6,64,50,0,50,64,0.0,247,0
Track01906,continuous,7,58,50,0,50,58,0.0,247,0
Track01906,continuous,8,63,50,0,50,63,0.0,247,0
Track01906,continuous,9,67,50,0,50,67,0.0,247,0
Track01906,continuous,10,95,50,0,50,95,0.0,247,0
Track01906,continuous,11,78,50,0,50,78,0.0,247,0
Track01906,continuous,12,73,50,0,50,73,0.0,247,0
Track01906,continuous,13,73,50,0,50,73,0.0,247,0
Track01906,continuous,14,69,50,0,50,69,0.0,247,0
Track01906,continuous,15,69,50,0,50,69,0.0,247,0
Track01906,continuous,16,73,50,0,50,73,0.0,247,0
Track01906,continuous,17,84,50,0,50,84,0.0,247,0
Track01906,continuous,18,101,50,0,50,101,0.0,247,0
Track01906,continuous,19,95,50,0,50,95,0.0,247,0
Track01906,continuous,20,109,50,0,50,109,0.0,247,0
Track01906,continuous,21,103,50,0,50,103,0.0,247,0
Track01906,continuous,22,111,50,0,50,111,0.0,247,0
Track01906,continuous,23,96,50,0,50,96,0.0,247,0
Track01906,continuous,24,108,50,0,50,108,0.0,247,0
Track01906,continuous,25,112,50,0,50,112,0.0,247,0
Track01906,continuous,26,114,50,0,50,114,0.0,247,0
Track01906,continuous,27,92,50,0,50,92,0.0,247,0
Track01906,continuous,28,116,50,0,50,116,0.0,247,0
Track01906,continuous,29,102,50,0,50,102,0.0,247,0
Track01906,continuous,30,115,50,0,50,115,0.0,247,0
Track01906,continuous,31,107,50,0,50,107,0.0,247,0
Track01906,continuous,32,109,50,0,50,109,0.0,247,0
Track01906,continuous,33,92,50,8,42,84,0.11267605633802817,247,0
Track01906,continuous,34,122,50,9,41,113,0.10465116279069768,247,0
Track01906,continuous,35,127,50,10,40,117,0.11299435028248588,247,0
Track01906,continuous,36,134,50,10,40,124,0.10869565217391304,247,0
Track01906,continuous,37,140,50,9,41,131,0.09473684210526316,247,0
Track01906,continuous,38,181,50,10,40,171,0.08658008658008658,247,0
Track01906,continuous,39,170,50,10,40,160,0.09090909090909091,247,0
Track01906,continuous,40,179,50,9,41,170,0.07860262008733625,247,0
Track01906,continuous,41,163,50,10,40,153,0.09389671361502347,247,0
Track01906,continuous,42,180,50,10,40,170,0.08695652173913043,247,0
Track01906,continuous,43,159,50,6,44,153,0.05741626794258373,247,0
Track01906,continuous,44,60,50,0,50,60,0.0,247,0
Track01906,continuous,45,72,50,0,50,72,0.0,247,0
Track01906,continuous,46,68,50,0,50,68,0.0,247,0
Track01906,continuous,47,125,50,1,49,124,0.011428571428571429,247,0
Track01906,continuous,48,138,50,5,45,133,0.05319148936170213,247,0
Track01906,continuous,49,125,50,10,40,115,0.11428571428571428,247,0
Track01906,continuous,50,48,50,4,46,44,0.08163265306122448,247,0
Track01906,continuous,51,0,50,0,50,0,0.0,247,0
Track01906,continuous,52,0,0,0,0,0,nan,239,0
Track01906,reset,0,26,50,0,50,26,0.0,222,0
Track01906,reset,1,82,213,1,212,81,0.006779661016949152,796,0
Track01906,reset,2,77,253,2,251,75,0.012121212121212121,1040,0
Track01906,reset,3,76,63,2,61,74,0.02877697841726619,289,0
Track01906,reset,4,59,209,1,208,58,0.007462686567164179,776,0
Track01906,reset,5,61,209,1,208,60,0.007407407407407408,776,0
Track01906,reset,6,64,209,1,208,63,0.007326007326007326,776,0
Track01906,reset,7,58,359,0,359,58,0.0,1628,0
Track01906,reset,8,63,142,0,142,63,0.0,564,0
Track01906,reset,9,67,376,4,372,63,0.01805869074492099,1503,0
Track01906,reset,10,95,251,5,246,90,0.028901734104046242,1490,0
Track01906,reset,11,78,412,5,407,73,0.02040816326530612,2386,0
Track01906,reset,12,73,102,3,99,70,0.03428571428571429,283,0
Track01906,reset,13,73,531,8,523,65,0.026490066225165563,2865,0
Track01906,reset,14,69,259,4,255,65,0.024390243902439025,1031,0
Track01906,reset,15,69,412,4,408,65,0.016632016632016633,2087,0
Track01906,reset,16,73,183,4,179,69,0.03125,739,0
Track01906,reset,17,84,638,10,628,74,0.027700831024930747,3775,0
Track01906,reset,18,101,694,7,687,94,0.01761006289308176,4096,1
Track01906,reset,19,95,647,9,638,86,0.02425876010781671,3905,1
Track01906,reset,20,109,637,9,628,100,0.024128686327077747,3848,0
Track01906,reset,21,103,642,6,636,97,0.016107382550335572,3878,0
Track01906,reset,22,111,609,8,601,103,0.022222222222222223,3679,0
Track01906,reset,23,96,689,3,686,93,0.007643312101910828,4096,1
Track01906,reset,24,108,363,6,357,102,0.025477707006369428,1977,0
Track01906,reset,25,112,502,13,489,99,0.04234527687296417,2658,0
Track01906,reset,26,114,497,24,473,90,0.07855973813420622,2608,0
Track01906,reset,27,92,612,30,582,62,0.08522727272727272,3256,0
Track01906,reset,28,116,465,18,447,98,0.06196213425129088,2399,0
Track01906,reset,29,102,548,26,522,76,0.08,2957,0
Track01906,reset,30,115,329,19,310,96,0.08558558558558559,1789,0
Track01906,reset,31,107,659,27,632,80,0.07049608355091384,3474,0
Track01906,reset,32,109,570,30,540,79,0.08836524300441827,2987,0
Track01906,reset,33,92,363,17,346,75,0.07472527472527472,1977,0
Track01906,reset,34,122,415,20,395,102,0.074487895716946,2078,0
Track01906,reset,35,127,425,7,418,120,0.025362318840579712,2517,0
Track01906,reset,36,134,439,22,417,112,0.07678883071553229,2371,0
Track01906,reset,37,140,419,17,402,123,0.06082289803220036,2261,0
Track01906,reset,38,181,503,50,453,131,0.14619883040935672,2382,0
Track01906,reset,39,170,336,13,323,157,0.05138339920948617,2054,0
Track01906,reset,40,179,428,35,393,144,0.11532125205930807,2341,0
Track01906,reset,41,163,203,9,194,154,0.04918032786885246,1355,0
Track01906,reset,42,180,428,8,420,172,0.02631578947368421,2525,0
Track01906,reset,43,159,274,10,264,149,0.046189376443418015,1610,0
Track01906,reset,44,60,745,11,734,49,0.02732919254658385,3815,0
Track01906,reset,45,72,436,8,428,64,0.031496062992125984,2194,0
Track01906,reset,46,68,637,9,628,59,0.02553191489361702,3848,0
Track01906,reset,47,125,284,17,267,108,0.08312958435207823,1661,0
Track01906,reset,48,138,266,9,257,129,0.04455445544554455,1573,0
Track01906,reset,49,125,514,5,509,120,0.01564945226917058,2005,0
Track01906,reset,50,48,47,7,40,41,0.14736842105263157,180,0
Track01906,reset,51,0,0,0,0,0,nan,2,0
Track01906,reset,52,0,0,0,0,0,nan,469,0
Track01907,continuous,0,42,0,0,0,42,0.0,2,0
Track01907,continuous,1,85,51,0,51,85,0.0,236,0
Track01907,continuous,2,80,43,0,43,80,0.0,221,0
Track01907,continuous,3,88,42,0,42,88,0.0,213,0
Track01907,continuous,4,94,48,0,48,94,0.0,237,0
Track01907,continuous,5,80,46,0,46,80,0.0,227,0
Track01907,continuous,6,99,47,0,47,99,0.0,229,0
Track01907,continuous,7,92,50,0,50,92,0.0,247,0
Track01907,continuous,8,98,48,0,48,98,0.0,237,0
Track01907,continuous,9,151,50,0,50,151,0.0,247,0
Track01907,continuous,10,120,50,0,50,120,0.0,247,0
Track01907,continuous,11,111,50,0,50,111,0.0,247,0
Track01907,continuous,12,133,50,0,50,133,0.0,243,0
Track01907,continuous,13,126,50,1,49,125,0.011363636363636364,247,0
Track01907,continuous,14,132,48,0,48,132,0.0,237,0
Track01907,continuous,15,134,50,0,50,134,0.0,247,0
Track01907,continuous,16,130,50,0,50,130,0.0,247,0
Track01907,continuous,17,129,50,0,50,129,0.0,247,0
Track01907,continuous,18,128,50,0,50,128,0.0,247,0
Track01907,continuous,19,138,50,0,50,138,0.0,247,0
Track01907,continuous,20,124,50,0,50,124,0.0,247,0
Track01907,continuous,21,118,50,0,50,118,0.0,247,0
Track01907,continuous,22,116,50,0,50,116,0.0,247,0
Track01907,continuous,23,122,50,0,50,122,0.0,247,0
Track01907,continuous,24,132,50,1,49,131,0.01098901098901099,247,0
Track01907,continuous,25,143,50,0,50,143,0.0,247,0
Track01907,continuous,26,128,50,0,50,128,0.0,247,0
Track01907,continuous,27,149,51,0,51,149,0.0,249,0
Track01907,continuous,28,154,55,1,54,153,0.009569377990430622,262,0
Track01907,continuous,29,166,52,0,52,166,0.0,250,0
Track01907,continuous,30,155,52,1,51,154,0.00966183574879227,250,0
Track01907,continuous,31,149,52,0,52,149,0.0,250,0
Track01907,continuous,32,151,48,0,48,151,0.0,237,0
Track01907,continuous,33,152,50,0,50,152,0.0,247,0
Track01907,continuous,34,117,50,0,50,117,0.0,247,0
Track01907,continuous,35,96,50,0,50,96,0.0,247,0
Track01907,continuous,36,126,50,1,49,125,0.011363636363636364,247,0
Track01907,continuous,37,115,50,0,50,115,0.0,247,0
Track01907,continuous,38,142,50,1,49,141,0.010416666666666666,247,0
Track01907,continuous,39,175,50,3,47,172,0.02666666666666667,247,0
Track01907,continuous,40,165,54,4,50,161,0.0365296803652968,260,0
Track01907,continuous,41,150,52,3,49,147,0.0297029702970297,250,0
Track01907,continuous,42,166,52,2,50,164,0.01834862385321101,250,0
Track01907,continuous,43,168,48,5,43,163,0.046296296296296294,237,0
Track01907,continuous,44,147,50,1,49,146,0.01015228426395939,247,0
Track01907,continuous,45,161,50,3,47,158,0.02843601895734597,247,0
Track01907,continuous,46,149,50,2,48,147,0.020100502512562814,247,0
Track01907,continuous,47,112,50,1,49,111,0.012345679012345678,247,0
Track01907,continuous,48,8,50,0,50,8,0.0,247,0
Track01907,continuous,49,0,0,0,0,0,nan,243,0
Track01907,reset,0,42,0,0,0,42,0.0,2,0
Track01907,reset,1,85,204,0,204,85,0.0,766,0
Track01907,reset,2,80,227,0,227,80,0.0,788,0
Track01907,reset,3,88,214,0,214,88,0.0,862,0
Track01907,reset,4,94,102,0,102,94,0.0,283,0
Track01907,reset,5,80,209,0,209,80,0.0,776,0
Track01907,reset,6,99,415,2,413,97,0.007782101167315175,2359,0
Track01907,reset,7,92,141,0,141,92,0.0,465,0
Track01907,reset,8,98,539,3,536,95,0.009419152276295133,3260,0
Track01907,reset,9,151,499,17,482,134,0.052307692307692305,2493,0
Track01907,reset,10,120,336,7,329,113,0.03070175438596491,1998,0
Track01907,reset,11,111,426,6,420,105,0.0223463687150838,2531,0
Track01907,reset,12,133,500,12,488,121,0.037914691943127965,1968,0
Track01907,reset,13,126,603,2,601,124,0.0054869684499314125,3616,0
Track01907,reset,14,132,623,14,609,118,0.03708609271523179,3762,0
Track01907,reset,15,134,211,5,206,129,0.028985507246376812,1411,0
Track01907,reset,16,130,659,20,639,110,0.050697084917617236,3468,0
Track01907,reset,17,129,637,7,630,122,0.018276762402088774,3848,0
Track01907,reset,18,128,358,10,348,118,0.0411522633744856,1343,0
Track01907,reset,19,138,671,2,669,136,0.004944375772558714,4096,1
Track01907,reset,20,124,453,5,448,119,0.01733102253032929,2673,0
Track01907,reset,21,118,699,41,658,77,0.1003671970624235,3596,0
Track01907,reset,22,116,597,4,593,112,0.011220196353436185,3580,0
Track01907,reset,23,122,610,3,607,119,0.00819672131147541,3613,0
Track01907,reset,24,132,453,13,440,119,0.044444444444444446,2673,0
Track01907,reset,25,143,671,10,661,133,0.02457002457002457,4096,1
Track01907,reset,26,128,363,13,350,115,0.05295315682281059,1977,0
Track01907,reset,27,149,566,31,535,118,0.08671328671328671,2937,0
Track01907,reset,28,154,566,32,534,122,0.08888888888888889,2937,0
Track01907,reset,29,166,586,7,579,159,0.018617021276595744,4096,1
Track01907,reset,30,155,454,21,433,134,0.06896551724137931,2490,0
Track01907,reset,31,149,533,24,509,125,0.07038123167155426,2834,0
Track01907,reset,32,151,502,23,479,128,0.07044410413476264,2658,0
Track01907,reset,33,152,533,18,515,134,0.052554744525547446,2834,0
Track01907,reset,34,117,612,7,605,110,0.019204389574759947,3691,0
Track01907,reset,35,96,602,3,599,93,0.008595988538681949,3571,0
Track01907,reset,36,126,609,12,597,114,0.0326530612244898,3676,0
Track01907,reset,37,115,375,14,361,101,0.05714285714285714,1968,0
Track01907,reset,38,142,609,12,597,130,0.03195739014647137,3676,0
Track01907,reset,39,175,454,20,434,155,0.06359300476947535,2490,0
Track01907,reset,40,165,529,19,510,146,0.05475504322766571,2820,0
Track01907,reset,41,150,502,17,485,133,0.05214723926380368,2658,0
Track01907,reset,42,166,315,10,305,156,0.04158004158004158,2155,0
Track01907,reset,43,168,577,25,552,143,0.06711409395973154,3028,0
Track01907,reset,44,147,522,19,503,128,0.05680119581464873,2764,0
Track01907,reset,45,161,538,31,507,130,0.08869814020028613,2802,0
Track01907,reset,46,149,475,16,459,133,0.05128205128205128,2519,0
Track01907,reset,47,112,410,12,398,100,0.04597701149425287,2249,0
Track01907,reset,48,8,0,0,0,8,0.0,2,0
Track01907,reset,49,0,0,0,0,0,nan,2303,0
Track01913,continuous,0,41,50,1,49,40,0.02197802197802198,222,0
Track01913,continuous,1,97,49,6,43,91,0.0821917808219178,239,0
Track01913,continuous,2,94,49,6,43,88,0.08391608391608392,239,0
Track01913,continuous,3,107,50,6,44,101,0.07643312101910828,247,0
Track01913,continuous,4,98,50,6,44,92,0.08108108108108109,247,0
Track01913,continuous,5,106,50,6,44,100,0.07692307692307693,247,0
Track01913,continuous,6,117,50,6,44,111,0.0718562874251497,247,0
Track01913,continuous,7,102,50,6,44,96,0.07894736842105263,247,0
Track01913,continuous,8,110,50,6,44,104,0.075,247,0
Track01913,continuous,9,115,50,6,44,109,0.07272727272727272,247,0
Track01913,continuous,10,113,50,7,43,106,0.08588957055214724,247,0
Track01913,continuous,11,107,50,6,44,101,0.07643312101910828,247,0
Track01913,continuous,12,102,50,7,43,95,0.09210526315789473,247,0
Track01913,continuous,13,105,50,6,44,99,0.07741935483870968,247,0
Track01913,continuous,14,119,50,7,43,112,0.08284023668639054,247,0
Track01913,continuous,15,112,50,6,44,106,0.07407407407407407,247,0
Track01913,continuous,16,107,50,7,43,100,0.08917197452229299,247,0
Track01913,continuous,17,113,50,6,44,107,0.0736196319018405,247,0
Track01913,continuous,18,115,50,6,44,109,0.07272727272727272,247,0
Track01913,continuous,19,112,50,6,44,106,0.07407407407407407,247,0
Track01913,continuous,20,113,50,6,44,107,0.0736196319018405,247,0
Track01913,continuous,21,103,50,6,44,97,0.0784313725490196,247,0
Track01913,continuous,22,104,50,6,44,98,0.07792207792207792,247,0
Track01913,continuous,23,110,50,6,44,104,0.075,247,0
Track01913,continuous,24,100,50,6,44,94,0.08,247,0
Track01913,continuous,25,106,50,6,44,100,0.07692307692307693,247,0
Track01913,continuous,26,117,50,6,44,111,0.0718562874251497,247,0
Track01913,continuous,27,101,50,6,44,95,0.07947019867549669,247,0
Track01913,continuous,28,110,50,6,44,104,0.075,247,0
Track01913,continuous,29,115,50,6,44,109,0.07272727272727272,247,0
Track01913,continuous,30,113,50,7,43,106,0.08588957055214724,247,0
Track01913,continuous,31,107,50,6,44,101,0.07643312101910828,247,0
Track01913,continuous,32,102,50,7,43,95,0.09210526315789473,247,0
Track01913,continuous,33,105,50,6,44,99,0.07741935483870968,247,0
Track01913,continuous,34,121,51,7,44,114,0.08139534883720931,249,0
Track01913,continuous,35,112,50,6,44,106,0.07407407407407407,247,0
Track01913,continuous,36,110,50,7,43,103,0.0875,247,0
Track01913,continuous,37,113,50,6,44,107,0.0736196319018405,247,0
Track01913,continuous,38,115,50,6,44,109,0.07272727272727272,247,0
Track01913,continuous,39,112,50,6,44,106,0.07407407407407407,247,0
Track01913,continuous,40,113,50,6,44,107,0.0736196319018405,247,0
Track01913,continuous,41,103,50,6,44,97,0.0784313725490196,247,0
Track01913,continuous,42,105,50,6,44,99,0.07741935483870968,247,0
Track01913,continuous,43,148,50,6,44,142,0.06060606060606061,247,0
Track01913,continuous,44,127,50,6,44,121,0.06779661016949153,247,0
Track01913,continuous,45,147,50,6,44,141,0.06091370558375635,247,0
Track01913,continuous,46,147,51,6,45,141,0.06060606060606061,249,0
Track01913,continuous,47,164,50,6,44,158,0.056074766355140186,247,0
Track01913,continuous,48,149,50,6,44,143,0.06030150753768844,247,0
Track01913,continuous,49,152,50,6,44,146,0.0594059405940594,247,0
Track01913,continuous,50,158,50,6,44,152,0.057692307692307696,247,0
Track01913,continuous,51,158,51,6,45,152,0.05741626794258373,249,0
Track01913,continuous,52,106,50,6,44,100,0.07692307692307693,247,0
Track01913,continuous,53,112,50,6,44,106,0.07407407407407407,247,0
Track01913,continuous,54,121,50,6,44,115,0.07017543859649122,247,0
Track01913,continuous,55,105,50,6,44,99,0.07741935483870968,247,0
Track01913,continuous,56,108,50,7,43,101,0.08860759493670886,247,0
Track01913,continuous,57,123,50,6,44,117,0.06936416184971098,247,0
Track01913,continuous,58,121,51,6,45,115,0.06976744186046512,249,0
Track01913,continuous,59,119,50,6,44,113,0.07100591715976332,247,0
Track01913,continuous,60,116,50,7,43,109,0.08433734939759036,247,0
Track01913,continuous,61,121,50,6,44,115,0.07017543859649122,247,0
Track01913,continuous,62,139,51,6,45,133,0.06315789473684211,249,0
Track01913,continuous,63,125,50,7,43,118,0.08,247,0
Track01913,continuous,64,100,50,6,44,94,0.08,247,0
Track01913,continuous,65,153,51,11,40,142,0.10784313725490197,249,0
Track01913,continuous,66,143,51,6,45,137,0.061855670103092786,245,0
Track01913,continuous,67,126,51,3,48,123,0.03389830508474576,249,0
Track01913,continuous,68,159,51,6,45,153,0.05714285714285714,249,0
Track01913,continuous,69,3,50,0,50,3,0.0,243,0
Track01913,continuous,70,0,50,0,50,0,0.0,247,0
Track01913,continuous,71,0,0,0,0,0,nan,216,0
Track01913,reset,0,41,50,2,48,39,0.04395604395604396,222,0
Track01913,reset,1,97,51,1,50,96,0.013513513513513514,243,0
Track01913,reset,2,94,50,0,50,94,0.0,244,0
Track01913,reset,3,107,362,3,359,104,0.01279317697228145,2250,0
Track01913,reset,4,98,283,4,279,94,0.02099737532808399,1472,0
Track01913,reset,5,106,156,3,153,103,0.022900763358778626,911,0
Track01913,reset,6,117,287,1,286,116,0.0049504950495049506,1579,0
Track01913,reset,7,102,215,0,215,102,0.0,864,0
Track01913,reset,8,110,94,1,93,109,0.00980392156862745,455,0
Track01913,reset,9,115,222,6,216,109,0.03560830860534125,1338,0
Track01913,reset,10,113,277,0,277,113,0.0,1559,0
Track01913,reset,11,107,156,1,155,106,0.0076045627376425855,911,0
Track01913,reset,12,102,249,0,249,102,0.0,1424,0
Track01913,reset,13,105,293,5,288,100,0.02512562814070352,1463,0
Track01913,reset,14,119,293,2,291,117,0.009708737864077669,1332,0
Track01913,reset,15,112,349,2,347,110,0.008676789587852495,2140,0
Track01913,reset,16,107,215,3,212,104,0.018633540372670808,864,0
Track01913,reset,17,113,288,28,260,85,0.1396508728179551,1445,0
Track01913,reset,18,115,324,26,298,89,0.11845102505694761,1628,0
Track01913,reset,19,112,357,20,337,92,0.08528784648187633,1994,0
Track01913,reset,20,113,215,11,204,102,0.06707317073170732,864,0
Track01913,reset,21,103,51,7,44,96,0.09090909090909091,243,0
Track01913,reset,22,104,277,5,272,99,0.026246719160104987,1559,0
Track01913,reset,23,110,241,3,238,107,0.017094017094017096,941,0
Track01913,reset,24,100,308,15,293,85,0.07352941176470588,1518,0
Track01913,reset,25,106,209,13,196,93,0.08253968253968254,1242,0
Track01913,reset,26,117,277,5,272,112,0.025380710659898477,1559,0
Track01913,reset,27,101,215,11,204,90,0.06962025316455696,864,0
Track01913,reset,28,110,94,6,88,104,0.058823529411764705,455,0
Track01913,reset,29,115,306,8,298,107,0.03800475059382423,1498,0
Track01913,reset,30,113,277,5,272,108,0.02564102564102564,1559,0
Track01913,reset,31,107,206,4,202,103,0.025559105431309903,1241,0
Track01913,reset,32,102,209,9,200,93,0.05787781350482315,1242,0
Track01913,reset,33,105,156,0,156,105,0.0,911,0
Track01913,reset,34,121,398,6,392,115,0.023121387283236993,1830,0
Track01913,reset,35,112,200,14,186,98,0.08974358974358974,1202,0
Track01913,reset,36,110,210,6,204,104,0.0375,864,0
Track01913,reset,37,113,317,28,289,85,0.13023255813953488,1539,0
Track01913,reset,38,115,324,24,300,91,0.10933940774487472,1628,0
Track01913,reset,39,112,333,18,315,94,0.08089887640449438,1874,0
Track01913,reset,40,113,538,25,513,88,0.07680491551459294,2524,0
Track01913,reset,41,103,51,6,45,97,0.07792207792207792,243,0
Track01913,reset,42,105,277,5,272,100,0.02617801047120419,1559,0
Track01913,reset,43,148,636,16,620,132,0.04081632653061224,3351,0
Track01913,reset,44,127,266,27,239,100,0.13740458015267176,1368,0
Track01913,reset,45,147,263,11,252,136,0.05365853658536585,665,0
Track01913,reset,46,147,306,18,288,129,0.07947019867549669,1498,0
Track01913,reset,47,164,205,12,193,152,0.06504065040650407,1221,0
Track01913,reset,48,149,293,16,277,133,0.07239819004524888,1746,0
Track01913,reset,49,152,227,24,203,128,0.1266490765171504,1376,0
Track01913,reset,50,158,265,21,244,137,0.09929078014184398,1575,0
Track01913,reset,51,158,356,22,334,136,0.08560311284046693,1612,0
Track01913,reset,52,106,511,31,480,75,0.10048622366288493,2452,0
Track01913,reset,53,112,215,11,204,101,0.0672782874617737,864,0
Track01913,reset,54,121,277,5,272,116,0.02512562814070352,1559,0
Track01913,reset,55,105,156,4,152,101,0.03065134099616858,911,0
Track01913,reset,56,108,325,1,324,107,0.004618937644341801,1587,0
Track01913,reset,57,123,385,26,359,97,0.10236220472440945,2106,0
Track01913,reset,58,121,310,14,296,107,0.06496519721577726,1403,0
Track01913,reset,59,119,206,13,193,106,0.08,1238,0
Track01913,reset,60,116,247,9,238,107,0.049586776859504134,1461,0
Track01913,reset,61,121,342,22,320,99,0.09503239740820735,2112,0
Track01913,reset,62,139,248,12,236,127,0.06201550387596899,1001,0
Track01913,reset,63,125,103,8,95,117,0.07017543859649122,279,0
Track01913,reset,64,100,59,6,53,94,0.07547169811320754,278,0
Track01913,reset,65,153,300,19,281,134,0.08388520971302428,1815,0
Track01913,reset,66,143,60,4,56,139,0.03940886699507389,213,0
Track01913,reset,67,126,279,5,274,121,0.024691358024691357,1572,0
Track01913,reset,68,159,104,1,103,158,0.0076045627376425855,341,0
Track01913,reset,69,3,69,0,69,3,0.0,358,0
Track01913,reset,70,0,0,0,0,0,nan,2,0
Track01913,reset,71,0,0,0,0,0,nan,94,0
Track01917,continuous,0,2,0,0,0,2,0.0,2,0
Track01917,continuous,1,19,0,0,0,19,0.0,2,0
Track01917,continuous,2,8,0,0,0,8,0.0,2,0
Track01917,continuous,3,65,49,2,47,63,0.03508771929824561,191,0
Track01917,continuous,4,89,46,3,43,86,0.044444444444444446,202,0
Track01917,continuous,5,93,47,4,43,89,0.05714285714285714,204,0
Track01917,continuous,6,100,47,4,43,96,0.05442176870748299,204,0
Track01917,continuous,7,94,48,4,44,90,0.056338028169014086,203,0
Track01917,continuous,8,101,47,3,44,98,0.04054054054054054,205,0
Track01917,continuous,9,102,59,5,54,97,0.062111801242236024,257,0
Track01917,continuous,10,110,54,4,50,106,0.04878048780487805,239,0
Track01917,continuous,11,106,45,5,40,101,0.06622516556291391,183,0
Track01917,continuous,12,106,49,7,42,99,0.09032258064516129,196,0
Track01917,continuous,13,97,57,6,51,91,0.07792207792207792,240,0
Track01917,continuous,14,107,47,4,43,103,0.05194805194805195,190,0
Track01917,continuous,15,114,62,7,55,107,0.07954545454545454,271,0
Track01917,continuous,16,118,61,8,53,110,0.0893854748603352,266,0
Track01917,continuous,17,115,49,5,44,110,0.06097560975609756,227,0
Track01917,continuous,18,106,50,6,44,100,0.07692307692307693,230,0
Track01917,continuous,19,93,51,1,50,92,0.013888888888888888,237,0
Track01917,continuous,20,101,51,2,49,99,0.02631578947368421,239,0
Track01917,continuous,21,101,52,1,51,100,0.013071895424836602,242,0
Track01917,continuous,22,100,54,0,54,100,0.0,251,0
Track01917,continuous,23,81,51,0,51,81,0.0,232,0
Track01917,continuous,24,27,48,0,48,27,0.0,225,0
Track01917,continuous,25,112,48,2,46,110,0.025,227,0
Track01917,continuous,26,112,47,5,42,107,0.06289308176100629,225,0
Track01917,continuous,27,106,47,4,43,102,0.05228758169934641,225,0
Track01917,continuous,28,108,47,4,43,104,0.05161290322580645,225,0
Track01917,continuous,29,107,47,5,42,102,0.06493506493506493,225,0
Track01917,continuous,30,104,47,3,44,101,0.039735099337748346,225,0
Track01917,continuous,31,102,44,2,42,100,0.0273972602739726,213,0
Track01917,continuous,32,90,44,1,43,89,0.014925373134328358,213,0
Track01917,continuous,33,109,44,2,42,107,0.026143790849673203,213,0
Track01917,continuous,34,49,44,0,44,49,0.0,213,0
Track01917,continuous,35,56,44,1,43,55,0.02,213,0
Track01917,continuous,36,92,44,3,41,89,0.04411764705882353,213,0
Track01917,continuous,37,96,44,0,44,96,0.0,213,0
Track01917,continuous,38,85,44,2,42,83,0.031007751937984496,213,0
Track01917,continuous,39,123,44,4,40,119,0.04790419161676647,213,0
Track01917,continuous,40,112,44,0,44,112,0.0,213,0
Track01917,continuous,41,112,44,1,43,111,0.01282051282051282,213,0
Track01917,continuous,42,126,44,4,40,122,0.047058823529411764,213,0
Track01917,continuous,43,121,44,3,41,118,0.03636363636363636,213,0
Track01917,continuous,44,113,44,3,41,110,0.03821656050955414,213,0
Track01917,continuous,45,111,44,3,41,108,0.03870967741935484,213,0
Track01917,continuous,46,101,44,0,44,101,0.0,213,0
Track01917,continuous,47,98,44,1,43,97,0.014084507042253521,213,0
Track01917,continuous,48,107,44,1,43,106,0.013245033112582781,213,0
Track01917,continuous,49,104,44,0,44,104,0.0,213,0
Track01917,continuous,50,66,44,0,44,66,0.0,213,0
Track01917,continuous,51,43,44,0,44,43,0.0,213,0
Track01917,continuous,52,95,44,0,44,95,0.0,213,0
Track01917,continuous,53,89,44,2,42,87,0.03007518796992481,213,0
Track01917,continuous,54,0,44,0,44,0,0.0,213,0
Track01917,continuous,55,0,44,0,44,0,0.0,213,0
Track01917,continuous,56,0,0,0,0,0,nan,152,0
Track01917,reset,0,2,0,0,0,2,0.0,2,0
Track01917,reset,1,19,0,0,0,19,0.0,2,0
Track01917,reset,2,8,61,0,61,8,0.0,313,0
Track01917,reset,3,65,514,10,504,55,0.03454231433506045,2669,0
Track01917,reset,4,89,515,14,501,75,0.046357615894039736,2663,0
Track01917,reset,5,93,209,10,199,83,0.06622516556291391,776,0
Track01917,reset,6,100,177,11,166,89,0.07942238267148015,619,0
Track01917,reset,7,94,180,12,168,82,0.08759124087591241,625,0
Track01917,reset,8,101,326,16,310,85,0.07494145199063232,1969,0
Track01917,reset,9,102,684,18,666,84,0.04580152671755725,3576,0
Track01917,reset,10,110,584,16,568,94,0.04610951008645533,3343,0
Track01917,reset,11,106,406,12,394,94,0.046875,2238,0
Track01917,reset,12,106,427,22,405,84,0.0825515947467167,2234,0
Track01917,reset,13,97,272,12,260,85,0.06504065040650407,991,0
Track01917,reset,14,107,542,16,526,91,0.04930662557781202,2868,0
Track01917,reset,15,114,583,14,569,100,0.040172166427546625,3062,0
Track01917,reset,16,118,420,15,405,103,0.055762081784386616,2276,0
Track01917,reset,17,115,621,15,606,100,0.04076086956521739,3225,0
Track01917,reset,18,106,460,17,443,89,0.06007067137809187,2337,0
Track01917,reset,19,93,279,6,273,87,0.03225806451612903,2150,0
Track01917,reset,20,101,609,2,607,99,0.005633802816901409,3676,0
Track01917,reset,21,101,637,0,637,101,0.0,3848,0
Track01917,reset,22,100,642,0,642,100,0.0,3878,0
Track01917,reset,23,81,475,8,467,73,0.02877697841726619,2529,0
Track01917,reset,24,27,49,0,49,27,0.0,205,0
Track01917,reset,25,112,479,19,460,93,0.06429780033840947,2358,0
Track01917,reset,26,112,601,16,585,96,0.04488078541374474,3112,0
Track01917,reset,27,106,671,3,668,103,0.007722007722007722,4096,1
Track01917,reset,28,108,445,11,434,97,0.039783001808318265,2325,0
Track01917,reset,29,107,659,12,647,95,0.031331592689295036,3474,0
Track01917,reset,30,104,523,10,513,94,0.03189792663476874,2841,0
Track01917,reset,31,102,463,8,455,94,0.02831858407079646,2442,0
Track01917,reset,32,90,183,7,176,83,0.05128205128205128,739,0
Track01917,reset,33,109,452,16,436,93,0.0570409982174688,2275,0
Track01917,reset,34,49,230,3,227,46,0.021505376344086023,575,0
Track01917,reset,35,56,154,6,148,50,0.05714285714285714,551,0
Track01917,reset,36,92,439,20,419,72,0.07532956685499058,1750,0
Track01917,reset,37,96,1380,4,1376,92,0.005420054200542005,2972,0
Track01917,reset,38,85,625,10,615,75,0.028169014084507043,3213,0
Track01917,reset,39,123,237,5,232,118,0.027777777777777776,1361,0
Track01917,reset,40,112,469,2,467,110,0.0068846815834767644,2722,0
Track01917,reset,41,112,548,10,538,102,0.030303030303030304,2957,0
Track01917,reset,42,126,525,10,515,116,0.030721966205837174,2763,0
Track01917,reset,43,121,577,17,560,104,0.04871060171919771,3028,0
Track01917,reset,44,113,582,12,570,101,0.034532374100719423,3040,0
Track01917,reset,45,111,647,2,645,109,0.005277044854881266,3621,0
Track01917,reset,46,101,522,8,514,93,0.025682182985553772,2764,0
Track01917,reset,47,98,586,10,576,88,0.029239766081871343,3046,0
Track01917,reset,48,107,418,11,407,96,0.0419047619047619,2214,0
Track01917,reset,49,104,211,6,205,98,0.0380952380952381,1385,0
Track01917,reset,50,66,304,6,298,60,0.032432432432432434,1430,0
Track01917,reset,51,43,184,3,181,40,0.02643171806167401,707,0
Track01917,reset,52,95,337,13,324,82,0.06018518518518518,1916,0
Track01917,reset,53,89,594,4,590,85,0.01171303074670571,3582,0
Track01917,reset,54,0,46,0,46,0,0.0,201,0
Track01917,reset,55,0,0,0,0,0,nan,2,0
Track01917,reset,56,0,0,0,0,0,nan,2,0
Track01930,continuous,0,0,0,0,0,0,nan,2,0
Track01930,continuous,1,10,0,0,0,10,0.0,2,0
Track01930,continuous,2,44,0,0,0,44,0.0,2,0
Track01930,continuous,3,19,0,0,0,19,0.0,2,0
Track01930,continuous,4,48,0,0,0,48,0.0,2,0
Track01930,continuous,5,57,0,0,0,57,0.0,2,0
Track01930,continuous,6,71,0,0,0,71,0.0,2,0
Track01930,continuous,7,68,0,0,0,68,0.0,2,0
Track01930,continuous,8,56,0,0,0,56,0.0,2,0
Track01930,continuous,9,71,0,0,0,71,0.0,2,0
Track01930,continuous,10,68,0,0,0,68,0.0,2,0
Track01930,continuous,11,64,35,0,35,64,0.0,156,0
Track01930,continuous,12,58,30,0,30,58,0.0,152,0
Track01930,continuous,13,64,32,1,31,63,0.020833333333333332,147,0
Track01930,continuous,14,57,33,1,32,56,0.022222222222222223,149,0
Track01930,continuous,15,41,37,0,37,41,0.0,157,0
Track01930,continuous,16,63,39,3,36,60,0.058823529411764705,161,0
Track01930,continuous,17,95,39,8,31,87,0.11940298507462686,161,0
Track01930,continuous,18,91,39,4,35,87,0.06153846153846154,161,0
Track01930,continuous,19,95,39,7,32,88,0.1044776119402985,161,0
Track01930,continuous,20,104,40,5,35,99,0.06944444444444445,163,0
Track01930,continuous,21,101,40,5,35,96,0.07092198581560284,163,0
Track01930,continuous,22,99,40,8,32,91,0.11510791366906475,163,0
Track01930,continuous,23,90,40,8,32,82,0.12307692307692308,163,0
Track01930,continuous,24,100,40,8,32,92,0.11428571428571428,163,0
Track01930,continuous,25,50,40,2,38,48,0.044444444444444446,163,0
Track01930,continuous,26,40,40,0,40,40,0.0,163,0
Track01930,continuous,27,45,40,0,40,45,0.0,163,0
Track01930,continuous,28,40,40,0,40,40,0.0,163,0
Track01930,continuous,29,39,40,0,40,39,0.0,163,0
Track01930,continuous,30,33,40,0,40,33,0.0,163,0
Track01930,continuous,31,63,40,1,39,62,0.019417475728155338,163,0
Track01930,continuous,32,66,40,1,39,65,0.018867924528301886,163,0
Track01930,continuous,33,63,40,2,38,61,0.038834951456310676,163,0
Track01930,continuous,34,77,40,4,36,73,0.06837606837606838,163,0
Track01930,continuous,35,40,40,2,38,38,0.05,163,0
Track01930,continuous,36,85,40,6,34,79,0.096,163,0
Track01930,continuous,37,104,40,5,35,99,0.06944444444444445,163,0
Track01930,continuous,38,95,40,7,33,88,0.1037037037037037,163,0
Track01930,continuous,39,108,40,7,33,101,0.0945945945945946,163,0
Track01930,continuous,40,89,40,6,34,83,0.09302325581395349,163,0
Track01930,continuous,41,101,40,5,35,96,0.07092198581560284,163,0
Track01930,continuous,42,109,40,6,34,103,0.08053691275167785,163,0
Track01930,continuous,43,89,40,6,34,83,0.09302325581395349,163,0
Track01930,continuous,44,86,40,9,31,77,0.14285714285714285,163,0
Track01930,continuous,45,30,40,2,38,28,0.05714285714285714,163,0
Track01930,continuous,46,47,40,0,40,47,0.0,163,0
Track01930,continuous,47,48,40,0,40,48,0.0,163,0
Track01930,continuous,48,42,40,0,40,42,0.0,163,0
Track01930,continuous,49,40,40,0,40,40,0.0,163,0
Track01930,continuous,50,42,40,0,40,42,0.0,163,0
Track01930,continuous,51,84,40,1,39,83,0.016129032258064516,163,0
Track01930,continuous,52,82,40,0,40,82,0.0,163,0
Track01930,continuous,53,95,40,1,39,94,0.014814814814814815,163,0
Track01930,continuous,54,94,40,2,38,92,0.029850746268656716,163,0
Track01930,continuous,55,101,40,1,39,100,0.014184397163120567,163,0
Track01930,continuous,56,124,40,1,39,123,0.012195121951219513,163,0
Track01930,continuous,57,89,40,1,39,88,0.015503875968992248,163,0
Track01930,continuous,58,93,40,1,39,92,0.015037593984962405,163,0
Track01930,continuous,59,79,40,0,40,79,0.0,163,0
Track01930,continuous,60,78,40,1,39,77,0.01694915254237288,163,0
Track01930,continuous,61,57,40,3,37,54,0.061855670103092786,163,0
Track01930,continuous,62,62,40,3,37,59,0.058823529411764705,163,0
Track01930,continuous,63,56,40,1,39,55,0.020833333333333332,163,0
Track01930,continuous,64,0,40,0,40,0,0.0,163,0
Track01930,continuous,65,0,40,0,40,0,0.0,163,0
Track01930,continuous,66,0,0,0,0,0,nan,159,0
Track01930,reset,0,0,0,0,0,0,nan,2,0
Track01930,reset,1,10,0,0,0,10,0.0,2,0
Track01930,reset,2,44,113,0,113,44,0.0,353,0
Track01930,reset,3,19,369,2,367,17,0.010309278350515464,2015,0
Track01930,reset,4,48,65,0,65,48,0.0,315,0
Track01930,reset,5,57,64,0,64,57,0.0,313,0
Track01930,reset,6,71,324,0,324,71,0.0,1922,0
Track01930,reset,7,68,65,0,65,68,0.0,315,0
Track01930,reset,8,56,58,0,58,56,0.0,351,0
Track01930,reset,9,71,49,0,49,71,0.0,242,0
Track01930,reset,10,68,58,0,58,68,0.0,351,0
Track01930,reset,11,64,53,0,53,64,0.0,240,0
Track01930,reset,12,58,56,0,56,58,0.0,211,0
Track01930,reset,13,64,141,0,141,64,0.0,401,0
Track01930,reset,14,57,58,0,58,57,0.0,272,0
Track01930,reset,15,41,44,0,44,41,0.0,185,0
Track01930,reset,16,63,249,4,245,59,0.02564102564102564,1532,0
Track01930,reset,17,95,130,5,125,90,0.044444444444444446,398,0
Track01930,reset,18,91,248,8,240,83,0.0471976401179941,1021,0
Track01930,reset,19,95,213,10,203,85,0.06493506493506493,796,0
Track01930,reset,20,104,122,6,116,98,0.05309734513274336,350,0
Track01930,reset,21,101,404,10,394,91,0.039603960396039604,1889,0
Track01930,reset,22,99,485,9,476,90,0.030821917808219176,2573,0
Track01930,reset,23,90,499,8,491,82,0.027164685908319185,2595,0
Track01930,reset,24,100,537,12,525,88,0.03767660910518053,2825,0
Track01930,reset,25,50,585,3,582,47,0.009448818897637795,2915,0
Track01930,reset,26,40,132,0,132,40,0.0,449,0
Track01930,reset,27,45,641,1,640,44,0.0029154518950437317,3519,0
Track01930,reset,28,40,206,0,206,40,0.0,946,0
Track01930,reset,29,39,287,0,287,39,0.0,1627,0
Track01930,reset,30,33,154,0,154,33,0.0,503,0
Track01930,reset,31,63,277,3,274,60,0.01764705882352941,1768,0
Track01930,reset,32,66,485,2,483,64,0.007259528130671506,2573,0
Track01930,reset,33,63,464,3,461,60,0.011385199240986717,2420,0
Track01930,reset,34,77,445,3,442,74,0.011494252873563218,2325,0
Track01930,reset,35,40,301,0,301,40,0.0,1232,0
Track01930,reset,36,85,437,22,415,63,0.0842911877394636,1980,0
Track01930,reset,37,104,530,8,522,96,0.025236593059936908,3381,0
Track01930,reset,38,95,412,19,393,76,0.07495069033530571,1985,0
Track01930,reset,39,108,226,28,198,80,0.16766467065868262,809,0
Track01930,reset,40,89,574,18,556,71,0.05429864253393665,2831,0
Track01930,reset,41,101,118,17,101,84,0.1552511415525114,339,0
Track01930,reset,42,109,442,9,433,100,0.032667876588021776,2578,0
Track01930,reset,43,89,609,1,608,88,0.0028653295128939827,3256,0
Track01930,reset,44,86,595,11,584,75,0.032305433186490456,3602,0
Track01930,reset,45,30,0,0,0,30,0.0,2,0
Track01930,reset,46,47,525,0,525,47,0.0,2983,0
Track01930,reset,47,48,159,0,159,48,0.0,501,0
Track01930,reset,48,42,526,0,526,42,0.0,2428,0
Track01930,reset,49,40,340,0,340,40,0.0,1389,0
Track01930,reset,50,42,117,0,117,42,0.0,338,0
Track01930,reset,51,84,637,0,637,84,0.0,3848,0
Track01930,reset,52,82,634,0,634,82,0.0,3827,0
Track01930,reset,53,95,463,1,462,94,0.0035842293906810036,2442,0
Track01930,reset,54,94,579,0,579,94,0.0,3487,0
Track01930,reset,55,101,659,5,654,96,0.013157894736842105,3468,0
Track01930,reset,56,124,676,2,674,122,0.005,3492,0
Track01930,reset,57,89,463,4,459,85,0.014492753623188406,2442,0
Track01930,reset,58,93,592,0,592,93,0.0,3210,0
Track01930,reset,59,79,579,0,579,79,0.0,3487,0
Track01930,reset,60,78,327,1,326,77,0.0049382716049382715,1828,0
Track01930,reset,61,57,361,0,361,57,0.0,2182,0
Track01930,reset,62,62,570,1,569,61,0.0031645569620253164,2988,0
Track01930,reset,63,56,445,0,445,56,0.0,2423,0
Track01930,reset,64,0,86,0,86,0,0.0,440,0
Track01930,reset,65,0,0,0,0,0,nan,2,0
Track01930,reset,66,0,0,0,0,0,nan,2,0
Track01932,continuous,0,4,0,0,0,4,0.0,2,0
Track01932,continuous,1,71,51,0,51,71,0.0,241,0
Track01932,continuous,2,99,43,0,43,99,0.0,215,0
Track01932,continuous,3,101,48,0,48,101,0.0,237,0
Track01932,continuous,4,68,47,0,47,68,0.0,229,0
Track01932,continuous,5,73,47,0,47,73,0.0,229,0
Track01932,continuous,6,96,47,1,46,95,0.013986013986013986,229,0
Track01932,continuous,7,84,50,0,50,84,0.0,247,0
Track01932,continuous,8,87,50,0,50,87,0.0,247,0
Track01932,continuous,9,106,50,1,49,105,0.01282051282051282,247,0
Track01932,continuous,10,136,50,1,49,135,0.010752688172043012,247,0
Track01932,continuous,11,108,50,0,50,108,0.0,247,0
Track01932,continuous,12,131,54,2,52,129,0.021621621621621623,260,0
Track01932,continuous,13,133,52,1,51,132,0.010810810810810811,250,0
Track01932,continuous,14,118,48,1,47,117,0.012048192771084338,237,0
Track01932,continuous,15,77,50,0,50,77,0.0,247,0
Track01932,continuous,16,78,50,0,50,78,0.0,247,0
Track01932,continuous,17,124,50,1,49,123,0.011494252873563218,247,0
Track01932,continuous,18,91,50,0,50,91,0.0,247,0
Track01932,continuous,19,91,50,0,50,91,0.0,247,0
Track01932,continuous,20,105,50,0,50,105,0.0,247,0
Track01932,continuous,21,98,50,1,49,97,0.013513513513513514,247,0
Track01932,continuous,22,123,50,1,49,122,0.011560693641618497,247,0
Track01932,continuous,23,111,54,1,53,110,0.012121212121212121,260,0
Track01932,continuous,24,135,52,1,51,134,0.0106951871657754,250,0
Track01932,continuous,25,130,52,0,52,130,0.0,250,0
Track01932,continuous,26,132,48,2,46,130,0.022222222222222223,237,0
Track01932,continuous,27,97,50,2,48,95,0.027210884353741496,247,0
Track01932,continuous,28,79,50,0,50,79,0.0,247,0
Track01932,continuous,29,88,50,0,50,88,0.0,247,0
Track01932,continuous,30,120,50,1,49,119,0.011764705882352941,247,0
Track01932,continuous,31,75,50,0,50,75,0.0,247,0
Track01932,continuous,32,114,50,1,49,113,0.012195121951219513,247,0
Track01932,continuous,33,80,50,0,50,80,0.0,247,0
Track01932,continuous,34,80,50,0,50,80,0.0,247,0
Track01932,continuous,35,105,50,0,50,105,0.0,247,0
Track01932,continuous,36,118,50,1,49,117,0.011904761904761904,247,0
Track01932,continuous,37,91,50,0,50,91,0.0,247,0
Track01932,continuous,38,130,54,1,53,129,0.010869565217391304,260,0
Track01932,continuous,39,121,52,2,50,119,0.023121387283236993,250,0
Track01932,continuous,40,169,52,1,51,168,0.00904977375565611,250,0
Track01932,continuous,41,113,48,0,48,113,0.0,237,0
Track01932,continuous,42,125,50,2,48,123,0.022857142857142857,247,0
Track01932,continuous,43,131,50,1,49,130,0.011049723756906077,247,0
Track01932,continuous,44,106,50,1,49,105,0.01282051282051282,247,0
Track01932,continuous,45,156,50,1,49,155,0.009708737864077669,247,0
Track01932,continuous,46,148,54,2,52,146,0.019801980198019802,260,0
Track01932,continuous,47,93,52,1,51,92,0.013793103448275862,250,0
Track01932,continuous,48,33,50,2,48,31,0.04819277108433735,243,0
Track01932,continuous,49,0,50,0,50,0,0.0,245,0
Track01932,reset,0,4,0,0,0,4,0.0,2,0
Track01932,reset,1,71,50,0,50,71,0.0,222,0
Track01932,reset,2,99,385,0,385,99,0.0,2551,0
Track01932,reset,3,101,570,0,570,101,0.0,2839,0
Track01932,reset,4,68,579,0,579,68,0.0,3487,0
Track01932,reset,5,73,310,2,308,71,0.010443864229765013,2067,0
Track01932,reset,6,96,659,0,659,96,0.0,3468,0
Track01932,reset,7,84,283,0,283,84,0.0,2163,0
Track01932,reset,8,87,378,1,377,86,0.004301075268817204,2534,0
Track01932,reset,9,106,695,6,689,100,0.0149812734082397,4096,1
Track01932,reset,10,136,315,0,315,136,0.0,2155,0
Track01932,reset,11,108,533,0,533,108,0.0,2834,0
Track01932,reset,12,131,775,15,760,116,0.033112582781456956,4096,1
Track01932,reset,13,133,577,0,577,133,0.0,3028,0
Track01932,reset,14,118,207,0,207,118,0.0,1327,0
Track01932,reset,15,77,589,0,589,77,0.0,3544,0
Track01932,reset,16,78,667,0,667,78,0.0,4096,1
Track01932,reset,17,124,695,0,695,124,0.0,3583,0
Track01932,reset,18,91,206,1,205,90,0.006734006734006734,1301,0
Track01932,reset,19,91,220,1,219,90,0.006430868167202572,1476,0
Track01932,reset,20,105,472,0,472,105,0.0,2439,0
Track01932,reset,21,98,205,0,205,98,0.0,1298,0
Track01932,reset,22,123,207,2,205,121,0.012121212121212121,1327,0
Track01932,reset,23,111,376,0,376,111,0.0,2412,0
Track01932,reset,24,135,801,8,793,127,0.017094017094017096,3927,1
Track01932,reset,25,130,596,0,596,130,0.0,3119,0
Track01932,reset,26,132,714,11,703,121,0.026004728132387706,4096,1
Track01932,reset,27,97,336,0,336,97,0.0,1867,0
Track01932,reset,28,79,257,1,256,78,0.005952380952380952,1686,0
Track01932,reset,29,88,579,0,579,88,0.0,3487,0
Track01932,reset,30,120,629,0,629,120,0.0,3798,0
Track01932,reset,31,75,211,1,210,74,0.006993006993006993,1385,0
Track01932,reset,32,114,543,0,543,114,0.0,2708,0
Track01932,reset,33,80,203,0,203,80,0.0,1355,0
Track01932,reset,34,80,463,0,463,80,0.0,2442,0
Track01932,reset,35,105,564,0,564,105,0.0,3613,0
Track01932,reset,36,118,207,2,205,116,0.012307692307692308,1327,0
Track01932,reset,37,91,518,0,518,91,0.0,2751,0
Track01932,reset,38,130,501,0,501,130,0.0,2610,0
Track01932,reset,39,121,699,7,692,114,0.01707317073170732,4096,1
Track01932,reset,40,169,312,2,310,167,0.008316008316008316,2198,0
Track01932,reset,41,113,207,4,203,109,0.025,1327,0
Track01932,reset,42,125,693,8,685,117,0.019559902200488997,4006,1
Track01932,reset,43,131,363,0,363,131,0.0,1929,0
Track01932,reset,44,106,312,0,312,106,0.0,2198,0
Track01932,reset,45,156,502,0,502,156,0.0,2682,0
Track01932,reset,46,148,457,0,457,148,0.0,2352,0
Track01932,reset,47,93,533,0,533,93,0.0,2834,0
Track01932,reset,48,33,466,3,463,30,0.012024048096192385,2177,0
Track01932,reset,49,0,0,0,0,0,nan,3,0
Track01945,continuous,0,61,356,0,356,61,0.0,1715,0
Track01945,continuous,1,88,467,0,467,88,0.0,2359,0
Track01945,continuous,2,89,396,1,395,88,0.004123711340206186,2394,0
Track01945,continuous,3,113,301,1,300,112,0.004830917874396135,1778,0
Track01945,continuous,4,104,291,1,290,103,0.005063291139240506,1718,0
Track01945,continuous,5,104,322,0,322,104,0.0,1917,0
Track01945,continuous,6,103,340,2,338,101,0.009029345372460496,2034,0
Track01945,continuous,7,89,239,1,238,88,0.006097560975609756,1319,0
Track01945,continuous,8,89,273,0,273,89,0.0,1605,0
Track01945,continuous,9,105,257,0,257,105,0.0,1528,0
Track01945,continuous,10,94,288,0,288,94,0.0,1694,0
Track01945,continuous,11,89,514,4,510,85,0.013266998341625208,2926,0
Track01945,continuous,12,97,425,1,424,96,0.0038314176245210726,2314,0
Track01945,continuous,13,107,257,13,244,94,0.07142857142857142,1393,0
Track01945,continuous,14,110,379,7,372,103,0.028629856850715747,2071,0
Track01945,continuous,15,109,337,8,329,101,0.03587443946188341,1832,0
Track01945,continuous,16,100,303,9,294,91,0.04466501240694789,1640,0
Track01945,continuous,17,96,310,3,307,93,0.014778325123152709,1685,0
Track01945,continuous,18,94,354,3,351,91,0.013392857142857142,1921,0
Track01945,continuous,19,90,291,10,281,80,0.05249343832020997,1585,0
Track01945,continuous,20,95,261,0,261,95,0.0,1398,0
Track01945,continuous,21,102,310,6,304,96,0.02912621359223301,1685,0
Track01945,continuous,22,92,301,8,293,84,0.04071246819338423,1630,0
Track01945,continuous,23,93,328,7,321,86,0.0332541567695962,1783,0
Track01945,continuous,24,110,319,8,311,102,0.037296037296037296,1734,0
Track01945,continuous,25,109,310,3,307,106,0.014319809069212411,1680,0
Track01945,continuous,26,110,280,6,274,104,0.03076923076923077,1501,0
Track01945,continuous,27,103,257,9,248,94,0.05,1393,0
Track01945,continuous,28,89,389,6,383,83,0.02510460251046025,2122,0
Track01945,continuous,29,84,327,3,324,81,0.014598540145985401,1778,0
Track01945,continuous,30,95,301,4,297,91,0.020202020202020204,1637,0
Track01945,continuous,31,111,300,9,291,102,0.043795620437956206,1634,0
Track01945,continuous,32,102,384,8,376,94,0.03292181069958848,2081,0
Track01945,continuous,33,113,362,9,353,104,0.037894736842105266,1970,0
Track01945,continuous,34,106,276,10,266,96,0.05235602094240838,1493,0
Track01945,continuous,35,102,294,4,290,98,0.020202020202020204,1591,0
Track01945,continuous,36,106,390,10,380,96,0.04032258064516129,2116,0
Track01945,continuous,37,100,396,10,386,90,0.04032258064516129,2161,0
Track01945,continuous,38,99,318,6,312,93,0.02877697841726619,1733,0
Track01945,continuous,39,0,219,0,219,0,0.0,1194,0
Track01945,continuous,40,0,0,0,0,0,nan,43,0
Track01945,reset,0,61,356,4,352,57,0.019184652278177457,1715,0
Track01945,reset,1,88,326,1,325,87,0.004830917874396135,1846,0
Track01945,reset,2,89,212,0,212,89,0.0,1409,0
Track01945,reset,3,113,436,2,434,111,0.007285974499089253,2572,0
Track01945,reset,4,104,490,3,487,101,0.010101010101010102,2946,0
Track01945,reset,5,104,586,13,573,91,0.03768115942028986,3063,0
Track01945,reset,6,103,234,7,227,96,0.04154302670623145,1435,0
Track01945,reset,7,89,494,2,492,87,0.00686106346483705,2674,0
Track01945,reset,8,89,329,2,327,87,0.009569377990430622,1789,0
Track01945,reset,9,105,452,2,450,103,0.00718132854578097,2644,0
Track01945,reset,10,94,669,0,669,94,0.0,3092,0
Track01945,reset,11,89,464,1,463,88,0.003616636528028933,2715,0
Track01945,reset,12,97,536,2,534,95,0.00631911532385466,2424,0
Track01945,reset,13,107,664,9,655,98,0.023346303501945526,4096,1
Track01945,reset,14,110,454,11,443,99,0.03900709219858156,2658,0
Track01945,reset,15,109,557,4,553,105,0.012012012012012012,4096,1
Track01945,reset,16,100,305,4,301,96,0.019753086419753086,1743,0
Track01945,reset,17,96,445,8,437,88,0.029574861367837338,2600,0
Track01945,reset,18,94,494,1,493,93,0.003401360544217687,2674,0
Track01945,reset,19,90,433,0,433,90,0.0,2550,0
Track01945,reset,20,95,494,3,491,92,0.010186757215619695,2674,0
Track01945,reset,21,102,431,3,428,99,0.01125703564727955,2336,0
Track01945,reset,22,92,420,1,419,91,0.00390625,1990,0
Track01945,reset,23,93,374,0,374,93,0.0,1906,0
Track01945,reset,24,110,507,0,507,110,0.0,2819,0
Track01945,reset,25,109,520,16,504,93,0.05087440381558029,2714,0
Track01945,reset,26,110,418,13,405,97,0.04924242424242424,2433,0
Track01945,reset,27,103,501,16,485,87,0.052980132450331126,2716,0
Track01945,reset,28,89,543,6,537,83,0.0189873417721519,2882,0
Track01945,reset,29,84,403,3,400,81,0.012320328542094456,2036,0
Track01945,reset,30,95,207,1,206,94,0.006622516556291391,1327,0
Track01945,reset,31,111,448,4,444,107,0.014311270125223614,2613,0
Track01945,reset,32,102,697,2,695,100,0.0050062578222778474,4096,1
Track01945,reset,33,113,664,2,662,111,0.005148005148005148,4096,1
Track01945,reset,34,106,514,5,509,101,0.016129032258064516,2704,0
Track01945,reset,35,102,712,1,711,101,0.002457002457002457,4096,1
Track01945,reset,36,106,686,0,686,106,0.0,4096,1
Track01945,reset,37,100,520,9,511,91,0.02903225806451613,2714,0
Track01945,reset,38,99,318,4,314,95,0.019184652278177457,1968,0
Track01945,reset,39,0,0,0,0,0,nan,2,0
Track01945,reset,40,0,0,0,0,0,nan,2,0
Track01948,continuous,0,5,0,0,0,5,0.0,2,0
Track01948,continuous,1,30,0,0,0,30,0.0,2,0
Track01948,continuous,2,32,0,0,0,32,0.0,2,0
Track01948,continuous,3,50,0,0,0,50,0.0,2,0
Track01948,continuous,4,37,0,0,0,37,0.0,2,0
Track01948,continuous,5,38,0,0,0,38,0.0,2,0
Track01948,continuous,6,41,0,0,0,41,0.0,2,0
Track01948,continuous,7,42,0,0,0,42,0.0,2,0
Track01948,continuous,8,84,35,0,35,84,0.0,156,0
Track01948,continuous,9,80,35,0,35,80,0.0,153,0
Track01948,continuous,10,73,42,1,41,72,0.017391304347826087,167,0
Track01948,continuous,11,78,49,1,48,77,0.015748031496062992,181,0
Track01948,continuous,12,82,51,1,50,81,0.015037593984962405,189,0
Track01948,continuous,13,87,49,0,49,87,0.0,181,0
Track01948,continuous,14,80,52,0,52,80,0.0,191,0
Track01948,continuous,15,85,2649,2,2647,83,0.001463057790782736,4096,1
Track01948,continuous,16,85,238,3,235,82,0.018575851393188854,598,0
Track01948,continuous,17,73,85,2,83,71,0.02531645569620253,271,0
Track01948,continuous,18,98,79,3,76,95,0.03389830508474576,248,0
Track01948,continuous,19,110,83,2,81,108,0.02072538860103627,260,0
Track01948,continuous,20,99,83,0,83,99,0.0,260,0
Track01948,continuous,21,112,83,1,82,111,0.010256410256410256,260,0
Track01948,continuous,22,113,83,3,80,110,0.030612244897959183,260,0
Track01948,continuous,23,104,83,2,81,102,0.0213903743315508,260,0
Track01948,continuous,24,84,78,0,78,84,0.0,246,0
Track01948,continuous,25,89,80,3,77,86,0.03550295857988166,243,0
Track01948,continuous,26,36,69,0,69,36,0.0,221,0
Track01948,continuous,27,35,66,2,64,33,0.039603960396039604,217,0
Track01948,continuous,28,105,72,3,69,102,0.03389830508474576,233,0
Track01948,continuous,29,95,72,9,63,86,0.10778443113772455,233,0
Track01948,continuous,30,102,72,8,64,94,0.09195402298850575,233,0
Track01948,continuous,31,88,73,6,67,82,0.07453416149068323,236,0
Track01948,continuous,32,97,73,7,66,90,0.08235294117647059,236,0
Track01948,continuous,33,104,71,4,67,100,0.045714285714285714,237,0
Track01948,continuous,34,92,70,7,63,85,0.08641975308641975,225,0
Track01948,continuous,35,94,70,7,63,87,0.08536585365853659,229,0
Track01948,continuous,36,105,70,8,62,97,0.09142857142857143,229,0
Track01948,continuous,37,88,70,6,64,82,0.0759493670886076,229,0
Track01948,continuous,38,113,70,3,67,110,0.03278688524590164,229,0
Track01948,continuous,39,100,70,1,69,99,0.011764705882352941,232,0
Track01948,continuous,40,111,70,0,70,111,0.0,232,0
Track01948,continuous,41,115,70,1,69,114,0.010810810810810811,232,0
Track01948,continuous,42,123,70,4,66,119,0.04145077720207254,232,0
Track01948,continuous,43,92,70,1,69,91,0.012345679012345678,232,0
Track01948,continuous,44,97,70,1,69,96,0.011976047904191617,232,0
Track01948,continuous,45,78,70,1,69,77,0.013513513513513514,232,0
Track01948,continuous,46,60,70,0,70,60,0.0,232,0
Track01948,continuous,47,78,70,1,69,77,0.013513513513513514,232,0
Track01948,continuous,48,27,68,1,67,26,0.021052631578947368,228,0
Track01948,continuous,49,0,59,0,59,0,0.0,203,0
Track01948,continuous,50,0,65,0,65,0,0.0,216,0
Track01948,continuous,51,0,0,0,0,0,nan,34,0
Track01948,reset,0,5,0,0,0,5,0.0,2,0
Track01948,reset,1,30,0,0,0,30,0.0,2,0
Track01948,reset,2,32,58,0,58,32,0.0,351,0
Track01948,reset,3,50,65,0,65,50,0.0,315,0
Track01948,reset,4,37,64,0,64,37,0.0,313,0
Track01948,reset,5,38,58,0,58,38,0.0,351,0
Track01948,reset,6,41,61,0,61,41,0.0,313,0
Track01948,reset,7,42,64,0,64,42,0.0,313,0
Track01948,reset,8,84,105,0,105,84,0.0,621,0
Track01948,reset,9,80,273,0,273,80,0.0,669,0
Track01948,reset,10,73,377,9,368,64,0.04,2088,0
Track01948,reset,11,78,156,5,151,73,0.042735042735042736,911,0
Track01948,reset,12,82,144,1,143,81,0.008849557522123894,469,0
Track01948,reset,13,87,204,1,203,86,0.006872852233676976,766,0
Track01948,reset,14,80,637,2,635,78,0.005578800557880056,3848,0
Track01948,reset,15,85,338,11,327,74,0.05200945626477541,2030,0
Track01948,reset,16,85,128,0,128,85,0.0,418,0
Track01948,reset,17,73,209,5,204,68,0.03546099290780142,776,0
Track01948,reset,18,98,609,7,602,91,0.019801980198019802,3679,0
Track01948,reset,19,110,556,8,548,102,0.024024024024024024,4096,1
Track01948,reset,20,99,315,3,312,96,0.014492753623188406,2155,0
Track01948,reset,21,112,475,8,467,104,0.027257240204429302,2519,0
Track01948,reset,22,113,454,10,444,103,0.03527336860670194,2490,0
Track01948,reset,23,104,432,16,416,88,0.05970149253731343,2264,0
Track01948,reset,24,84,438,2,436,82,0.007662835249042145,2242,0
Track01948,reset,25,89,646,9,637,80,0.024489795918367346,3431,0
Track01948,reset,26,36,51,0,51,36,0.0,218,0
Track01948,reset,27,35,29,0,29,35,0.0,109,0
Track01948,reset,28,105,122,4,118,101,0.03524229074889868,480,0
Track01948,reset,29,95,642,8,634,87,0.021709633649932156,3878,0
Track01948,reset,30,102,520,7,513,95,0.022508038585209004,3006,0
Track01948,reset,31,88,202,9,193,79,0.06206896551724138,691,0
Track01948,reset,32,97,687,9,678,88,0.02295918367346939,3536,0
Track01948,reset,33,104,426,3,423,101,0.011320754716981131,2531,0
Track01948,reset,34,92,459,10,449,82,0.036297640653357534,2398,0
Track01948,reset,35,94,456,14,442,80,0.05090909090909091,2711,0
Track01948,reset,36,105,491,1,490,104,0.003355704697986577,2645,0
Track01948,reset,37,88,396,13,383,75,0.05371900826446281,2302,0
Track01948,reset,38,113,329,7,322,106,0.03167420814479638,1789,0
Track01948,reset,39,100,207,2,205,98,0.013029315960912053,1327,0
Track01948,reset,40,111,414,13,401,98,0.049523809523809526,2229,0
Track01948,reset,41,115,502,15,487,100,0.04862236628849271,2658,0
Track01948,reset,42,123,570,13,557,110,0.03751803751803752,2987,0
Track01948,reset,43,92,329,12,317,80,0.057007125890736345,1789,0
Track01948,reset,44,97,617,4,613,93,0.011204481792717087,3673,0
Track01948,reset,45,78,751,10,741,68,0.024125452352231604,3908,1
Track01948,reset,46,60,109,0,109,60,0.0,430,0
Track01948,reset,47,78,213,0,213,78,0.0,796,0
Track01948,reset,48,27,304,0,304,27,0.0,735,0
Track01948,reset,49,0,0,0,0,0,nan,2,0
Track01948,reset,50,0,0,0,0,0,nan,2,0
Track01948,reset,51,0,0,0,0,0,nan,6,0
Track01950,continuous,0,7,0,0,0,7,0.0,2,0
Track01950,continuous,1,18,0,0,0,18,0.0,2,0
Track01950,continuous,2,32,41,1,40,31,0.0273972602739726,168,0
Track01950,continuous,3,58,41,0,41,58,0.0,171,0
Track01950,continuous,4,66,43,3,40,63,0.05504587155963303,169,0
Track01950,continuous,5,65,44,1,43,64,0.01834862385321101,171,0
Track01950,continuous,6,92,44,0,44,92,0.0,171,0
Track01950,continuous,7,94,45,3,42,91,0.04316546762589928,173,0
Track01950,continuous,8,89,53,3,50,86,0.04225352112676056,189,0
Track01950,continuous,9,98,64,3,61,95,0.037037037037037035,217,0
Track01950,continuous,10,102,65,5,60,97,0.059880239520958084,215,0
Track01950,continuous,11,108,80,1,79,107,0.010638297872340425,251,0
Track01950,continuous,12,138,85,7,78,131,0.06278026905829596,257,0
Track01950,continuous,13,125,85,5,80,120,0.047619047619047616,261,0
Track01950,continuous,14,88,88,2,86,86,0.022727272727272728,270,0
Track01950,continuous,15,68,87,5,82,63,0.06451612903225806,264,0
Track01950,continuous,16,75,83,6,77,69,0.0759493670886076,253,0
Track01950,continuous,17,85,82,5,77,80,0.059880239520958084,251,0
Track01950,continuous,18,100,89,3,86,97,0.031746031746031744,279,0
Track01950,continuous,19,107,95,6,89,101,0.0594059405940594,299,0
Track01950,continuous,20,106,118,6,112,100,0.05357142857142857,385,0
Track01950,continuous,21,104,171,8,163,96,0.05818181818181818,713,0
Track01950,continuous,22,108,203,2,201,106,0.012861736334405145,845,0
Track01950,continuous,23,127,187,0,187,127,0.0,760,0
Track01950,continuous,24,148,197,1,196,147,0.005797101449275362,829,0
Track01950,continuous,25,132,208,0,208,132,0.0,861,0
Track01950,continuous,26,93,201,0,201,93,0.0,905,0
Track01950,continuous,27,62,258,0,258,62,0.0,1284,0
Track01950,continuous,28,92,153,0,153,92,0.0,770,0
Track01950,continuous,29,72,85,0,85,72,0.0,326,0
Track01950,continuous,30,107,83,1,82,106,0.010526315789473684,313,0
Track01950,continuous,31,27,82,0,82,27,0.0,311,0
Track01950,continuous,32,36,82,0,82,36,0.0,311,0
Track01950,continuous,33,60,82,0,82,60,0.0,311,0
Track01950,continuous,34,139,82,0,82,139,0.0,311,0
Track01950,continuous,35,138,88,0,88,138,0.0,354,0
Track01950,continuous,36,146,82,0,82,146,0.0,311,0
Track01950,continuous,37,165,88,0,88,165,0.0,354,0
Track01950,continuous,38,135,82,0,82,135,0.0,311,0
Track01950,continuous,39,151,88,1,87,150,0.008368200836820083,354,0
Track01950,continuous,40,142,82,0,82,142,0.0,311,0
Track01950,continuous,41,140,88,0,88,140,0.0,354,0
Track01950,continuous,42,139,82,0,82,139,0.0,311,0
Track01950,continuous,43,121,88,0,88,121,0.0,354,0
Track01950,continuous,44,67,82,0,82,67,0.0,311,0
Track01950,continuous,45,0,82,0,82,0,0.0,311,0
Track01950,continuous,46,0,82,0,82,0,0.0,311,0
Track01950,continuous,47,0,0,0,0,0,nan,23,0
Track01950,reset,0,7,0,0,0,7,0.0,2,0
Track01950,reset,1,18,65,2,63,16,0.04819277108433735,315,0
Track01950,reset,2,32,407,1,406,31,0.004555808656036446,1607,0
Track01950,reset,3,58,156,1,155,57,0.009345794392523364,495,0
Track01950,reset,4,66,387,0,387,66,0.0,2251,0
Track01950,reset,5,65,209,1,208,64,0.0072992700729927005,776,0
Track01950,reset,6,92,199,4,195,88,0.027491408934707903,818,0
Track01950,reset,7,94,567,6,561,88,0.018154311649016642,3021,0
Track01950,reset,8,89,575,4,571,85,0.012048192771084338,2969,0
Track01950,reset,9,98,590,3,587,95,0.00872093023255814,3026,0
Track01950,reset,10,102,332,6,326,96,0.027649769585253458,1788,0
Track01950,reset,11,108,342,3,339,105,0.013333333333333334,1856,0
Track01950,reset,12,138,572,7,565,131,0.01971830985915493,3095,0
Track01950,reset,13,125,549,2,547,123,0.005934718100890208,2729,0
Track01950,reset,14,88,575,3,572,85,0.00904977375565611,2969,0
Track01950,reset,15,68,102,3,99,65,0.03529411764705882,283,0
Track01950,reset,16,75,213,9,204,66,0.0625,796,0
Track01950,reset,17,85,102,6,96,79,0.06417112299465241,283,0
Track01950,reset,18,100,642,4,638,96,0.01078167115902965,3878,0
Track01950,reset,19,107,506,11,495,96,0.03588907014681892,2691,0
Track01950,reset,20,106,659,12,647,94,0.03137254901960784,3474,0
Track01950,reset,21,104,332,8,324,96,0.03669724770642202,1788,0
Track01950,reset,22,108,531,9,522,99,0.028169014084507043,2685,0
Track01950,reset,23,127,671,2,669,125,0.005012531328320802,4096,1
Track01950,reset,24,148,572,5,567,143,0.013888888888888888,3030,0
Track01950,reset,25,132,692,3,689,129,0.007281553398058253,3542,0
Track01950,reset,26,93,437,3,434,90,0.011320754716981131,2200,0
Track01950,reset,27,62,209,1,208,61,0.007380073800738007,776,0
Track01950,reset,28,92,436,6,430,86,0.022727272727272728,2194,0
Track01950,reset,29,72,491,1,490,71,0.003552397868561279,2712,0
Track01950,reset,30,107,431,10,421,97,0.03717472118959108,2493,0
Track01950,reset,31,27,291,1,290,26,0.006289308176100629,1597,0
Track01950,reset,32,36,65,0,65,36,0.0,315,0
Track01950,reset,33,60,180,0,180,60,0.0,737,0
Track01950,reset,34,139,468,3,465,136,0.009884678747940691,2419,0
Track01950,reset,35,138,524,5,519,133,0.015105740181268883,2870,0
Track01950,reset,36,146,572,4,568,142,0.011142061281337047,3148,0
Track01950,reset,37,165,521,4,517,161,0.011661807580174927,2716,0
Track01950,reset,38,135,640,3,637,132,0.007741935483870968,3564,0
Track01950,reset,39,151,588,3,585,148,0.008119079837618403,3100,0
Track01950,reset,40,142,531,5,526,137,0.014858841010401188,2685,0
Track01950,reset,41,140,520,3,517,137,0.00909090909090909,2687,0
Track01950,reset,42,139,532,5,527,134,0.014903129657228018,2688,0
Track01950,reset,43,121,332,4,328,117,0.017660044150110375,1788,0
Track01950,reset,44,67,533,3,530,64,0.01,2834,0
Track01950,reset,45,0,319,0,319,0,0.0,1447,0
Track01950,reset,46,0,0,0,0,0,nan,2,0
Track01950,reset,47,0,0,0,0,0,nan,2,0
Track01952,continuous,0,48,50,0,50,48,0.0,222,0
Track01952,continuous,1,141,50,0,50,141,0.0,247,0
Track01952,continuous,2,155,50,0,50,155,0.0,247,0
Track01952,continuous,3,146,50,0,50,146,0.0,247,0
Track01952,continuous,4,120,51,0,51,120,0.0,249,0
Track01952,continuous,5,172,51,2,49,170,0.017937219730941704,249,0
Track01952,continuous,6,126,51,0,51,126,0.0,249,0
Track01952,continuous,7,141,51,1,50,140,0.010416666666666666,249,0
Track01952,continuous,8,190,51,1,50,189,0.008298755186721992,249,0
Track01952,continuous,9,149,51,0,51,149,0.0,249,0
Track01952,continuous,10,156,51,0,51,156,0.0,249,0
Track01952,continuous,11,159,51,0,51,159,0.0,249,0
Track01952,continuous,12,152,51,0,51,152,0.0,249,0
Track01952,continuous,13,131,51,0,51,131,0.0,249,0
Track01952,continuous,14,157,51,0,51,157,0.0,249,0
Track01952,continuous,15,184,51,1,50,183,0.00851063829787234,249,0
Track01952,continuous,16,204,52,1,51,203,0.0078125,251,0
Track01952,continuous,17,172,51,0,51,172,0.0,249,0
Track01952,continuous,18,198,51,2,49,196,0.01606425702811245,249,0
Track01952,continuous,19,167,51,0,51,167,0.0,249,0
Track01952,continuous,20,152,51,0,51,152,0.0,249,0
Track01952,continuous,21,148,51,1,50,147,0.010050251256281407,249,0
Track01952,continuous,22,106,51,0,51,106,0.0,249,0
Track01952,continuous,23,115,51,1,50,114,0.012048192771084338,249,0
Track01952,continuous,24,114,51,2,49,112,0.024242424242424242,249,0
Track01952,continuous,25,122,51,0,51,122,0.0,249,0
Track01952,continuous,26,168,51,0,51,168,0.0,249,0
Track01952,continuous,27,166,52,0,52,166,0.0,251,0
Track01952,continuous,28,95,51,0,51,95,0.0,249,0
Track01952,continuous,29,185,52,2,50,183,0.016877637130801686,251,0
Track01952,continuous,30,200,52,0,52,200,0.0,251,0
Track01952,continuous,31,157,52,1,51,156,0.009569377990430622,251,0
Track01952,continuous,32,191,52,2,50,189,0.01646090534979424,251,0
Track01952,continuous,33,172,51,0,51,172,0.0,249,0
Track01952,continuous,34,174,51,2,49,172,0.017777777777777778,249,0
Track01952,continuous,35,180,51,0,51,180,0.0,249,0
Track01952,continuous,36,192,51,0,51,192,0.0,249,0
Track01952,continuous,37,202,52,2,50,200,0.015748031496062992,251,0
Track01952,continuous,38,102,51,0,51,102,0.0,249,0
Track01952,continuous,39,86,51,0,51,86,0.0,249,0
Track01952,continuous,40,23,50,0,50,23,0.0,247,0
Track01952,continuous,41,0,0,0,0,0,nan,241,0
Track01952,reset,0,48,50,0,50,48,0.0,222,0
Track01952,reset,1,141,504,17,487,124,0.05271317829457364,2530,0
Track01952,reset,2,155,501,20,481,135,0.06097560975609756,2596,0
Track01952,reset,3,146,734,27,707,119,0.06136363636363636,3812,0
Track01952,reset,4,120,568,12,556,108,0.03488372093023256,3415,0
Track01952,reset,5,172,609,25,584,147,0.06402048655569782,3676,0
Track01952,reset,6,126,659,24,635,102,0.061146496815286625,3468,0
Track01952,reset,7,141,609,26,583,115,0.06933333333333333,3679,0
Track01952,reset,8,190,541,29,512,161,0.07934336525307797,3014,0
Track01952,reset,9,149,589,18,571,131,0.04878048780487805,3552,0
Track01952,reset,10,156,798,31,767,125,0.0649895178197065,4096,1
Track01952,reset,11,159,579,32,547,127,0.08672086720867209,3487,0
Track01952,reset,12,152,686,33,653,119,0.07875894988066826,4096,1
Track01952,reset,13,131,659,17,642,114,0.043037974683544304,3474,0
Track01952,reset,14,157,739,31,708,126,0.06919642857142858,3763,0
Track01952,reset,15,184,437,20,417,164,0.0644122383252818,2191,0
Track01952,reset,16,204,611,32,579,172,0.0785276073619632,3688,0
Track01952,reset,17,172,563,23,540,149,0.06258503401360545,2914,0
Track01952,reset,18,198,659,35,624,163,0.08168028004667445,3474,0
Track01952,reset,19,167,671,33,638,134,0.07875894988066826,4096,1
Track01952,reset,20,152,540,6,534,146,0.017341040462427744,2998,0
Track01952,reset,21,148,612,13,599,135,0.034210526315789476,3685,0
Track01952,reset,22,106,435,11,424,95,0.04066543438077634,1703,0
Track01952,reset,23,115,375,9,366,106,0.036734693877551024,1501,0
Track01952,reset,24,114,439,4,435,110,0.014466546112115732,2141,0
Track01952,reset,25,122,212,0,212,122,0.0,591,0
Track01952,reset,26,168,479,5,474,163,0.015455950540958269,2376,0
Track01952,reset,27,166,525,6,519,160,0.017366136034732273,2655,0
Track01952,reset,28,95,167,6,161,89,0.04580152671755725,831,0
Track01952,reset,29,185,449,23,426,162,0.07255520504731862,2308,0
Track01952,reset,30,200,506,24,482,176,0.0679886685552408,2652,0
Track01952,reset,31,157,425,16,409,141,0.054982817869415807,2306,0
Track01952,reset,32,191,614,26,588,165,0.06459627329192547,3406,0
Track01952,reset,33,172,692,24,668,148,0.05555555555555555,3542,0
Track01952,reset,34,174,611,13,598,161,0.033121019108280254,3688,0
Track01952,reset,35,180,525,16,509,164,0.04539007092198582,2847,0
Track01952,reset,36,192,502,12,490,180,0.0345821325648415,1996,0
Track01952,reset,37,202,587,13,574,189,0.032953105196451206,3182,0
Track01952,reset,38,102,64,0,64,102,0.0,299,0
Track01952,reset,39,86,374,2,372,84,0.008695652173913044,2367,0
Track01952,reset,40,23,0,0,0,23,0.0,2,0
Track01952,reset,41,0,0,0,0,0,nan,2,0
Track01955,continuous,0,33,149,2,147,31,0.02197802197802198,826,0
Track01955,continuous,1,65,167,4,163,61,0.034482758620689655,918,0
Track01955,continuous,2,62,146,1,145,61,0.009615384615384616,797,0
Track01955,continuous,3,71,165,0,165,71,0.0,870,0
Track01955,continuous,4,71,156,0,156,71,0.0,839,0
Track01955,continuous,5,62,161,0,161,62,0.0,860,0
Track01955,continuous,6,36,168,0,168,36,0.0,874,0
Track01955,continuous,7,51,169,2,167,49,0.01818181818181818,883,0
Track01955,continuous,8,60,152,3,149,57,0.02830188679245283,804,0
Track01955,continuous,9,67,156,1,155,66,0.008968609865470852,838,0
Track01955,continuous,10,77,188,0,188,77,0.0,972,0
Track01955,continuous,11,76,165,0,165,76,0.0,880,0
Track01955,continuous,12,75,168,0,168,75,0.0,913,0
Track01955,continuous,13,24,174,0,174,24,0.0,908,0
Track01955,continuous,14,64,164,0,164,64,0.0,862,0
Track01955,continuous,15,59,138,1,137,58,0.01015228426395939,732,0
Track01955,continuous,16,60,202,3,199,57,0.022900763358778626,1050,0
Track01955,continuous,17,65,186,2,184,63,0.01593625498007968,976,0
Track01955,continuous,18,82,215,0,215,82,0.0,1126,0
Track01955,continuous,19,73,183,0,183,73,0.0,953,0
Track01955,continuous,20,64,155,0,155,64,0.0,816,0
Track01955,continuous,21,27,191,0,191,27,0.0,955,0
Track01955,continuous,22,60,117,0,117,60,0.0,585,0
Track01955,continuous,23,68,142,2,140,66,0.01904761904761905,704,0
Track01955,continuous,24,97,182,0,182,97,0.0,905,0
Track01955,continuous,25,111,186,0,186,111,0.0,917,0
Track01955,continuous,26,90,156,0,156,90,0.0,757,0
Track01955,continuous,27,60,154,0,154,60,0.0,753,0
Track01955,continuous,28,76,232,0,232,76,0.0,1167,0
Track01955,continuous,29,39,131,0,131,39,0.0,639,0
Track01955,continuous,30,80,169,0,169,80,0.0,831,0
Track01955,continuous,31,78,218,0,218,78,0.0,1084,0
Track01955,continuous,32,71,156,0,156,71,0.0,771,0
Track01955,continuous,33,37,118,0,118,37,0.0,547,0
Track01955,continuous,34,51,106,0,106,51,0.0,479,0
Track01955,continuous,35,59,100,1,99,58,0.012578616352201259,456,0
Track01955,continuous,36,75,105,2,103,73,0.022222222222222223,476,0
Track01955,continuous,37,70,100,1,99,69,0.011764705882352941,456,0
Track01955,continuous,38,84,115,0,115,84,0.0,526,0
Track01955,continuous,39,88,100,0,100,88,0.0,456,0
Track01955,continuous,40,91,109,0,109,91,0.0,494,0
Track01955,continuous,41,95,120,0,120,95,0.0,546,0
Track01955,continuous,42,105,120,0,120,105,0.0,546,0
Track01955,continuous,43,93,109,0,109,93,0.0,494,0
Track01955,continuous,44,98,132,0,132,98,0.0,600,0
Track01955,continuous,45,100,129,0,129,100,0.0,584,0
Track01955,continuous,46,93,132,0,132,93,0.0,600,0
Track01955,continuous,47,94,129,0,129,94,0.0,584,0
Track01955,continuous,48,103,129,0,129,103,0.0,584,0
Track01955,continuous,49,103,114,0,114,103,0.0,514,0
Track01955,continuous,50,104,105,0,105,104,0.0,476,0
Track01955,continuous,51,106,98,0,98,106,0.0,446,0
Track01955,continuous,52,104,95,0,95,104,0.0,430,0
Track01955,continuous,53,102,98,0,98,102,0.0,446,0
Track01955,continuous,54,107,108,0,108,107,0.0,492,0
Track01955,continuous,55,30,112,0,112,30,0.0,510,0
Track01955,continuous,56,0,0,0,0,0,nan,614,0
Track01955,reset,0,33,149,2,147,31,0.02197802197802198,826,0
Track01955,reset,1,65,373,3,370,62,0.0136986301369863,2250,0
Track01955,reset,2,62,101,2,99,60,0.024539877300613498,254,0
Track01955,reset,3,71,448,0,448,71,0.0,2188,0
Track01955,reset,4,71,234,0,234,71,0.0,1105,0
Track01955,reset,5,62,234,0,234,62,0.0,1105,0
Track01955,reset,6,36,275,0,275,36,0.0,1516,0
Track01955,reset,7,51,430,4,426,47,0.016632016632016633,2463,0
Track01955,reset,8,60,42,1,41,59,0.0196078431372549,167,0
Track01955,reset,9,67,191,1,190,66,0.007751937984496124,552,0
Track01955,reset,10,77,569,1,568,76,0.0030959752321981426,2848,0
Track01955,reset,11,76,266,0,266,76,0.0,1573,0
Track01955,reset,12,75,583,0,583,75,0.0,2650,0
Track01955,reset,13,24,600,0,600,24,0.0,3317,0
Track01955,reset,14,64,213,0,213,64,0.0,796,0
Track01955,reset,15,59,234,3,231,56,0.020477815699658702,1437,0
Track01955,reset,16,60,42,2,40,58,0.0392156862745098,167,0
Track01955,reset,17,65,178,1,177,64,0.00823045267489712,481,0
Track01955,reset,18,82,238,0,238,82,0.0,1382,0
Track01955,reset,19,73,452,0,452,73,0.0,2336,0
Track01955,reset,20,64,115,0,115,64,0.0,345,0
Track01955,reset,21,27,227,0,227,27,0.0,1376,0
Track01955,reset,22,60,150,0,150,60,0.0,717,0
Track01955,reset,23,68,496,8,488,60,0.028368794326241134,2644,0
Track01955,reset,24,97,392,0,392,97,0.0,2094,0
Track01955,reset,25,111,465,0,465,111,0.0,2694,0
Track01955,reset,26,90,659,0,659,90,0.0,3468,0
Track01955,reset,27,60,665,2,663,58,0.005517241379310344,3443,0
Track01955,reset,28,76,609,0,609,76,0.0,3679,0
Track01955,reset,29,39,209,0,209,39,0.0,776,0
Track01955,reset,30,80,238,0,238,80,0.0,1369,0
Track01955,reset,31,78,642,0,642,78,0.0,3878,0
Track01955,reset,32,71,566,1,565,70,0.0031397174254317113,2952,0
Track01955,reset,33,37,418,1,417,36,0.004395604395604396,2480,0
Track01955,reset,34,51,257,0,257,51,0.0,1401,0
Track01955,reset,35,59,214,2,212,57,0.014652014652014652,862,0
Track01955,reset,36,75,421,7,414,68,0.028225806451612902,1979,0
Track01955,reset,37,70,251,1,250,69,0.006230529595015576,1452,0
Track01955,reset,38,84,642,0,642,84,0.0,3878,0
Track01955,reset,39,88,621,0,621,88,0.0,3750,0
Track01955,reset,40,91,503,3,500,88,0.010101010101010102,2443,0
Track01955,reset,41,95,659,4,655,91,0.010610079575596816,3474,0
Track01955,reset,42,105,329,2,327,103,0.009216589861751152,1789,0
Track01955,reset,43,93,626,0,626,93,0.0,3780,0
Track01955,reset,44,98,609,0,609,98,0.0,3676,0
Track01955,reset,45,100,329,2,327,98,0.009324009324009324,1789,0
Track01955,reset,46,93,697,2,695,91,0.005063291139240506,3583,0
Track01955,reset,47,94,625,0,625,94,0.0,3764,0
Track01955,reset,48,103,363,0,363,103,0.0,1977,0
Track01955,reset,49,103,659,2,657,101,0.005249343832020997,3474,0
Track01955,reset,50,104,231,0,231,104,0.0,1099,0
Track01955,reset,51,106,69,0,69,106,0.0,346,0
Track01955,reset,52,104,62,0,62,104,0.0,366,0
Track01955,reset,53,102,0,0,0,102,0.0,2,0
Track01955,reset,54,107,0,0,0,107,0.0,2,0
Track01955,reset,55,30,0,0,0,30,0.0,2,0
Track01955,reset,56,0,0,0,0,0,nan,2081,0
Track01959,continuous,0,56,168,2,166,54,0.017857142857142856,928,0
Track01959,continuous,1,77,147,5,142,72,0.044642857142857144,820,0
Track01959,continuous,2,79,160,8,152,71,0.06694560669456066,885,0
Track01959,continuous,3,81,172,11,161,70,0.08695652173913043,930,0
Track01959,continuous,4,75,148,5,143,70,0.04484304932735426,802,0
Track01959,continuous,5,59,156,5,151,54,0.046511627906976744,848,0
Track01959,continuous,6,46,130,1,129,45,0.011363636363636364,724,0
Track01959,continuous,7,73,140,4,136,69,0.03755868544600939,764,0
Track01959,continuous,8,75,152,2,150,73,0.01762114537444934,822,0
Track01959,continuous,9,84,148,7,141,77,0.0603448275862069,779,0
Track01959,continuous,10,88,142,9,133,79,0.0782608695652174,787,0
Track01959,continuous,11,82,135,5,130,77,0.04608294930875576,751,0
Track01959,continuous,12,29,125,1,124,28,0.012987012987012988,678,0
Track01959,continuous,13,118,135,7,128,111,0.05533596837944664,748,0
Track01959,continuous,14,76,144,3,141,73,0.02727272727272727,770,0
Track01959,continuous,15,73,152,4,148,69,0.035555555555555556,825,0
Track01959,continuous,16,78,146,7,139,71,0.0625,807,0
Track01959,continuous,17,86,148,10,138,76,0.08547008547008547,813,0
Track01959,continuous,18,84,152,8,144,76,0.06779661016949153,823,0
Track01959,continuous,19,55,119,5,114,50,0.05747126436781609,645,0
Track01959,continuous,20,75,121,4,117,71,0.04081632653061224,675,0
Track01959,continuous,21,89,159,7,152,82,0.056451612903225805,851,0
Track01959,continuous,22,92,182,2,180,90,0.014598540145985401,981,0
Track01959,continuous,23,150,166,0,166,150,0.0,896,0
Track01959,continuous,24,140,164,0,164,140,0.0,923,0
Track01959,continuous,25,67,139,0,139,67,0.0,759,0
Track01959,continuous,26,74,144,0,144,74,0.0,786,0
Track01959,continuous,27,62,144,0,144,62,0.0,783,0
Track01959,continuous,28,82,147,9,138,73,0.07860262008733625,783,0
Track01959,continuous,29,87,164,10,154,77,0.0796812749003984,892,0
Track01959,continuous,30,81,192,7,185,74,0.05128205128205128,1032,0
Track01959,continuous,31,40,171,2,169,38,0.018957345971563982,928,0
Track01959,continuous,32,100,175,6,169,94,0.04363636363636364,943,0
Track01959,continuous,33,76,196,4,192,72,0.029411764705882353,1072,0
Track01959,continuous,34,85,211,3,208,82,0.02027027027027027,1109,0
Track01959,continuous,35,90,195,2,193,88,0.014035087719298246,1058,0
Track01959,continuous,36,95,194,1,193,94,0.006920415224913495,1054,0
Track01959,continuous,37,95,188,1,187,94,0.007067137809187279,1018,0
Track01959,continuous,38,102,213,1,212,101,0.006349206349206349,1141,0
Track01959,continuous,39,102,185,1,184,101,0.006968641114982578,1001,0
Track01959,continuous,40,100,191,0,191,100,0.0,1019,0
Track01959,continuous,41,103,214,0,214,103,0.0,1142,0
Track01959,continuous,42,102,224,1,223,101,0.006134969325153374,1212,0
Track01959,continuous,43,101,196,0,196,101,0.0,1056,0
Track01959,continuous,44,103,209,0,209,103,0.0,1117,0
Track01959,continuous,45,105,211,1,210,104,0.006329113924050633,1135,0
Track01959,continuous,46,111,176,0,176,111,0.0,944,0
Track01959,continuous,47,110,195,0,195,110,0.0,1056,0
Track01959,continuous,48,113,186,0,186,113,0.0,1017,0
Track01959,continuous,49,109,169,0,169,109,0.0,911,0
Track01959,continuous,50,109,198,0,198,109,0.0,1052,0
Track01959,continuous,51,110,174,0,174,110,0.0,924,0
Track01959,continuous,52,8,158,0,158,8,0.0,863,0
Track01959,continuous,53,0,0,0,0,0,nan,1095,0
Track01959,reset,0,56,168,2,166,54,0.017857142857142856,928,0
Track01959,reset,1,77,433,6,427,71,0.023529411764705882,2236,0
Track01959,reset,2,79,416,8,408,71,0.03232323232323232,2372,0
Track01959,reset,3,81,142,7,135,74,0.06278026905829596,658,0
Track01959,reset,4,75,190,5,185,70,0.03773584905660377,545,0
Track01959,reset,5,59,156,2,154,57,0.018604651162790697,911,0
Track01959,reset,6,46,301,0,301,46,0.0,1584,0
Track01959,reset,7,73,531,3,528,70,0.009933774834437087,2913,0
Track01959,reset,8,75,331,2,329,73,0.009852216748768473,2022,0
Track01959,reset,9,84,385,12,373,72,0.0511727078891258,1604,0
Track01959,reset,10,88,122,6,116,82,0.05714285714285714,350,0
Track01959,reset,11,82,142,9,133,73,0.08035714285714286,658,0
Track01959,reset,12,29,0,0,0,29,0.0,2,0
Track01959,reset,13,118,410,6,404,112,0.022727272727272728,2166,0
Track01959,reset,14,76,410,6,404,70,0.024691358024691357,2193,0
Track01959,reset,15,73,366,1,365,72,0.004555808656036446,2162,0
Track01959,reset,16,78,142,7,135,71,0.06363636363636363,663,0
Track01959,reset,17,86,137,5,132,81,0.04484304932735426,642,0
Track01959,reset,18,84,387,11,376,73,0.04670912951167728,1523,0
Track01959,reset,19,55,156,2,154,53,0.018957345971563982,912,0
Track01959,reset,20,75,131,1,130,74,0.009708737864077669,459,0
Track01959,reset,21,89,284,3,281,86,0.0160857908847185,1661,0
Track01959,reset,22,92,268,1,267,91,0.005555555555555556,1592,0
Track01959,reset,23,150,687,0,687,150,0.0,3625,0
Track01959,reset,24,140,380,0,380,140,0.0,1975,0
Track01959,reset,25,67,345,0,345,67,0.0,2090,0
Track01959,reset,26,74,204,0,204,74,0.0,962,0
Track01959,reset,27,62,464,0,464,62,0.0,2420,0
Track01959,reset,28,82,385,13,372,69,0.055674518201284794,1604,0
Track01959,reset,29,87,385,12,373,75,0.05084745762711865,1604,0
Track01959,reset,30,81,147,6,141,75,0.05263157894736842,422,0
Track01959,reset,31,40,123,1,122,39,0.012269938650306749,602,0
Track01959,reset,32,100,134,6,128,94,0.05128205128205128,624,0
Track01959,reset,33,76,434,5,429,71,0.0196078431372549,2374,0
Track01959,reset,34,85,654,4,650,81,0.010825439783491205,3561,0
Track01959,reset,35,90,313,3,310,87,0.01488833746898263,1831,0
Track01959,reset,36,95,526,2,524,93,0.00644122383252818,2865,0
Track01959,reset,37,95,405,1,404,94,0.004,2282,0
Track01959,reset,38,102,482,0,482,102,0.0,2613,0
Track01959,reset,39,102,519,0,519,102,0.0,2784,0
Track01959,reset,40,100,659,5,654,95,0.013175230566534914,3607,0
Track01959,reset,41,103,353,0,353,103,0.0,2086,0
Track01959,reset,42,102,400,2,398,100,0.00796812749003984,2165,0
Track01959,reset,43,101,367,1,366,100,0.004273504273504274,2043,0
Track01959,reset,44,103,494,3,491,100,0.010050251256281407,2793,0
Track01959,reset,45,105,401,1,400,104,0.003952569169960474,2187,0
Track01959,reset,46,111,448,0,448,111,0.0,2433,0
Track01959,reset,47,110,397,5,392,105,0.01972386587771203,2519,0
Track01959,reset,48,113,243,2,241,111,0.011235955056179775,1090,0
Track01959,reset,49,109,74,0,74,109,0.0,345,0
Track01959,reset,50,109,0,0,0,109,0.0,2,0
Track01959,reset,51,110,0,0,0,110,0.0,2,0
Track01959,reset,52,8,0,0,0,8,0.0,2,0
Track01959,reset,53,0,0,0,0,0,nan,2,0
Track01962,continuous,0,58,0,0,0,58,0.0,2,0
Track01962,continuous,1,123,51,10,41,113,0.11494252873563218,236,0
Track01962,continuous,2,88,42,7,35,81,0.1076923076923077,213,0
Track01962,continuous,3,107,45,8,37,99,0.10526315789473684,225,0
Track01962,continuous,4,57,50,5,45,52,0.09345794392523364,247,0
Track01962,continuous,5,53,50,3,47,50,0.05825242718446602,247,0
Track01962,continuous,6,95,50,4,46,91,0.05517241379310345,247,0
Track01962,continuous,7,127,50,4,46,123,0.04519774011299435,247,0
Track01962,continuous,8,148,50,5,45,143,0.050505050505050504,247,0
Track01962,continuous,9,130,50,3,47,127,0.03333333333333333,243,0
Track01962,continuous,10,131,50,4,46,127,0.04419889502762431,247,0
Track01962,continuous,11,137,48,4,44,133,0.043243243243243246,237,0
Track01962,continuous,12,131,50,5,45,126,0.055248618784530384,247,0
Track01962,continuous,13,143,50,3,47,140,0.031088082901554404,247,0
Track01962,continuous,14,129,48,3,45,126,0.03389830508474576,237,0
Track01962,continuous,15,128,50,4,46,124,0.0449438202247191,247,0
Track01962,continuous,16,156,48,5,43,151,0.049019607843137254,237,0
Track01962,continuous,17,126,50,3,47,123,0.03409090909090909,247,0
Track01962,continuous,18,137,48,4,44,133,0.043243243243243246,237,0
Track01962,continuous,19,131,50,0,50,131,0.0,247,0
Track01962,continuous,20,152,48,0,48,152,0.0,237,0
Track01962,continuous,21,165,50,3,47,162,0.027906976744186046,247,0
Track01962,continuous,22,165,50,4,46,161,0.037209302325581395,247,0
Track01962,continuous,23,136,50,4,46,132,0.043010752688172046,247,0
Track01962,continuous,24,145,50,5,45,140,0.05128205128205128,247,0
Track01962,continuous,25,134,50,3,47,131,0.03260869565217391,247,0
Track01962,continuous,26,167,50,4,46,163,0.03686635944700461,247,0
Track01962,continuous,27,144,50,4,46,140,0.041237113402061855,247,0
Track01962,continuous,28,134,50,5,45,129,0.05434782608695652,247,0
Track01962,continuous,29,138,50,3,47,135,0.031914893617021274,247,0
Track01962,continuous,30,156,50,3,47,153,0.02912621359223301,247,0
Track01962,continuous,31,124,50,4,46,120,0.04597701149425287,247,0
Track01962,continuous,32,139,50,5,45,134,0.05291005291005291,247,0
Track01962,continuous,33,131,50,1,49,130,0.011049723756906077,247,0
Track01962,continuous,34,151,50,1,49,150,0.009950248756218905,247,0
Track01962,continuous,35,167,50,4,46,163,0.03686635944700461,247,0
Track01962,continuous,36,158,50,5,45,153,0.04807692307692308,247,0
Track01962,continuous,37,131,50,3,47,128,0.03314917127071823,247,0
Track01962,continuous,38,59,50,4,46,55,0.07339449541284404,247,0
Track01962,continuous,39,57,47,0,47,57,0.0,229,0
Track01962,continuous,40,71,50,5,45,66,0.08264462809917356,247,0
Track01962,continuous,41,145,50,1,49,144,0.010256410256410256,247,0
Track01962,continuous,42,153,48,1,47,152,0.009950248756218905,237,0
Track01962,continuous,43,126,50,0,50,126,0.0,247,0
Track01962,continuous,44,136,50,0,50,136,0.0,247,0
Track01962,continuous,45,122,50,0,50,122,0.0,247,0
Track01962,continuous,46,143,50,3,47,140,0.031088082901554404,247,0
Track01962,continuous,47,131,50,4,46,127,0.04419889502762431,247,0
Track01962,continuous,48,136,50,5,45,131,0.053763440860215055,247,0
Track01962,continuous,49,133,50,0,50,133,0.0,247,0
Track01962,continuous,50,41,50,3,47,38,0.06593406593406594,247,0
Track01962,continuous,51,0,0,0,0,0,nan,285,0
Track01962,reset,0,58,0,0,0,58,0.0,2,0
Track01962,reset,1,123,64,0,64,123,0.0,319,0
Track01962,reset,2,88,0,0,0,88,0.0,2,0
Track01962,reset,3,107,233,0,233,107,0.0,951,0
Track01962,reset,4,57,46,0,46,57,0.0,202,0
Track01962,reset,5,53,254,0,254,53,0.0,1195,0
Track01962,reset,6,95,120,0,120,95,0.0,355,0
Track01962,reset,7,127,296,0,296,127,0.0,1688,0
Track01962,reset,8,148,310,6,304,142,0.026200873362445413,1695,0
Track01962,reset,9,130,325,14,311,116,0.06153846153846154,1906,0
Track01962,reset,10,131,243,5,238,126,0.026737967914438502,1199,0
Track01962,reset,11,137,421,7,414,130,0.025089605734767026,2489,0
Track01962,reset,12,131,278,16,262,115,0.07823960880195599,1581,0
Track01962,reset,13,143,668,0,668,143,0.0,4096,1
Track01962,reset,14,129,214,15,199,114,0.08746355685131195,1190,0
Track01962,reset,15,128,234,7,227,121,0.03867403314917127,1105,0
Track01962,reset,16,156,760,5,755,151,0.010917030567685589,4096,1
Track01962,reset,17,126,239,6,233,120,0.03287671232876712,1143,0
Track01962,reset,18,137,256,17,239,120,0.08651399491094147,1387,0
Track01962,reset,19,131,430,13,417,118,0.04634581105169341,2504,0
Track01962,reset,20,152,517,14,503,138,0.04185351270553064,2844,0
Track01962,reset,21,165,659,24,635,141,0.05825242718446602,3474,0
Track01962,reset,22,165,329,20,309,145,0.08097165991902834,1789,0
Track01962,reset,23,136,453,6,447,130,0.02037351443123939,2673,0
Track01962,reset,24,145,361,13,348,132,0.05138339920948617,2200,0
Track01962,reset,25,134,708,4,704,130,0.009501187648456057,4096,1
Track01962,reset,26,167,317,14,303,153,0.05785123966942149,1717,0
Track01962,reset,27,144,453,3,450,141,0.010050251256281407,2673,0
Track01962,reset,28,134,289,17,272,117,0.08037825059101655,1550,0
Track01962,reset,29,138,237,17,220,121,0.09066666666666667,1308,0
Track01962,reset,30,156,464,16,448,140,0.05161290322580645,2715,0
Track01962,reset,31,124,396,13,383,111,0.05,2228,0
Track01962,reset,32,139,242,17,225,122,0.08923884514435695,1271,0
Track01962,reset,33,131,501,11,490,120,0.03481012658227848,2971,0
Track01962,reset,34,151,659,15,644,136,0.037037037037037035,3468,0
Track01962,reset,35,167,552,16,536,151,0.04450625869262865,2984,0
Track01962,reset,36,158,431,17,414,141,0.057724957555178265,2475,0
Track01962,reset,37,131,319,12,307,119,0.05333333333333334,1542,0
Track01962,reset,38,59,46,2,44,57,0.0380952380952381,202,0
Track01962,reset,39,57,390,10,380,47,0.0447427293064877,2039,0
Track01962,reset,40,71,146,10,136,61,0.09216589861751152,820,0
Track01962,reset,41,145,554,11,543,134,0.031473533619456366,3014,0
Track01962,reset,42,153,343,0,343,153,0.0,2018,0
Track01962,reset,43,126,234,0,234,126,0.0,1105,0
Track01962,reset,44,136,571,10,561,126,0.028288543140028287,3154,0
Track01962,reset,45,122,385,18,367,104,0.07100591715976332,1852,0
Track01962,reset,46,143,684,5,679,138,0.012091898428053204,4096,1
Track01962,reset,47,131,234,3,231,128,0.01643835616438356,1105,0
Track01962,reset,48,136,177,14,163,122,0.08945686900958466,787,0
Track01962,reset,49,133,62,0,62,133,0.0,366,0
Track01962,reset,50,41,0,0,0,41,0.0,2,0
Track01962,reset,51,0,0,0,0,0,nan,1231,0
Track01965,continuous,0,21,0,0,0,21,0.0,2,0
Track01965,continuous,1,91,141,6,135,85,0.05172413793103448,782,0
Track01965,continuous,2,131,139,8,131,123,0.05925925925925926,769,0
Track01965,continuous,3,137,155,12,143,125,0.0821917808219178,841,0
Track01965,continuous,4,138,138,8,130,130,0.057971014492753624,758,0
Track01965,continuous,5,133,158,14,144,119,0.09621993127147767,863,0
Track01965,continuous,6,87,128,6,122,81,0.05581395348837209,717,0
Track01965,continuous,7,88,140,12,128,76,0.10526315789473684,764,0
Track01965,continuous,8,102,126,15,111,87,0.13157894736842105,712,0
Track01965,continuous,9,87,127,8,119,79,0.07476635514018691,703,0
Track01965,continuous,10,95,150,14,136,81,0.11428571428571428,825,0
Track01965,continuous,11,77,136,9,127,68,0.08450704225352113,755,0
Track01965,continuous,12,107,147,14,133,93,0.11023622047244094,821,0
Track01965,continuous,13,119,136,12,124,107,0.09411764705882353,759,0
Track01965,continuous,14,123,156,18,138,105,0.12903225806451613,857,0
Track01965,continuous,15,134,165,12,153,122,0.0802675585284281,896,0
Track01965,continuous,16,127,157,14,143,113,0.09859154929577464,847,0
Track01965,continuous,17,94,150,14,136,80,0.11475409836065574,837,0
Track01965,continuous,18,90,151,8,143,82,0.06639004149377593,859,0
Track01965,continuous,19,87,140,8,132,79,0.07048458149779736,758,0
Track01965,continuous,20,97,177,13,164,84,0.0948905109489051,949,0
Track01965,continuous,21,97,180,14,166,83,0.10108303249097472,984,0
Track01965,continuous,22,89,180,14,166,75,0.10408921933085502,979,0
Track01965,continuous,23,83,178,6,172,77,0.04597701149425287,950,0
Track01965,continuous,24,113,190,12,178,101,0.07920792079207921,1026,0
Track01965,continuous,25,132,214,14,200,118,0.08092485549132948,1154,0
Track01965,continuous,26,117,191,12,179,105,0.07792207792207792,1030,0
Track01965,continuous,27,99,178,18,160,81,0.1299638989169675,976,0
Track01965,continuous,28,111,188,8,180,103,0.05351170568561873,1020,0
Track01965,continuous,29,122,194,12,182,110,0.0759493670886076,1066,0
Track01965,continuous,30,79,186,6,180,73,0.045283018867924525,1014,0
Track01965,continuous,31,85,181,11,170,74,0.08270676691729323,972,0
Track01965,continuous,32,91,193,16,177,75,0.11267605633802817,1036,0
Track01965,continuous,33,92,183,12,171,80,0.08727272727272728,1002,0
Track01965,continuous,34,73,193,10,183,63,0.07518796992481203,1027,0
Track01965,continuous,35,117,187,12,175,105,0.07894736842105263,1004,0
Track01965,continuous,36,130,204,16,188,114,0.09580838323353294,1110,0
Track01965,continuous,37,116,194,14,180,102,0.09032258064516129,1017,0
Track01965,continuous,38,146,192,18,174,128,0.10650887573964497,1034,0
Track01965,continuous,39,138,196,12,184,126,0.0718562874251497,1046,0
Track01965,continuous,40,145,193,16,177,129,0.09467455621301775,1036,0
Track01965,continuous,41,112,174,14,160,98,0.0979020979020979,948,0
Track01965,continuous,42,84,177,16,161,68,0.12260536398467432,937,0
Track01965,continuous,43,80,178,10,168,70,0.07751937984496124,962,0
Track01965,continuous,44,31,159,7,152,24,0.07368421052631578,853,0
Track01965,continuous,45,0,154,0,154,0,0.0,837,0
Track01965,continuous,46,0,0,0,0,0,nan,975,0
Track01965,reset,0,21,0,0,0,21,0.0,2,0
Track01965,reset,1,91,288,7,281,84,0.036939313984168866,1740,0
Track01965,reset,2,131,212,5,207,126,0.029154518950437316,1018,0
Track01965,reset,3,137,411,7,404,130,0.025547445255474453,2179,0
Track01965,reset,4,138,314,8,306,130,0.035398230088495575,1745,0
Track01965,reset,5,133,825,4,821,129,0.008350730688935281,4096,1
Track01965,reset,6,87,742,5,737,82,0.012062726176115802,4096,1
Track01965,reset,7,88,196,8,188,80,0.056338028169014086,1002,0
Track01965,reset,8,102,427,8,419,94,0.030245746691871456,1711,0
Track01965,reset,9,87,754,9,745,78,0.02140309155766944,3876,0
Track01965,reset,10,95,609,1,608,94,0.002840909090909091,3679,0
Track01965,reset,11,77,347,5,342,72,0.02358490566037736,2055,0
Track01965,reset,12,107,440,10,430,97,0.03656307129798903,2453,0
Track01965,reset,13,119,281,11,270,108,0.055,1499,0
Track01965,reset,14,123,318,6,312,117,0.027210884353741496,1698,0
Track01965,reset,15,134,309,10,299,124,0.045146726862302484,1645,0
Track01965,reset,16,127,342,8,334,119,0.03411513859275053,1758,0
Track01965,reset,17,94,459,9,450,85,0.0325497287522604,1990,0
Track01965,reset,18,90,147,6,141,84,0.05063291139240506,820,0
Track01965,reset,19,87,392,8,384,79,0.033402922755741124,2079,0
Track01965,reset,20,97,659,8,651,89,0.021164021164021163,3943,1
Track01965,reset,21,97,463,8,455,89,0.02857142857142857,2420,0
Track01965,reset,22,89,408,8,400,81,0.03219315895372234,1963,0
Track01965,reset,23,83,356,5,351,78,0.022779043280182234,2168,0
Track01965,reset,24,113,243,5,238,108,0.028089887640449437,1199,0
Track01965,reset,25,132,352,9,343,123,0.0371900826446281,1787,0
Track01965,reset,26,117,224,11,213,106,0.06451612903225806,1218,0
Track01965,reset,27,99,151,5,146,94,0.04,828,0
Track01965,reset,28,111,348,9,339,102,0.0392156862745098,1726,0
Track01965,reset,29,122,324,7,317,115,0.03139013452914798,1727,0
Track01965,reset,30,79,198,5,193,74,0.036101083032490974,948,0
Track01965,reset,31,85,580,10,570,75,0.03007518796992481,2775,0
Track01965,reset,32,91,453,4,449,87,0.014705882352941176,2673,0
Track01965,reset,33,92,767,8,759,84,0.018626309662398137,4096,1
Track01965,reset,34,73,356,4,352,69,0.018648018648018648,1755,0
Track01965,reset,35,117,195,4,191,113,0.02564102564102564,1093,0
Track01965,reset,36,130,612,11,601,119,0.029649595687331536,3178,0
Track01965,reset,37,116,758,5,753,111,0.011441647597254004,4096,1
Track01965,reset,38,146,180,10,170,136,0.06134969325153374,993,0
Track01965,reset,39,138,469,10,459,128,0.032948929159802305,2544,0
Track01965,reset,40,145,411,11,400,134,0.039568345323741004,2179,0
Track01965,reset,41,112,232,4,228,108,0.023255813953488372,754,0
Track01965,reset,42,84,199,4,195,80,0.028268551236749116,808,0
Track01965,reset,43,80,323,8,315,72,0.03970223325062035,1487,0
Track01965,reset,44,31,0,0,0,31,0.0,2,0
Track01965,reset,45,0,0,0,0,0,nan,2,0
Track01965,reset,46,0,0,0,0,0,nan,2,0
Track01972,continuous,0,90,45,5,40,85,0.07407407407407407,214,0
Track01972,continuous,1,130,38,0,38,130,0.0,148,0
Track01972,continuous,2,160,37,0,37,160,0.0,136,0
Track01972,continuous,3,129,38,0,38,129,0.0,162,0
Track01972,continuous,4,132,43,0,43,132,0.0,216,0
Track01972,continuous,5,164,44,0,44,164,0.0,220,0
Track01972,continuous,6,103,38,0,38,103,0.0,196,0
Track01972,continuous,7,110,37,0,37,110,0.0,194,0
Track01972,continuous,8,134,42,0,42,134,0.0,210,0
Track01972,continuous,9,89,40,0,40,89,0.0,202,0
Track01972,continuous,10,101,47,0,47,101,0.0,228,0
Track01972,continuous,11,93,48,0,48,93,0.0,230,0
Track01972,continuous,12,98,45,0,45,98,0.0,222,0
Track01972,continuous,13,96,46,0,46,96,0.0,224,0
Track01972,continuous,14,121,68,0,68,121,0.0,300,0
Track01972,continuous,15,157,74,0,74,157,0.0,315,0
Track01972,continuous,16,163,79,0,79,163,0.0,350,0
Track01972,continuous,17,136,81,0,81,136,0.0,363,0
Track01972,continuous,18,158,80,0,80,158,0.0,355,0
Track01972,continuous,19,169,83,0,83,169,0.0,373,0
Track01972,continuous,20,181,103,0,103,181,0.0,471,0
Track01972,continuous,21,160,139,0,139,160,0.0,636,0
Track01972,continuous,22,159,156,0,156,159,0.0,698,0
Track01972,continuous,23,148,154,0,154,148,0.0,704,0
Track01972,continuous,24,152,179,0,179,152,0.0,832,0
Track01972,continuous,25,144,223,0,223,144,0.0,1083,0
Track01972,continuous,26,146,194,0,194,146,0.0,901,0
Track01972,continuous,27,126,181,0,181,126,0.0,826,0
Track01972,continuous,28,170,200,6,194,164,0.032432432432432434,891,0
Track01972,continuous,29,143,197,10,187,133,0.058823529411764705,882,0
Track01972,continuous,30,109,194,6,188,103,0.039603960396039604,887,0
Track01972,continuous,31,102,179,5,174,97,0.03558718861209965,853,0
Track01972,continuous,32,96,198,5,193,91,0.034013605442176874,918,0
Track01972,continuous,33,93,191,5,186,88,0.035211267605633804,885,0
Track01972,continuous,34,111,194,6,188,105,0.03934426229508197,896,0
Track01972,continuous,35,111,198,5,193,106,0.032362459546925564,932,0
Track01972,continuous,36,105,165,5,160,100,0.037037037037037035,859,0
Track01972,continuous,37,184,189,11,178,173,0.058981233243967826,923,0
Track01972,continuous,38,152,168,11,157,141,0.06875,833,0
Track01972,continuous,39,154,139,12,127,142,0.08191126279863481,654,0
Track01972,continuous,40,160,121,8,113,152,0.05693950177935943,559,0
Track01972,continuous,41,145,87,5,82,140,0.04310344827586207,325,0
Track01972,continuous,42,128,87,8,79,120,0.07441860465116279,321,0
Track01972,continuous,43,114,87,7,80,107,0.06965174129353234,321,0
Track01972,continuous,44,95,87,6,81,89,0.06593406593406594,321,0
Track01972,continuous,45,120,93,8,85,112,0.07511737089201878,364,0
Track01972,continuous,46,93,87,7,80,86,0.07777777777777778,321,0
Track01972,continuous,47,111,93,5,88,106,0.049019607843137254,364,0
Track01972,continuous,48,95,87,7,80,88,0.07692307692307693,321,0
Track01972,continuous,49,102,93,8,85,94,0.08205128205128205,364,0
Track01972,continuous,50,102,87,10,77,92,0.10582010582010581,321,0
Track01972,continuous,51,111,93,5,88,106,0.049019607843137254,364,0
Track01972,continuous,52,170,87,5,82,165,0.038910505836575876,321,0
Track01972,continuous,53,158,93,8,85,150,0.06374501992031872,364,0
Track01972,continuous,54,172,87,5,82,167,0.03861003861003861,321,0
Track01972,continuous,55,175,93,8,85,167,0.05970149253731343,364,0
Track01972,continuous,56,167,87,9,78,158,0.07086614173228346,321,0
Track01972,continuous,57,171,93,6,87,165,0.045454545454545456,364,0
Track01972,continuous,58,179,87,5,82,174,0.03759398496240601,321,0
Track01972,continuous,59,158,93,3,90,155,0.02390438247011952,364,0
Track01972,continuous,60,171,87,6,81,165,0.046511627906976744,321,0
Track01972,continuous,61,175,93,3,90,172,0.022388059701492536,364,0
Track01972,continuous,62,173,87,2,85,171,0.015384615384615385,321,0
Track01972,continuous,63,173,93,2,91,171,0.015037593984962405,364,0
Track01972,continuous,64,21,87,0,87,21,0.0,321,0
Track01972,continuous,65,0,0,0,0,0,nan,23,0
Track01972,reset,0,90,45,5,40,85,0.07407407407407407,214,0
Track01972,reset,1,130,50,2,48,128,0.022222222222222223,244,0
Track01972,reset,2,160,104,0,104,160,0.0,341,0
Track01972,reset,3,129,67,0,67,129,0.0,307,0
Track01972,reset,4,132,156,0,156,132,0.0,911,0
Track01972,reset,5,164,399,8,391,156,0.028419182948490232,2192,0
Track01972,reset,6,103,469,15,454,88,0.05244755244755245,3133,0
Track01972,reset,7,110,50,6,44,104,0.075,244,0
Track01972,reset,8,134,299,18,281,116,0.08314087759815242,2059,0
Track01972,reset,9,89,141,7,134,82,0.06086956521739131,802,0
Track01972,reset,10,101,39,2,37,99,0.02857142857142857,167,0
Track01972,reset,11,93,227,1,226,92,0.00625,1376,0
Track01972,reset,12,98,260,18,242,80,0.1005586592178771,1606,0
Track01972,reset,13,96,290,19,271,77,0.09844559585492228,1696,0
Track01972,reset,14,121,546,6,540,115,0.017991004497751123,3315,0
Track01972,reset,15,157,199,11,188,146,0.06179775280898876,853,0
Track01972,reset,16,163,401,14,387,149,0.04964539007092199,2049,0
Track01972,reset,17,136,222,8,214,128,0.0446927374301676,871,0
Track01972,reset,18,158,75,6,69,152,0.05150214592274678,162,0
Track01972,reset,19,169,252,19,233,150,0.09026128266033254,1205,0
Track01972,reset,20,181,1108,20,1088,161,0.031031807602792862,4096,1
Track01972,reset,21,160,391,21,370,139,0.07622504537205081,2176,0
Track01972,reset,22,159,335,19,316,140,0.07692307692307693,1936,0
Track01972,reset,23,148,330,18,312,130,0.07531380753138076,1945,0
Track01972,reset,24,152,358,22,336,130,0.08627450980392157,2054,0
Track01972,reset,25,144,461,8,453,136,0.026446280991735537,2179,0
Track01972,reset,26,146,254,14,240,132,0.07,1424,0
Track01972,reset,27,126,1116,1,1115,125,0.001610305958132045,4096,1
Track01972,reset,28,170,292,17,275,153,0.0735930735930736,1637,0
Track01972,reset,29,143,636,11,625,132,0.028241335044929396,3384,0
Track01972,reset,30,109,233,6,227,103,0.03508771929824561,1435,0
Track01972,reset,31,102,192,9,183,93,0.061224489795918366,980,0
Track01972,reset,32,96,151,6,145,90,0.048582995951417005,815,0
Track01972,reset,33,93,619,5,614,88,0.014044943820224719,3233,0
Track01972,reset,34,111,287,6,281,105,0.03015075376884422,1724,0
Track01972,reset,35,111,179,3,176,108,0.020689655172413793,881,0
Track01972,reset,36,105,258,5,253,100,0.027548209366391185,1466,0
Track01972,reset,37,184,1269,0,1269,184,0.0,4096,1
Track01972,reset,38,152,270,14,256,138,0.06635071090047394,1299,0
Track01972,reset,39,154,264,12,252,142,0.05741626794258373,1189,0
Track01972,reset,40,160,393,16,377,144,0.05786618444846293,2277,0
Track01972,reset,41,145,174,15,159,130,0.09404388714733543,1011,0
Track01972,reset,42,128,263,19,244,109,0.09718670076726342,1319,0
Track01972,reset,43,114,53,7,46,107,0.08383233532934131,121,0
Track01972,reset,44,95,137,20,117,75,0.1724137931034483,749,0
Track01972,reset,45,120,69,9,60,111,0.09523809523809523,215,0
Track01972,reset,46,93,695,17,678,76,0.04314720812182741,4075,1
Track01972,reset,47,111,348,13,335,98,0.05664488017429194,2067,0
Track01972,reset,48,95,293,21,272,74,0.10824742268041238,1754,0
Track01972,reset,49,102,279,17,262,85,0.08923884514435695,1681,0
Track01972,reset,50,102,335,19,316,83,0.08695652173913043,2024,0
Track01972,reset,51,111,248,21,227,90,0.116991643454039,1568,0
Track01972,reset,52,170,139,15,124,155,0.0970873786407767,786,0
Track01972,reset,53,158,286,17,269,141,0.07657657657657657,1865,0
Track01972,reset,54,172,265,17,248,155,0.07780320366132723,1358,0
Track01972,reset,55,175,435,17,418,158,0.05573770491803279,2199,0
Track01972,reset,56,167,333,19,314,148,0.076,1627,0
Track01972,reset,57,171,332,19,313,152,0.07554671968190854,1620,0
Track01972,reset,58,179,171,17,154,162,0.09714285714285714,1037,0
Track01972,reset,59,158,327,18,309,140,0.07422680412371134,1867,0
Track01972,reset,60,171,231,15,216,156,0.07462686567164178,752,0
Track01972,reset,61,175,250,20,230,155,0.09411764705882353,1280,0
Track01972,reset,62,173,359,14,345,159,0.05263157894736842,1841,0
Track01972,reset,63,173,297,15,282,158,0.06382978723404255,1354,0
Track01972,reset,64,21,0,0,0,21,0.0,2,0
Track01972,reset,65,0,0,0,0,0,nan,2,0
Track01973,continuous,0,3,0,0,0,3,0.0,2,0
Track01973,continuous,1,25,0,0,0,25,0.0,2,0
Track01973,continuous,2,35,0,0,0,35,0.0,2,0
Track01973,continuous,3,34,0,0,0,34,0.0,2,0
Track01973,continuous,4,37,32,1,31,36,0.028985507246376812,104,0
Track01973,continuous,5,31,35,1,34,30,0.030303030303030304,159,0
Track01973,continuous,6,42,37,1,36,41,0.02531645569620253,163,0
Track01973,continuous,7,72,37,0,37,72,0.0,163,0
Track01973,continuous,8,74,40,3,37,71,0.05263157894736842,169,0
Track01973,continuous,9,72,53,0,53,72,0.0,185,0
Track01973,continuous,10,80,51,2,49,78,0.030534351145038167,183,0
Track01973,continuous,11,102,61,2,59,100,0.024539877300613498,207,0
Track01973,continuous,12,95,64,3,61,92,0.03773584905660377,217,0
Track01973,continuous,13,77,64,2,62,75,0.028368794326241134,217,0
Track01973,continuous,14,91,64,0,64,91,0.0,217,0
Track01973,continuous,15,84,204,0,204,84,0.0,388,0
Track01973,continuous,16,86,85,3,82,83,0.03508771929824561,261,0
Track01973,continuous,17,101,85,0,85,101,0.0,257,0
Track01973,continuous,18,107,85,0,85,107,0.0,257,0
Track01973,continuous,19,85,80,1,79,84,0.012121212121212121,247,0
Track01973,continuous,20,144,85,5,80,139,0.043668122270742356,254,0
Track01973,continuous,21,132,105,2,103,130,0.016877637130801686,327,0
Track01973,continuous,22,140,111,1,110,139,0.00796812749003984,351,0
Track01973,continuous,23,134,137,4,133,130,0.02952029520295203,419,0
Track01973,continuous,24,143,109,0,109,143,0.0,347,0
Track01973,continuous,25,104,73,0,73,104,0.0,233,0
Track01973,continuous,26,82,75,0,75,82,0.0,237,0
Track01973,continuous,27,94,72,0,72,94,0.0,227,0
Track01973,continuous,28,94,72,0,72,94,0.0,227,0
Track01973,continuous,29,75,70,0,70,75,0.0,223,0
Track01973,continuous,30,101,70,0,70,101,0.0,223,0
Track01973,continuous,31,114,70,0,70,114,0.0,223,0
Track01973,continuous,32,83,67,0,67,83,0.0,209,0
Track01973,continuous,33,148,70,0,70,148,0.0,223,0
Track01973,continuous,34,140,70,1,69,139,0.009523809523809525,223,0
Track01973,continuous,35,141,71,1,70,140,0.009433962264150943,225,0
Track01973,continuous,36,137,71,0,71,137,0.0,225,0
Track01973,continuous,37,152,71,0,71,152,0.0,225,0
Track01973,continuous,38,149,71,1,70,148,0.00909090909090909,225,0
Track01973,continuous,39,200,71,1,70,199,0.007380073800738007,225,0
Track01973,continuous,40,201,73,0,73,201,0.0,229,0
Track01973,continuous,41,192,71,0,71,192,0.0,225,0
Track01973,continuous,42,203,71,1,70,202,0.0072992700729927005,225,0
Track01973,continuous,43,187,71,1,70,186,0.007751937984496124,225,0
Track01973,continuous,44,216,71,0,71,216,0.0,225,0
Track01973,continuous,45,187,73,0,73,187,0.0,229,0
Track01973,continuous,46,211,73,1,72,210,0.007042253521126761,229,0
Track01973,continuous,47,195,73,1,72,194,0.007462686567164179,229,0
Track01973,continuous,48,205,73,0,73,205,0.0,229,0
Track01973,continuous,49,202,73,0,73,202,0.0,229,0
Track01973,continuous,50,201,73,0,73,201,0.0,229,0
Track01973,continuous,51,49,65,0,65,49,0.0,202,0
Track01973,continuous,52,0,65,0,65,0,0.0,218,0
Track01973,continuous,53,0,54,0,54,0,0.0,279,0
Track01973,reset,0,3,0,0,0,3,0.0,2,0
Track01973,reset,1,25,50,0,50,25,0.0,227,0
Track01973,reset,2,35,386,0,386,35,0.0,1852,0
Track01973,reset,3,34,366,2,364,32,0.01,2034,0
Track01973,reset,4,37,111,0,111,37,0.0,623,0
Track01973,reset,5,31,204,0,204,31,0.0,766,0
Track01973,reset,6,42,156,0,156,42,0.0,912,0
Track01973,reset,7,72,428,8,420,64,0.032,2414,0
Track01973,reset,8,74,525,5,520,69,0.01669449081803005,2873,0
Track01973,reset,9,72,209,0,209,72,0.0,776,0
Track01973,reset,10,80,793,8,785,72,0.018327605956471937,4055,1
Track01973,reset,11,102,659,9,650,93,0.023653088042049936,3474,0
Track01973,reset,12,95,682,2,680,93,0.005148005148005148,4028,1
Track01973,reset,13,77,621,5,616,72,0.014326647564469915,3225,0
Track01973,reset,14,91,458,9,449,82,0.03278688524590164,2430,0
Track01973,reset,15,84,361,8,353,76,0.035955056179775284,2093,0
Track01973,reset,16,86,704,3,701,83,0.007594936708860759,3980,1
Track01973,reset,17,101,514,9,505,92,0.02926829268292683,2563,0
Track01973,reset,18,107,659,12,647,95,0.031331592689295036,3474,0
Track01973,reset,19,85,682,2,680,83,0.005215123859191656,4096,1
Track01973,reset,20,144,776,3,773,141,0.006521739130434782,4019,1
Track01973,reset,21,132,497,9,488,123,0.028616852146263912,2608,0
Track01973,reset,22,140,586,8,578,132,0.02203856749311295,3046,0
Track01973,reset,23,134,463,12,451,122,0.04020100502512563,2474,0
Track01973,reset,24,143,296,2,294,141,0.009111617312072893,2123,0
Track01973,reset,25,104,516,7,509,97,0.02258064516129032,2591,0
Track01973,reset,26,82,463,4,459,78,0.014678899082568808,2442,0
Track01973,reset,27,94,565,8,557,86,0.024279210925644917,2926,0
Track01973,reset,28,94,566,3,563,91,0.00909090909090909,3274,0
Track01973,reset,29,75,579,0,579,75,0.0,3487,0
Track01973,reset,30,101,439,9,430,92,0.03333333333333333,2279,0
Track01973,reset,31,114,484,12,472,102,0.04013377926421405,2696,0
Track01973,reset,32,83,380,2,378,81,0.008639308855291577,2114,0
Track01973,reset,33,148,385,13,372,135,0.04878048780487805,2043,0
Track01973,reset,34,140,497,10,487,130,0.03139717425431711,2608,0
Track01973,reset,35,141,423,6,417,135,0.02127659574468085,2276,0
Track01973,reset,36,137,545,17,528,120,0.04985337243401759,2808,0
Track01973,reset,37,152,423,10,413,142,0.034782608695652174,2160,0
Track01973,reset,38,149,219,2,217,147,0.010869565217391304,1618,0
Track01973,reset,39,200,502,4,498,196,0.011396011396011397,2658,0
Track01973,reset,40,201,297,4,293,197,0.01606425702811245,1964,0
Track01973,reset,41,192,312,3,309,189,0.011904761904761904,2198,0
Track01973,reset,42,203,577,8,569,195,0.020512820512820513,3028,0
Track01973,reset,43,187,566,19,547,168,0.05046480743691899,2937,0
Track01973,reset,44,216,225,4,221,212,0.018140589569160998,1688,0
Track01973,reset,45,187,454,12,442,175,0.0374414976599064,2490,0
Track01973,reset,46,211,267,4,263,207,0.016736401673640166,1919,0
Track01973,reset,47,195,566,3,563,192,0.00788436268068331,2937,0
Track01973,reset,48,205,243,9,234,196,0.04017857142857143,1744,0
Track01973,reset,49,202,555,6,549,196,0.015852047556142668,2941,0
Track01973,reset,50,201,471,12,459,189,0.03571428571428571,2514,0
Track01973,reset,51,49,56,3,53,46,0.05714285714285714,260,0
Track01973,reset,52,0,0,0,0,0,nan,2,0
Track01973,reset,53,0,0,0,0,0,nan,2,0
Track01975,continuous,0,0,0,0,0,0,nan,2,0
Track01975,continuous,1,63,0,0,0,63,0.0,2,0
Track01975,continuous,2,68,0,0,0,68,0.0,2,0
Track01975,continuous,3,114,40,1,39,113,0.012987012987012988,165,0
Track01975,continuous,4,166,41,2,39,164,0.01932367149758454,171,0
Track01975,continuous,5,186,43,1,42,185,0.008733624454148471,169,0
Track01975,continuous,6,185,52,1,51,184,0.008438818565400843,187,0
Track01975,continuous,7,174,60,1,59,173,0.008547008547008548,201,0
Track01975,continuous,8,140,62,0,62,140,0.0,209,0
Track01975,continuous,9,158,65,1,64,157,0.008968609865470852,215,0
Track01975,continuous,10,136,64,0,64,136,0.0,217,0
Track01975,continuous,11,145,78,0,78,145,0.0,243,0
Track01975,continuous,12,157,85,0,85,157,0.0,257,0
Track01975,continuous,13,134,92,0,92,134,0.0,283,0
Track01975,continuous,14,152,95,0,95,152,0.0,280,0
Track01975,continuous,15,103,86,0,86,103,0.0,260,0
Track01975,continuous,16,157,83,4,79,153,0.03333333333333333,254,0
Track01975,continuous,17,174,85,2,83,172,0.015444015444015444,267,0
Track01975,continuous,18,190,80,4,76,186,0.02962962962962963,253,0
Track01975,continuous,19,168,79,5,74,163,0.04048582995951417,247,0
Track01975,continuous,20,173,73,1,72,172,0.008130081300813009,235,0
Track01975,continuous,21,153,74,0,74,153,0.0,241,0
Track01975,continuous,22,160,78,0,78,160,0.0,256,0
Track01975,continuous,23,155,67,0,67,155,0.0,210,0
Track01975,continuous,24,161,66,1,65,160,0.00881057268722467,200,0
Track01975,continuous,25,175,79,0,79,175,0.0,243,0
Track01975,continuous,26,136,85,2,83,134,0.01809954751131222,267,0
Track01975,continuous,27,171,89,0,89,171,0.0,283,0
Track01975,continuous,28,173,103,1,102,172,0.007246376811594203,324,0
Track01975,continuous,29,246,127,0,127,246,0.0,401,0
Track01975,continuous,30,254,76,0,76,254,0.0,245,0
Track01975,continuous,31,246,85,4,81,242,0.02416918429003021,276,0
Track01975,continuous,32,255,88,1,87,254,0.0058309037900874635,283,0
Track01975,continuous,33,266,114,1,113,265,0.005263157894736842,386,0
Track01975,continuous,34,260,190,2,188,258,0.008888888888888889,622,0
Track01975,continuous,35,197,220,0,220,197,0.0,677,0
Track01975,continuous,36,112,259,0,259,112,0.0,783,0
Track01975,continuous,37,182,262,8,254,174,0.036036036036036036,839,0
Track01975,continuous,38,199,481,8,473,191,0.023529411764705882,1820,0
Track01975,continuous,39,188,315,0,315,188,0.0,1411,0
Track01975,continuous,40,192,305,0,305,192,0.0,1512,0
Track01975,continuous,41,164,244,0,244,164,0.0,1248,0
Track01975,continuous,42,171,207,0,207,171,0.0,1126,0
Track01975,continuous,43,145,160,1,159,144,0.006557377049180328,927,0
Track01975,continuous,44,151,175,0,175,151,0.0,1021,0
Track01975,continuous,45,167,194,0,194,167,0.0,1110,0
Track01975,continuous,46,154,146,0,146,154,0.0,655,0
Track01975,continuous,47,172,231,0,231,172,0.0,1276,0
Track01975,continuous,48,126,233,0,233,126,0.0,1466,0
Track01975,continuous,49,99,299,0,299,99,0.0,1881,0
Track01975,continuous,50,0,0,0,0,0,nan,2,0
Track01975,continuous,51,0,0,0,0,0,nan,2,0
Track01975,continuous,52,0,0,0,0,0,nan,2,0
Track01975,reset,0,0,0,0,0,0,nan,2,0
Track01975,reset,1,63,0,0,0,63,0.0,2,0
Track01975,reset,2,68,334,0,334,68,0.0,1631,0
Track01975,reset,3,114,215,1,214,113,0.0060790273556231,864,0
Track01975,reset,4,166,234,9,225,157,0.045,1105,0
Track01975,reset,5,186,113,11,102,175,0.07357859531772576,341,0
Track01975,reset,6,185,376,11,365,174,0.0392156862745098,1503,0
Track01975,reset,7,174,308,6,302,168,0.024896265560165973,1716,0
Track01975,reset,8,140,611,0,611,140,0.0,3688,0
Track01975,reset,9,158,609,0,609,158,0.0,3679,0
Track01975,reset,10,136,122,9,113,127,0.06976744186046512,480,0
Track01975,reset,11,145,626,0,626,145,0.0,3780,0
Track01975,reset,12,157,379,0,379,157,0.0,1949,0
Track01975,reset,13,134,291,0,291,134,0.0,1379,0
Track01975,reset,14,152,452,0,452,152,0.0,2674,0
Track01975,reset,15,103,136,1,135,102,0.008368200836820083,745,0
Track01975,reset,16,157,332,14,318,143,0.05725971370143149,1429,0
Track01975,reset,17,174,426,3,423,171,0.01,2531,0
Track01975,reset,18,190,585,15,570,175,0.03870967741935484,2896,0
Track01975,reset,19,168,484,31,453,137,0.0950920245398773,1885,0
Track01975,reset,20,173,181,5,176,168,0.02824858757062147,487,0
Track01975,reset,21,153,260,11,249,142,0.053268765133171914,1073,0
Track01975,reset,22,160,659,2,657,158,0.004884004884004884,3468,0
Track01975,reset,23,155,361,2,359,153,0.007751937984496124,2093,0
Track01975,reset,24,161,484,4,480,157,0.012403100775193798,2696,0
Track01975,reset,25,175,429,4,425,171,0.013245033112582781,2062,0
Track01975,reset,26,136,329,5,324,131,0.021505376344086023,1789,0
Track01975,reset,27,171,572,6,566,165,0.016150740242261104,2963,0
Track01975,reset,28,173,355,14,341,159,0.05303030303030303,1788,0
Track01975,reset,29,246,659,0,659,246,0.0,3974,1
Track01975,reset,30,254,329,5,324,249,0.017152658662092625,1789,0
Track01975,reset,31,246,270,0,270,246,0.0,1432,0
Track01975,reset,32,255,234,9,225,246,0.03680981595092025,1105,0
Track01975,reset,33,266,331,0,331,266,0.0,2022,0
Track01975,reset,34,260,518,0,518,260,0.0,3036,0
Track01975,reset,35,197,393,0,393,197,0.0,2285,0
Track01975,reset,36,112,93,8,85,104,0.07804878048780488,452,0
Track01975,reset,37,182,251,15,236,167,0.06928406466512702,902,0
Track01975,reset,38,199,471,5,466,194,0.014925373134328358,2736,0
Track01975,reset,39,188,159,12,147,176,0.069164265129683,916,0
Track01975,reset,40,192,637,2,635,190,0.0048250904704463205,3845,0
Track01975,reset,41,164,642,0,642,164,0.0,3878,0
Track01975,reset,42,171,363,3,360,168,0.011235955056179775,1977,0
Track01975,reset,43,145,456,1,455,144,0.0033277870216306157,2711,0
Track01975,reset,44,151,577,5,572,146,0.013736263736263736,3028,0
Track01975,reset,45,167,502,6,496,161,0.017937219730941704,2658,0
Track01975,reset,46,154,502,2,500,152,0.006097560975609756,2658,0
Track01975,reset,47,172,470,1,469,171,0.003115264797507788,2715,0
Track01975,reset,48,126,537,29,508,97,0.08748114630467571,2825,0
Track01975,reset,49,99,286,1,285,98,0.005194805194805195,1996,0
Track01975,reset,50,0,0,0,0,0,nan,2,0
Track01975,reset,51,0,0,0,0,0,nan,2,0
Track01975,reset,52,0,0,0,0,0,nan,2,0
Track01978,continuous,0,31,56,0,56,31,0.0,246,0
Track01978,continuous,1,45,44,0,44,45,0.0,212,0
Track01978,continuous,2,41,48,0,48,41,0.0,242,0
Track01978,continuous,3,31,48,0,48,31,0.0,243,0
Track01978,continuous,4,38,50,0,50,38,0.0,247,0
Track01978,continuous,5,33,50,1,49,32,0.024096385542168676,247,0
Track01978,continuous,6,46,51,0,51,46,0.0,249,0
Track01978,continuous,7,39,51,0,51,39,0.0,249,0
Track01978,continuous,8,47,51,0,51,47,0.0,249,0
Track01978,continuous,9,50,51,0,51,50,0.0,249,0
Track01978,continuous,10,32,51,2,49,30,0.04819277108433735,249,0
Track01978,continuous,11,26,51,0,51,26,0.0,249,0
Track01978,continuous,12,91,58,1,57,90,0.013422818791946308,280,0
Track01978,continuous,13,88,58,2,56,86,0.0273972602739726,280,0
Track01978,continuous,14,78,58,1,57,77,0.014705882352941176,280,0
Track01978,continuous,15,100,58,0,58,100,0.0,280,0
Track01978,continuous,16,103,58,1,57,102,0.012422360248447204,280,0
Track01978,continuous,17,97,58,0,58,97,0.0,280,0
Track01978,continuous,18,99,58,1,57,98,0.012738853503184714,280,0
Track01978,continuous,19,100,58,0,58,100,0.0,280,0
Track01978,continuous,20,93,58,0,58,93,0.0,280,0
Track01978,continuous,21,121,58,1,57,120,0.0111731843575419,280,0
Track01978,continuous,22,112,58,1,57,111,0.011764705882352941,280,0
Track01978,continuous,23,102,58,0,58,102,0.0,280,0
Track01978,continuous,24,124,58,1,57,123,0.01098901098901099,280,0
Track01978,continuous,25,112,58,2,56,110,0.023529411764705882,280,0
Track01978,continuous,26,107,58,1,57,106,0.012121212121212121,280,0
Track01978,continuous,27,103,58,0,58,103,0.0,280,0
Track01978,continuous,28,112,58,1,57,111,0.011764705882352941,280,0
Track01978,continuous,29,141,58,2,56,139,0.020100502512562814,280,0
Track01978,continuous,30,161,58,2,56,159,0.0182648401826484,280,0
Track01978,continuous,31,151,58,4,54,147,0.03827751196172249,280,0
Track01978,continuous,32,170,58,4,54,166,0.03508771929824561,280,0
Track01978,continuous,33,157,58,4,54,153,0.037209302325581395,280,0
Track01978,continuous,34,156,58,5,53,151,0.04672897196261682,280,0
Track01978,continuous,35,152,58,3,55,149,0.02857142857142857,280,0
Track01978,continuous,36,157,58,5,53,152,0.046511627906976744,280,0
Track01978,continuous,37,171,58,3,55,168,0.026200873362445413,280,0
Track01978,continuous,38,156,58,1,57,155,0.009345794392523364,280,0
Track01978,continuous,39,129,58,4,54,125,0.0427807486631016,280,0
Track01978,continuous,40,167,58,3,55,164,0.02666666666666667,280,0
Track01978,continuous,41,152,58,4,54,148,0.0380952380952381,280,0
Track01978,continuous,42,148,58,5,53,143,0.04854368932038835,280,0
Track01978,continuous,43,124,58,1,57,123,0.01098901098901099,280,0
Track01978,continuous,44,138,58,2,56,136,0.02040816326530612,280,0
Track01978,continuous,45,147,58,4,54,143,0.03902439024390244,280,0
Track01978,continuous,46,148,59,3,56,145,0.028985507246376812,282,0
Track01978,continuous,47,122,59,4,55,118,0.04419889502762431,282,0
Track01978,continuous,48,136,59,3,56,133,0.03076923076923077,282,0
Track01978,continuous,49,123,59,3,56,120,0.03296703296703297,282,0
Track01978,continuous,50,145,58,4,54,141,0.03940886699507389,280,0
Track01978,continuous,51,118,58,2,56,116,0.022727272727272728,280,0
Track01978,continuous,52,142,58,4,54,138,0.04,280,0
Track01978,continuous,53,163,58,6,52,157,0.05429864253393665,280,0
Track01978,continuous,54,166,58,6,52,160,0.05357142857142857,280,0
Track01978,continuous,55,149,58,3,55,146,0.028985507246376812,280,0
Track01978,continuous,56,167,58,2,56,165,0.017777777777777778,280,0
Track01978,continuous,57,123,58,2,56,121,0.022099447513812154,280,0
Track01978,continuous,58,39,53,0,53,39,0.0,258,0
Track01978,continuous,59,0,51,0,51,0,0.0,249,0
Track01978,continuous,60,0,0,0,0,0,nan,266,0
Track01978,reset,0,31,56,0,56,31,0.0,246,0
Track01978,reset,1,45,277,0,277,45,0.0,677,0
Track01978,reset,2,41,111,0,111,41,0.0,623,0
Track01978,reset,3,31,382,5,377,26,0.024213075060532687,2113,0
Track01978,reset,4,38,65,0,65,38,0.0,315,0
Track01978,reset,5,33,65,0,65,33,0.0,315,0
Track01978,reset,6,46,377,4,373,42,0.018912529550827423,2088,0
Track01978,reset,7,39,62,0,62,39,0.0,227,0
Track01978,reset,8,47,56,0,56,47,0.0,260,0
Track01978,reset,9,50,276,0,276,50,0.0,675,0
Track01978,reset,10,32,67,0,67,32,0.0,277,0
Track01978,reset,11,26,137,0,137,26,0.0,392,0
Track01978,reset,12,91,639,0,639,91,0.0,3305,0
Track01978,reset,13,88,589,0,589,88,0.0,3174,0
Track01978,reset,14,78,660,0,660,78,0.0,3744,0
Track01978,reset,15,100,530,4,526,96,0.012698412698412698,2859,0
Track01978,reset,16,103,659,7,652,96,0.01837270341207349,3474,0
Track01978,reset,17,97,675,2,673,95,0.0051813471502590676,4030,1
Track01978,reset,18,99,109,0,109,99,0.0,430,0
Track01978,reset,19,100,119,0,119,100,0.0,353,0
Track01978,reset,20,93,670,4,666,89,0.010484927916120577,3951,1
Track01978,reset,21,121,603,4,599,117,0.011049723756906077,3608,0
Track01978,reset,22,112,299,1,298,111,0.004866180048661801,1301,0
Track01978,reset,23,102,234,0,234,102,0.0,1105,0
Track01978,reset,24,124,676,10,666,114,0.025,3492,0
Track01978,reset,25,112,293,1,292,111,0.0049382716049382715,1274,0
Track01978,reset,26,107,223,3,220,104,0.01818181818181818,1025,0
Track01978,reset,27,103,99,2,97,101,0.019801980198019802,363,0
Track01978,reset,28,112,508,17,491,95,0.054838709677419356,2598,0
Track01978,reset,29,141,122,1,121,140,0.0076045627376425855,480,0
Track01978,reset,30,161,271,3,268,158,0.013888888888888888,1263,0
Track01978,reset,31,151,223,4,219,147,0.0213903743315508,1025,0
Track01978,reset,32,170,498,20,478,150,0.059880239520958084,2077,0
Track01978,reset,33,157,677,5,672,152,0.011990407673860911,4096,1
Track01978,reset,34,156,828,22,806,134,0.044715447154471545,4096,1
Track01978,reset,35,152,122,2,120,150,0.014598540145985401,480,0
Track01978,reset,36,157,223,8,215,149,0.042105263157894736,1025,0
Track01978,reset,37,171,272,19,253,152,0.08577878103837472,1453,0
Track01978,reset,38,156,299,11,288,145,0.04835164835164835,1672,0
Track01978,reset,39,129,206,11,195,118,0.06567164179104477,1092,0
Track01978,reset,40,167,301,12,289,155,0.05128205128205128,1808,0
Track01978,reset,41,152,304,10,294,142,0.043859649122807015,1682,0
Track01978,reset,42,148,536,16,520,132,0.04678362573099415,2937,0
Track01978,reset,43,124,170,5,165,119,0.034013605442176874,431,0
Track01978,reset,44,138,260,13,247,125,0.06532663316582915,1403,0
Track01978,reset,45,147,554,10,544,137,0.028530670470756064,2968,0
Track01978,reset,46,148,668,2,666,146,0.004901960784313725,4096,1
Track01978,reset,47,122,577,15,562,107,0.04291845493562232,3028,0
Track01978,reset,48,136,449,20,429,116,0.06837606837606838,2308,0
Track01978,reset,49,123,537,19,518,104,0.05757575757575758,2805,0
Track01978,reset,50,145,583,23,560,122,0.06318681318681318,3062,0
Track01978,reset,51,118,659,26,633,92,0.06692406692406692,3474,0
Track01978,reset,52,142,533,23,510,119,0.06814814814814815,2834,0
Track01978,reset,53,163,545,31,514,132,0.08757062146892655,2808,0
Track01978,reset,54,166,502,19,483,147,0.05688622754491018,2921,0
Track01978,reset,55,149,291,29,262,120,0.1318181818181818,1379,0
Track01978,reset,56,167,502,29,473,138,0.08669656203288491,2658,0
Track01978,reset,57,123,409,11,398,112,0.041353383458646614,2168,0
Track01978,reset,58,39,236,0,236,39,0.0,1196,0
Track01978,reset,59,0,0,0,0,0,nan,2,0
Track01978,reset,60,0,0,0,0,0,nan,2,0
Track01982,continuous,0,128,42,5,37,123,0.058823529411764705,99,0
Track01982,continuous,1,215,60,11,49,204,0.08,135,0
Track01982,continuous,2,217,66,14,52,203,0.0989399293286219,147,0
Track01982,continuous,3,216,67,8,59,208,0.05653710247349823,157,0
Track01982,continuous,4,190,53,10,43,180,0.0823045267489712,122,0
Track01982,continuous,5,197,62,11,51,186,0.08494208494208494,140,0
Track01982,continuous,6,202,52,9,43,193,0.07086614173228346,166,0
Track01982,continuous,7,195,50,5,45,190,0.04081632653061224,211,0
Track01982,continuous,8,201,42,7,35,194,0.05761316872427984,186,0
Track01982,continuous,9,189,40,1,39,188,0.008733624454148471,179,0
Track01982,continuous,10,180,48,0,48,180,0.0,237,0
Track01982,continuous,11,175,48,0,48,175,0.0,237,0
Track01982,continuous,12,179,49,1,48,178,0.008771929824561403,245,0
Track01982,continuous,13,175,47,2,45,173,0.018018018018018018,235,0
Track01982,continuous,14,210,46,5,41,205,0.0390625,227,0
Track01982,continuous,15,213,47,9,38,204,0.06923076923076923,234,0
Track01982,continuous,16,192,54,7,47,185,0.056910569105691054,272,0
Track01982,continuous,17,199,82,5,77,194,0.03558718861209965,370,0
Track01982,continuous,18,201,89,11,78,190,0.07586206896551724,395,0
Track01982,continuous,19,208,119,13,106,195,0.07951070336391437,545,0
Track01982,continuous,20,197,142,16,126,181,0.0943952802359882,641,0
Track01982,continuous,21,195,170,5,165,190,0.0273972602739726,778,0
Track01982,continuous,22,188,172,1,171,187,0.005555555555555556,791,0
Track01982,continuous,23,186,181,0,181,186,0.0,828,0
Track01982,continuous,24,193,184,3,181,190,0.015915119363395226,827,0
Track01982,continuous,25,173,168,7,161,166,0.04105571847507331,762,0
Track01982,continuous,26,211,169,11,158,200,0.05789473684210526,768,0
Track01982,continuous,27,201,161,2,159,199,0.011049723756906077,734,0
Track01982,continuous,28,197,161,0,161,197,0.0,734,0
Track01982,continuous,29,201,161,4,157,197,0.022099447513812154,734,0
Track01982,continuous,30,209,161,6,155,203,0.032432432432432434,734,0
Track01982,continuous,31,85,155,11,144,74,0.09166666666666666,700,0
Track01982,continuous,32,0,156,0,156,0,0.0,702,0
Track01982,continuous,33,0,0,0,0,0,nan,28,0
Track01982,reset,0,128,42,4,38,124,0.047058823529411764,99,0
Track01982,reset,1,215,668,1,667,214,0.0022650056625141564,4096,1
Track01982,reset,2,217,503,13,490,204,0.03611111111111111,2459,0
Track01982,reset,3,216,365,15,350,201,0.05163511187607573,1876,0
Track01982,reset,4,190,299,7,292,183,0.028629856850715747,1746,0
Track01982,reset,5,197,271,9,262,188,0.038461538461538464,1540,0
Track01982,reset,6,202,537,12,525,190,0.03247631935047361,3026,0
Track01982,reset,7,195,363,8,355,187,0.02867383512544803,2092,0
Track01982,reset,8,201,737,11,726,190,0.023454157782515993,3975,1
Track01982,reset,9,189,380,7,373,182,0.02460456942003515,1846,0
Track01982,reset,10,180,433,1,432,179,0.0032626427406199023,2327,0
Track01982,reset,11,175,310,1,309,174,0.004123711340206186,1648,0
Track01982,reset,12,179,393,2,391,177,0.006993006993006993,2192,0
Track01982,reset,13,175,537,2,535,173,0.0056179775280898875,3026,0
Track01982,reset,14,210,570,16,554,194,0.041025641025641026,3187,0
Track01982,reset,15,213,696,14,682,199,0.030803080308030802,4096,1
Track01982,reset,16,192,474,20,454,172,0.06006006006006006,2742,0
Track01982,reset,17,199,360,23,337,176,0.08228980322003578,1908,0
Track01982,reset,18,201,671,7,664,194,0.016055045871559634,4096,1
Track01982,reset,19,208,691,5,686,203,0.011123470522803115,4096,1
Track01982,reset,20,197,769,5,764,192,0.010351966873706004,4096,1
Track01982,reset,21,195,534,3,531,192,0.00823045267489712,2980,0
Track01982,reset,22,188,347,0,347,188,0.0,1930,0
Track01982,reset,23,186,521,2,519,184,0.005657708628005658,2942,0
Track01982,reset,24,193,379,6,373,187,0.02097902097902098,2012,0
Track01982,reset,25,173,524,14,510,159,0.040172166427546625,2748,0
Track01982,reset,26,211,455,12,443,199,0.036036036036036036,2529,0
Track01982,reset,27,201,356,1,355,200,0.003590664272890485,1894,0
Track01982,reset,28,197,356,1,355,196,0.003616636528028933,1894,0
Track01982,reset,29,201,455,19,436,182,0.057926829268292686,2659,0
Track01982,reset,30,209,692,0,692,209,0.0,4096,1
Track01982,reset,31,85,372,6,366,79,0.0262582056892779,1727,0
Track01982,reset,32,0,0,0,0,0,nan,2,0
Track01982,reset,33,0,0,0,0,0,nan,2599,0
Track01987,continuous,0,9,0,0,0,9,0.0,2,0
Track01987,continuous,1,19,51,0,51,19,0.0,236,0
Track01987,continuous,2,21,43,0,43,21,0.0,227,0
Track01987,continuous,3,21,45,0,45,21,0.0,237,0
Track01987,continuous,4,26,45,0,45,26,0.0,237,0
Track01987,continuous,5,29,46,0,46,29,0.0,239,0
Track01987,continuous,6,52,49,0,49,52,0.0,245,0
Track01987,continuous,7,58,48,0,48,58,0.0,237,0
Track01987,continuous,8,60,50,0,50,60,0.0,247,0
Track01987,continuous,9,61,50,0,50,61,0.0,247,0
Track01987,continuous,10,45,50,0,50,45,0.0,247,0
Track01987,continuous,11,48,50,0,50,48,0.0,247,0
Track01987,continuous,12,49,50,0,50,49,0.0,247,0
Track01987,continuous,13,46,50,0,50,46,0.0,247,0
Track01987,continuous,14,59,50,0,50,59,0.0,247,0
Track01987,continuous,15,80,50,0,50,80,0.0,247,0
Track01987,continuous,16,77,50,0,50,77,0.0,247,0
Track01987,continuous,17,101,48,0,48,101,0.0,237,0
Track01987,continuous,18,96,50,0,50,96,0.0,247,0
Track01987,continuous,19,97,50,1,49,96,0.013605442176870748,247,0
Track01987,continuous,20,118,50,2,48,116,0.023809523809523808,247,0
Track01987,continuous,21,126,51,0,51,126,0.0,249,0
Track01987,continuous,22,105,50,3,47,102,0.03870967741935484,247,0
Track01987,continuous,23,104,54,1,53,103,0.012658227848101266,260,0
Track01987,continuous,24,97,52,0,52,97,0.0,250,0
Track01987,continuous,25,108,52,0,52,108,0.0,250,0
Track01987,continuous,26,98,48,0,48,98,0.0,237,0
Track01987,continuous,27,100,50,0,50,100,0.0,247,0
Track01987,continuous,28,99,50,0,50,99,0.0,247,0
Track01987,continuous,29,86,50,0,50,86,0.0,247,0
Track01987,continuous,30,87,50,0,50,87,0.0,247,0
Track01987,continuous,31,79,50,1,49,78,0.015503875968992248,247,0
Track01987,continuous,32,100,50,1,49,99,0.013333333333333334,247,0
Track01987,continuous,33,47,50,0,50,47,0.0,247,0
Track01987,continuous,34,85,50,2,48,83,0.02962962962962963,247,0
Track01987,continuous,35,71,50,1,49,70,0.01652892561983471,247,0
Track01987,continuous,36,69,50,0,50,69,0.0,247,0
Track01987,continuous,37,82,50,3,47,79,0.045454545454545456,247,0
Track01987,continuous,38,77,50,0,50,77,0.0,247,0
Track01987,continuous,39,98,50,3,47,95,0.04054054054054054,247,0
Track01987,continuous,40,104,50,1,49,103,0.012987012987012988,247,0
Track01987,continuous,41,95,50,0,50,95,0.0,247,0
Track01987,continuous,42,100,50,3,47,97,0.04,247,0
Track01987,continuous,43,119,55,1,54,118,0.011494252873563218,262,0
Track01987,continuous,44,131,52,2,50,129,0.02185792349726776,250,0
Track01987,continuous,45,95,52,1,51,94,0.013605442176870748,250,0
Track01987,continuous,46,106,48,0,48,106,0.0,237,0
Track01987,continuous,47,99,48,3,45,96,0.04081632653061224,237,0
Track01987,continuous,48,70,50,0,50,70,0.0,247,0
Track01987,continuous,49,75,50,0,50,75,0.0,247,0
Track01987,continuous,50,67,50,0,50,67,0.0,247,0
Track01987,continuous,51,105,50,0,50,105,0.0,247,0
Track01987,continuous,52,89,50,0,50,89,0.0,247,0
Track01987,continuous,53,87,50,0,50,87,0.0,247,0
Track01987,continuous,54,93,50,0,50,93,0.0,247,0
Track01987,continuous,55,17,50,0,50,17,0.0,243,0
Track01987,continuous,56,59,50,0,50,59,0.0,243,0
Track01987,continuous,57,0,50,0,50,0,0.0,247,0
Track01987,continuous,58,0,0,0,0,0,nan,221,0
Track01987,reset,0,9,0,0,0,9,0.0,2,0
Track01987,reset,1,19,51,0,51,19,0.0,205,0
Track01987,reset,2,21,61,0,61,21,0.0,225,0
Track01987,reset,3,21,277,0,277,21,0.0,677,0
Track01987,reset,4,26,219,0,219,26,0.0,763,0
Track01987,reset,5,29,51,0,51,29,0.0,205,0
Track01987,reset,6,52,49,0,49,52,0.0,205,0
Track01987,reset,7,58,288,0,288,58,0.0,1366,0
Track01987,reset,8,60,545,1,544,59,0.003305785123966942,2717,0
Track01987,reset,9,61,267,2,265,59,0.012195121951219513,1766,0
Track01987,reset,10,45,56,0,56,45,0.0,260,0
Track01987,reset,11,48,380,0,380,48,0.0,1487,0
Track01987,reset,12,49,312,0,312,49,0.0,1888,0
Track01987,reset,13,46,441,0,441,46,0.0,2374,0
Track01987,reset,14,59,214,1,213,58,0.007326007326007326,862,0
Track01987,reset,15,80,511,1,510,79,0.00338409475465313,2954,0
Track01987,reset,16,77,554,2,552,75,0.006339144215530904,2853,0
Track01987,reset,17,101,438,2,436,99,0.0074211502782931356,2553,0
Track01987,reset,18,96,207,3,204,93,0.019801980198019802,1327,0
Track01987,reset,19,97,470,9,461,88,0.031746031746031744,2424,0
Track01987,reset,20,118,700,3,697,115,0.007334963325183374,4096,1
Track01987,reset,21,126,245,2,243,124,0.01078167115902965,1717,0
Track01987,reset,22,105,453,1,452,104,0.0035842293906810036,2673,0
Track01987,reset,23,104,475,8,467,96,0.027633851468048358,2519,0
Track01987,reset,24,97,428,1,427,96,0.0038095238095238095,2525,0
Track01987,reset,25,108,514,8,506,100,0.02572347266881029,2053,0
Track01987,reset,26,98,122,0,122,98,0.0,480,0
Track01987,reset,27,100,609,1,608,99,0.0028208744710860366,3679,0
Track01987,reset,28,99,265,0,265,99,0.0,1667,0
Track01987,reset,29,86,609,0,609,86,0.0,3676,0
Track01987,reset,30,87,659,2,657,85,0.005361930294906166,3474,0
Track01987,reset,31,79,609,0,609,79,0.0,3676,0
Track01987,reset,32,100,525,5,520,95,0.016,2655,0
Track01987,reset,33,47,557,1,556,46,0.0033112582781456954,3241,0
Track01987,reset,34,85,314,5,309,80,0.02506265664160401,1768,0
Track01987,reset,35,71,602,4,598,67,0.01188707280832095,3568,0
Track01987,reset,36,69,793,8,785,61,0.018561484918793503,4055,1
Track01987,reset,37,82,362,6,356,76,0.02702702702702703,2194,0
Track01987,reset,38,77,504,12,492,65,0.04130808950086059,2515,0
Track01987,reset,39,98,484,6,478,92,0.020618556701030927,2696,0
Track01987,reset,40,104,312,3,309,101,0.014423076923076924,1730,0
Track01987,reset,41,95,287,4,283,91,0.020942408376963352,2038,0
Track01987,reset,42,100,528,8,520,92,0.025477707006369428,2667,0
Track01987,reset,43,119,527,6,521,113,0.018575851393188854,2792,0
Track01987,reset,44,131,577,12,565,119,0.03389830508474576,3028,0
Track01987,reset,45,95,212,1,211,94,0.006514657980456026,1409,0
Track01987,reset,46,106,501,13,488,93,0.042833607907743,2661,0
Track01987,reset,47,99,488,3,485,96,0.010221465076660987,2890,0
Track01987,reset,48,70,364,0,364,70,0.0,1769,0
Track01987,reset,49,75,166,2,164,73,0.016597510373443983,760,0
Track01987,reset,50,67,690,0,690,67,0.0,4096,1
Track01987,reset,51,105,489,1,488,104,0.003367003367003367,2553,0
Track01987,reset,52,89,211,0,211,89,0.0,1411,0
Track01987,reset,53,87,211,3,208,84,0.020134228187919462,1411,0
Track01987,reset,54,93,442,1,441,92,0.003738317757009346,2614,0
Track01987,reset,55,17,188,0,188,17,0.0,717,0
Track01987,reset,56,59,0,0,0,59,0.0,2,0
Track01987,reset,57,0,0,0,0,0,nan,2,0
Track01987,reset,58,0,0,0,0,0,nan,73,0
Track01990,continuous,0,11,0,0,0,11,0.0,2,0
Track01990,continuous,1,22,0,0,0,22,0.0,2,0
Track01990,continuous,2,26,0,0,0,26,0.0,2,0
Track01990,continuous,3,21,0,0,0,21,0.0,2,0
Track01990,continuous,4,8,0,0,0,8,0.0,2,0
Track01990,continuous,5,6,0,0,0,6,0.0,2,0
Track01990,continuous,6,3,0,0,0,3,0.0,2,0
Track01990,continuous,7,11,0,0,0,11,0.0,2,0
Track01990,continuous,8,7,0,0,0,7,0.0,2,0
Track01990,continuous,9,14,47,0,47,14,0.0,185,0
Track01990,continuous,10,42,41,0,41,42,0.0,179,0
Track01990,continuous,11,61,53,0,53,61,0.0,202,0
Track01990,continuous,12,74,50,0,50,74,0.0,189,0
Track01990,continuous,13,61,60,0,60,61,0.0,223,0
Track01990,continuous,14,77,59,0,59,77,0.0,205,0
Track01990,continuous,15,73,71,0,71,73,0.0,249,0
Track01990,continuous,16,64,81,0,81,64,0.0,323,0
Track01990,continuous,17,76,85,0,85,76,0.0,366,0
Track01990,continuous,18,96,81,0,81,96,0.0,354,0
Track01990,continuous,19,90,65,1,64,89,0.012903225806451613,296,0
Track01990,continuous,20,75,64,3,61,72,0.04316546762589928,287,0
Track01990,continuous,21,61,57,5,52,56,0.0847457627118644,267,0
Track01990,continuous,22,72,52,0,52,72,0.0,251,0
Track01990,continuous,23,82,51,0,51,82,0.0,249,0
Track01990,continuous,24,77,51,0,51,77,0.0,249,0
Track01990,continuous,25,87,50,0,50,87,0.0,247,0
Track01990,continuous,26,71,50,0,50,71,0.0,247,0
Track01990,continuous,27,63,47,0,47,63,0.0,229,0
Track01990,continuous,28,60,50,0,50,60,0.0,247,0
Track01990,continuous,29,53,47,0,47,53,0.0,229,0
Track01990,continuous,30,67,50,0,50,67,0.0,247,0
Track01990,continuous,31,74,50,0,50,74,0.0,247,0
Track01990,continuous,32,61,47,0,47,61,0.0,229,0
Track01990,continuous,33,75,50,0,50,75,0.0,247,0
Track01990,continuous,34,68,50,0,50,68,0.0,247,0
Track01990,continuous,35,68,47,0,47,68,0.0,229,0
Track01990,continuous,36,81,50,0,50,81,0.0,247,0
Track01990,continuous,37,57,50,0,50,57,0.0,247,0
Track01990,continuous,38,75,50,0,50,75,0.0,247,0
Track01990,continuous,39,90,56,0,56,90,0.0,276,0
Track01990,continuous,40,83,56,0,56,83,0.0,276,0
Track01990,continuous,41,83,52,1,51,82,0.014814814814814815,257,0
Track01990,continuous,42,80,50,2,48,78,0.03076923076923077,247,0
Track01990,continuous,43,66,40,2,38,64,0.03773584905660377,197,0
Track01990,continuous,44,21,42,0,42,21,0.0,201,0
Track01990,continuous,45,40,49,0,49,40,0.0,239,0
Track01990,continuous,46,47,50,0,50,47,0.0,247,0
Track01990,continuous,47,104,51,2,49,102,0.025806451612903226,249,0
Track01990,continuous,48,83,51,2,49,81,0.029850746268656716,249,0
Track01990,continuous,49,97,51,1,50,96,0.013513513513513514,249,0
Track01990,continuous,50,111,51,4,47,107,0.04938271604938271,245,0
Track01990,continuous,51,97,51,4,47,93,0.05405405405405406,245,0
Track01990,continuous,52,100,51,2,49,98,0.026490066225165563,249,0
Track01990,continuous,53,113,52,1,51,112,0.012121212121212121,247,0
Track01990,continuous,54,97,51,2,49,95,0.02702702702702703,245,0
Track01990,continuous,55,87,52,1,51,86,0.014388489208633094,247,0
Track01990,continuous,56,91,51,3,48,88,0.04225352112676056,249,0
Track01990,continuous,57,87,51,2,49,85,0.028985507246376812,249,0
Track01990,continuous,58,82,51,2,49,80,0.03007518796992481,249,0
Track01990,continuous,59,107,52,1,51,106,0.012578616352201259,247,0
Track01990,continuous,60,110,54,2,52,108,0.024390243902439025,261,0
Track01990,continuous,61,100,51,1,50,99,0.013245033112582781,245,0
Track01990,continuous,62,85,51,3,48,82,0.04411764705882353,245,0
Track01990,continuous,63,48,55,0,55,48,0.0,265,0
Track01990,continuous,64,46,55,5,50,41,0.09900990099009901,265,0
Track01990,continuous,65,55,51,0,51,55,0.0,245,0
Track01990,continuous,66,96,51,1,50,95,0.013605442176870748,245,0
Track01990,continuous,67,100,0,0,0,100,0.0,2,0
Track01990,continuous,68,111,0,0,0,111,0.0,2,0
Track01990,continuous,69,111,49,2,47,109,0.025,239,0
Track01990,continuous,70,101,50,0,50,101,0.0,247,0
Track01990,continuous,71,80,51,2,49,78,0.030534351145038167,245,0
Track01990,continuous,72,89,51,3,48,86,0.04285714285714286,249,0
Track01990,continuous,73,101,50,0,50,101,0.0,243,0
Track01990,continuous,74,106,50,0,50,106,0.0,243,0
Track01990,continuous,75,104,51,3,48,101,0.03870967741935484,249,0
Track01990,continuous,76,114,51,0,51,114,0.0,249,0
Track01990,continuous,77,104,50,3,47,101,0.03896103896103896,243,0
Track01990,continuous,78,117,51,6,45,111,0.07142857142857142,245,0
Track01990,continuous,79,113,51,7,44,106,0.08536585365853659,249,0
Track01990,continuous,80,106,51,9,42,97,0.11464968152866242,249,0
Track01990,continuous,81,108,50,1,49,107,0.012658227848101266,243,0
Track01990,continuous,82,104,50,5,45,99,0.06493506493506493,247,0
Track01990,continuous,83,104,50,10,40,94,0.12987012987012986,247,0
Track01990,continuous,84,91,50,2,48,89,0.028368794326241134,247,0
Track01990,continuous,85,0,0,0,0,0,nan,191,0
Track01990,reset,0,11,0,0,0,11,0.0,2,0
Track01990,reset,1,22,64,0,64,22,0.0,313,0
Track01990,reset,2,26,113,0,113,26,0.0,532,0
Track01990,reset,3,21,0,0,0,21,0.0,2,0
Track01990,reset,4,8,0,0,0,8,0.0,2,0
Track01990,reset,5,6,50,0,50,6,0.0,228,0
Track01990,reset,6,3,46,0,46,3,0.0,201,0
Track01990,reset,7,11,233,0,233,11,0.0,1208,0
Track01990,reset,8,7,375,0,375,7,0.0,1874,0
Track01990,reset,9,14,461,0,461,14,0.0,2513,0
Track01990,reset,10,42,259,3,256,39,0.019933554817275746,1725,0
Track01990,reset,11,61,259,14,245,47,0.0875,1794,0
Track01990,reset,12,74,265,11,254,63,0.06489675516224189,1555,0
Track01990,reset,13,61,464,17,447,44,0.06476190476190476,1851,0
Track01990,reset,14,77,284,9,275,68,0.04986149584487535,1579,0
Track01990,reset,15,73,476,18,458,55,0.06557377049180328,1917,0
Track01990,reset,16,64,231,14,217,50,0.09491525423728814,1572,0
Track01990,reset,17,76,253,11,242,65,0.0668693009118541,1397,0
Track01990,reset,18,96,458,12,446,84,0.04332129963898917,1827,0
Track01990,reset,19,90,329,12,317,78,0.057279236276849645,1878,0
Track01990,reset,20,75,237,12,225,63,0.07692307692307693,1266,0
Track01990,reset,21,61,361,6,355,55,0.02843601895734597,2068,0
Track01990,reset,22,72,255,2,253,70,0.012232415902140673,1182,0
Track01990,reset,23,82,212,4,208,78,0.027210884353741496,746,0
Track01990,reset,24,77,109,2,107,75,0.021505376344086023,430,0
Track01990,reset,25,87,298,3,295,84,0.015584415584415584,1255,0
Track01990,reset,26,71,677,0,677,71,0.0,4001,1
Track01990,reset,27,63,109,2,107,61,0.023255813953488372,430,0
Track01990,reset,28,60,111,1,110,59,0.011695906432748537,473,0
Track01990,reset,29,53,42,0,42,53,0.0,167,0
Track01990,reset,30,67,240,3,237,64,0.019543973941368076,1136,0
Track01990,reset,31,74,253,2,251,72,0.012232415902140673,1559,0
Track01990,reset,32,61,602,12,590,49,0.03619909502262444,2743,0
Track01990,reset,33,75,306,0,306,75,0.0,879,0
Track01990,reset,34,68,324,4,320,64,0.02040816326530612,1282,0
Track01990,reset,35,68,471,3,468,65,0.011131725417439703,2296,0
Track01990,reset,36,81,119,2,117,79,0.02,353,0
Track01990,reset,37,57,62,0,62,57,0.0,263,0
Track01990,reset,38,75,112,0,112,75,0.0,456,0
Track01990,reset,39,90,609,0,609,90,0.0,3676,0
Track01990,reset,40,83,484,1,483,82,0.003527336860670194,2500,0
Track01990,reset,41,83,417,1,416,82,0.004,2099,0
Track01990,reset,42,80,671,0,671,80,0.0,4096,1
Track01990,reset,43,66,583,0,583,66,0.0,2897,0
Track01990,reset,44,21,69,0,69,21,0.0,333,0
Track01990,reset,45,40,65,0,65,40,0.0,315,0
Track01990,reset,46,47,138,2,136,45,0.021621621621621623,531,0
Track01990,reset,47,104,225,11,214,93,0.0668693009118541,728,0
Track01990,reset,48,83,269,12,257,71,0.06818181818181818,1507,0
Track01990,reset,49,97,464,17,447,80,0.06060606060606061,2287,0
Track01990,reset,50,111,235,19,216,92,0.10982658959537572,1151,0
Track01990,reset,51,97,268,22,246,75,0.12054794520547946,1356,0
Track01990,reset,52,100,402,18,384,82,0.07171314741035857,2065,0
Track01990,reset,53,113,383,7,376,106,0.028225806451612902,2129,0
Track01990,reset,54,97,271,9,262,88,0.04891304347826087,1465,0
Track01990,reset,55,87,125,6,119,81,0.05660377358490566,646,0
Track01990,reset,56,91,302,8,294,83,0.04071246819338423,1773,0
Track01990,reset,57,87,189,7,182,80,0.050724637681159424,537,0
Track01990,reset,58,82,364,6,358,76,0.026905829596412557,2184,0
Track01990,reset,59,107,291,13,278,94,0.06532663316582915,1510,0
Track01990,reset,60,110,160,8,152,102,0.05925925925925926,885,0
Track01990,reset,61,100,287,11,276,89,0.056847545219638244,1467,0
Track01990,reset,62,85,282,11,271,74,0.05994550408719346,1576,0
Track01990,reset,63,48,0,0,0,48,0.0,2,0
Track01990,reset,64,46,0,0,0,46,0.0,2,0
Track01990,reset,65,55,0,0,0,55,0.0,2,0
Track01990,reset,66,96,0,0,0,96,0.0,2,0
Track01990,reset,67,100,0,0,0,100,0.0,2,0
Track01990,reset,68,111,0,0,0,111,0.0,2,0
Track01990,reset,69,111,108,9,99,102,0.0821917808219178,533,0
Track01990,reset,70,101,0,0,0,101,0.0,2,0
Track01990,reset,71,80,55,5,50,75,0.07407407407407407,197,0
Track01990,reset,72,89,183,6,177,83,0.04411764705882353,752,0
Track01990,reset,73,101,0,0,0,101,0.0,2,0
Track01990,reset,74,106,0,0,0,106,0.0,2,0
Track01990,reset,75,104,0,0,0,104,0.0,2,0
Track01990,reset,76,114,56,4,52,110,0.047058823529411764,251,0
Track01990,reset,77,104,0,0,0,104,0.0,2,0
Track01990,reset,78,117,0,0,0,117,0.0,2,0
Track01990,reset,79,113,41,4,37,109,0.05194805194805195,168,0
Track01990,reset,80,106,56,5,51,101,0.06172839506172839,243,0
Track01990,reset,81,108,0,0,0,108,0.0,2,0
Track01990,reset,82,104,0,0,0,104,0.0,2,0
Track01990,reset,83,104,0,0,0,104,0.0,2,0
Track01990,reset,84,91,0,0,0,91,0.0,2,0
Track01990,reset,85,0,0,0,0,0,nan,2,0
Track01993,continuous,0,36,37,0,37,36,0.0,164,0
Track01993,continuous,1,60,35,2,33,58,0.042105263157894736,150,0
Track01993,continuous,2,58,42,9,33,49,0.18,201,0
Track01993,continuous,3,61,45,10,35,51,0.18867924528301888,236,0
Track01993,continuous,4,58,38,5,33,53,0.10416666666666667,198,0
Track01993,continuous,5,67,41,6,35,61,0.1111111111111111,224,0
Track01993,continuous,6,75,38,6,32,69,0.10619469026548672,211,0
Track01993,continuous,7,75,39,5,34,70,0.08771929824561403,219,0
Track01993,continuous,8,64,39,6,33,58,0.11650485436893204,219,0
Track01993,continuous,9,79,39,7,32,72,0.11864406779661017,219,0
Track01993,continuous,10,75,42,4,38,71,0.06837606837606838,226,0
Track01993,continuous,11,77,41,6,35,71,0.1016949152542373,228,0
Track01993,continuous,12,82,41,7,34,75,0.11382113821138211,228,0
Track01993,continuous,13,68,42,6,36,62,0.10909090909090909,226,0
Track01993,continuous,14,68,41,7,34,61,0.12844036697247707,228,0
Track01993,continuous,15,93,41,7,34,86,0.1044776119402985,228,0
Track01993,continuous,16,116,41,5,36,111,0.06369426751592357,228,0
Track01993,continuous,17,118,41,7,34,111,0.0880503144654088,228,0
Track01993,continuous,18,144,41,8,33,136,0.08648648648648649,228,0
Track01993,continuous,19,116,41,5,36,111,0.06369426751592357,228,0
Track01993,continuous,20,142,41,6,35,136,0.06557377049180328,228,0
Track01993,continuous,21,140,41,8,33,132,0.08839779005524862,228,0
Track01993,continuous,22,118,41,5,36,113,0.06289308176100629,228,0
Track01993,continuous,23,127,41,6,35,121,0.07142857142857142,228,0
Track01993,continuous,24,134,41,7,34,127,0.08,228,0
Track01993,continuous,25,124,41,5,36,119,0.06060606060606061,228,0
Track01993,continuous,26,131,41,7,34,124,0.08139534883720931,228,0
Track01993,continuous,27,84,41,8,33,76,0.128,228,0
Track01993,continuous,28,77,41,5,36,72,0.0847457627118644,228,0
Track01993,continuous,29,74,41,6,35,68,0.10434782608695652,228,0
Track01993,continuous,30,75,41,7,34,68,0.1206896551724138,228,0
Track01993,continuous,31,80,41,5,36,75,0.08264462809917356,228,0
Track01993,continuous,32,83,41,6,35,77,0.0967741935483871,228,0
Track01993,continuous,33,97,41,7,34,90,0.10144927536231885,228,0
Track01993,continuous,34,87,41,4,37,83,0.0625,228,0
Track01993,continuous,35,76,41,6,35,70,0.10256410256410256,228,0
Track01993,continuous,36,78,41,8,33,70,0.13445378151260504,228,0
Track01993,continuous,37,69,41,5,36,64,0.09090909090909091,228,0
Track01993,continuous,38,52,41,7,34,45,0.15053763440860216,228,0
Track01993,continuous,39,67,41,7,34,60,0.12962962962962962,228,0
Track01993,continuous,40,72,41,5,36,67,0.08849557522123894,228,0
Track01993,continuous,41,67,41,7,34,60,0.12962962962962962,228,0
Track01993,continuous,42,83,41,8,33,75,0.12903225806451613,228,0
Track01993,continuous,43,97,42,5,37,92,0.07194244604316546,231,0
Track01993,continuous,44,123,42,6,36,117,0.07272727272727272,230,0
Track01993,continuous,45,140,44,8,36,132,0.08695652173913043,234,0
Track01993,continuous,46,133,45,5,40,128,0.056179775280898875,237,0
Track01993,continuous,47,72,49,1,48,71,0.01652892561983471,245,0
Track01993,continuous,48,20,50,0,50,20,0.0,247,0
Track01993,continuous,49,110,51,3,48,107,0.037267080745341616,249,0
Track01993,continuous,50,110,52,6,46,104,0.07407407407407407,251,0
Track01993,continuous,51,122,52,6,46,116,0.06896551724137931,251,0
Track01993,continuous,52,115,52,4,48,111,0.04790419161676647,251,0
Track01993,continuous,53,96,52,4,48,92,0.05405405405405406,251,0
Track01993,continuous,54,120,52,6,46,114,0.06976744186046512,251,0
Track01993,continuous,55,115,52,5,47,110,0.059880239520958084,251,0
Track01993,continuous,56,112,52,6,46,106,0.07317073170731707,251,0
Track01993,continuous,57,122,52,7,45,115,0.08045977011494253,251,0
Track01993,continuous,58,116,52,4,48,112,0.047619047619047616,251,0
Track01993,continuous,59,117,52,5,47,112,0.05917159763313609,251,0
Track01993,continuous,60,119,52,6,46,113,0.07017543859649122,251,0
Track01993,continuous,61,130,52,5,47,125,0.054945054945054944,251,0
Track01993,continuous,62,120,52,6,46,114,0.06976744186046512,251,0
Track01993,continuous,63,129,52,4,48,125,0.04419889502762431,251,0
Track01993,continuous,64,123,52,2,50,121,0.022857142857142857,251,0
Track01993,continuous,65,71,51,1,50,70,0.01639344262295082,249,0
Track01993,continuous,66,0,50,0,50,0,0.0,243,0
Track01993,continuous,67,0,50,0,50,0,0.0,247,0
Track01993,continuous,68,0,0,0,0,0,nan,257,0
Track01993,reset,0,36,37,2,35,34,0.0547945205479452,164,0
Track01993,reset,1,60,196,2,194,58,0.015625,1304,0
Track01993,reset,2,58,481,11,470,47,0.04081632653061224,2576,0
Track01993,reset,3,61,252,7,245,54,0.04472843450479233,1926,0
Track01993,reset,4,58,545,1,544,57,0.003316749585406302,2946,0
Track01993,reset,5,67,611,6,605,61,0.017699115044247787,3688,0
Track01993,reset,6,75,497,7,490,68,0.024475524475524476,2190,0
Track01993,reset,7,75,394,19,375,56,0.08102345415778252,1639,0
Track01993,reset,8,64,234,4,230,60,0.026845637583892617,906,0
Track01993,reset,9,79,276,17,259,62,0.09577464788732394,1662,0
Track01993,reset,10,75,334,23,311,52,0.11246943765281174,2182,0
Track01993,reset,11,77,103,13,90,64,0.14444444444444443,258,0
Track01993,reset,12,82,238,16,222,66,0.1,994,0
Track01993,reset,13,68,426,18,408,50,0.0728744939271255,2391,0
Track01993,reset,14,68,130,12,118,56,0.12121212121212122,464,0
Track01993,reset,15,93,238,11,227,82,0.06646525679758308,1369,0
Track01993,reset,16,116,453,6,447,110,0.0210896309314587,2672,0
Track01993,reset,17,118,483,15,468,103,0.04991680532445923,2881,0
Track01993,reset,18,144,699,14,685,130,0.033214709371293,4096,1
Track01993,reset,19,116,463,14,449,102,0.04835924006908463,2442,0
Track01993,reset,20,142,676,22,654,120,0.05378973105134474,3481,0
Track01993,reset,21,140,545,40,505,100,0.11678832116788321,2808,0
Track01993,reset,22,118,331,8,323,110,0.035634743875278395,2022,0
Track01993,reset,23,127,292,13,279,114,0.06205250596658711,1725,0
Track01993,reset,24,134,632,5,627,129,0.013054830287206266,3782,0
Track01993,reset,25,124,569,4,565,120,0.011544011544011544,2832,0
Track01993,reset,26,131,611,17,594,114,0.04582210242587601,3688,0
Track01993,reset,27,84,226,10,216,74,0.06451612903225806,928,0
Track01993,reset,28,77,124,8,116,69,0.07960199004975124,496,0
Track01993,reset,29,74,118,12,106,62,0.125,339,0
Track01993,reset,30,75,539,18,521,57,0.05863192182410423,2619,0
Track01993,reset,31,80,534,19,515,61,0.06188925081433225,2042,0
Track01993,reset,32,83,167,3,164,80,0.024,831,0
Track01993,reset,33,97,605,3,602,94,0.008547008547008548,3219,0
Track01993,reset,34,87,363,6,357,81,0.02666666666666667,1977,0
Track01993,reset,35,76,236,15,221,61,0.09615384615384616,1216,0
Track01993,reset,36,78,264,12,252,66,0.07017543859649122,1829,0
Track01993,reset,37,69,329,14,315,55,0.07035175879396985,1789,0
Track01993,reset,38,52,545,12,533,40,0.04020100502512563,2808,0
Track01993,reset,39,67,678,1,677,66,0.0026845637583892616,4096,1
Track01993,reset,40,72,252,11,241,61,0.06790123456790123,1926,0
Track01993,reset,41,67,470,0,470,67,0.0,2715,0
Track01993,reset,42,83,489,1,488,82,0.0034965034965034965,2631,0
Track01993,reset,43,97,544,27,517,70,0.0842433697347894,2655,0
Track01993,reset,44,123,528,16,512,107,0.04915514592933948,2761,0
Track01993,reset,45,140,214,5,209,135,0.02824858757062147,1638,0
Track01993,reset,46,133,539,20,519,113,0.05952380952380952,2888,0
Track01993,reset,47,72,623,13,610,59,0.03741007194244604,3170,0
Track01993,reset,48,20,1029,0,1029,20,0.0,4096,1
Track01993,reset,49,110,574,10,564,100,0.029239766081871343,2976,0
Track01993,reset,50,110,471,17,454,93,0.058519793459552494,2514,0
Track01993,reset,51,122,333,11,322,111,0.04835164835164835,2178,0
Track01993,reset,52,115,536,23,513,92,0.0706605222734255,2676,0
Track01993,reset,53,96,454,18,436,78,0.06545454545454546,2490,0
Track01993,reset,54,120,227,9,218,111,0.05187319884726225,1623,0
Track01993,reset,55,115,522,25,497,90,0.07849293563579278,2764,0
Track01993,reset,56,112,588,35,553,77,0.1,3100,0
Track01993,reset,57,122,511,24,487,98,0.07582938388625593,2724,0
Track01993,reset,58,116,577,38,539,78,0.10966810966810966,3028,0
Track01993,reset,59,117,454,29,425,88,0.10157618213660245,2490,0
Track01993,reset,60,119,529,26,503,93,0.08024691358024691,2820,0
Track01993,reset,61,130,607,7,600,123,0.018995929443690638,3403,0
Track01993,reset,62,120,454,21,433,99,0.07317073170731707,2490,0
Track01993,reset,63,129,571,39,532,90,0.11142857142857143,2688,0
Track01993,reset,64,123,267,12,255,111,0.06153846153846154,1971,0
Track01993,reset,65,71,226,5,221,66,0.03367003367003367,1553,0
Track01993,reset,66,0,0,0,0,0,nan,2,0
Track01993,reset,67,0,0,0,0,0,nan,2,0
Track01993,reset,68,0,0,0,0,0,nan,4096,1
Track01995,continuous,0,26,27,0,27,26,0.0,101,0
Track01995,continuous,1,48,34,0,34,48,0.0,136,0
Track01995,continuous,2,39,43,0,43,39,0.0,186,0
Track01995,continuous,3,48,42,0,42,48,0.0,216,0
Track01995,continuous,4,37,39,0,39,37,0.0,219,0
Track01995,continuous,5,50,40,0,40,50,0.0,227,0
Track01995,continuous,6,52,42,1,41,51,0.02127659574468085,236,0
Track01995,continuous,7,43,42,0,42,43,0.0,236,0
Track01995,continuous,8,41,42,0,42,41,0.0,231,0
Track01995,continuous,9,45,42,0,42,45,0.0,235,0
Track01995,continuous,10,58,40,0,40,58,0.0,227,0
Track01995,continuous,11,48,42,0,42,48,0.0,236,0
Track01995,continuous,12,58,42,2,40,56,0.04,235,0
Track01995,continuous,13,64,43,2,41,62,0.037383177570093455,240,0
Track01995,continuous,14,65,44,3,41,62,0.05504587155963303,243,0
Track01995,continuous,15,69,40,3,37,66,0.05504587155963303,231,0
Track01995,continuous,16,72,40,3,37,69,0.05357142857142857,231,0
Track01995,continuous,17,63,44,3,41,60,0.056074766355140186,243,0
Track01995,continuous,18,57,44,2,42,55,0.039603960396039604,243,0
Track01995,continuous,19,57,40,6,34,51,0.12371134020618557,231,0
Track01995,continuous,20,48,40,3,37,45,0.06818181818181818,231,0
Track01995,continuous,21,50,40,2,38,48,0.044444444444444446,231,0
Track01995,continuous,22,49,43,2,41,47,0.043478260869565216,237,0
Track01995,continuous,23,48,44,3,41,45,0.06521739130434782,243,0
Track01995,continuous,24,41,44,4,40,37,0.09411764705882353,243,0
Track01995,continuous,25,46,46,3,43,43,0.06521739130434782,247,0
Track01995,continuous,26,41,44,0,44,41,0.0,246,0
Track01995,continuous,27,49,44,3,41,46,0.06451612903225806,243,0
Track01995,continuous,28,43,48,4,44,39,0.08791208791208792,262,0
Track01995,continuous,29,50,40,3,37,47,0.06666666666666667,233,0
Track01995,continuous,30,36,43,3,40,33,0.0759493670886076,240,0
Track01995,continuous,31,57,45,3,42,54,0.058823529411764705,234,0
Track01995,continuous,32,57,42,5,37,52,0.10101010101010101,226,0
Track01995,continuous,33,48,44,3,41,45,0.06521739130434782,255,0
Track01995,continuous,34,59,65,2,63,57,0.03225806451612903,344,0
Track01995,continuous,35,66,48,2,46,64,0.03508771929824561,274,0
Track01995,continuous,36,72,42,7,35,65,0.12280701754385964,238,0
Track01995,continuous,37,69,42,4,38,65,0.07207207207207207,243,0
Track01995,continuous,38,78,50,4,46,74,0.0625,269,0
Track01995,continuous,39,46,41,1,40,45,0.022988505747126436,234,0
Track01995,continuous,40,56,41,3,38,53,0.061855670103092786,234,0
Track01995,continuous,41,49,41,3,38,46,0.06666666666666667,234,0
Track01995,continuous,42,58,41,5,36,53,0.10101010101010101,233,0
Track01995,continuous,43,53,39,4,35,49,0.08695652173913043,219,0
Track01995,continuous,44,60,43,3,40,57,0.05825242718446602,249,0
Track01995,continuous,45,62,42,1,41,61,0.019230769230769232,241,0
Track01995,continuous,46,43,40,2,38,41,0.04819277108433735,238,0
Track01995,continuous,47,23,36,0,36,23,0.0,230,0
Track01995,continuous,48,0,32,0,32,0,0.0,212,0
Track01995,continuous,49,0,0,0,0,0,nan,211,0
Track01995,reset,0,26,27,2,25,24,0.07547169811320754,101,0
Track01995,reset,1,48,50,7,43,41,0.14285714285714285,227,0
Track01995,reset,2,39,260,9,251,30,0.06020066889632107,1338,0
Track01995,reset,3,48,131,10,121,38,0.11173184357541899,596,0
Track01995,reset,4,37,332,10,322,27,0.05420054200542006,2201,0
Track01995,reset,5,50,48,5,43,45,0.10204081632653061,184,0
Track01995,reset,6,52,90,6,84,46,0.08450704225352113,334,0
Track01995,reset,7,43,219,8,211,35,0.061068702290076333,1143,0
Track01995,reset,8,41,102,8,94,33,0.11188811188811189,283,0
Track01995,reset,9,45,42,3,39,42,0.06896551724137931,167,0
Track01995,reset,10,58,463,11,452,47,0.04222648752399232,1825,0
Track01995,reset,11,48,331,11,320,37,0.05804749340369393,2033,0
Track01995,reset,12,58,579,2,577,56,0.006279434850863423,3487,0
Track01995,reset,13,64,673,3,670,61,0.008141112618724558,3981,1
Track01995,reset,14,65,263,5,258,60,0.03048780487804878,1145,0
Track01995,reset,15,69,537,18,519,51,0.0594059405940594,2772,0
Track01995,reset,16,72,671,3,668,69,0.008075370121130552,4096,1
Track01995,reset,17,63,109,0,109,63,0.0,430,0
Track01995,reset,18,57,234,4,230,53,0.027491408934707903,1105,0
Track01995,reset,19,57,307,9,298,48,0.04945054945054945,1738,0
Track01995,reset,20,48,605,2,603,46,0.006125574272588055,3626,0
Track01995,reset,21,50,475,10,465,40,0.0380952380952381,2514,0
Track01995,reset,22,49,48,6,42,43,0.12371134020618557,184,0
Track01995,reset,23,48,50,6,44,42,0.12244897959183673,227,0
Track01995,reset,24,41,113,6,107,35,0.07792207792207792,532,0
Track01995,reset,25,46,228,7,221,39,0.051094890510948905,891,0
Track01995,reset,26,41,53,3,50,38,0.06382978723404255,258,0
Track01995,reset,27,49,213,9,204,40,0.06870229007633588,796,0
Track01995,reset,28,43,109,6,103,37,0.07894736842105263,430,0
Track01995,reset,29,50,638,3,635,47,0.00872093023255814,3851,0
Track01995,reset,30,36,450,6,444,30,0.024691358024691357,2899,0
Track01995,reset,31,57,122,7,115,50,0.0782122905027933,480,0
Track01995,reset,32,57,233,1,232,56,0.006896551724137931,1228,0
Track01995,reset,33,48,691,2,689,46,0.005412719891745603,4096,1
Track01995,reset,34,59,363,7,356,52,0.03317535545023697,1977,0
Track01995,reset,35,66,234,11,223,55,0.07333333333333333,1226,0
Track01995,reset,36,72,452,8,444,64,0.030534351145038167,2674,0
Track01995,reset,37,69,570,25,545,44,0.0782472613458529,2839,0
Track01995,reset,38,78,611,3,608,75,0.008708272859216255,3688,0
Track01995,reset,39,46,39,3,36,43,0.07058823529411765,168,0
Track01995,reset,40,56,124,7,117,49,0.07777777777777778,496,0
Track01995,reset,41,49,532,16,516,33,0.055077452667814115,2691,0
Track01995,reset,42,58,565,21,544,37,0.06741573033707865,2926,0
Track01995,reset,43,53,637,2,635,51,0.005797101449275362,3848,0
Track01995,reset,44,60,634,4,630,56,0.011527377521613832,3827,0
Track01995,reset,45,62,466,7,459,55,0.026515151515151516,2473,0
Track01995,reset,46,43,43,5,38,38,0.11627906976744186,173,0
Track01995,reset,47,23,203,1,202,22,0.008849557522123894,728,0
Track01995,reset,48,0,0,0,0,0,nan,2,0
Track01995,reset,49,0,0,0,0,0,nan,413,0
Track02001,continuous,0,29,50,0,50,29,0.0,222,0
Track02001,continuous,1,60,49,0,49,60,0.0,239,0
Track02001,continuous,2,62,49,0,49,62,0.0,239,0
Track02001,continuous,3,74,49,0,49,74,0.0,239,0
Track02001,continuous,4,65,50,0,50,65,0.0,247,0
Track02001,continuous,5,72,50,0,50,72,0.0,247,0
Track02001,continuous,6,72,50,0,50,72,0.0,247,0
Track02001,continuous,7,88,50,0,50,88,0.0,247,0
Track02001,continuous,8,60,50,0,50,60,0.0,247,0
Track02001,continuous,9,70,50,0,50,70,0.0,247,0
Track02001,continuous,10,72,50,0,50,72,0.0,247,0
Track02001,continuous,11,86,50,0,50,86,0.0,247,0
Track02001,continuous,12,89,50,0,50,89,0.0,247,0
Track02001,continuous,13,130,51,0,51,130,0.0,249,0
Track02001,continuous,14,136,51,0,51,136,0.0,249,0
Track02001,continuous,15,130,51,0,51,130,0.0,249,0
Track02001,continuous,16,89,51,0,51,89,0.0,249,0
Track02001,continuous,17,70,50,0,50,70,0.0,247,0
Track02001,continuous,18,72,50,0,50,72,0.0,247,0
Track02001,continuous,19,86,50,0,50,86,0.0,247,0
Track02001,continuous,20,89,50,0,50,89,0.0,247,0
Track02001,continuous,21,130,51,0,51,130,0.0,249,0
Track02001,continuous,22,136,51,0,51,136,0.0,249,0
Track02001,continuous,23,129,51,0,51,129,0.0,249,0
Track02001,continuous,24,102,51,0,51,102,0.0,249,0
Track02001,continuous,25,91,50,0,50,91,0.0,247,0
Track02001,continuous,26,104,50,0,50,104,0.0,247,0
Track02001,continuous,27,88,50,0,50,88,0.0,247,0
Track02001,continuous,28,100,50,0,50,100,0.0,247,0
Track02001,continuous,29,212,51,0,51,212,0.0,249,0
Track02001,continuous,30,199,51,0,51,199,0.0,249,0
Track02001,continuous,31,227,51,0,51,227,0.0,249,0
Track02001,continuous,32,204,51,0,51,204,0.0,249,0
Track02001,continuous,33,228,51,0,51,228,0.0,249,0
Track02001,continuous,34,217,51,0,51,217,0.0,249,0
Track02001,continuous,35,231,52,0,52,231,0.0,251,0
Track02001,continuous,36,222,51,0,51,222,0.0,249,0
Track02001,continuous,37,239,51,0,51,239,0.0,249,0
Track02001,continuous,38,230,51,0,51,230,0.0,249,0
Track02001,continuous,39,236,52,0,52,236,0.0,251,0
Track02001,continuous,40,232,52,0,52,232,0.0,251,0
Track02001,continuous,41,234,56,0,56,234,0.0,271,0
Track02001,continuous,42,228,52,0,52,228,0.0,251,0
Track02001,continuous,43,246,56,0,56,246,0.0,271,0
Track02001,continuous,44,230,55,1,54,229,0.007017543859649123,269,0
Track02001,continuous,45,246,50,0,50,246,0.0,247,0
Track02001,continuous,46,247,51,0,51,247,0.0,249,0
Track02001,continuous,47,239,52,0,52,239,0.0,251,0
Track02001,continuous,48,235,52,0,52,235,0.0,251,0
Track02001,continuous,49,236,56,0,56,236,0.0,271,0
Track02001,continuous,50,247,55,1,54,246,0.006622516556291391,269,0
Track02001,continuous,51,237,56,3,53,234,0.020477815699658702,271,0
Track02001,continuous,52,226,51,2,49,224,0.01444043321299639,249,0
Track02001,continuous,53,238,54,2,52,236,0.0136986301369863,261,0
Track02001,continuous,54,198,50,2,48,196,0.016129032258064516,247,0
Track02001,continuous,55,90,50,0,50,90,0.0,247,0
Track02001,continuous,56,105,50,0,50,105,0.0,247,0
Track02001,continuous,57,90,50,0,50,90,0.0,247,0
Track02001,continuous,58,71,50,0,50,71,0.0,247,0
Track02001,continuous,59,71,50,0,50,71,0.0,247,0
Track02001,continuous,60,59,50,0,50,59,0.0,247,0
Track02001,continuous,61,70,50,0,50,70,0.0,247,0
Track02001,continuous,62,63,50,0,50,63,0.0,247,0
Track02001,continuous,63,84,51,0,51,84,0.0,249,0
Track02001,continuous,64,73,50,0,50,73,0.0,247,0
Track02001,continuous,65,130,51,0,51,130,0.0,249,0
Track02001,continuous,66,136,51,0,51,136,0.0,249,0
Track02001,continuous,67,130,51,0,51,130,0.0,249,0
Track02001,continuous,68,112,51,0,51,112,0.0,249,0
Track02001,continuous,69,222,51,1,50,221,0.007326007326007326,249,0
Track02001,continuous,70,223,51,1,50,222,0.0072992700729927005,249,0
Track02001,continuous,71,232,51,1,50,231,0.007067137809187279,249,0
Track02001,continuous,72,223,51,1,50,222,0.0072992700729927005,249,0
Track02001,continuous,73,234,52,1,51,233,0.006993006993006993,251,0
Track02001,continuous,74,230,51,3,48,227,0.021352313167259787,249,0
Track02001,continuous,75,233,51,3,48,230,0.02112676056338028,249,0
Track02001,continuous,76,227,50,3,47,224,0.021660649819494584,247,0
Track02001,continuous,77,0,50,0,50,0,0.0,247,0
Track02001,reset,0,29,50,0,50,29,0.0,222,0
Track02001,reset,1,60,156,2,154,58,0.018518518518518517,911,0
Track02001,reset,2,62,56,1,55,61,0.01694915254237288,242,0
Track02001,reset,3,74,227,1,226,73,0.006644518272425249,1376,0
Track02001,reset,4,65,206,3,203,62,0.02214022140221402,1238,0
Track02001,reset,5,72,247,0,247,72,0.0,1369,0
Track02001,reset,6,72,227,1,226,71,0.006688963210702341,1376,0
Track02001,reset,7,88,289,2,287,86,0.010610079575596816,1627,0
Track02001,reset,8,60,227,1,226,59,0.006968641114982578,1376,0
Track02001,reset,9,70,646,0,646,70,0.0,3485,0
Track02001,reset,10,72,303,0,303,72,0.0,1537,0
Track02001,reset,11,86,593,0,593,86,0.0,3149,0
Track02001,reset,12,89,181,3,178,86,0.022222222222222223,487,0
Track02001,reset,13,130,99,4,95,126,0.034934497816593885,363,0
Track02001,reset,14,136,122,10,112,126,0.07751937984496124,480,0
Track02001,reset,15,130,99,4,95,126,0.034934497816593885,363,0
Track02001,reset,16,89,528,8,520,81,0.02593192868719611,2559,0
Track02001,reset,17,70,628,0,628,70,0.0,3421,0
Track02001,reset,18,72,299,1,298,71,0.005390835579514825,1485,0
Track02001,reset,19,86,126,0,126,86,0.0,424,0
Track02001,reset,20,89,349,10,339,79,0.045662100456621,1876,0
Track02001,reset,21,130,146,8,138,122,0.057971014492753624,527,0
Track02001,reset,22,136,122,10,112,126,0.07751937984496124,480,0
Track02001,reset,23,129,407,14,393,115,0.05223880597014925,1574,0
Track02001,reset,24,102,388,5,383,97,0.02040816326530612,1560,0
Track02001,reset,25,91,229,3,226,88,0.01875,896,0
Track02001,reset,26,104,147,5,142,99,0.0398406374501992,535,0
Track02001,reset,27,88,271,3,268,85,0.016713091922005572,1052,0
Track02001,reset,28,100,540,4,536,96,0.0125,2615,0
Track02001,reset,29,212,204,14,190,198,0.0673076923076923,1103,0
Track02001,reset,30,199,1264,1,1263,198,0.001367053998632946,4096,1
Track02001,reset,31,227,313,7,306,220,0.025925925925925925,1500,0
Track02001,reset,32,204,1271,1,1270,203,0.0013559322033898306,4096,1
Track02001,reset,33,228,136,4,132,224,0.02197802197802198,691,0
Track02001,reset,34,217,314,18,296,199,0.06779661016949153,1813,0
Track02001,reset,35,231,363,28,335,203,0.09427609427609428,1789,0
Track02001,reset,36,222,167,10,157,212,0.05141388174807198,831,0
Track02001,reset,37,239,274,7,267,232,0.02729044834307992,1606,0
Track02001,reset,38,230,302,11,291,219,0.041353383458646614,1741,0
Track02001,reset,39,236,371,23,348,213,0.0757825370675453,2023,0
Track02001,reset,40,232,300,13,287,219,0.04887218045112782,1649,0
Track02001,reset,41,234,442,9,433,225,0.026627218934911243,2614,0
Track02001,reset,42,228,452,9,443,219,0.026470588235294117,2674,0
Track02001,reset,43,246,450,9,441,237,0.02586206896551724,2656,0
Track02001,reset,44,230,335,25,310,205,0.08849557522123894,1770,0
Track02001,reset,45,246,302,11,291,235,0.040145985401459854,1678,0
Track02001,reset,46,247,302,12,290,235,0.04371584699453552,1678,0
Track02001,reset,47,239,442,9,433,230,0.02643171806167401,2614,0
Track02001,reset,48,235,266,6,260,229,0.023952095808383235,1573,0
Track02001,reset,49,236,457,9,448,227,0.025974025974025976,2698,0
Track02001,reset,50,247,324,13,311,234,0.04553415061295972,1873,0
Track02001,reset,51,237,302,9,293,228,0.03339517625231911,1741,0
Track02001,reset,52,226,331,23,308,203,0.08258527827648116,1906,0
Track02001,reset,53,238,209,11,198,227,0.049217002237136466,981,0
Track02001,reset,54,198,167,7,160,191,0.038356164383561646,831,0
Track02001,reset,55,90,229,3,226,87,0.018808777429467086,896,0
Track02001,reset,56,105,166,3,163,102,0.02214022140221402,836,0
Track02001,reset,57,90,439,3,436,87,0.011342155009451797,1792,0
Track02001,reset,58,71,353,3,350,68,0.014150943396226415,1634,0
Track02001,reset,59,71,200,3,197,68,0.02214022140221402,1199,0
Track02001,reset,60,59,51,0,51,59,0.0,243,0
Track02001,reset,61,70,259,0,259,70,0.0,664,0
Track02001,reset,62,63,186,1,185,62,0.008032128514056224,1029,0
Track02001,reset,63,84,67,1,66,83,0.013245033112582781,307,0
Track02001,reset,64,73,206,1,205,72,0.007168458781362007,1238,0
Track02001,reset,65,130,266,10,256,120,0.050505050505050504,1178,0
Track02001,reset,66,136,122,9,113,127,0.06976744186046512,480,0
Track02001,reset,67,130,300,12,288,118,0.05581395348837209,1215,0
Track02001,reset,68,112,265,10,255,102,0.05305039787798409,1176,0
Track02001,reset,69,222,732,20,712,202,0.041928721174004195,3715,0
Track02001,reset,70,223,326,9,317,214,0.03278688524590164,1853,0
Track02001,reset,71,232,393,34,359,198,0.1088,2116,0
Track02001,reset,72,223,255,14,241,209,0.058577405857740586,1458,0
Track02001,reset,73,234,392,33,359,201,0.10543130990415335,2077,0
Track02001,reset,74,230,254,14,240,216,0.05785123966942149,1413,0
Track02001,reset,75,233,263,17,246,216,0.06854838709677419,1066,0
Track02001,reset,76,227,49,4,45,223,0.028985507246376812,242,0
Track02001,reset,77,0,0,0,0,0,nan,2,0
Track02004,continuous,0,63,48,2,46,61,0.036036036036036036,215,0
Track02004,continuous,1,120,48,0,48,120,0.0,243,0
Track02004,continuous,2,115,50,0,50,115,0.0,247,0
Track02004,continuous,3,122,50,0,50,122,0.0,247,0
Track02004,continuous,4,130,53,0,53,130,0.0,258,0
Track02004,continuous,5,128,56,0,56,128,0.0,270,0
Track02004,continuous,6,133,56,0,56,133,0.0,270,0
Track02004,continuous,7,149,56,0,56,149,0.0,270,0
Track02004,continuous,8,120,56,0,56,120,0.0,270,0
Track02004,continuous,9,137,56,0,56,137,0.0,270,0
Track02004,continuous,10,128,56,0,56,128,0.0,270,0
Track02004,continuous,11,123,56,0,56,123,0.0,270,0
Track02004,continuous,12,116,56,0,56,116,0.0,270,0
Track02004,continuous,13,124,56,0,56,124,0.0,270,0
Track02004,continuous,14,146,56,0,56,146,0.0,270,0
Track02004,continuous,15,149,56,0,56,149,0.0,270,0
Track02004,continuous,16,148,56,0,56,148,0.0,270,0
Track02004,continuous,17,142,56,0,56,142,0.0,270,0
Track02004,continuous,18,128,56,0,56,128,0.0,270,0
Track02004,continuous,19,142,56,0,56,142,0.0,270,0
Track02004,continuous,20,124,56,0,56,124,0.0,270,0
Track02004,continuous,21,99,56,0,56,99,0.0,270,0
Track02004,continuous,22,53,56,0,56,53,0.0,270,0
Track02004,continuous,23,61,56,0,56,61,0.0,270,0
Track02004,continuous,24,59,56,0,56,59,0.0,270,0
Track02004,continuous,25,45,56,0,56,45,0.0,270,0
Track02004,continuous,26,71,56,0,56,71,0.0,270,0
Track02004,continuous,27,87,56,0,56,87,0.0,270,0
Track02004,continuous,28,139,56,0,56,139,0.0,270,0
Track02004,continuous,29,143,56,0,56,143,0.0,270,0
Track02004,continuous,30,156,56,0,56,156,0.0,270,0
Track02004,continuous,31,134,56,0,56,134,0.0,270,0
Track02004,continuous,32,147,56,0,56,147,0.0,270,0
Track02004,continuous,33,135,56,0,56,135,0.0,270,0
Track02004,continuous,34,146,56,1,55,145,0.009900990099009901,270,0
Track02004,continuous,35,148,56,0,56,148,0.0,270,0
Track02004,continuous,36,158,56,0,56,158,0.0,270,0
Track02004,continuous,37,137,56,0,56,137,0.0,270,0
Track02004,continuous,38,152,56,0,56,152,0.0,270,0
Track02004,continuous,39,153,56,0,56,153,0.0,270,0
Track02004,continuous,40,140,56,0,56,140,0.0,270,0
Track02004,continuous,41,63,51,0,51,63,0.0,249,0
Track02004,continuous,42,0,50,0,50,0,0.0,245,0
Track02004,reset,0,63,48,3,45,60,0.05405405405405406,215,0
Track02004,reset,1,120,476,13,463,107,0.0436241610738255,2517,0
Track02004,reset,2,115,445,15,430,100,0.05357142857142857,2325,0
Track02004,reset,3,122,671,3,668,119,0.007566204287515763,4096,1
Track02004,reset,4,130,524,4,520,126,0.012232415902140673,2870,0
Track02004,reset,5,128,639,12,627,116,0.03129074315514994,3305,0
Track02004,reset,6,133,659,14,645,119,0.03535353535353535,3474,0
Track02004,reset,7,149,681,1,680,148,0.0024096385542168677,4096,1
Track02004,reset,8,120,454,0,454,120,0.0,2490,0
Track02004,reset,9,137,525,0,525,137,0.0,2744,0
Track02004,reset,10,128,329,1,328,127,0.00437636761487965,1789,0
Track02004,reset,11,123,438,7,431,116,0.024955436720142603,2541,0
Track02004,reset,12,116,659,18,641,98,0.04645161290322581,3474,0
Track02004,reset,13,124,559,17,542,107,0.04978038067349927,2930,0
Track02004,reset,14,146,562,15,547,131,0.0423728813559322,2815,0
Track02004,reset,15,149,474,13,461,136,0.04173354735152488,2536,0
Track02004,reset,16,148,474,16,458,132,0.05144694533762058,2536,0
Track02004,reset,17,142,470,15,455,127,0.049019607843137254,2397,0
Track02004,reset,18,128,524,0,524,128,0.0,2773,0
Track02004,reset,19,142,559,0,559,142,0.0,2907,0
Track02004,reset,20,124,586,0,586,124,0.0,3063,0
Track02004,reset,21,99,332,2,330,97,0.009280742459396751,1788,0
Track02004,reset,22,53,418,6,412,47,0.025477707006369428,2214,0
Track02004,reset,23,61,590,9,581,52,0.027649769585253458,3023,0
Track02004,reset,24,59,492,9,483,50,0.032667876588021776,2446,0
Track02004,reset,25,45,477,7,470,38,0.02681992337164751,2572,0
Track02004,reset,26,71,393,9,384,62,0.03879310344827586,2288,0
Track02004,reset,27,87,354,4,350,83,0.018140589569160998,2172,0
Track02004,reset,28,139,329,0,329,139,0.0,1789,0
Track02004,reset,29,143,545,0,545,143,0.0,2833,0
Track02004,reset,30,156,582,0,582,156,0.0,3068,0
Track02004,reset,31,134,525,0,525,134,0.0,2744,0
Track02004,reset,32,147,471,0,471,147,0.0,2514,0
Track02004,reset,33,135,502,0,502,135,0.0,2670,0
Track02004,reset,34,146,644,0,644,146,0.0,3376,0
Track02004,reset,35,148,525,0,525,148,0.0,2744,0
Track02004,reset,36,158,521,0,521,158,0.0,2780,0
Track02004,reset,37,137,566,0,566,137,0.0,2937,0
Track02004,reset,38,152,506,0,506,152,0.0,2673,0
Track02004,reset,39,153,518,0,518,153,0.0,2742,0
Track02004,reset,40,140,506,0,506,140,0.0,2454,0
Track02004,reset,41,63,55,0,55,63,0.0,204,0
Track02004,reset,42,0,0,0,0,0,nan,3,0
Track02005,continuous,0,79,42,1,41,78,0.01652892561983471,99,0
Track02005,continuous,1,93,53,0,53,93,0.0,121,0
Track02005,continuous,2,85,49,0,49,85,0.0,121,0
Track02005,continuous,3,77,41,0,41,77,0.0,122,0
Track02005,continuous,4,98,49,5,44,93,0.06802721088435375,194,0
Track02005,continuous,5,83,47,5,42,78,0.07692307692307693,160,0
Track02005,continuous,6,101,51,5,46,96,0.06578947368421052,190,0
Track02005,continuous,7,105,53,5,48,100,0.06329113924050633,195,0
Track02005,continuous,8,95,55,4,51,91,0.05333333333333334,203,0
Track02005,continuous,9,96,49,5,44,91,0.06896551724137931,178,0
Track02005,continuous,10,105,51,5,46,100,0.0641025641025641,183,0
Track02005,continuous,11,102,51,2,49,100,0.026143790849673203,171,0
Track02005,continuous,12,91,52,0,52,91,0.0,189,0
Track02005,continuous,13,94,51,0,51,94,0.0,174,0
Track02005,continuous,14,90,51,0,51,90,0.0,180,0
Track02005,continuous,15,127,51,0,51,127,0.0,174,0
Track02005,continuous,16,129,53,0,53,129,0.0,192,0
Track02005,continuous,17,92,49,0,49,92,0.0,183,0
Track02005,continuous,18,107,50,0,50,107,0.0,177,0
Track02005,continuous,19,129,46,0,46,129,0.0,155,0
Track02005,continuous,20,108,53,0,53,108,0.0,188,0
Track02005,continuous,21,86,50,0,50,86,0.0,180,0
Track02005,continuous,22,98,43,0,43,98,0.0,172,0
Track02005,continuous,23,62,42,0,42,62,0.0,173,0
Track02005,continuous,24,95,49,0,49,95,0.0,187,0
Track02005,continuous,25,88,42,0,42,88,0.0,173,0
Track02005,continuous,26,107,46,0,46,107,0.0,185,0
Track02005,continuous,27,88,46,5,41,83,0.07462686567164178,185,0
Track02005,continuous,28,85,46,8,38,77,0.12213740458015267,185,0
Track02005,continuous,29,89,41,7,34,82,0.1076923076923077,173,0
Track02005,continuous,30,91,41,3,38,88,0.045454545454545456,173,0
Track02005,continuous,31,96,46,4,42,92,0.056338028169014086,187,0
Track02005,continuous,32,98,46,4,42,94,0.05555555555555555,187,0
Track02005,continuous,33,104,46,4,42,100,0.05333333333333334,187,0
Track02005,continuous,34,95,46,4,42,91,0.05673758865248227,187,0
Track02005,continuous,35,87,42,4,38,83,0.06201550387596899,175,0
Track02005,continuous,36,88,42,4,38,84,0.06153846153846154,175,0
Track02005,continuous,37,93,41,3,38,90,0.04477611940298507,173,0
Track02005,continuous,38,126,46,4,42,122,0.046511627906976744,187,0
Track02005,continuous,39,110,46,4,42,106,0.05128205128205128,187,0
Track02005,continuous,40,0,44,0,44,0,0.0,195,0
Track02005,continuous,41,0,54,0,54,0,0.0,211,0
Track02005,reset,0,79,42,3,39,76,0.049586776859504134,99,0
Track02005,reset,1,93,565,18,547,75,0.0547112462006079,2926,0
Track02005,reset,2,85,481,15,466,70,0.053003533568904596,2450,0
Track02005,reset,3,77,187,12,175,65,0.09090909090909091,645,0
Track02005,reset,4,98,775,20,755,78,0.045819014891179836,4096,1
Track02005,reset,5,83,411,19,392,64,0.07692307692307693,1691,0
Track02005,reset,6,101,698,14,684,87,0.03504380475594493,4096,1
Track02005,reset,7,105,555,8,547,97,0.024242424242424242,3271,0
Track02005,reset,8,95,826,12,814,83,0.026058631921824105,4096,1
Track02005,reset,9,96,115,13,102,83,0.12322274881516587,345,0
Track02005,reset,10,105,388,17,371,88,0.06896551724137931,1884,0
Track02005,reset,11,102,642,4,638,98,0.010752688172043012,3878,0
Track02005,reset,12,91,506,19,487,72,0.06365159128978225,2010,0
Track02005,reset,13,94,215,10,205,84,0.06472491909385113,545,0
Track02005,reset,14,90,67,5,62,85,0.06369426751592357,307,0
Track02005,reset,15,127,637,5,632,122,0.013089005235602094,3848,0
Track02005,reset,16,129,502,8,494,121,0.025356576862123614,2658,0
Track02005,reset,17,92,452,15,437,77,0.05514705882352941,2674,0
Track02005,reset,18,107,583,16,567,91,0.0463768115942029,3327,0
Track02005,reset,19,129,263,16,247,113,0.08163265306122448,1156,0
Track02005,reset,20,108,445,17,428,91,0.06148282097649186,2256,0
Track02005,reset,21,86,115,14,101,72,0.13930348258706468,345,0
Track02005,reset,22,98,383,10,373,88,0.04158004158004158,2148,0
Track02005,reset,23,62,245,13,232,49,0.08469055374592833,1354,0
Track02005,reset,24,95,598,25,573,70,0.07215007215007214,3132,0
Track02005,reset,25,88,115,15,100,73,0.1477832512315271,345,0
Track02005,reset,26,107,432,18,414,89,0.06679035250463822,2142,0
Track02005,reset,27,88,593,12,581,76,0.03524229074889868,3548,0
Track02005,reset,28,85,594,18,576,67,0.053019145802650956,3033,0
Track02005,reset,29,89,179,11,168,78,0.08208955223880597,483,0
Track02005,reset,30,91,225,20,205,71,0.12658227848101267,1303,0
Track02005,reset,31,96,427,17,410,79,0.06500956022944551,2315,0
Track02005,reset,32,98,566,21,545,77,0.06325301204819277,2894,0
Track02005,reset,33,104,263,16,247,88,0.08719346049046321,1156,0
Track02005,reset,34,95,251,12,239,83,0.06936416184971098,1452,0
Track02005,reset,35,87,139,10,129,77,0.08849557522123894,733,0
Track02005,reset,36,88,517,20,497,68,0.06611570247933884,2706,0
Track02005,reset,37,93,115,13,102,80,0.125,345,0
Track02005,reset,38,126,606,5,601,121,0.01366120218579235,3656,0
Track02005,reset,39,110,464,8,456,102,0.027874564459930314,2392,0
Track02005,reset,40,0,0,0,0,0,nan,2,0
Track02005,reset,41,0,0,0,0,0,nan,4096,1
Track02014,continuous,0,23,50,0,50,23,0.0,222,0
Track02014,continuous,1,47,49,0,49,47,0.0,239,0
Track02014,continuous,2,35,49,0,49,35,0.0,239,0
Track02014,continuous,3,70,50,0,50,70,0.0,247,0
Track02014,continuous,4,61,50,0,50,61,0.0,247,0
Track02014,continuous,5,56,50,0,50,56,0.0,247,0
Track02014,continuous,6,64,50,0,50,64,0.0,247,0
Track02014,continuous,7,73,51,1,50,72,0.016129032258064516,245,0
Track02014,continuous,8,55,51,1,50,54,0.018867924528301886,249,0
Track02014,continuous,9,62,51,3,48,59,0.05309734513274336,249,0
Track02014,continuous,10,138,51,3,48,135,0.031746031746031744,245,0
Track02014,continuous,11,145,51,4,47,141,0.04081632653061224,249,0
Track02014,continuous,12,153,51,4,47,149,0.0392156862745098,249,0
Track02014,continuous,13,150,51,3,48,147,0.029850746268656716,245,0
Track02014,continuous,14,141,51,3,48,138,0.03125,249,0
Track02014,continuous,15,86,51,4,47,82,0.058394160583941604,249,0
Track02014,continuous,16,55,51,2,49,53,0.03773584905660377,245,0
Track02014,continuous,17,38,50,1,49,37,0.022727272727272728,247,0
Track02014,continuous,18,92,51,4,47,88,0.055944055944055944,249,0
Track02014,continuous,19,80,51,3,48,77,0.04580152671755725,249,0
Track02014,continuous,20,77,51,3,48,74,0.046875,249,0
Track02014,continuous,21,87,51,4,47,83,0.057971014492753624,249,0
Track02014,continuous,22,90,51,3,48,87,0.0425531914893617,245,0
Track02014,continuous,23,75,51,3,48,72,0.047619047619047616,249,0
Track02014,continuous,24,81,51,4,47,77,0.06060606060606061,249,0
Track02014,continuous,25,139,52,3,49,136,0.031413612565445025,247,0
Track02014,continuous,26,145,51,4,47,141,0.04081632653061224,249,0
Track02014,continuous,27,153,51,4,47,149,0.0392156862745098,249,0
Track02014,continuous,28,150,52,3,49,147,0.0297029702970297,247,0
Track02014,continuous,29,141,51,3,48,138,0.03125,249,0
Track02014,continuous,30,124,51,5,46,119,0.05714285714285714,249,0
Track02014,continuous,31,136,51,3,48,133,0.03208556149732621,245,0
Track02014,continuous,32,131,51,3,48,128,0.03296703296703297,249,0
Track02014,continuous,33,151,51,6,45,145,0.0594059405940594,249,0
Track02014,continuous,34,133,51,3,48,130,0.03260869565217391,245,0
Track02014,continuous,35,146,51,3,48,143,0.030456852791878174,249,0
Track02014,continuous,36,163,51,4,47,159,0.037383177570093455,249,0
Track02014,continuous,37,143,52,3,49,140,0.03076923076923077,247,0
Track02014,continuous,38,139,51,3,48,136,0.031578947368421054,249,0
Track02014,continuous,39,155,51,5,46,150,0.04854368932038835,249,0
Track02014,continuous,40,135,52,4,48,131,0.0427807486631016,247,0
Track02014,continuous,41,141,51,3,48,138,0.03125,249,0
Track02014,continuous,42,160,51,7,44,153,0.06635071090047394,249,0
Track02014,continuous,43,142,52,6,46,136,0.061855670103092786,247,0
Track02014,continuous,44,143,51,6,45,137,0.061855670103092786,249,0
Track02014,continuous,45,138,51,10,41,128,0.10582010582010581,249,0
Track02014,continuous,46,133,51,6,45,127,0.06521739130434782,245,0
Track02014,continuous,47,143,51,6,45,137,0.061855670103092786,249,0
Track02014,continuous,48,155,51,8,43,147,0.07766990291262135,245,0
Track02014,continuous,49,146,51,6,45,140,0.06091370558375635,245,0
Track02014,continuous,50,144,51,7,44,137,0.07179487179487179,249,0
Track02014,continuous,51,89,50,5,45,84,0.07194244604316546,243,0
Track02014,continuous,52,0,0,0,0,0,nan,170,0
Track02014,reset,0,23,50,0,50,23,0.0,222,0
Track02014,reset,1,47,330,0,330,47,0.0,2191,0
Track02014,reset,2,35,136,1,135,34,0.011695906432748537,745,0
Track02014,reset,3,70,117,2,115,68,0.0213903743315508,371,0
Track02014,reset,4,61,102,1,101,60,0.012269938650306749,283,0
Track02014,reset,5,56,141,1,140,55,0.01015228426395939,465,0
Track02014,reset,6,64,484,3,481,61,0.010948905109489052,1930,0
Track02014,reset,7,73,281,5,276,68,0.02824858757062147,1784,0
Track02014,reset,8,55,140,1,139,54,0.010256410256410256,418,0
Track02014,reset,9,62,395,4,391,58,0.0175054704595186,2216,0
Track02014,reset,10,138,488,12,476,126,0.038338658146964855,2034,0
Track02014,reset,11,145,225,10,215,135,0.05405405405405406,632,0
Track02014,reset,12,153,508,12,496,141,0.036308623298033284,3040,0
Track02014,reset,13,150,259,10,249,140,0.0488997555012225,1114,0
Track02014,reset,14,141,401,4,397,137,0.014760147601476014,2233,0
Track02014,reset,15,86,292,8,284,78,0.042328042328042326,1591,0
Track02014,reset,16,55,425,3,422,52,0.0125,2437,0
Track02014,reset,17,38,156,0,156,38,0.0,911,0
Track02014,reset,18,92,261,12,249,80,0.0679886685552408,1518,0
Track02014,reset,19,80,109,7,102,73,0.07407407407407407,430,0
Track02014,reset,20,77,332,10,322,67,0.0488997555012225,1390,0
Track02014,reset,21,87,411,14,397,73,0.05622489959839357,2031,0
Track02014,reset,22,90,687,17,670,73,0.043758043758043756,3536,0
Track02014,reset,23,75,178,6,172,69,0.04743083003952569,481,0
Track02014,reset,24,81,283,11,272,70,0.06043956043956044,1483,0
Track02014,reset,25,139,535,13,522,126,0.03857566765578635,2284,0
Track02014,reset,26,145,170,7,163,138,0.044444444444444446,431,0
Track02014,reset,27,153,485,10,475,143,0.03134796238244514,2908,0
Track02014,reset,28,150,341,10,331,140,0.04073319755600815,1480,0
Track02014,reset,29,141,246,4,242,137,0.020671834625323,1443,0
Track02014,reset,30,124,290,7,283,117,0.033816425120772944,1605,0
Track02014,reset,31,136,645,10,635,126,0.02560819462227913,3573,0
Track02014,reset,32,131,250,8,242,123,0.04199475065616798,750,0
Track02014,reset,33,151,695,10,685,141,0.02364066193853428,4069,1
Track02014,reset,34,133,623,9,614,124,0.023809523809523808,3539,0
Track02014,reset,35,146,390,10,380,136,0.03731343283582089,2119,0
Track02014,reset,36,163,518,9,509,154,0.02643171806167401,2518,0
Track02014,reset,37,143,447,13,434,130,0.04406779661016949,2151,0
Track02014,reset,38,139,484,9,475,130,0.028892455858747994,1885,0
Track02014,reset,39,155,743,2,741,153,0.004454342984409799,4096,1
Track02014,reset,40,135,375,8,367,127,0.03137254901960784,1605,0
Track02014,reset,41,141,124,11,113,130,0.0830188679245283,496,0
Track02014,reset,42,160,503,16,487,144,0.048265460030165915,2740,0
Track02014,reset,43,142,563,12,551,130,0.03404255319148936,2297,0
Track02014,reset,44,143,122,9,113,134,0.06792452830188679,480,0
Track02014,reset,45,138,776,8,768,130,0.0175054704595186,4096,1
Track02014,reset,46,133,322,10,312,123,0.04395604395604396,1831,0
Track02014,reset,47,143,372,8,364,135,0.031067961165048542,2246,0
Track02014,reset,48,155,32,9,23,146,0.0962566844919786,111,0
Track02014,reset,49,146,238,8,230,138,0.041666666666666664,1166,0
Track02014,reset,50,144,244,11,233,133,0.05670103092783505,1236,0
Track02014,reset,51,89,0,0,0,89,0.0,2,0
Track02014,reset,52,0,0,0,0,0,nan,2,0
Track02019,continuous,0,1,0,0,0,1,0.0,2,0
Track02019,continuous,1,21,0,0,0,21,0.0,2,0
Track02019,continuous,2,34,0,0,0,34,0.0,2,0
Track02019,continuous,3,36,0,0,0,36,0.0,2,0
Track02019,continuous,4,52,42,5,37,47,0.10638297872340426,170,0
Track02019,continuous,5,58,41,5,36,53,0.10101010101010101,165,0
Track02019,continuous,6,57,41,5,36,52,0.10204081632653061,165,0
Track02019,continuous,7,58,41,5,36,53,0.10101010101010101,165,0
Track02019,continuous,8,60,41,5,36,55,0.09900990099009901,165,0
Track02019,continuous,9,61,41,5,36,56,0.09803921568627451,165,0
Track02019,continuous,10,66,41,5,36,61,0.09345794392523364,165,0
Track02019,continuous,11,72,47,5,42,67,0.08403361344537816,177,0
Track02019,continuous,12,64,43,5,38,59,0.09345794392523364,171,0
Track02019,continuous,13,63,43,5,38,58,0.09433962264150944,171,0
Track02019,continuous,14,68,47,5,42,63,0.08695652173913043,179,0
Track02019,continuous,15,63,45,5,40,58,0.09259259259259259,175,0
Track02019,continuous,16,58,43,5,38,53,0.09900990099009901,171,0
Track02019,continuous,17,57,43,4,39,53,0.08,171,0
Track02019,continuous,18,62,46,5,41,57,0.09259259259259259,177,0
Track02019,continuous,19,59,47,5,42,54,0.09433962264150944,179,0
Track02019,continuous,20,54,43,5,38,49,0.10309278350515463,171,0
Track02019,continuous,21,63,43,5,38,58,0.09433962264150944,171,0
Track02019,continuous,22,61,43,5,38,56,0.09615384615384616,171,0
Track02019,continuous,23,64,43,4,39,60,0.07476635514018691,171,0
Track02019,continuous,24,70,45,5,40,65,0.08695652173913043,175,0
Track02019,continuous,25,64,43,5,38,59,0.09345794392523364,171,0
Track02019,continuous,26,64,46,5,41,59,0.09090909090909091,177,0
Track02019,continuous,27,69,46,5,41,64,0.08695652173913043,177,0
Track02019,continuous,28,64,47,5,42,59,0.09009009009009009,179,0
Track02019,continuous,29,62,43,4,39,58,0.0761904761904762,171,0
Track02019,continuous,30,64,46,5,41,59,0.09090909090909091,177,0
Track02019,continuous,31,63,45,5,40,58,0.09259259259259259,175,0
Track02019,continuous,32,66,46,5,41,61,0.08928571428571429,177,0
Track02019,continuous,33,60,43,1,42,59,0.019417475728155338,171,0
Track02019,continuous,34,67,46,5,41,62,0.08849557522123894,177,0
Track02019,continuous,35,62,46,5,41,57,0.09259259259259259,177,0
Track02019,continuous,36,66,45,4,41,62,0.07207207207207207,175,0
Track02019,continuous,37,73,45,5,40,68,0.0847457627118644,175,0
Track02019,continuous,38,64,46,5,41,59,0.09090909090909091,177,0
Track02019,continuous,39,60,43,5,38,55,0.0970873786407767,171,0
Track02019,continuous,40,63,43,4,39,59,0.07547169811320754,171,0
Track02019,continuous,41,60,43,5,38,55,0.0970873786407767,171,0
Track02019,continuous,42,77,43,4,39,73,0.06666666666666667,171,0
Track02019,continuous,43,72,46,5,41,67,0.0847457627118644,177,0
Track02019,continuous,44,64,46,5,41,59,0.09090909090909091,177,0
Track02019,continuous,45,65,45,5,40,60,0.09090909090909091,175,0
Track02019,continuous,46,69,46,5,41,64,0.08695652173913043,177,0
Track02019,continuous,47,64,45,5,40,59,0.09174311926605505,175,0
Track02019,continuous,48,62,46,5,41,57,0.09259259259259259,177,0
Track02019,continuous,49,63,45,4,41,59,0.07407407407407407,175,0
Track02019,continuous,50,67,46,5,41,62,0.08849557522123894,177,0
Track02019,continuous,51,66,46,5,41,61,0.08928571428571429,177,0
Track02019,continuous,52,66,46,4,42,62,0.07142857142857142,177,0
Track02019,continuous,53,65,43,5,38,60,0.09259259259259259,171,0
Track02019,continuous,54,62,41,5,36,57,0.0970873786407767,167,0
Track02019,continuous,55,65,41,4,37,61,0.07547169811320754,167,0
Track02019,continuous,56,65,0,0,0,65,0.0,2,0
Track02019,continuous,57,37,0,0,0,37,0.0,2,0
Track02019,continuous,58,0,0,0,0,0,nan,2,0
Track02019,continuous,59,0,0,0,0,0,nan,168,0
Track02019,reset,0,1,0,0,0,1,0.0,2,0
Track02019,reset,1,21,0,0,0,21,0.0,2,0
Track02019,reset,2,34,558,0,558,34,0.0,2117,0
Track02019,reset,3,36,41,0,41,36,0.0,164,0
Track02019,reset,4,52,282,0,282,52,0.0,1912,0
Track02019,reset,5,58,227,6,221,52,0.042105263157894736,1376,0
Track02019,reset,6,57,296,11,285,46,0.06232294617563739,2055,0
Track02019,reset,7,58,393,13,380,45,0.057649667405764965,2184,0
Track02019,reset,8,60,318,17,301,43,0.08994708994708994,1633,0
Track02019,reset,9,61,137,10,127,51,0.10101010101010101,559,0
Track02019,reset,10,66,62,5,57,61,0.078125,284,0
Track02019,reset,11,72,67,7,60,65,0.10071942446043165,229,0
Track02019,reset,12,64,735,9,726,55,0.02252816020025031,4096,1
Track02019,reset,13,63,230,11,219,52,0.07508532423208192,1385,0
Track02019,reset,14,68,338,8,330,60,0.03940886699507389,2002,0
Track02019,reset,15,63,307,16,291,47,0.08648648648648649,1650,0
Track02019,reset,16,58,747,10,737,48,0.024844720496894408,4096,1
Track02019,reset,17,57,227,10,217,47,0.07042253521126761,1376,0
Track02019,reset,18,62,302,11,291,51,0.06043956043956044,2102,0
Track02019,reset,19,59,339,9,330,50,0.04522613065326633,2342,0
Track02019,reset,20,54,357,13,344,41,0.06326034063260341,2210,0
Track02019,reset,21,63,250,12,238,51,0.07667731629392971,1499,0
Track02019,reset,22,61,297,10,287,51,0.055865921787709494,2033,0
Track02019,reset,23,64,384,15,369,49,0.06696428571428571,2317,0
Track02019,reset,24,70,67,8,59,62,0.11678832116788321,307,0
Track02019,reset,25,64,250,9,241,55,0.05732484076433121,1499,0
Track02019,reset,26,64,641,11,630,53,0.031205673758865248,3579,0
Track02019,reset,27,69,67,7,60,62,0.10294117647058823,229,0
Track02019,reset,28,64,202,18,184,46,0.13533834586466165,1020,0
Track02019,reset,29,62,59,5,54,57,0.08264462809917356,262,0
Track02019,reset,30,64,403,14,389,50,0.059957173447537475,2651,0
Track02019,reset,31,63,358,9,349,54,0.04275534441805225,2132,0
Track02019,reset,32,66,314,9,305,57,0.04736842105263158,1843,0
Track02019,reset,33,60,56,6,50,54,0.10344827586206896,251,0
Track02019,reset,34,67,308,8,300,59,0.042666666666666665,2124,0
Track02019,reset,35,62,345,6,339,56,0.029484029484029485,2341,0
Track02019,reset,36,66,406,15,391,51,0.0635593220338983,2180,0
Track02019,reset,37,73,66,6,60,67,0.08633093525179857,305,0
Track02019,reset,38,64,39,5,34,59,0.0970873786407767,167,0
Track02019,reset,39,60,53,3,50,57,0.05309734513274336,234,0
Track02019,reset,40,63,103,6,97,57,0.07228915662650602,475,0
Track02019,reset,41,60,93,9,84,51,0.11764705882352941,430,0
Track02019,reset,42,77,457,20,437,57,0.0749063670411985,2069,0
Track02019,reset,43,72,319,10,309,62,0.05115089514066496,1177,0
Track02019,reset,44,64,381,8,373,56,0.035955056179775284,2019,0
Track02019,reset,45,65,252,10,242,55,0.06309148264984227,1515,0
Track02019,reset,46,69,401,9,392,60,0.03829787234042553,2276,0
Track02019,reset,47,64,366,9,357,55,0.04186046511627907,2071,0
Track02019,reset,48,62,746,10,736,52,0.024752475247524754,4096,1
Track02019,reset,49,63,252,9,243,54,0.05714285714285714,1515,0
Track02019,reset,50,67,338,5,333,62,0.024691358024691357,2012,0
Track02019,reset,51,66,67,5,62,61,0.07518796992481203,229,0
Track02019,reset,52,66,286,8,278,58,0.045454545454545456,1712,0
Track02019,reset,53,65,353,1,352,64,0.004784688995215311,1572,0
Track02019,reset,54,62,0,0,0,62,0.0,2,0
Track02019,reset,55,65,0,0,0,65,0.0,2,0
Track02019,reset,56,65,0,0,0,65,0.0,2,0
Track02019,reset,57,37,0,0,0,37,0.0,2,0
Track02019,reset,58,0,0,0,0,0,nan,2,0
Track02019,reset,59,0,0,0,0,0,nan,2,0
Track02026,continuous,0,39,51,1,50,38,0.022222222222222223,224,0
Track02026,continuous,1,93,50,0,50,93,0.0,247,0
Track02026,continuous,2,102,50,0,50,102,0.0,247,0
Track02026,continuous,3,104,51,0,51,104,0.0,249,0
Track02026,continuous,4,117,51,0,51,117,0.0,249,0
Track02026,continuous,5,102,51,0,51,102,0.0,249,0
Track02026,continuous,6,114,51,0,51,114,0.0,249,0
Track02026,continuous,7,158,52,1,51,157,0.009523809523809525,251,0
Track02026,continuous,8,203,52,0,52,203,0.0,251,0
Track02026,continuous,9,156,52,1,51,155,0.009615384615384616,251,0
Track02026,continuous,10,155,52,0,52,155,0.0,251,0
Track02026,continuous,11,169,52,0,52,169,0.0,251,0
Track02026,continuous,12,128,52,0,52,128,0.0,251,0
Track02026,continuous,13,105,52,0,52,105,0.0,251,0
Track02026,continuous,14,111,52,0,52,111,0.0,251,0
Track02026,continuous,15,88,51,0,51,88,0.0,249,0
Track02026,continuous,16,131,51,0,51,131,0.0,249,0
Track02026,continuous,17,77,51,0,51,77,0.0,249,0
Track02026,continuous,18,161,52,0,52,161,0.0,251,0
Track02026,continuous,19,163,52,1,51,162,0.009302325581395349,251,0
Track02026,continuous,20,191,52,0,52,191,0.0,251,0
Track02026,continuous,21,163,52,1,51,162,0.009302325581395349,251,0
Track02026,continuous,22,161,52,0,52,161,0.0,251,0
Track02026,continuous,23,172,52,0,52,172,0.0,251,0
Track02026,continuous,24,149,52,0,52,149,0.0,251,0
Track02026,continuous,25,143,52,0,52,143,0.0,251,0
Track02026,continuous,26,159,52,0,52,159,0.0,251,0
Track02026,continuous,27,160,52,0,52,160,0.0,251,0
Track02026,continuous,28,180,52,0,52,180,0.0,251,0
Track02026,continuous,29,162,52,0,52,162,0.0,251,0
Track02026,continuous,30,179,52,0,52,179,0.0,251,0
Track02026,continuous,31,164,51,0,51,164,0.0,249,0
Track02026,continuous,32,23,50,0,50,23,0.0,247,0
Track02026,continuous,33,0,0,0,0,0,nan,214,0
Track02026,reset,0,39,51,1,50,38,0.022222222222222223,224,0
Track02026,reset,1,93,684,0,684,93,0.0,4096,1
Track02026,reset,2,102,363,3,360,99,0.012903225806451613,1977,0
Track02026,reset,3,104,659,2,657,102,0.005242463958060288,3474,0
Track02026,reset,4,117,452,0,452,117,0.0,2674,0
Track02026,reset,5,102,238,2,236,100,0.011764705882352941,1369,0
Track02026,reset,6,114,573,5,568,109,0.01455604075691412,3109,0
Track02026,reset,7,158,490,2,488,156,0.006172839506172839,2564,0
Track02026,reset,8,203,454,9,445,194,0.0273972602739726,2689,0
Track02026,reset,9,156,431,1,430,155,0.0034071550255536627,2336,0
Track02026,reset,10,155,489,6,483,149,0.018633540372670808,2553,0
Track02026,reset,11,169,329,5,324,164,0.020080321285140562,1789,0
Track02026,reset,12,128,550,0,550,128,0.0,2738,0
Track02026,reset,13,105,520,3,517,102,0.0096,2714,0
Track02026,reset,14,111,453,1,452,110,0.0035460992907801418,2673,0
Track02026,reset,15,88,452,0,452,88,0.0,2674,0
Track02026,reset,16,131,266,7,259,124,0.03526448362720403,1573,0
Track02026,reset,17,77,487,3,484,74,0.010638297872340425,2888,0
Track02026,reset,18,161,431,2,429,159,0.006756756756756757,2336,0
Track02026,reset,19,163,465,8,457,155,0.025477707006369428,2420,0
Track02026,reset,20,191,554,4,550,187,0.010738255033557046,3344,0
Track02026,reset,21,163,486,0,486,163,0.0,2563,0
Track02026,reset,22,161,785,3,782,158,0.006342494714587738,4096,1
Track02026,reset,23,172,501,5,496,167,0.014858841010401188,2627,0
Track02026,reset,24,149,740,5,735,144,0.01124859392575928,3489,0
Track02026,reset,25,143,595,3,592,140,0.008130081300813009,3130,0
Track02026,reset,26,159,494,0,494,159,0.0,2674,0
Track02026,reset,27,160,587,14,573,146,0.03748326639892905,3004,0
Track02026,reset,28,180,369,0,369,180,0.0,2061,0
Track02026,reset,29,162,778,0,778,162,0.0,4096,1
Track02026,reset,30,179,611,7,604,172,0.017721518987341773,3688,0
Track02026,reset,31,164,301,0,301,164,0.0,1675,0
Track02026,reset,32,23,0,0,0,23,0.0,2,0
Track02026,reset,33,0,0,0,0,0,nan,4096,1
Track02029,continuous,0,3,0,0,0,3,0.0,2,0
Track02029,continuous,1,17,40,0,40,17,0.0,166,0
Track02029,continuous,2,48,37,0,37,48,0.0,163,0
Track02029,continuous,3,48,38,0,38,48,0.0,159,0
Track02029,continuous,4,50,38,0,38,50,0.0,159,0
Track02029,continuous,5,44,37,0,37,44,0.0,157,0
Track02029,continuous,6,48,37,0,37,48,0.0,157,0
Track02029,continuous,7,45,38,0,38,45,0.0,159,0
Track02029,continuous,8,42,36,0,36,42,0.0,155,0
Track02029,continuous,9,50,38,0,38,50,0.0,159,0
Track02029,continuous,10,46,36,0,36,46,0.0,155,0
Track02029,continuous,11,48,36,0,36,48,0.0,155,0
Track02029,continuous,12,60,35,0,35,60,0.0,153,0
Track02029,continuous,13,66,35,0,35,66,0.0,153,0
Track02029,continuous,14,52,35,0,35,52,0.0,153,0
Track02029,continuous,15,63,36,0,36,63,0.0,155,0
Track02029,continuous,16,49,36,0,36,49,0.0,155,0
Track02029,continuous,17,54,36,0,36,54,0.0,155,0
Track02029,continuous,18,66,36,0,36,66,0.0,155,0
Track02029,continuous,19,53,36,0,36,53,0.0,155,0
Track02029,continuous,20,56,36,0,36,56,0.0,155,0
Track02029,continuous,21,52,36,0,36,52,0.0,155,0
Track02029,continuous,22,68,36,0,36,68,0.0,155,0
Track02029,continuous,23,50,36,0,36,50,0.0,155,0
Track02029,continuous,24,68,36,0,36,68,0.0,155,0
Track02029,continuous,25,74,39,0,39,74,0.0,161,0
Track02029,continuous,26,76,39,0,39,76,0.0,161,0
Track02029,continuous,27,62,39,0,39,62,0.0,161,0
Track02029,continuous,28,62,39,0,39,62,0.0,161,0
Track02029,continuous,29,65,39,0,39,65,0.0,161,0
Track02029,continuous,30,56,39,0,39,56,0.0,161,0
Track02029,continuous,31,50,39,0,39,50,0.0,161,0
Track02029,continuous,32,49,37,0,37,49,0.0,157,0
Track02029,continuous,33,68,39,0,39,68,0.0,161,0
Track02029,continuous,34,47,39,0,39,47,0.0,161,0
Track02029,continuous,35,53,37,0,37,53,0.0,157,0
Track02029,continuous,36,49,40,0,40,49,0.0,163,0
Track02029,continuous,37,53,37,0,37,53,0.0,157,0
Track02029,continuous,38,64,37,0,37,64,0.0,157,0
Track02029,continuous,39,48,37,0,37,48,0.0,157,0
Track02029,continuous,40,65,39,0,39,65,0.0,161,0
Track02029,continuous,41,74,39,0,39,74,0.0,161,0
Track02029,continuous,42,66,39,0,39,66,0.0,161,0
Track02029,continuous,43,53,39,0,39,53,0.0,161,0
Track02029,continuous,44,63,39,0,39,63,0.0,161,0
Track02029,continuous,45,63,39,0,39,63,0.0,161,0
Track02029,continuous,46,50,39,0,39,50,0.0,161,0
Track02029,continuous,47,47,37,0,37,47,0.0,157,0
Track02029,continuous,48,50,37,0,37,50,0.0,157,0
Track02029,continuous,49,75,39,0,39,75,0.0,161,0
Track02029,continuous,50,49,39,0,39,49,0.0,161,0
Track02029,continuous,51,51,37,0,37,51,0.0,157,0
Track02029,continuous,52,19,39,0,39,19,0.0,161,0
Track02029,continuous,53,0,0,0,0,0,nan,160,0
Track02029,reset,0,3,0,0,0,3,0.0,2,0
Track02029,reset,1,17,50,0,50,17,0.0,222,0
Track02029,reset,2,48,526,0,526,48,0.0,2428,0
Track02029,reset,3,48,204,0,204,48,0.0,766,0
Track02029,reset,4,50,310,1,309,49,0.005555555555555556,2026,0
Track02029,reset,5,44,111,0,111,44,0.0,623,0
Track02029,reset,6,48,215,0,215,48,0.0,864,0
Track02029,reset,7,45,44,0,44,45,0.0,175,0
Track02029,reset,8,42,112,0,112,42,0.0,625,0
Track02029,reset,9,50,421,0,421,50,0.0,2785,0
Track02029,reset,10,46,43,0,43,46,0.0,173,0
Track02029,reset,11,48,156,0,156,48,0.0,911,0
Track02029,reset,12,60,135,0,135,60,0.0,526,0
Track02029,reset,13,66,150,0,150,66,0.0,483,0
Track02029,reset,14,52,63,0,63,52,0.0,289,0
Track02029,reset,15,63,213,0,213,63,0.0,796,0
Track02029,reset,16,49,172,0,172,49,0.0,877,0
Track02029,reset,17,54,235,0,235,54,0.0,1321,0
Track02029,reset,18,66,234,1,233,65,0.006666666666666667,915,0
Track02029,reset,19,53,293,0,293,53,0.0,1332,0
Track02029,reset,20,56,372,0,372,56,0.0,2416,0
Track02029,reset,21,52,390,0,390,52,0.0,2552,0
Track02029,reset,22,68,203,0,203,68,0.0,728,0
Track02029,reset,23,50,214,2,212,48,0.015151515151515152,862,0
Track02029,reset,24,68,292,1,291,67,0.005555555555555556,1601,0
Track02029,reset,25,74,183,0,183,74,0.0,739,0
Track02029,reset,26,76,536,7,529,69,0.02287581699346405,2828,0
Track02029,reset,27,62,270,0,270,62,0.0,1440,0
Track02029,reset,28,62,351,0,351,62,0.0,1616,0
Track02029,reset,29,65,209,1,208,64,0.0072992700729927005,776,0
Track02029,reset,30,56,210,0,210,56,0.0,864,0
Track02029,reset,31,50,396,0,396,50,0.0,1885,0
Track02029,reset,32,49,156,0,156,49,0.0,911,0
Track02029,reset,33,68,213,2,211,66,0.014234875444839857,796,0
Track02029,reset,34,47,97,0,97,47,0.0,538,0
Track02029,reset,35,53,156,1,155,52,0.009569377990430622,912,0
Track02029,reset,36,49,50,0,50,49,0.0,237,0
Track02029,reset,37,53,156,0,156,53,0.0,911,0
Track02029,reset,38,64,156,0,156,64,0.0,911,0
Track02029,reset,39,48,204,2,202,46,0.015873015873015872,766,0
Track02029,reset,40,65,209,2,207,63,0.014598540145985401,776,0
Track02029,reset,41,74,102,0,102,74,0.0,283,0
Track02029,reset,42,66,256,1,255,65,0.006211180124223602,983,0
Track02029,reset,43,53,56,0,56,53,0.0,260,0
Track02029,reset,44,63,413,1,412,62,0.004201680672268907,2338,0
Track02029,reset,45,63,209,1,208,62,0.007352941176470588,776,0
Track02029,reset,46,50,246,0,246,50,0.0,1209,0
Track02029,reset,47,47,156,0,156,47,0.0,911,0
Track02029,reset,48,50,53,0,53,50,0.0,258,0
Track02029,reset,49,75,134,0,134,75,0.0,423,0
Track02029,reset,50,49,345,1,344,48,0.005076142131979695,1441,0
Track02029,reset,51,51,97,0,97,51,0.0,538,0
Track02029,reset,52,19,0,0,0,19,0.0,2,0
Track02029,reset,53,0,0,0,0,0,nan,2,0
Track02030,continuous,0,41,50,1,49,40,0.02197802197802198,222,0
Track02030,continuous,1,97,49,6,43,91,0.0821917808219178,239,0
Track02030,continuous,2,94,50,7,43,87,0.09722222222222222,247,0
Track02030,continuous,3,107,50,6,44,101,0.07643312101910828,247,0
Track02030,continuous,4,98,50,7,43,91,0.0945945945945946,247,0
Track02030,continuous,5,106,50,6,44,100,0.07692307692307693,247,0
Track02030,continuous,6,117,50,6,44,111,0.0718562874251497,247,0
Track02030,continuous,7,102,50,6,44,96,0.07894736842105263,247,0
Track02030,continuous,8,110,50,8,42,102,0.1,247,0
Track02030,continuous,9,115,50,6,44,109,0.07272727272727272,247,0
Track02030,continuous,10,113,50,6,44,107,0.0736196319018405,247,0
Track02030,continuous,11,107,50,6,44,101,0.07643312101910828,247,0
Track02030,continuous,12,102,50,6,44,96,0.07894736842105263,247,0
Track02030,continuous,13,105,50,6,44,99,0.07741935483870968,247,0
Track02030,continuous,14,119,50,6,44,113,0.07100591715976332,247,0
Track02030,continuous,15,112,50,6,44,106,0.07407407407407407,247,0
Track02030,continuous,16,107,50,6,44,101,0.07643312101910828,247,0
Track02030,continuous,17,113,50,6,44,107,0.0736196319018405,247,0
Track02030,continuous,18,115,50,6,44,109,0.07272727272727272,247,0
Track02030,continuous,19,112,50,7,43,105,0.08641975308641975,247,0
Track02030,continuous,20,113,50,6,44,107,0.0736196319018405,247,0
Track02030,continuous,21,103,50,6,44,97,0.0784313725490196,247,0
Track02030,continuous,22,104,50,7,43,97,0.09090909090909091,247,0
Track02030,continuous,23,110,50,6,44,104,0.075,247,0
Track02030,continuous,24,100,50,7,43,93,0.09333333333333334,247,0
Track02030,continuous,25,106,50,6,44,100,0.07692307692307693,247,0
Track02030,continuous,26,117,50,6,44,111,0.0718562874251497,247,0
Track02030,continuous,27,101,50,6,44,95,0.07947019867549669,247,0
Track02030,continuous,28,110,50,8,42,102,0.1,247,0
Track02030,continuous,29,115,50,6,44,109,0.07272727272727272,247,0
Track02030,continuous,30,113,50,6,44,107,0.0736196319018405,247,0
Track02030,continuous,31,107,50,6,44,101,0.07643312101910828,247,0
Track02030,continuous,32,102,50,6,44,96,0.07894736842105263,247,0
Track02030,continuous,33,105,50,6,44,99,0.07741935483870968,247,0
Track02030,continuous,34,121,50,6,44,115,0.07017543859649122,247,0
Track02030,continuous,35,112,50,6,44,106,0.07407407407407407,247,0
Track02030,continuous,36,110,50,7,43,103,0.0875,247,0
Track02030,continuous,37,113,50,6,44,107,0.0736196319018405,247,0
Track02030,continuous,38,115,50,6,44,109,0.07272727272727272,247,0
Track02030,continuous,39,112,50,7,43,105,0.08641975308641975,247,0
Track02030,continuous,40,113,50,6,44,107,0.0736196319018405,247,0
Track02030,continuous,41,103,50,6,44,97,0.0784313725490196,247,0
Track02030,continuous,42,105,50,7,43,98,0.09032258064516129,247,0
Track02030,continuous,43,148,50,7,43,141,0.0707070707070707,247,0
Track02030,continuous,44,127,50,7,43,120,0.07909604519774012,247,0
Track02030,continuous,45,147,50,6,44,141,0.06091370558375635,247,0
Track02030,continuous,46,147,50,6,44,141,0.06091370558375635,247,0
Track02030,continuous,47,165,50,6,44,159,0.05581395348837209,247,0
Track02030,continuous,48,148,50,6,44,142,0.06060606060606061,247,0
Track02030,continuous,49,152,50,6,44,146,0.0594059405940594,247,0
Track02030,continuous,50,158,50,6,44,152,0.057692307692307696,247,0
Track02030,continuous,51,158,50,6,44,152,0.057692307692307696,247,0
Track02030,continuous,52,106,50,7,43,99,0.08974358974358974,247,0
Track02030,continuous,53,112,50,6,44,106,0.07407407407407407,247,0
Track02030,continuous,54,121,50,6,44,115,0.07017543859649122,247,0
Track02030,continuous,55,105,50,6,44,99,0.07741935483870968,247,0
Track02030,continuous,56,108,50,6,44,102,0.0759493670886076,247,0
Track02030,continuous,57,123,50,6,44,117,0.06936416184971098,247,0
Track02030,continuous,58,121,50,6,44,115,0.07017543859649122,247,0
Track02030,continuous,59,119,50,6,44,113,0.07100591715976332,247,0
Track02030,continuous,60,116,50,6,44,110,0.07228915662650602,247,0
Track02030,continuous,61,121,50,6,44,115,0.07017543859649122,247,0
Track02030,continuous,62,139,50,7,43,132,0.07407407407407407,247,0
Track02030,continuous,63,125,50,8,42,117,0.09142857142857143,247,0
Track02030,continuous,64,100,50,6,44,94,0.08,247,0
Track02030,continuous,65,153,50,11,39,142,0.10837438423645321,247,0
Track02030,continuous,66,143,50,5,45,138,0.05181347150259067,247,0
Track02030,continuous,67,126,50,4,46,122,0.045454545454545456,247,0
Track02030,continuous,68,159,50,8,42,151,0.07655502392344497,247,0
Track02030,continuous,69,3,50,0,50,3,0.0,247,0
Track02030,continuous,70,0,50,0,50,0,0.0,247,0
Track02030,continuous,71,0,0,0,0,0,nan,266,0
Track02030,reset,0,41,50,1,49,40,0.02197802197802198,222,0
Track02030,reset,1,97,332,13,319,84,0.06060606060606061,1361,0
Track02030,reset,2,94,706,21,685,73,0.0525,4096,1
Track02030,reset,3,107,441,15,426,92,0.05474452554744526,2494,0
Track02030,reset,4,98,394,10,384,88,0.04065040650406504,1563,0
Track02030,reset,5,106,377,11,366,95,0.045548654244306416,1505,0
Track02030,reset,6,117,426,6,420,111,0.022099447513812154,2531,0
Track02030,reset,7,102,167,9,158,93,0.06691449814126393,831,0
Track02030,reset,8,110,746,10,736,100,0.02336448598130841,4096,1
Track02030,reset,9,115,281,12,269,103,0.06060606060606061,1226,0
Track02030,reset,10,113,146,6,140,107,0.04633204633204633,589,0
Track02030,reset,11,107,237,5,232,102,0.029069767441860465,1281,0
Track02030,reset,12,102,238,5,233,97,0.029411764705882353,1382,0
Track02030,reset,13,105,219,0,219,105,0.0,1137,0
Track02030,reset,14,119,407,10,397,109,0.03802281368821293,1574,0
Track02030,reset,15,112,671,2,669,110,0.005108556832694764,3972,1
Track02030,reset,16,107,290,12,278,95,0.060453400503778336,1638,0
Track02030,reset,17,113,284,10,274,103,0.05037783375314862,1661,0
Track02030,reset,18,115,603,3,600,112,0.008356545961002786,2947,0
Track02030,reset,19,112,238,9,229,103,0.05142857142857143,1369,0
Track02030,reset,20,113,284,7,277,106,0.03526448362720403,1661,0
Track02030,reset,21,103,281,10,271,93,0.052083333333333336,1226,0
Track02030,reset,22,104,452,10,442,94,0.03597122302158273,2674,0
Track02030,reset,23,110,453,3,450,107,0.010657193605683837,2673,0
Track02030,reset,24,100,695,18,677,82,0.045283018867924525,3643,0
Track02030,reset,25,106,394,16,378,90,0.064,1563,0
Track02030,reset,26,117,452,10,442,107,0.0351493848857645,2674,0
Track02030,reset,27,101,218,5,213,96,0.03134796238244514,1134,0
Track02030,reset,28,110,419,8,411,102,0.030245746691871456,2137,0
Track02030,reset,29,115,263,19,244,96,0.10052910052910052,1145,0
Track02030,reset,30,113,465,11,454,102,0.03806228373702422,1820,0
Track02030,reset,31,107,441,11,430,96,0.040145985401459854,2494,0
Track02030,reset,32,102,219,3,216,99,0.018691588785046728,1153,0
Track02030,reset,33,105,266,7,259,98,0.03773584905660377,1178,0
Track02030,reset,34,121,284,14,270,107,0.0691358024691358,1661,0
Track02030,reset,35,112,238,17,221,95,0.09714285714285714,1369,0
Track02030,reset,36,110,268,18,250,92,0.09523809523809523,1484,0
Track02030,reset,37,113,452,7,445,106,0.024778761061946902,2674,0
Track02030,reset,38,115,712,3,709,112,0.007255139056831923,3554,0
Track02030,reset,39,112,238,9,229,103,0.05142857142857143,1369,0
Track02030,reset,40,113,284,7,277,106,0.03526448362720403,1661,0
Track02030,reset,41,103,477,4,473,99,0.013793103448275862,1859,0
Track02030,reset,42,105,448,6,442,99,0.0216998191681736,2642,0
Track02030,reset,43,148,396,18,378,130,0.0661764705882353,2119,0
Track02030,reset,44,127,397,24,373,103,0.0916030534351145,2124,0
Track02030,reset,45,147,426,8,418,139,0.027923211169284468,2519,0
Track02030,reset,46,147,752,18,734,129,0.04004449388209121,4096,1
Track02030,reset,47,165,305,15,290,150,0.06382978723404255,1622,0
Track02030,reset,48,148,343,29,314,119,0.11812627291242363,1832,0
Track02030,reset,49,152,253,14,239,138,0.0691358024691358,1340,0
Track02030,reset,50,158,303,15,288,143,0.0650759219088937,1606,0
Track02030,reset,51,158,565,28,537,130,0.07745504840940526,3154,0
Track02030,reset,52,106,266,15,251,91,0.08064516129032258,1573,0
Track02030,reset,53,112,490,18,472,94,0.059800664451827246,2577,0
Track02030,reset,54,121,452,9,443,112,0.031413612565445025,2674,0
Track02030,reset,55,105,453,23,430,82,0.08243727598566308,1921,0
Track02030,reset,56,108,238,12,226,96,0.06936416184971098,1369,0
Track02030,reset,57,123,266,9,257,114,0.04627249357326478,1573,0
Track02030,reset,58,121,347,11,336,110,0.04700854700854701,2135,0
Track02030,reset,59,119,691,2,689,117,0.0049382716049382715,4096,1
Track02030,reset,60,116,238,5,233,111,0.02824858757062147,1369,0
Track02030,reset,61,121,284,5,279,116,0.024691358024691357,1661,0
Track02030,reset,62,139,380,1,379,138,0.0038535645472061657,2250,0
Track02030,reset,63,125,379,17,362,108,0.06746031746031746,1956,0
Track02030,reset,64,100,494,19,475,81,0.06397306397306397,1956,0
Track02030,reset,65,153,523,23,500,130,0.06804733727810651,2841,0
Track02030,reset,66,143,443,11,432,132,0.03754266211604096,2307,0
Track02030,reset,67,126,675,3,672,123,0.00749063670411985,4096,1
Track02030,reset,68,159,329,4,325,155,0.01639344262295082,1789,0
Track02030,reset,69,3,53,0,53,3,0.0,274,0
Track02030,reset,70,0,0,0,0,0,nan,2,0
Track02030,reset,71,0,0,0,0,0,nan,94,0
Track02037,continuous,0,10,0,0,0,10,0.0,2,0
Track02037,continuous,1,37,0,0,0,37,0.0,2,0
Track02037,continuous,2,75,0,0,0,75,0.0,2,0
Track02037,continuous,3,82,0,0,0,82,0.0,2,0
Track02037,continuous,4,85,40,0,40,85,0.0,166,0
Track02037,continuous,5,91,37,0,37,91,0.0,163,0
Track02037,continuous,6,82,49,0,49,82,0.0,176,0
Track02037,continuous,7,92,43,0,43,92,0.0,169,0
Track02037,continuous,8,90,44,0,44,90,0.0,171,0
Track02037,continuous,9,108,44,0,44,108,0.0,171,0
Track02037,continuous,10,134,49,0,49,134,0.0,181,0
Track02037,continuous,11,140,62,0,62,140,0.0,205,0
Track02037,continuous,12,141,80,0,80,141,0.0,251,0
Track02037,continuous,13,151,87,0,87,151,0.0,265,0
Track02037,continuous,14,149,92,0,92,149,0.0,283,0
Track02037,continuous,15,152,139,0,139,152,0.0,443,0
Track02037,continuous,16,130,105,1,104,129,0.00851063829787234,345,0
Track02037,continuous,17,146,82,0,82,146,0.0,260,0
Track02037,continuous,18,142,79,0,79,142,0.0,251,0
Track02037,continuous,19,137,82,0,82,137,0.0,265,0
Track02037,continuous,20,151,87,0,87,151,0.0,279,0
Track02037,continuous,21,146,86,0,86,146,0.0,273,0
Track02037,continuous,22,172,143,1,142,171,0.006349206349206349,443,0
Track02037,continuous,23,168,171,0,171,168,0.0,527,0
Track02037,continuous,24,148,145,0,145,148,0.0,433,0
Track02037,continuous,25,152,181,7,174,145,0.042042042042042045,542,0
Track02037,continuous,26,143,155,9,146,134,0.06040268456375839,470,0
Track02037,continuous,27,156,130,9,121,147,0.06293706293706294,343,0
Track02037,continuous,28,161,143,12,131,149,0.07894736842105263,393,0
Track02037,continuous,29,158,137,10,127,148,0.06779661016949153,377,0
Track02037,continuous,30,162,143,9,134,153,0.05901639344262295,425,0
Track02037,continuous,31,143,144,9,135,134,0.0627177700348432,411,0
Track02037,continuous,32,151,143,12,131,139,0.08163265306122448,389,0
Track02037,continuous,33,136,137,12,125,124,0.08791208791208792,365,0
Track02037,continuous,34,142,169,9,160,133,0.05787781350482315,661,0
Track02037,continuous,35,159,195,7,188,152,0.03954802259887006,780,0
Track02037,continuous,36,142,207,11,196,131,0.06303724928366762,837,0
Track02037,continuous,37,126,189,6,183,120,0.0380952380952381,753,0
Track02037,continuous,38,104,178,4,174,100,0.028368794326241134,677,0
Track02037,continuous,39,91,175,6,169,85,0.045112781954887216,694,0
Track02037,continuous,40,96,149,9,140,87,0.07346938775510205,549,0
Track02037,continuous,41,99,119,8,111,91,0.07339449541284404,359,0
Track02037,continuous,42,99,99,6,93,93,0.06060606060606061,303,0
Track02037,continuous,43,107,89,5,84,102,0.05102040816326531,281,0
Track02037,continuous,44,112,89,6,83,106,0.05970149253731343,262,0
Track02037,continuous,45,128,97,2,95,126,0.017777777777777778,291,0
Track02037,continuous,46,138,104,0,104,138,0.0,309,0
Track02037,continuous,47,148,106,0,106,148,0.0,308,0
Track02037,continuous,48,130,106,0,106,130,0.0,308,0
Track02037,continuous,49,138,106,0,106,138,0.0,308,0
Track02037,continuous,50,140,106,0,106,140,0.0,308,0
Track02037,continuous,51,139,113,0,113,139,0.0,326,0
Track02037,continuous,52,155,118,0,118,155,0.0,351,0
Track02037,continuous,53,141,118,0,118,141,0.0,351,0
Track02037,continuous,54,156,118,1,117,155,0.0072992700729927005,351,0
Track02037,continuous,55,142,106,6,100,136,0.04838709677419355,319,0
Track02037,continuous,56,154,106,7,99,147,0.05384615384615385,319,0
Track02037,continuous,57,161,106,6,100,155,0.0449438202247191,319,0
Track02037,continuous,58,131,106,0,106,131,0.0,319,0
Track02037,continuous,59,139,117,0,117,139,0.0,353,0
Track02037,continuous,60,142,120,0,120,142,0.0,367,0
Track02037,continuous,61,137,105,0,105,137,0.0,317,0
Track02037,continuous,62,159,67,0,67,159,0.0,205,0
Track02037,continuous,63,131,50,0,50,131,0.0,204,0
Track02037,continuous,64,16,48,0,48,16,0.0,212,0
Track02037,continuous,65,0,0,0,0,0,nan,12,0
Track02037,reset,0,10,0,0,0,10,0.0,2,0
Track02037,reset,1,37,69,0,69,37,0.0,333,0
Track02037,reset,2,75,0,0,0,75,0.0,2,0
Track02037,reset,3,82,64,0,64,82,0.0,313,0
Track02037,reset,4,85,156,0,156,85,0.0,911,0
Track02037,reset,5,91,334,0,334,91,0.0,1631,0
Track02037,reset,6,82,54,0,54,82,0.0,254,0
Track02037,reset,7,92,110,0,110,92,0.0,613,0
Track02037,reset,8,90,141,0,141,90,0.0,596,0
Track02037,reset,9,108,314,6,308,102,0.02843601895734597,1379,0
Track02037,reset,10,134,440,0,440,134,0.0,2564,0
Track02037,reset,11,140,594,0,594,140,0.0,3530,0
Track02037,reset,12,141,749,11,738,130,0.024719101123595506,4096,1
Track02037,reset,13,151,537,0,537,151,0.0,2909,0
Track02037,reset,14,149,592,0,592,149,0.0,3335,0
Track02037,reset,15,152,363,0,363,152,0.0,1977,0
Track02037,reset,16,130,442,0,442,130,0.0,2614,0
Track02037,reset,17,146,690,0,690,146,0.0,3620,0
Track02037,reset,18,142,656,0,656,142,0.0,3944,1
Track02037,reset,19,137,471,0,471,137,0.0,2736,0
Track02037,reset,20,151,561,5,556,146,0.014044943820224719,2664,0
Track02037,reset,21,146,494,0,494,146,0.0,2674,0
Track02037,reset,22,172,745,3,742,169,0.006543075245365322,4096,1
Track02037,reset,23,168,540,0,540,168,0.0,3270,0
Track02037,reset,24,148,426,1,425,147,0.003484320557491289,2301,0
Track02037,reset,25,152,442,0,442,152,0.0,2614,0
Track02037,reset,26,143,626,0,626,143,0.0,3780,0
Track02037,reset,27,156,428,0,428,156,0.0,2525,0
Track02037,reset,28,161,730,2,728,159,0.004489337822671156,3933,1
Track02037,reset,29,158,530,9,521,149,0.02616279069767442,2842,0
Track02037,reset,30,162,777,4,773,158,0.008519701810436636,4096,1
Track02037,reset,31,143,465,1,464,142,0.003289473684210526,2694,0
Track02037,reset,32,151,398,2,396,149,0.007285974499089253,2176,0
Track02037,reset,33,136,371,0,371,136,0.0,2152,0
Track02037,reset,34,142,744,2,742,140,0.004514672686230248,3970,1
Track02037,reset,35,159,498,6,492,153,0.0182648401826484,2787,0
Track02037,reset,36,142,287,1,286,141,0.004662004662004662,1737,0
Track02037,reset,37,126,426,1,425,125,0.0036231884057971015,2352,0
Track02037,reset,38,104,638,0,638,104,0.0,3315,0
Track02037,reset,39,91,114,0,114,91,0.0,402,0
Track02037,reset,40,96,171,0,171,96,0.0,779,0
Track02037,reset,41,99,147,0,147,99,0.0,657,0
Track02037,reset,42,99,180,0,180,99,0.0,740,0
Track02037,reset,43,107,514,2,512,105,0.00644122383252818,2884,0
Track02037,reset,44,112,213,0,213,112,0.0,796,0
Track02037,reset,45,128,527,0,527,128,0.0,3158,0
Track02037,reset,46,138,413,0,413,138,0.0,2418,0
Track02037,reset,47,148,436,0,436,148,0.0,2572,0
Track02037,reset,48,130,363,0,363,130,0.0,1977,0
Track02037,reset,49,138,688,0,688,138,0.0,4096,1
Track02037,reset,50,140,659,0,659,140,0.0,3474,0
Track02037,reset,51,139,329,0,329,139,0.0,1789,0
Track02037,reset,52,155,750,1,749,154,0.0022099447513812156,4096,1
Track02037,reset,53,141,489,0,489,141,0.0,2553,0
Track02037,reset,54,156,792,3,789,153,0.006329113924050633,4096,1
Track02037,reset,55,142,430,0,430,142,0.0,2503,0
Track02037,reset,56,154,470,0,470,154,0.0,2774,0
Track02037,reset,57,161,363,0,363,161,0.0,1977,0
Track02037,reset,58,131,409,0,409,131,0.0,2378,0
Track02037,reset,59,139,645,0,645,139,0.0,3738,0
Track02037,reset,60,142,718,4,714,138,0.009302325581395349,4096,1
Track02037,reset,61,137,246,3,243,134,0.015665796344647518,994,0
Track02037,reset,62,159,49,0,49,159,0.0,242,0
Track02037,reset,63,131,0,0,0,131,0.0,2,0
Track02037,reset,64,16,0,0,0,16,0.0,2,0
Track02037,reset,65,0,0,0,0,0,nan,1908,0
Track02038,continuous,0,36,0,0,0,36,0.0,2,0
Track02038,continuous,1,85,130,4,126,81,0.037209302325581395,683,0
Track02038,continuous,2,98,138,4,134,94,0.03389830508474576,729,0
Track02038,continuous,3,61,164,3,161,58,0.02666666666666667,890,0
Track02038,continuous,4,62,190,8,182,54,0.06349206349206349,1018,0
Track02038,continuous,5,50,207,9,198,41,0.07003891050583658,1087,0
Track02038,continuous,6,51,159,6,153,45,0.05714285714285714,854,0
Track02038,continuous,7,60,177,5,172,55,0.04219409282700422,938,0
Track02038,continuous,8,56,198,7,191,49,0.05511811023622047,1047,0
Track02038,continuous,9,63,164,4,160,59,0.03524229074889868,892,0
Track02038,continuous,10,134,168,12,156,122,0.07947019867549669,916,0
Track02038,continuous,11,122,196,10,186,112,0.06289308176100629,1043,0
Track02038,continuous,12,117,171,8,163,109,0.05555555555555555,939,0
Track02038,continuous,13,76,195,3,192,73,0.02214022140221402,1024,0
Track02038,continuous,14,41,210,2,208,39,0.01593625498007968,1109,0
Track02038,continuous,15,63,171,8,163,55,0.06837606837606838,876,0
Track02038,continuous,16,72,180,12,168,60,0.09523809523809523,962,0
Track02038,continuous,17,65,156,10,146,55,0.09049773755656108,809,0
Track02038,continuous,18,74,183,5,178,69,0.038910505836575876,984,0
Track02038,continuous,19,81,189,16,173,65,0.11851851851851852,1014,0
Track02038,continuous,20,69,183,13,170,56,0.10317460317460317,959,0
Track02038,continuous,21,112,165,6,159,106,0.04332129963898917,876,0
Track02038,continuous,22,128,171,7,164,121,0.046822742474916385,908,0
Track02038,continuous,23,124,191,7,184,117,0.044444444444444446,962,0
Track02038,continuous,24,74,192,5,187,69,0.03759398496240601,978,0
Track02038,continuous,25,61,183,4,179,57,0.03278688524590164,963,0
Track02038,continuous,26,85,171,7,164,78,0.0546875,894,0
Track02038,continuous,27,97,156,0,156,97,0.0,830,0
Track02038,continuous,28,95,204,7,197,88,0.046822742474916385,1086,0
Track02038,continuous,29,88,189,5,184,83,0.036101083032490974,989,0
Track02038,continuous,30,119,189,6,183,113,0.03896103896103896,1006,0
Track02038,continuous,31,95,196,2,194,93,0.013745704467353952,1066,0
Track02038,continuous,32,96,202,6,196,90,0.040268456375838924,1065,0
Track02038,continuous,33,84,198,1,197,83,0.0070921985815602835,1041,0
Track02038,continuous,34,90,208,3,205,87,0.020134228187919462,1087,0
Track02038,continuous,35,81,189,7,182,74,0.05185185185185185,1022,0
Track02038,continuous,36,76,183,6,177,70,0.04633204633204633,1002,0
Track02038,continuous,37,73,161,8,153,65,0.06837606837606838,853,0
Track02038,continuous,38,80,198,15,183,65,0.1079136690647482,1077,0
Track02038,continuous,39,108,185,9,176,99,0.06143344709897611,985,0
Track02038,continuous,40,115,189,8,181,107,0.05263157894736842,954,0
Track02038,continuous,41,127,180,7,173,120,0.04560260586319218,967,0
Track02038,continuous,42,111,171,10,161,101,0.07092198581560284,897,0
Track02038,continuous,43,52,171,4,167,48,0.03587443946188341,902,0
Track02038,continuous,44,71,183,4,179,67,0.031496062992125984,988,0
Track02038,continuous,45,88,186,5,181,83,0.0364963503649635,992,0
Track02038,continuous,46,86,183,8,175,78,0.05947955390334572,979,0
Track02038,continuous,47,71,168,7,161,64,0.058577405857740586,885,0
Track02038,continuous,48,77,195,9,186,68,0.0661764705882353,1025,0
Track02038,continuous,49,70,174,6,168,64,0.04918032786885246,934,0
Track02038,continuous,50,86,177,10,167,76,0.07604562737642585,911,0
Track02038,continuous,51,106,180,17,163,89,0.11888111888111888,961,0
Track02038,continuous,52,120,198,19,179,101,0.11949685534591195,1074,0
Track02038,continuous,53,112,180,11,169,101,0.07534246575342465,957,0
Track02038,continuous,54,117,174,25,149,92,0.1718213058419244,902,0
Track02038,continuous,55,122,213,22,191,100,0.13134328358208955,1126,0
Track02038,continuous,56,108,191,21,170,87,0.14046822742474915,1009,0
Track02038,continuous,57,22,168,2,166,20,0.021052631578947368,878,0
Track02038,continuous,58,0,159,0,159,0,0.0,848,0
Track02038,continuous,59,0,0,0,0,0,nan,76,0
Track02038,reset,0,36,0,0,0,36,0.0,2,0
Track02038,reset,1,85,50,0,50,85,0.0,188,0
Track02038,reset,2,98,142,0,142,98,0.0,658,0
Track02038,reset,3,61,313,0,313,61,0.0,2146,0
Track02038,reset,4,62,281,0,281,62,0.0,1876,0
Track02038,reset,5,50,29,0,29,50,0.0,109,0
Track02038,reset,6,51,396,0,396,51,0.0,2527,0
Track02038,reset,7,60,156,1,155,59,0.009259259259259259,911,0
Track02038,reset,8,56,106,0,106,56,0.0,533,0
Track02038,reset,9,63,248,1,247,62,0.006430868167202572,1265,0
Track02038,reset,10,134,115,5,110,129,0.040160642570281124,345,0
Track02038,reset,11,122,122,4,118,118,0.03278688524590164,350,0
Track02038,reset,12,117,42,4,38,113,0.050314465408805034,167,0
Track02038,reset,13,76,103,0,103,76,0.0,279,0
Track02038,reset,14,41,84,0,84,41,0.0,325,0
Track02038,reset,15,63,273,7,266,56,0.041666666666666664,1865,0
Track02038,reset,16,72,266,8,258,64,0.047337278106508875,1769,0
Track02038,reset,17,65,384,10,374,55,0.044543429844097995,2421,0
Track02038,reset,18,74,229,6,223,68,0.039603960396039604,1259,0
Track02038,reset,19,81,320,9,311,72,0.04488778054862843,2107,0
Track02038,reset,20,69,405,9,396,60,0.0379746835443038,2606,0
Track02038,reset,21,112,124,4,120,108,0.03389830508474576,354,0
Track02038,reset,22,128,115,3,112,125,0.024691358024691357,345,0
Track02038,reset,23,124,42,4,38,120,0.04819277108433735,167,0
Track02038,reset,24,74,342,1,341,73,0.004807692307692308,2265,0
Track02038,reset,25,61,201,0,201,61,0.0,1343,0
Track02038,reset,26,85,427,0,427,85,0.0,1657,0
Track02038,reset,27,97,260,4,256,93,0.022408963585434174,1138,0
Track02038,reset,28,95,614,2,612,93,0.005641748942172073,3715,0
Track02038,reset,29,88,124,2,122,86,0.018867924528301886,496,0
Track02038,reset,30,119,611,3,608,116,0.00821917808219178,3688,0
Track02038,reset,31,95,426,0,426,95,0.0,2531,0
Track02038,reset,32,96,465,4,461,92,0.0142602495543672,1820,0
Track02038,reset,33,84,234,3,231,81,0.018867924528301886,1105,0
Track02038,reset,34,90,400,1,399,89,0.004081632653061225,1582,0
Track02038,reset,35,81,477,4,473,77,0.014336917562724014,2532,0
Track02038,reset,36,76,213,11,202,65,0.07612456747404844,796,0
Track02038,reset,37,73,97,5,92,68,0.058823529411764705,538,0
Track02038,reset,38,80,171,18,153,62,0.14342629482071714,779,0
Track02038,reset,39,108,347,7,340,101,0.03076923076923077,2132,0
Track02038,reset,40,115,243,3,240,112,0.01675977653631285,1119,0
Track02038,reset,41,127,350,13,337,114,0.05450733752620545,1757,0
Track02038,reset,42,111,102,6,96,105,0.056338028169014086,283,0
Track02038,reset,43,52,398,2,396,50,0.008888888888888889,1963,0
Track02038,reset,44,71,204,1,203,70,0.007272727272727273,766,0
Track02038,reset,45,88,122,2,120,86,0.01904761904761905,480,0
Track02038,reset,46,86,187,1,186,85,0.007326007326007326,645,0
Track02038,reset,47,71,196,0,196,71,0.0,1000,0
Track02038,reset,48,77,295,0,295,77,0.0,1692,0
Track02038,reset,49,70,50,0,50,70,0.0,188,0
Track02038,reset,50,86,251,0,251,86,0.0,1457,0
Track02038,reset,51,106,542,1,541,105,0.0030864197530864196,3069,0
Track02038,reset,52,120,364,0,364,120,0.0,1381,0
Track02038,reset,53,112,295,0,295,112,0.0,1798,0
Track02038,reset,54,117,497,1,496,116,0.003257328990228013,2455,0
Track02038,reset,55,122,519,0,519,122,0.0,2157,0
Track02038,reset,56,108,166,0,166,108,0.0,833,0
Track02038,reset,57,22,0,0,0,22,0.0,2,0
Track02038,reset,58,0,0,0,0,0,nan,2,0
Track02038,reset,59,0,0,0,0,0,nan,260,0
Track02044,continuous,0,88,123,2,121,86,0.018957345971563982,646,0
Track02044,continuous,1,178,139,11,128,167,0.0694006309148265,771,0
Track02044,continuous,2,196,159,9,150,187,0.05070422535211268,861,0
Track02044,continuous,3,181,192,9,183,172,0.04825737265415549,1009,0
Track02044,continuous,4,184,170,14,156,170,0.07909604519774012,901,0
Track02044,continuous,5,181,178,21,157,160,0.116991643454039,970,0
Track02044,continuous,6,196,170,21,149,175,0.11475409836065574,935,0
Track02044,continuous,7,217,167,20,147,197,0.10416666666666667,924,0
Track02044,continuous,8,259,154,14,140,245,0.06779661016949153,845,0
Track02044,continuous,9,284,189,12,177,272,0.0507399577167019,1052,0
Track02044,continuous,10,275,168,12,156,263,0.05417607223476298,902,0
Track02044,continuous,11,263,200,13,187,250,0.056155507559395246,1082,0
Track02044,continuous,12,284,176,7,169,277,0.030434782608695653,961,0
Track02044,continuous,13,189,203,5,198,184,0.025510204081632654,1124,0
Track02044,continuous,14,185,164,21,143,164,0.12034383954154727,893,0
Track02044,continuous,15,188,167,12,155,176,0.0676056338028169,886,0
Track02044,continuous,16,198,161,16,145,182,0.08913649025069638,883,0
Track02044,continuous,17,198,157,21,136,177,0.11830985915492957,872,0
Track02044,continuous,18,204,155,19,136,185,0.10584958217270195,830,0
Track02044,continuous,19,225,168,19,149,206,0.09669211195928754,921,0
Track02044,continuous,20,276,182,10,172,266,0.043668122270742356,997,0
Track02044,continuous,21,288,185,12,173,276,0.0507399577167019,1021,0
Track02044,continuous,22,275,175,15,160,260,0.06666666666666667,959,0
Track02044,continuous,23,256,168,4,164,252,0.018867924528301886,921,0
Track02044,continuous,24,280,189,5,184,275,0.021321961620469083,1035,0
Track02044,continuous,25,251,154,8,146,243,0.03950617283950617,855,0
Track02044,continuous,26,226,172,6,166,220,0.03015075376884422,916,0
Track02044,continuous,27,256,171,5,166,251,0.0234192037470726,946,0
Track02044,continuous,28,278,143,9,134,269,0.04275534441805225,777,0
Track02044,continuous,29,271,161,8,153,263,0.037037037037037035,864,0
Track02044,continuous,30,143,147,8,139,135,0.05517241379310345,809,0
Track02044,continuous,31,194,161,22,139,172,0.12394366197183099,881,0
Track02044,continuous,32,211,154,8,146,203,0.043835616438356165,843,0
Track02044,continuous,33,201,167,16,151,185,0.08695652173913043,898,0
Track02044,continuous,34,196,153,10,143,186,0.05730659025787966,841,0
Track02044,continuous,35,178,166,16,150,162,0.09302325581395349,917,0
Track02044,continuous,36,216,168,16,152,200,0.08333333333333333,934,0
Track02044,continuous,37,72,160,9,151,63,0.07758620689655173,886,0
Track02044,continuous,38,0,143,0,143,0,0.0,783,0
Track02044,continuous,39,0,0,0,0,0,nan,1034,0
Track02044,reset,0,88,123,0,123,88,0.0,646,0
Track02044,reset,1,178,234,0,234,178,0.0,1105,0
Track02044,reset,2,196,182,1,181,195,0.005291005291005291,489,0
Track02044,reset,3,181,497,11,486,170,0.032448377581120944,2190,0
Track02044,reset,4,184,178,9,169,175,0.049723756906077346,481,0
Track02044,reset,5,181,130,9,121,172,0.05787781350482315,464,0
Track02044,reset,6,196,462,9,453,187,0.02735562310030395,2045,0
Track02044,reset,7,217,285,13,272,204,0.05179282868525897,1248,0
Track02044,reset,8,259,606,2,604,257,0.004624277456647399,3656,0
Track02044,reset,9,284,294,3,291,281,0.010380622837370242,1682,0
Track02044,reset,10,275,347,3,344,272,0.00964630225080386,2132,0
Track02044,reset,11,263,263,8,255,255,0.030418250950570342,1145,0
Track02044,reset,12,284,299,1,298,283,0.003430531732418525,1672,0
Track02044,reset,13,189,299,5,294,184,0.020491803278688523,1154,0
Track02044,reset,14,185,122,6,116,179,0.03908794788273615,480,0
Track02044,reset,15,188,698,10,688,178,0.022573363431151242,4041,1
Track02044,reset,16,198,42,5,37,193,0.041666666666666664,167,0
Track02044,reset,17,198,181,10,171,188,0.052770448548812667,487,0
Track02044,reset,18,204,305,14,291,190,0.0550098231827112,1671,0
Track02044,reset,19,225,521,0,521,225,0.0,3176,0
Track02044,reset,20,276,537,10,527,266,0.024600246002460024,2626,0
Track02044,reset,21,288,146,10,136,278,0.04608294930875576,589,0
Track02044,reset,22,275,680,6,674,269,0.012565445026178011,4096,1
Track02044,reset,23,256,251,1,250,255,0.0039447731755424065,1452,0
Track02044,reset,24,280,291,5,286,275,0.017513134851138354,1592,0
Track02044,reset,25,251,478,7,471,244,0.019204389574759947,2384,0
Track02044,reset,26,226,122,2,120,224,0.011494252873563218,480,0
Track02044,reset,27,256,488,0,488,256,0.0,2911,0
Track02044,reset,28,278,484,12,472,266,0.031496062992125984,1885,0
Track02044,reset,29,271,561,18,543,253,0.04326923076923077,2272,0
Track02044,reset,30,143,50,4,46,139,0.04145077720207254,188,0
Track02044,reset,31,194,118,6,112,188,0.038461538461538464,339,0
Track02044,reset,32,211,242,7,235,204,0.03090507726269316,689,0
Track02044,reset,33,201,695,1,694,200,0.002232142857142857,4096,1
Track02044,reset,34,196,142,5,137,191,0.029585798816568046,495,0
Track02044,reset,35,178,178,5,173,173,0.028089887640449437,481,0
Track02044,reset,36,216,402,10,392,206,0.032362459546925564,2022,0
Track02044,reset,37,72,85,0,85,72,0.0,452,0
Track02044,reset,38,0,0,0,0,0,nan,2,0
Track02044,reset,39,0,0,0,0,0,nan,229,0
Track02045,continuous,0,4,0,0,0,4,0.0,2,0
Track02045,continuous,1,56,53,1,52,55,0.01834862385321101,239,0
Track02045,continuous,2,58,42,3,39,55,0.06,213,0
Track02045,continuous,3,80,43,3,40,77,0.04878048780487805,221,0
Track02045,continuous,4,78,44,4,40,74,0.06557377049180328,223,0
Track02045,continuous,5,71,48,5,43,66,0.08403361344537816,237,0
Track02045,continuous,6,79,50,6,44,73,0.09302325581395349,247,0
Track02045,continuous,7,66,50,6,44,60,0.10344827586206896,247,0
Track02045,continuous,8,65,50,3,47,62,0.05217391304347826,247,0
Track02045,continuous,9,86,48,6,42,80,0.08955223880597014,237,0
Track02045,continuous,10,90,50,6,44,84,0.08571428571428572,247,0
Track02045,continuous,11,89,48,4,44,85,0.058394160583941604,237,0
Track02045,continuous,12,164,50,11,39,153,0.102803738317757,247,0
Track02045,continuous,13,208,48,11,37,197,0.0859375,237,0
Track02045,continuous,14,205,50,11,39,194,0.08627450980392157,247,0
Track02045,continuous,15,215,48,13,35,202,0.09885931558935361,237,0
Track02045,continuous,16,205,50,10,40,195,0.0784313725490196,247,0
Track02045,continuous,17,185,50,13,37,172,0.11063829787234042,247,0
Track02045,continuous,18,197,50,13,37,184,0.10526315789473684,247,0
Track02045,continuous,19,146,50,8,42,138,0.08163265306122448,247,0
Track02045,continuous,20,53,50,4,46,49,0.07766990291262135,247,0
Track02045,continuous,21,109,50,5,45,104,0.06289308176100629,247,0
Track02045,continuous,22,109,48,6,42,103,0.07643312101910828,237,0
Track02045,continuous,23,128,50,4,46,124,0.0449438202247191,247,0
Track02045,continuous,24,239,50,17,33,222,0.11764705882352941,247,0
Track02045,continuous,25,225,51,11,40,214,0.07971014492753623,249,0
Track02045,continuous,26,229,50,11,39,218,0.07885304659498207,247,0
Track02045,continuous,27,246,54,16,38,230,0.10666666666666667,260,0
Track02045,continuous,28,232,52,13,39,219,0.09154929577464789,250,0
Track02045,continuous,29,225,52,13,39,212,0.09386281588447654,250,0
Track02045,continuous,30,235,48,13,35,222,0.09187279151943463,237,0
Track02045,continuous,31,181,50,8,42,173,0.06926406926406926,247,0
Track02045,continuous,32,56,50,3,47,53,0.05660377358490566,247,0
Track02045,continuous,33,75,50,5,45,70,0.08,247,0
Track02045,continuous,34,81,48,4,44,77,0.06201550387596899,237,0
Track02045,continuous,35,74,50,3,47,71,0.04838709677419355,247,0
Track02045,continuous,36,174,50,9,41,165,0.08035714285714286,247,0
Track02045,continuous,37,210,50,11,39,199,0.08461538461538462,247,0
Track02045,continuous,38,213,50,11,39,202,0.08365019011406843,247,0
Track02045,continuous,39,238,50,12,38,226,0.08333333333333333,247,0
Track02045,continuous,40,255,50,11,39,244,0.07213114754098361,247,0
Track02045,continuous,41,251,50,11,39,240,0.07308970099667775,247,0
Track02045,continuous,42,264,50,13,37,251,0.08280254777070063,247,0
Track02045,continuous,43,262,50,11,39,251,0.07051282051282051,247,0
Track02045,continuous,44,255,50,11,39,244,0.07213114754098361,247,0
Track02045,continuous,45,259,50,13,37,246,0.08414239482200647,247,0
Track02045,continuous,46,259,50,11,39,248,0.07119741100323625,247,0
Track02045,continuous,47,264,50,12,38,252,0.07643312101910828,247,0
Track02045,continuous,48,255,50,13,37,242,0.08524590163934426,247,0
Track02045,continuous,49,257,50,11,39,246,0.07166123778501629,247,0
Track02045,continuous,50,256,50,9,41,247,0.058823529411764705,247,0
Track02045,continuous,51,174,50,8,42,166,0.07142857142857142,247,0
Track02045,continuous,52,0,50,0,50,0,0.0,247,0
Track02045,continuous,53,0,50,0,50,0,0.0,247,0
Track02045,continuous,54,0,0,0,0,0,nan,285,0
Track02045,reset,0,4,0,0,0,4,0.0,2,0
Track02045,reset,1,56,352,9,343,47,0.04411764705882353,1898,0
Track02045,reset,2,58,143,6,137,52,0.05970149253731343,542,0
Track02045,reset,3,80,320,17,303,63,0.085,1687,0
Track02045,reset,4,78,142,9,133,69,0.08181818181818182,495,0
Track02045,reset,5,71,115,9,106,62,0.0967741935483871,345,0
Track02045,reset,6,79,570,20,550,59,0.061633281972265024,2839,0
Track02045,reset,7,66,676,0,676,66,0.0,4054,1
Track02045,reset,8,65,386,10,376,55,0.04434589800443459,1508,0
Track02045,reset,9,86,587,17,570,69,0.05052005943536404,2675,0
Track02045,reset,10,90,459,12,447,78,0.04371584699453552,2729,0
Track02045,reset,11,89,450,5,445,84,0.01855287569573284,2683,0
Track02045,reset,12,164,465,27,438,137,0.08585055643879173,2694,0
Track02045,reset,13,208,659,52,607,156,0.11995386389850057,3474,0
Track02045,reset,14,205,589,81,508,124,0.2040302267002519,3124,0
Track02045,reset,15,215,422,31,391,184,0.09733124018838304,2458,0
Track02045,reset,16,205,639,39,600,166,0.0924170616113744,3364,0
Track02045,reset,17,185,624,44,580,141,0.10877626699629171,3768,0
Track02045,reset,18,197,624,35,589,162,0.08526187576126674,3768,0
Track02045,reset,19,146,65,5,60,141,0.04739336492890995,336,0
Track02045,reset,20,53,148,1,147,52,0.009950248756218905,574,0
Track02045,reset,21,109,500,0,500,109,0.0,2445,0
Track02045,reset,22,109,500,13,487,96,0.042692939244663386,2569,0
Track02045,reset,23,128,483,7,476,121,0.022913256955810146,2881,0
Track02045,reset,24,239,551,35,516,204,0.08860759493670886,2865,0
Track02045,reset,25,225,553,68,485,157,0.17480719794344474,2906,0
Track02045,reset,26,229,502,47,455,182,0.12859097127222982,2658,0
Track02045,reset,27,246,692,68,624,178,0.14498933901918976,3592,0
Track02045,reset,28,232,426,29,397,203,0.08814589665653495,2317,0
Track02045,reset,29,225,522,58,464,167,0.15528781793842034,2720,0
Track02045,reset,30,235,480,45,435,190,0.1258741258741259,2500,0
Track02045,reset,31,181,463,53,410,128,0.16459627329192547,2442,0
Track02045,reset,32,56,385,15,370,41,0.06802721088435375,1604,0
Track02045,reset,33,75,649,4,645,71,0.011049723756906077,3912,1
Track02045,reset,34,81,621,14,607,67,0.039886039886039885,3225,0
Track02045,reset,35,74,446,13,433,61,0.05,2256,0
Track02045,reset,36,174,572,37,535,137,0.09919571045576407,3443,0
Track02045,reset,37,210,363,23,340,187,0.08027923211169284,1977,0
Track02045,reset,38,213,422,17,405,196,0.05354330708661417,2458,0
Track02045,reset,39,238,542,31,511,207,0.07948717948717948,2948,0
Track02045,reset,40,255,492,68,424,187,0.18206157965194109,2668,0
Track02045,reset,41,251,566,49,517,202,0.11995104039167687,2937,0
Track02045,reset,42,264,281,11,270,253,0.04036697247706422,1883,0
Track02045,reset,43,262,575,28,547,234,0.06690561529271206,3039,0
Track02045,reset,44,255,494,61,433,194,0.1628838451268358,2623,0
Track02045,reset,45,259,225,13,212,246,0.05371900826446281,1688,0
Track02045,reset,46,259,502,17,485,242,0.04467805519053877,3244,0
Track02045,reset,47,264,655,26,629,238,0.056583242655059846,3937,1
Track02045,reset,48,255,272,6,266,249,0.022770398481973434,1917,0
Track02045,reset,49,257,577,7,570,250,0.016786570743405275,3028,0
Track02045,reset,50,256,329,11,318,245,0.037606837606837605,1789,0
Track02045,reset,51,174,506,7,499,167,0.020588235294117647,2019,0
Track02045,reset,52,0,0,0,0,0,nan,2,0
Track02045,reset,53,0,0,0,0,0,nan,2,0
Track02045,reset,54,0,0,0,0,0,nan,413,0
Track02047,continuous,0,40,51,3,48,37,0.06593406593406594,224,0
Track02047,continuous,1,160,50,11,39,149,0.10476190476190476,247,0
Track02047,continuous,2,167,50,8,42,159,0.07373271889400922,247,0
Track02047,continuous,3,184,51,14,37,170,0.11914893617021277,249,0
Track02047,continuous,4,200,51,9,42,191,0.07171314741035857,249,0
Track02047,continuous,5,198,52,13,39,185,0.104,251,0
Track02047,continuous,6,178,52,12,40,166,0.10434782608695652,247,0
Track02047,continuous,7,179,52,11,41,168,0.09523809523809523,251,0
Track02047,continuous,8,197,52,13,39,184,0.10441767068273092,251,0
Track02047,continuous,9,203,52,9,43,194,0.07058823529411765,251,0
Track02047,continuous,10,186,52,14,38,172,0.11764705882352941,251,0
Track02047,continuous,11,160,52,10,42,150,0.09433962264150944,251,0
Track02047,continuous,12,180,52,10,42,170,0.08620689655172414,251,0
Track02047,continuous,13,167,52,11,41,156,0.1004566210045662,251,0
Track02047,continuous,14,168,52,9,43,159,0.08181818181818182,251,0
Track02047,continuous,15,158,52,12,40,146,0.11428571428571428,251,0
Track02047,continuous,16,164,52,10,42,154,0.09259259259259259,251,0
Track02047,continuous,17,163,52,9,43,154,0.08372093023255814,251,0
Track02047,continuous,18,184,52,14,38,170,0.11864406779661017,251,0
Track02047,continuous,19,200,52,8,44,192,0.06349206349206349,251,0
Track02047,continuous,20,195,52,13,39,182,0.10526315789473684,251,0
Track02047,continuous,21,200,52,9,43,191,0.07142857142857142,251,0
Track02047,continuous,22,202,52,11,41,191,0.08661417322834646,251,0
Track02047,continuous,23,173,52,9,43,164,0.08,251,0
Track02047,continuous,24,183,52,10,42,173,0.0851063829787234,251,0
Track02047,continuous,25,173,52,9,43,164,0.08,251,0
Track02047,continuous,26,162,52,7,45,155,0.06542056074766354,251,0
Track02047,continuous,27,169,52,12,40,157,0.1085972850678733,247,0
Track02047,continuous,28,161,52,7,45,154,0.06572769953051644,251,0
Track02047,continuous,29,167,52,11,41,156,0.1004566210045662,251,0
Track02047,continuous,30,155,52,10,42,145,0.0966183574879227,251,0
Track02047,continuous,31,179,52,9,43,170,0.07792207792207792,251,0
Track02047,continuous,32,198,52,12,40,186,0.096,251,0
Track02047,continuous,33,214,52,9,43,205,0.06766917293233082,251,0
Track02047,continuous,34,175,52,10,42,165,0.0881057268722467,251,0
Track02047,continuous,35,179,52,10,42,169,0.08658008658008658,251,0
Track02047,continuous,36,196,52,9,43,187,0.07258064516129033,251,0
Track02047,continuous,37,194,52,11,41,183,0.08943089430894309,251,0
Track02047,continuous,38,103,51,7,44,96,0.09090909090909091,249,0
Track02047,continuous,39,64,51,10,41,54,0.17391304347826086,245,0
Track02047,continuous,40,68,51,9,42,59,0.15126050420168066,249,0
Track02047,continuous,41,70,51,8,43,62,0.1322314049586777,245,0
Track02047,continuous,42,80,51,11,40,69,0.16793893129770993,249,0
Track02047,continuous,43,79,51,7,44,72,0.1076923076923077,245,0
Track02047,continuous,44,76,51,10,41,66,0.15748031496062992,245,0
Track02047,continuous,45,172,52,8,44,164,0.07142857142857142,251,0
Track02047,continuous,46,164,52,10,42,154,0.09259259259259259,251,0
Track02047,continuous,47,172,52,8,44,164,0.07142857142857142,251,0
Track02047,continuous,48,183,52,10,42,173,0.0851063829787234,251,0
Track02047,continuous,49,186,52,10,42,176,0.08403361344537816,251,0
Track02047,continuous,50,193,52,8,44,185,0.0653061224489796,251,0
Track02047,continuous,51,179,52,11,41,168,0.09523809523809523,251,0
Track02047,continuous,52,163,52,8,44,155,0.07441860465116279,251,0
Track02047,continuous,53,176,52,10,42,166,0.08771929824561403,251,0
Track02047,continuous,54,169,52,11,41,158,0.09954751131221719,251,0
Track02047,continuous,55,157,52,8,44,149,0.07655502392344497,251,0
Track02047,continuous,56,174,52,10,42,164,0.08849557522123894,251,0
Track02047,continuous,57,153,52,9,43,144,0.08780487804878048,251,0
Track02047,continuous,58,156,52,10,42,146,0.09615384615384616,247,0
Track02047,continuous,59,206,52,9,43,197,0.06976744186046512,251,0
Track02047,continuous,60,204,52,10,42,194,0.078125,251,0
Track02047,continuous,61,202,52,10,42,192,0.07874015748031496,251,0
Track02047,continuous,62,185,52,8,44,177,0.06751054852320675,251,0
Track02047,continuous,63,181,52,12,40,169,0.10300429184549356,251,0
Track02047,continuous,64,204,52,9,43,195,0.0703125,251,0
Track02047,continuous,65,180,52,9,43,171,0.07758620689655173,251,0
Track02047,continuous,66,193,52,12,40,181,0.09795918367346938,251,0
Track02047,continuous,67,206,52,8,44,198,0.06201550387596899,251,0
Track02047,continuous,68,173,52,11,41,162,0.09777777777777778,247,0
Track02047,continuous,69,171,52,9,43,162,0.08071748878923767,251,0
Track02047,continuous,70,192,52,9,43,183,0.07377049180327869,251,0
Track02047,continuous,71,163,52,5,47,158,0.046511627906976744,251,0
Track02047,continuous,72,29,50,1,49,28,0.02531645569620253,243,0
Track02047,continuous,73,0,0,0,0,0,nan,1,0
Track02047,reset,0,40,51,3,48,37,0.06593406593406594,224,0
Track02047,reset,1,160,251,4,247,156,0.019464720194647202,1452,0
Track02047,reset,2,167,396,0,396,167,0.0,2302,0
Track02047,reset,3,184,364,0,364,184,0.0,2184,0
Track02047,reset,4,200,432,2,430,198,0.006329113924050633,2203,0
Track02047,reset,5,198,445,7,438,191,0.02177293934681182,2312,0
Track02047,reset,6,178,264,10,254,168,0.04524886877828054,1553,0
Track02047,reset,7,179,464,13,451,166,0.04043545878693624,2715,0
Track02047,reset,8,197,464,6,458,191,0.018154311649016642,2715,0
Track02047,reset,9,203,456,18,438,185,0.054628224582701064,2491,0
Track02047,reset,10,186,452,4,448,182,0.012539184952978056,2674,0
Track02047,reset,11,160,329,1,328,159,0.00408997955010225,1789,0
Track02047,reset,12,180,764,12,752,168,0.025423728813559324,4096,1
Track02047,reset,13,167,436,4,432,163,0.013266998341625208,2572,0
Track02047,reset,14,168,795,12,783,156,0.024922118380062305,4096,1
Track02047,reset,15,158,363,16,347,142,0.061420345489443376,1977,0
Track02047,reset,16,164,471,20,451,144,0.06299212598425197,2736,0
Track02047,reset,17,163,864,23,841,140,0.044790652385589096,4096,1
Track02047,reset,18,184,523,25,498,159,0.07072135785007072,2841,0
Track02047,reset,19,200,442,8,434,192,0.024922118380062305,2614,0
Track02047,reset,20,195,828,18,810,177,0.03519061583577713,4096,1
Track02047,reset,21,200,425,6,419,194,0.0192,2501,0
Track02047,reset,22,202,494,14,480,188,0.040229885057471264,2674,0
Track02047,reset,23,173,452,6,446,167,0.0192,2674,0
Track02047,reset,24,183,777,9,768,174,0.01875,4096,1
Track02047,reset,25,173,471,14,457,159,0.043478260869565216,2736,0
Track02047,reset,26,162,363,19,344,143,0.07238095238095238,1977,0
Track02047,reset,27,169,486,33,453,136,0.10076335877862595,1944,0
Track02047,reset,28,161,500,10,490,151,0.030257186081694403,2963,0
Track02047,reset,29,167,842,15,827,152,0.02973240832507433,4096,1
Track02047,reset,30,155,422,11,411,144,0.038128249566724434,2458,0
Track02047,reset,31,179,418,17,401,162,0.05695142378559464,1976,0
Track02047,reset,32,198,425,6,419,192,0.019261637239165328,2517,0
Track02047,reset,33,214,416,8,408,206,0.025396825396825397,2274,0
Track02047,reset,34,175,523,21,502,154,0.06017191977077364,3026,0
Track02047,reset,35,179,437,29,408,150,0.09415584415584416,2248,0
Track02047,reset,36,196,418,37,381,159,0.12052117263843648,2137,0
Track02047,reset,37,194,579,32,547,162,0.08279430789133248,3504,0
Track02047,reset,38,103,293,19,274,84,0.09595959595959595,1754,0
Track02047,reset,39,64,363,17,346,47,0.07962529274004684,2406,0
Track02047,reset,40,68,147,13,134,55,0.12093023255813953,820,0
Track02047,reset,41,70,67,9,58,61,0.13138686131386862,229,0
Track02047,reset,42,80,115,5,110,75,0.05128205128205128,345,0
Track02047,reset,43,79,321,10,311,69,0.05,1607,0
Track02047,reset,44,76,223,5,218,71,0.033444816053511704,1006,0
Track02047,reset,45,172,371,23,348,149,0.0847145488029466,1895,0
Track02047,reset,46,164,442,9,433,155,0.0297029702970297,2614,0
Track02047,reset,47,172,284,10,274,162,0.043859649122807015,1661,0
Track02047,reset,48,183,789,12,777,171,0.024691358024691357,4096,1
Track02047,reset,49,186,364,17,347,169,0.06181818181818182,2184,0
Track02047,reset,50,193,404,24,380,169,0.08040201005025126,2173,0
Track02047,reset,51,179,494,25,469,154,0.07429420505200594,2674,0
Track02047,reset,52,163,471,23,448,140,0.07255520504731862,2736,0
Track02047,reset,53,176,868,26,842,150,0.04980842911877394,4096,1
Track02047,reset,54,169,428,14,414,155,0.04690117252931323,2525,0
Track02047,reset,55,157,453,8,445,149,0.02622950819672131,2673,0
Track02047,reset,56,174,654,14,640,160,0.033816425120772944,3430,0
Track02047,reset,57,153,413,8,405,145,0.028268551236749116,2399,0
Track02047,reset,58,156,344,31,313,125,0.124,2081,0
Track02047,reset,59,206,540,6,534,200,0.0160857908847185,3184,0
Track02047,reset,60,204,780,8,772,196,0.016260162601626018,4096,1
Track02047,reset,61,202,453,6,447,196,0.0183206106870229,2673,0
Track02047,reset,62,185,508,28,480,157,0.08080808080808081,2767,0
Track02047,reset,63,181,448,11,437,170,0.034976152623211444,2613,0
Track02047,reset,64,204,415,29,386,175,0.09369951534733441,2234,0
Track02047,reset,65,180,763,16,747,164,0.033934252386002124,4096,1
Track02047,reset,66,193,497,13,484,180,0.03768115942028986,2943,0
Track02047,reset,67,206,535,11,524,195,0.029689608636977057,2846,0
Track02047,reset,68,173,312,15,297,158,0.061855670103092786,1744,0
Track02047,reset,69,171,452,9,443,162,0.028892455858747994,2635,0
Track02047,reset,70,192,677,5,672,187,0.011507479861910242,4096,1
Track02047,reset,71,163,364,6,358,157,0.022770398481973434,2184,0
Track02047,reset,72,29,0,0,0,29,0.0,2,0
Track02047,reset,73,0,0,0,0,0,nan,2,0
Track02048,continuous,0,32,0,0,0,32,0.0,2,0
Track02048,continuous,1,40,0,0,0,40,0.0,2,0
Track02048,continuous,2,45,0,0,0,45,0.0,2,0
Track02048,continuous,3,54,0,0,0,54,0.0,2,0
Track02048,continuous,4,50,0,0,0,50,0.0,2,0
Track02048,continuous,5,52,0,0,0,52,0.0,2,0
Track02048,continuous,6,57,0,0,0,57,0.0,2,0
Track02048,continuous,7,54,0,0,0,54,0.0,2,0
Track02048,continuous,8,55,0,0,0,55,0.0,2,0
Track02048,continuous,9,54,0,0,0,54,0.0,2,0
Track02048,continuous,10,82,0,0,0,82,0.0,2,0
Track02048,continuous,11,82,0,0,0,82,0.0,2,0
Track02048,continuous,12,80,0,0,0,80,0.0,2,0
Track02048,continuous,13,59,0,0,0,59,0.0,2,0
Track02048,continuous,14,142,0,0,0,142,0.0,2,0
Track02048,continuous,15,123,0,0,0,123,0.0,2,0
Track02048,continuous,16,122,0,0,0,122,0.0,2,0
Track02048,continuous,17,137,36,0,36,137,0.0,159,0
Track02048,continuous,18,121,30,0,30,121,0.0,147,0
Track02048,continuous,19,118,30,0,30,118,0.0,143,0
Track02048,continuous,20,182,30,0,30,182,0.0,143,0
Track02048,continuous,21,180,32,0,32,180,0.0,147,0
Track02048,continuous,22,181,32,0,32,181,0.0,147,0
Track02048,continuous,23,59,32,0,32,59,0.0,147,0
Track02048,continuous,24,135,32,0,32,135,0.0,147,0
Track02048,continuous,25,127,32,0,32,127,0.0,147,0
Track02048,continuous,26,127,32,0,32,127,0.0,147,0
Track02048,continuous,27,134,32,0,32,134,0.0,147,0
Track02048,continuous,28,126,32,0,32,126,0.0,147,0
Track02048,continuous,29,124,32,0,32,124,0.0,147,0
Track02048,continuous,30,175,37,0,37,175,0.0,157,0
Track02048,continuous,31,183,38,0,38,183,0.0,159,0
Track02048,continuous,32,189,38,0,38,189,0.0,159,0
Track02048,continuous,33,132,38,1,37,131,0.011764705882352941,159,0
Track02048,continuous,34,139,38,11,27,128,0.12429378531073447,159,0
Track02048,continuous,35,150,38,0,38,150,0.0,159,0
Track02048,continuous,36,177,39,0,39,177,0.0,161,0
Track02048,continuous,37,194,39,0,39,194,0.0,161,0
Track02048,continuous,38,172,39,0,39,172,0.0,161,0
Track02048,continuous,39,235,38,3,35,232,0.02197802197802198,159,0
Track02048,continuous,40,271,38,8,30,263,0.05177993527508091,159,0
Track02048,continuous,41,263,38,3,35,260,0.019933554817275746,159,0
Track02048,continuous,42,261,38,0,38,261,0.0,159,0
Track02048,continuous,43,273,38,7,31,266,0.04501607717041801,159,0
Track02048,continuous,44,266,38,9,29,257,0.05921052631578947,159,0
Track02048,continuous,45,77,39,1,38,76,0.017241379310344827,161,0
Track02048,continuous,46,4,39,0,39,4,0.0,161,0
Track02048,continuous,47,104,38,0,38,104,0.0,159,0
Track02048,continuous,48,215,38,0,38,215,0.0,159,0
Track02048,continuous,49,242,39,0,39,242,0.0,161,0
Track02048,continuous,50,219,40,0,40,219,0.0,163,0
Track02048,continuous,51,197,40,0,40,197,0.0,163,0
Track02048,continuous,52,220,39,0,39,220,0.0,161,0
Track02048,continuous,53,197,40,0,40,197,0.0,163,0
Track02048,continuous,54,192,40,0,40,192,0.0,163,0
Track02048,continuous,55,215,40,0,40,215,0.0,163,0
Track02048,continuous,56,218,40,0,40,218,0.0,163,0
Track02048,continuous,57,102,40,0,40,102,0.0,163,0
Track02048,continuous,58,0,0,0,0,0,nan,2,0
Track02048,continuous,59,0,0,0,0,0,nan,146,0
Track02048,reset,0,32,0,0,0,32,0.0,2,0
Track02048,reset,1,40,0,0,0,40,0.0,2,0
Track02048,reset,2,45,0,0,0,45,0.0,2,0
Track02048,reset,3,54,42,0,42,54,0.0,200,0
Track02048,reset,4,50,35,0,35,50,0.0,163,0
Track02048,reset,5,52,49,0,49,52,0.0,242,0
Track02048,reset,6,57,574,0,574,57,0.0,3438,0
Track02048,reset,7,54,507,0,507,54,0.0,2885,0
Track02048,reset,8,55,49,0,49,55,0.0,242,0
Track02048,reset,9,54,58,0,58,54,0.0,351,0
Track02048,reset,10,82,73,0,73,82,0.0,375,0
Track02048,reset,11,82,65,0,65,82,0.0,315,0
Track02048,reset,12,80,64,0,64,80,0.0,313,0
Track02048,reset,13,59,146,1,145,58,0.00975609756097561,786,0
Track02048,reset,14,142,404,9,395,133,0.03296703296703297,2562,0
Track02048,reset,15,123,0,0,0,123,0.0,2,0
Track02048,reset,16,122,275,11,264,111,0.055415617128463476,1474,0
Track02048,reset,17,137,74,4,70,133,0.037914691943127965,382,0
Track02048,reset,18,121,428,0,428,121,0.0,2301,0
Track02048,reset,19,118,400,14,386,104,0.05405405405405406,2576,0
Track02048,reset,20,182,382,0,382,182,0.0,2113,0
Track02048,reset,21,180,65,0,65,180,0.0,315,0
Track02048,reset,22,181,65,0,65,181,0.0,315,0
Track02048,reset,23,59,424,1,423,58,0.004140786749482402,2650,0
Track02048,reset,24,135,65,1,64,134,0.01,315,0
Track02048,reset,25,127,215,7,208,120,0.04093567251461988,1297,0
Track02048,reset,26,127,81,2,79,125,0.019230769230769232,377,0
Track02048,reset,27,134,62,0,62,134,0.0,366,0
Track02048,reset,28,126,49,1,48,125,0.011428571428571429,242,0
Track02048,reset,29,124,65,0,65,124,0.0,315,0
Track02048,reset,30,175,65,0,65,175,0.0,315,0
Track02048,reset,31,183,382,0,382,183,0.0,2113,0
Track02048,reset,32,189,358,0,358,189,0.0,1976,0
Track02048,reset,33,132,68,0,68,132,0.0,330,0
Track02048,reset,34,139,65,8,57,131,0.0784313725490196,315,0
Track02048,reset,35,150,382,4,378,146,0.015037593984962405,2113,0
Track02048,reset,36,177,60,0,60,177,0.0,273,0
Track02048,reset,37,194,113,5,108,189,0.03257328990228013,532,0
Track02048,reset,38,172,65,0,65,172,0.0,315,0
Track02048,reset,39,235,49,2,47,233,0.014084507042253521,242,0
Track02048,reset,40,271,526,0,526,271,0.0,3262,0
Track02048,reset,41,263,58,0,58,263,0.0,351,0
Track02048,reset,42,261,64,0,64,261,0.0,313,0
Track02048,reset,43,273,64,8,56,265,0.04747774480712166,313,0
Track02048,reset,44,266,65,7,58,259,0.04229607250755287,315,0
Track02048,reset,45,77,0,0,0,77,0.0,2,0
Track02048,reset,46,4,0,0,0,4,0.0,2,0
Track02048,reset,47,104,54,0,54,104,0.0,257,0
Track02048,reset,48,215,377,0,377,215,0.0,2088,0
Track02048,reset,49,242,377,0,377,242,0.0,2088,0
Track02048,reset,50,219,382,0,382,219,0.0,2113,0
Track02048,reset,51,197,64,0,64,197,0.0,313,0
Track02048,reset,52,220,461,0,461,220,0.0,2513,0
Track02048,reset,53,197,122,0,122,197,0.0,628,0
Track02048,reset,54,192,61,0,61,192,0.0,313,0
Track02048,reset,55,215,358,0,358,215,0.0,1976,0
Track02048,reset,56,218,65,0,65,218,0.0,315,0
Track02048,reset,57,102,195,10,185,92,0.06734006734006734,1139,0
Track02048,reset,58,0,0,0,0,0,nan,2,0
Track02048,reset,59,0,0,0,0,0,nan,249,0
Track02049,continuous,0,100,537,0,537,100,0.0,2672,0
Track02049,continuous,1,140,546,22,524,118,0.0641399416909621,2714,0
Track02049,continuous,2,177,609,28,581,149,0.07124681933842239,2961,0
Track02049,continuous,3,307,721,42,679,265,0.08171206225680934,3554,0
Track02049,continuous,4,273,772,31,741,242,0.05933014354066986,3868,0
Track02049,continuous,5,273,673,40,633,233,0.08456659619450317,3416,0
Track02049,continuous,6,225,665,38,627,187,0.0853932584269663,3319,0
Track02049,continuous,7,248,669,34,635,214,0.07415485278080698,3346,0
Track02049,continuous,8,271,683,38,645,233,0.07966457023060797,3488,0
Track02049,continuous,9,220,704,33,671,187,0.07142857142857142,3520,0
Track02049,continuous,10,266,707,35,672,231,0.07194244604316546,3499,0
Track02049,continuous,11,258,773,33,740,225,0.06401551891367604,3894,1
Track02049,continuous,12,253,687,30,657,223,0.06382978723404255,3401,0
Track02049,continuous,13,255,685,36,649,219,0.07659574468085106,3380,0
Track02049,continuous,14,254,706,38,668,216,0.07916666666666666,3498,0
Track02049,continuous,15,243,685,35,650,208,0.07543103448275862,3442,0
Track02049,continuous,16,190,647,36,611,154,0.08602150537634409,3201,0
Track02049,continuous,17,281,697,21,676,260,0.04294478527607362,3450,0
Track02049,continuous,18,309,729,21,708,288,0.04046242774566474,3614,0
Track02049,continuous,19,266,737,43,694,223,0.08574277168494517,3686,0
Track02049,continuous,20,252,718,32,686,220,0.06597938144329897,3585,0
Track02049,continuous,21,221,674,16,658,205,0.035754189944134075,3419,0
Track02049,continuous,22,271,610,39,571,232,0.08853575482406356,2997,0
Track02049,continuous,23,249,758,33,725,216,0.06554121151936444,3745,0
Track02049,continuous,24,226,771,26,745,200,0.05215646940822467,3854,0
Track02049,continuous,25,263,680,35,645,228,0.07423117709437964,3400,0
Track02049,continuous,26,296,712,40,672,256,0.07936507936507936,3575,0
Track02049,continuous,27,236,748,20,728,216,0.04065040650406504,3722,0
Track02049,continuous,28,249,751,38,713,211,0.076,3764,0
Track02049,continuous,29,250,679,37,642,213,0.07965554359526372,3375,0
Track02049,continuous,30,233,663,17,646,216,0.03794642857142857,3322,0
Track02049,continuous,31,260,747,34,713,226,0.06752730883813307,3678,0
Track02049,continuous,32,281,743,37,706,244,0.072265625,3679,0
Track02049,continuous,33,258,643,25,618,233,0.05549389567147614,3176,0
Track02049,continuous,34,252,719,26,693,226,0.053553038105046344,3595,0
Track02049,continuous,35,315,697,44,653,271,0.08695652173913043,3512,0
Track02049,continuous,36,268,708,35,673,233,0.07172131147540983,3528,0
Track02049,continuous,37,223,633,23,610,200,0.053738317757009345,3115,0
Track02049,continuous,38,41,591,3,588,38,0.00949367088607595,2959,0
Track02049,continuous,39,0,0,0,0,0,nan,25,0
Track02049,reset,0,100,537,0,537,100,0.0,2672,0
Track02049,reset,1,140,527,9,518,131,0.026986506746626688,2792,0
Track02049,reset,2,177,460,16,444,161,0.05023547880690738,2271,0
Track02049,reset,3,307,806,39,767,268,0.07008086253369272,3950,1
Track02049,reset,4,273,553,37,516,236,0.08958837772397095,2558,0
Track02049,reset,5,273,811,57,754,216,0.10516605166051661,3806,0
Track02049,reset,6,225,433,24,409,201,0.0729483282674772,2083,0
Track02049,reset,7,248,670,9,661,239,0.0196078431372549,4096,1
Track02049,reset,8,271,815,47,768,224,0.0865561694290976,4096,1
Track02049,reset,9,220,512,22,490,198,0.060109289617486336,2769,0
Track02049,reset,10,266,706,22,684,244,0.04526748971193416,4096,1
Track02049,reset,11,258,769,22,747,236,0.042843232716650435,4096,1
Track02049,reset,12,253,355,12,343,241,0.039473684210526314,1937,0
Track02049,reset,13,255,231,10,221,245,0.0411522633744856,1542,0
Track02049,reset,14,254,274,21,253,233,0.07954545454545454,1416,0
Track02049,reset,15,243,417,19,398,224,0.05757575757575758,2320,0
Track02049,reset,16,190,476,14,462,176,0.042042042042042045,2801,0
Track02049,reset,17,281,676,1,675,280,0.0020898641588296763,4096,1
Track02049,reset,18,309,274,9,265,300,0.030874785591766724,1916,0
Track02049,reset,19,266,539,27,512,239,0.0670807453416149,2756,0
Track02049,reset,20,252,646,8,638,244,0.017817371937639197,3887,0
Track02049,reset,21,221,521,9,512,212,0.02425876010781671,3057,0
Track02049,reset,22,271,470,0,470,271,0.0,2715,0
Track02049,reset,23,249,418,7,411,242,0.020989505247376312,2044,0
Track02049,reset,24,226,681,5,676,221,0.011025358324145534,4096,1
Track02049,reset,25,263,355,5,350,258,0.016181229773462782,1937,0
Track02049,reset,26,296,778,28,750,268,0.0521415270018622,4096,1
Track02049,reset,27,236,257,4,253,232,0.016227180527383367,1389,0
Track02049,reset,28,249,586,10,576,239,0.023952095808383235,3072,0
Track02049,reset,29,250,315,6,309,244,0.021238938053097345,1715,0
Track02049,reset,30,233,264,7,257,226,0.028169014084507043,1394,0
Track02049,reset,31,260,378,6,372,254,0.018808777429467086,2109,0
Track02049,reset,32,281,379,3,376,278,0.00909090909090909,1972,0
Track02049,reset,33,258,827,17,810,241,0.03133640552995392,3335,0
Track02049,reset,34,252,675,13,662,239,0.028047464940668825,3177,0
Track02049,reset,35,315,367,14,353,301,0.04105571847507331,2055,0
Track02049,reset,36,268,560,26,534,242,0.06280193236714976,2597,0
Track02049,reset,37,223,659,20,639,203,0.045351473922902494,3465,0
Track02049,reset,38,41,0,0,0,41,0.0,2,0
Track02049,reset,39,0,0,0,0,0,nan,2,0
Track02052,continuous,0,77,67,4,63,73,0.05555555555555555,229,0
Track02052,continuous,1,111,70,7,63,104,0.07734806629834254,230,0
Track02052,continuous,2,124,75,8,67,116,0.08040201005025126,239,0
Track02052,continuous,3,92,75,8,67,84,0.09580838323353294,239,0
Track02052,continuous,4,80,75,1,74,79,0.012903225806451613,239,0
Track02052,continuous,5,74,75,0,75,74,0.0,239,0
Track02052,continuous,6,77,75,2,73,75,0.02631578947368421,239,0
Track02052,continuous,7,80,73,2,71,78,0.026143790849673203,227,0
Track02052,continuous,8,97,75,0,75,97,0.0,239,0
Track02052,continuous,9,93,75,0,75,93,0.0,239,0
Track02052,continuous,10,86,75,7,68,79,0.08695652173913043,239,0
Track02052,continuous,11,116,75,6,69,110,0.06282722513089005,239,0
Track02052,continuous,12,125,75,6,69,119,0.06,239,0
Track02052,continuous,13,111,75,9,66,102,0.0967741935483871,257,0
Track02052,continuous,14,88,76,1,75,87,0.012195121951219513,242,0
Track02052,continuous,15,76,76,0,76,76,0.0,242,0
Track02052,continuous,16,92,73,1,72,91,0.012121212121212121,242,0
Track02052,continuous,17,90,76,4,72,86,0.04819277108433735,242,0
Track02052,continuous,18,98,76,1,75,97,0.011494252873563218,242,0
Track02052,continuous,19,116,76,2,74,114,0.020833333333333332,242,0
Track02052,continuous,20,121,75,5,70,116,0.05102040816326531,248,0
Track02052,continuous,21,118,76,11,65,107,0.1134020618556701,242,0
Track02052,continuous,22,126,77,8,69,118,0.07881773399014778,262,0
Track02052,continuous,23,135,84,6,78,129,0.0547945205479452,325,0
Track02052,continuous,24,105,87,5,82,100,0.052083333333333336,355,0
Track02052,continuous,25,162,81,3,78,159,0.024691358024691357,294,0
Track02052,continuous,26,154,79,3,76,151,0.02575107296137339,291,0
Track02052,continuous,27,127,79,14,65,113,0.13592233009708737,283,0
Track02052,continuous,28,130,79,8,71,122,0.07655502392344497,283,0
Track02052,continuous,29,129,79,7,72,122,0.0673076923076923,291,0
Track02052,continuous,30,127,79,8,71,119,0.07766990291262135,291,0
Track02052,continuous,31,120,79,10,69,110,0.10050251256281408,291,0
Track02052,continuous,32,121,79,9,70,112,0.09,291,0
Track02052,continuous,33,119,79,9,70,110,0.09090909090909091,291,0
Track02052,continuous,34,160,79,12,67,148,0.100418410041841,291,0
Track02052,continuous,35,149,79,7,72,142,0.06140350877192982,291,0
Track02052,continuous,36,184,79,7,72,177,0.053231939163498096,291,0
Track02052,continuous,37,155,79,11,68,144,0.09401709401709402,291,0
Track02052,continuous,38,160,80,8,72,152,0.06666666666666667,299,0
Track02052,continuous,39,164,80,10,70,154,0.08196721311475409,299,0
Track02052,continuous,40,181,80,8,72,173,0.06130268199233716,299,0
Track02052,continuous,41,151,80,8,72,143,0.06926406926406926,299,0
Track02052,continuous,42,174,80,6,74,168,0.047244094488188976,299,0
Track02052,continuous,43,175,80,7,73,168,0.054901960784313725,299,0
Track02052,continuous,44,102,80,7,73,95,0.07692307692307693,299,0
Track02052,continuous,45,0,77,0,77,0,0.0,288,0
Track02052,reset,0,77,67,5,62,72,0.06944444444444445,229,0
Track02052,reset,1,111,146,16,130,95,0.1245136186770428,527,0
Track02052,reset,2,124,284,8,276,116,0.0392156862745098,1661,0
Track02052,reset,3,92,740,16,724,76,0.038461538461538464,3792,0
Track02052,reset,4,80,191,0,191,80,0.0,1038,0
Track02052,reset,5,74,257,0,257,74,0.0,1401,0
Track02052,reset,6,77,283,2,281,75,0.011111111111111112,1960,0
Track02052,reset,7,80,196,1,195,79,0.007246376811594203,1000,0
Track02052,reset,8,97,50,1,49,96,0.013605442176870748,188,0
Track02052,reset,9,93,658,1,657,92,0.002663115845539281,3547,0
Track02052,reset,10,86,67,7,60,79,0.0915032679738562,230,0
Track02052,reset,11,116,118,9,109,107,0.07692307692307693,339,0
Track02052,reset,12,125,534,15,519,110,0.04552352048558422,3244,0
Track02052,reset,13,111,363,11,352,100,0.046413502109704644,1977,0
Track02052,reset,14,88,292,0,292,88,0.0,1609,0
Track02052,reset,15,76,240,2,238,74,0.012658227848101266,1271,0
Track02052,reset,16,92,257,1,256,91,0.0057306590257879654,1580,0
Track02052,reset,17,90,583,0,583,90,0.0,2897,0
Track02052,reset,18,98,234,0,234,98,0.0,1105,0
Track02052,reset,19,116,397,3,394,113,0.011695906432748537,2400,0
Track02052,reset,20,121,152,2,150,119,0.014652014652014652,407,0
Track02052,reset,21,118,346,7,339,111,0.03017241379310345,1961,0
Track02052,reset,22,126,601,2,599,124,0.005502063273727648,3619,0
Track02052,reset,23,135,385,10,375,125,0.038461538461538464,2104,0
Track02052,reset,24,105,264,8,256,97,0.04336043360433604,1142,0
Track02052,reset,25,162,124,4,120,158,0.027972027972027972,496,0
Track02052,reset,26,154,626,6,620,148,0.015384615384615385,3780,0
Track02052,reset,27,127,532,9,523,118,0.027314112291350532,2579,0
Track02052,reset,28,130,166,10,156,120,0.06756756756756757,833,0
Track02052,reset,29,129,452,7,445,122,0.024096385542168676,2674,0
Track02052,reset,30,127,544,12,532,115,0.03576751117734724,2929,0
Track02052,reset,31,120,557,16,541,104,0.047267355982274745,2384,0
Track02052,reset,32,121,697,12,685,109,0.029339853300733496,3586,0
Track02052,reset,33,119,621,4,617,115,0.010810810810810811,3750,0
Track02052,reset,34,160,494,14,480,146,0.04281345565749235,2674,0
Track02052,reset,35,149,363,13,350,136,0.05078125,1977,0
Track02052,reset,36,184,686,13,673,171,0.029885057471264367,4096,1
Track02052,reset,37,155,489,20,469,135,0.062111801242236024,2624,0
Track02052,reset,38,160,536,17,519,143,0.04885057471264368,2806,0
Track02052,reset,39,164,548,28,520,136,0.07865168539325842,2957,0
Track02052,reset,40,181,501,17,484,164,0.04985337243401759,2647,0
Track02052,reset,41,151,659,15,644,136,0.037037037037037035,3474,0
Track02052,reset,42,174,501,18,483,156,0.05333333333333334,2661,0
Track02052,reset,43,175,567,3,564,172,0.008086253369272238,4096,1
Track02052,reset,44,102,572,2,570,100,0.005934718100890208,3298,0
Track02052,reset,45,0,0,0,0,0,nan,4096,1
Track02053,continuous,0,8,0,0,0,8,0.0,2,0
Track02053,continuous,1,11,0,0,0,11,0.0,2,0
Track02053,continuous,2,42,46,0,46,42,0.0,214,0
Track02053,continuous,3,40,45,0,45,40,0.0,225,0
Track02053,continuous,4,37,48,0,48,37,0.0,237,0
Track02053,continuous,5,49,49,0,49,49,0.0,239,0
Track02053,continuous,6,49,49,0,49,49,0.0,239,0
Track02053,continuous,7,66,49,0,49,66,0.0,239,0
Track02053,continuous,8,68,50,0,50,68,0.0,247,0
Track02053,continuous,9,109,50,0,50,109,0.0,247,0
Track02053,continuous,10,106,50,0,50,106,0.0,247,0
Track02053,continuous,11,101,50,0,50,101,0.0,243,0
Track02053,continuous,12,123,50,0,50,123,0.0,247,0
Track02053,continuous,13,121,50,0,50,121,0.0,243,0
Track02053,continuous,14,136,50,0,50,136,0.0,247,0
Track02053,continuous,15,103,46,0,46,103,0.0,227,0
Track02053,continuous,16,101,50,0,50,101,0.0,247,0
Track02053,continuous,17,86,50,0,50,86,0.0,247,0
Track02053,continuous,18,129,50,0,50,129,0.0,247,0
Track02053,continuous,19,173,46,0,46,173,0.0,227,0
Track02053,continuous,20,229,50,0,50,229,0.0,247,0
Track02053,continuous,21,226,50,0,50,226,0.0,247,0
Track02053,continuous,22,236,46,0,46,236,0.0,227,0
Track02053,continuous,23,126,50,0,50,126,0.0,247,0
Track02053,continuous,24,105,46,0,46,105,0.0,227,0
Track02053,continuous,25,124,50,0,50,124,0.0,247,0
Track02053,continuous,26,106,50,0,50,106,0.0,247,0
Track02053,continuous,27,113,47,0,47,113,0.0,229,0
Track02053,continuous,28,122,50,0,50,122,0.0,247,0
Track02053,continuous,29,117,46,2,44,115,0.024539877300613498,227,0
Track02053,continuous,30,92,50,3,47,89,0.04225352112676056,247,0
Track02053,continuous,31,90,50,4,46,86,0.05714285714285714,247,0
Track02053,continuous,32,106,47,4,43,102,0.05228758169934641,229,0
Track02053,continuous,33,188,50,0,50,188,0.0,247,0
Track02053,continuous,34,235,46,5,41,230,0.03558718861209965,227,0
Track02053,continuous,35,221,50,4,46,217,0.02952029520295203,247,0
Track02053,continuous,36,234,48,3,45,231,0.02127659574468085,237,0
Track02053,continuous,37,232,50,2,48,230,0.014184397163120567,247,0
Track02053,continuous,38,215,50,2,48,213,0.01509433962264151,247,0
Track02053,continuous,39,221,50,4,46,217,0.02952029520295203,247,0
Track02053,continuous,40,188,48,4,44,184,0.03389830508474576,237,0
Track02053,continuous,41,148,50,3,47,145,0.030303030303030304,247,0
Track02053,continuous,42,131,48,0,48,131,0.0,237,0
Track02053,continuous,43,183,50,4,46,179,0.034334763948497854,247,0
Track02053,continuous,44,225,50,2,48,223,0.014545454545454545,247,0
Track02053,continuous,45,197,48,3,45,194,0.024489795918367346,237,0
Track02053,continuous,46,222,50,3,47,219,0.022058823529411766,247,0
Track02053,continuous,47,44,47,0,47,44,0.0,229,0
Track02053,continuous,48,28,50,0,50,28,0.0,247,0
Track02053,continuous,49,26,50,0,50,26,0.0,247,0
Track02053,continuous,50,140,50,1,49,139,0.010526315789473684,247,0
Track02053,continuous,51,225,50,0,50,225,0.0,247,0
Track02053,continuous,52,220,48,0,48,220,0.0,237,0
Track02053,continuous,53,235,50,4,46,231,0.028070175438596492,247,0
Track02053,continuous,54,221,48,3,45,218,0.022304832713754646,237,0
Track02053,continuous,55,245,50,4,46,241,0.02711864406779661,247,0
Track02053,continuous,56,224,48,3,45,221,0.022058823529411766,237,0
Track02053,continuous,57,212,50,3,47,209,0.022900763358778626,247,0
Track02053,continuous,58,47,47,0,47,47,0.0,229,0
Track02053,continuous,59,0,0,0,0,0,nan,238,0
Track02053,reset,0,8,0,0,0,8,0.0,2,0
Track02053,reset,1,11,414,1,413,10,0.004705882352941176,2278,0
Track02053,reset,2,42,88,0,88,42,0.0,263,0
Track02053,reset,3,40,432,1,431,39,0.00423728813559322,2359,0
Track02053,reset,4,37,61,0,61,37,0.0,279,0
Track02053,reset,5,49,65,0,65,49,0.0,315,0
Track02053,reset,6,49,0,0,0,49,0.0,2,0
Track02053,reset,7,66,0,0,0,66,0.0,2,0
Track02053,reset,8,68,0,0,0,68,0.0,2,0
Track02053,reset,9,109,134,6,128,103,0.04938271604938271,423,0
Track02053,reset,10,106,239,13,226,93,0.07536231884057971,876,0
Track02053,reset,11,101,383,17,366,84,0.07024793388429752,2477,0
Track02053,reset,12,123,114,5,109,118,0.04219409282700422,402,0
Track02053,reset,13,121,213,14,199,107,0.08383233532934131,796,0
Track02053,reset,14,136,407,8,399,128,0.029465930018416207,1558,0
Track02053,reset,15,103,556,32,524,71,0.09711684370257967,2702,0
Track02053,reset,16,101,101,13,88,88,0.12871287128712872,254,0
Track02053,reset,17,86,417,25,392,61,0.09940357852882704,2724,0
Track02053,reset,18,129,261,10,251,119,0.05128205128205128,1441,0
Track02053,reset,19,173,394,13,381,160,0.04585537918871252,1563,0
Track02053,reset,20,229,657,2,655,227,0.004514672686230248,3902,1
Track02053,reset,21,226,109,1,108,225,0.005970149253731343,430,0
Track02053,reset,22,236,589,25,564,211,0.06060606060606061,3256,0
Track02053,reset,23,126,263,13,250,113,0.06683804627249357,1156,0
Track02053,reset,24,105,381,13,368,92,0.053497942386831275,1817,0
Track02053,reset,25,124,105,16,89,108,0.13973799126637554,274,0
Track02053,reset,26,106,42,8,34,98,0.10810810810810811,167,0
Track02053,reset,27,113,215,13,202,100,0.07926829268292683,864,0
Track02053,reset,28,122,757,18,739,104,0.040955631399317405,4096,1
Track02053,reset,29,117,365,13,352,104,0.05394190871369295,1863,0
Track02053,reset,30,92,244,14,230,78,0.08333333333333333,1475,0
Track02053,reset,31,90,191,6,185,84,0.042704626334519574,1038,0
Track02053,reset,32,106,159,6,153,100,0.045283018867924525,843,0
Track02053,reset,33,188,234,2,232,186,0.009478672985781991,1105,0
Track02053,reset,34,235,682,1,681,234,0.0021810250817884407,4096,1
Track02053,reset,35,221,395,35,360,186,0.11363636363636363,2010,0
Track02053,reset,36,234,671,2,669,232,0.004419889502762431,4096,1
Track02053,reset,37,232,332,13,319,219,0.04609929078014184,1390,0
Track02053,reset,38,215,262,23,239,192,0.09643605870020965,1387,0
Track02053,reset,39,221,487,20,467,201,0.05649717514124294,1849,0
Track02053,reset,40,188,453,8,445,180,0.0249609984399376,2675,0
Track02053,reset,41,148,181,11,170,137,0.0668693009118541,487,0
Track02053,reset,42,131,663,6,657,125,0.015113350125944584,3436,0
Track02053,reset,43,183,142,11,131,172,0.06769230769230769,495,0
Track02053,reset,44,225,616,20,596,205,0.04756242568370987,2758,0
Track02053,reset,45,197,122,8,114,189,0.050156739811912224,480,0
Track02053,reset,46,222,271,7,264,215,0.028397565922920892,1263,0
Track02053,reset,47,44,49,1,48,43,0.021505376344086023,242,0
Track02053,reset,48,28,64,0,64,28,0.0,313,0
Track02053,reset,49,26,69,0,69,26,0.0,333,0
Track02053,reset,50,140,130,5,125,135,0.037037037037037035,464,0
Track02053,reset,51,225,671,2,669,223,0.004464285714285714,4096,1
Track02053,reset,52,220,506,17,489,203,0.046831955922865015,2010,0
Track02053,reset,53,235,637,2,635,233,0.0045871559633027525,3848,0
Track02053,reset,54,221,342,15,327,206,0.05328596802841918,2320,0
Track02053,reset,55,245,612,3,609,242,0.007001166861143524,3685,0
Track02053,reset,56,224,374,8,366,216,0.026755852842809364,2185,0
Track02053,reset,57,212,567,32,535,180,0.0821566110397946,2930,0
Track02053,reset,58,47,0,0,0,47,0.0,2,0
Track02053,reset,59,0,0,0,0,0,nan,376,0
Track02061,continuous,0,0,0,0,0,0,nan,2,0
Track02061,continuous,1,31,41,0,41,31,0.0,184,0
Track02061,continuous,2,33,42,0,42,33,0.0,217,0
Track02061,continuous,3,30,41,0,41,30,0.0,206,0
Track02061,continuous,4,47,48,0,48,47,0.0,235,0
Track02061,continuous,5,31,44,0,44,31,0.0,221,0
Track02061,continuous,6,41,52,0,52,41,0.0,259,0
Track02061,continuous,7,43,53,0,53,43,0.0,261,0
Track02061,continuous,8,24,51,0,51,24,0.0,246,0
Track02061,continuous,9,24,55,0,55,24,0.0,254,0
Track02061,continuous,10,41,50,0,50,41,0.0,223,0
Track02061,continuous,11,45,47,0,47,45,0.0,183,0
Track02061,continuous,12,33,51,0,51,33,0.0,199,0
Track02061,continuous,13,36,54,0,54,36,0.0,197,0
Track02061,continuous,14,54,90,0,90,54,0.0,277,0
Track02061,continuous,15,58,85,0,85,58,0.0,261,0
Track02061,continuous,16,76,84,0,84,76,0.0,255,0
Track02061,continuous,17,97,84,0,84,97,0.0,263,0
Track02061,continuous,18,85,83,0,83,85,0.0,261,0
Track02061,continuous,19,81,88,0,88,81,0.0,278,0
Track02061,continuous,20,80,86,0,86,80,0.0,269,0
Track02061,continuous,21,116,86,1,85,115,0.009900990099009901,269,0
Track02061,continuous,22,153,120,2,118,151,0.014652014652014652,371,0
Track02061,continuous,23,166,99,1,98,165,0.007547169811320755,303,0
Track02061,continuous,24,160,96,1,95,159,0.0078125,307,0
Track02061,continuous,25,68,2029,1,2028,67,0.0009537434430138292,4096,1
Track02061,continuous,26,68,384,0,384,68,0.0,1945,0
Track02061,continuous,27,91,208,0,208,91,0.0,1096,0
Track02061,continuous,28,103,134,3,131,100,0.02531645569620253,657,0
Track02061,continuous,29,98,102,0,102,98,0.0,468,0
Track02061,continuous,30,87,100,1,99,86,0.0106951871657754,437,0
Track02061,continuous,31,119,89,1,88,118,0.009615384615384616,350,0
Track02061,continuous,32,118,97,1,96,117,0.009302325581395349,362,0
Track02061,continuous,33,151,87,1,86,150,0.008403361344537815,322,0
Track02061,continuous,34,162,100,1,99,161,0.007633587786259542,378,0
Track02061,continuous,35,172,88,3,85,169,0.023076923076923078,328,0
Track02061,continuous,36,137,87,2,85,135,0.017857142857142856,330,0
Track02061,continuous,37,159,82,0,82,159,0.0,312,0
Track02061,continuous,38,160,82,1,81,159,0.008264462809917356,313,0
Track02061,continuous,39,167,82,1,81,166,0.008032128514056224,311,0
Track02061,continuous,40,152,82,1,81,151,0.008547008547008548,313,0
Track02061,continuous,41,171,82,3,79,168,0.023715415019762844,313,0
Track02061,continuous,42,200,82,0,82,200,0.0,313,0
Track02061,continuous,43,180,82,2,80,178,0.015267175572519083,301,0
Track02061,continuous,44,189,82,1,81,188,0.007380073800738007,313,0
Track02061,continuous,45,169,82,0,82,169,0.0,313,0
Track02061,continuous,46,149,82,2,80,147,0.017316017316017316,313,0
Track02061,continuous,47,167,82,1,81,166,0.008032128514056224,313,0
Track02061,continuous,48,151,82,1,81,150,0.008583690987124463,313,0
Track02061,continuous,49,170,82,1,81,169,0.007936507936507936,313,0
Track02061,continuous,50,174,82,1,81,173,0.0078125,313,0
Track02061,continuous,51,166,82,1,81,165,0.008064516129032258,317,0
Track02061,continuous,52,174,82,1,81,173,0.0078125,313,0
Track02061,continuous,53,164,82,1,81,163,0.008130081300813009,313,0
Track02061,continuous,54,149,82,1,81,148,0.008658008658008658,313,0
Track02061,continuous,55,166,82,1,81,165,0.008064516129032258,313,0
Track02061,continuous,56,161,82,0,82,161,0.0,313,0
Track02061,continuous,57,126,82,2,80,124,0.019230769230769232,313,0
Track02061,continuous,58,8,71,0,71,8,0.0,278,0
Track02061,continuous,59,12,67,0,67,12,0.0,263,0
Track02061,continuous,60,15,59,0,59,15,0.0,241,0
Track02061,continuous,61,18,50,0,50,18,0.0,205,0
Track02061,continuous,62,46,46,0,46,46,0.0,187,0
Track02061,continuous,63,0,0,0,0,0,nan,172,0
Track02061,reset,0,0,0,0,0,0,nan,2,0
Track02061,reset,1,31,27,0,27,31,0.0,101,0
Track02061,reset,2,33,242,0,242,33,0.0,1505,0
Track02061,reset,3,30,351,0,351,30,0.0,1806,0
Track02061,reset,4,47,350,0,350,47,0.0,1890,0
Track02061,reset,5,31,541,0,541,31,0.0,2683,0
Track02061,reset,6,41,270,0,270,41,0.0,1309,0
Track02061,reset,7,43,472,0,472,43,0.0,2439,0
Track02061,reset,8,24,567,0,567,24,0.0,3383,0
Track02061,reset,9,24,345,0,345,24,0.0,1616,0
Track02061,reset,10,41,780,0,780,41,0.0,3994,1
Track02061,reset,11,45,575,3,572,42,0.00967741935483871,2969,0
Track02061,reset,12,33,525,1,524,32,0.0035842293906810036,2721,0
Track02061,reset,13,36,378,3,375,33,0.014492753623188406,1980,0
Track02061,reset,14,54,604,2,602,52,0.0060790273556231,3288,0
Track02061,reset,15,58,798,16,782,42,0.037383177570093455,4096,1
Track02061,reset,16,76,525,13,512,63,0.04326123128119801,2721,0
Track02061,reset,17,97,348,17,331,80,0.07640449438202247,1866,0
Track02061,reset,18,85,242,0,242,85,0.0,1650,0
Track02061,reset,19,81,780,7,773,74,0.016260162601626018,3994,1
Track02061,reset,20,80,492,0,492,80,0.0,1947,0
Track02061,reset,21,116,311,5,306,111,0.0234192037470726,2085,0
Track02061,reset,22,153,299,3,296,150,0.01327433628318584,2221,0
Track02061,reset,23,166,272,5,267,161,0.0228310502283105,1773,0
Track02061,reset,24,160,380,9,371,151,0.03333333333333333,2161,0
Track02061,reset,25,68,549,7,542,61,0.022690437601296597,2729,0
Track02061,reset,26,68,205,0,205,68,0.0,1298,0
Track02061,reset,27,91,328,2,326,89,0.00954653937947494,1918,0
Track02061,reset,28,103,410,0,410,103,0.0,2308,0
Track02061,reset,29,98,203,0,203,98,0.0,1288,0
Track02061,reset,30,87,636,0,636,87,0.0,3909,1
Track02061,reset,31,119,247,0,247,119,0.0,1756,0
Track02061,reset,32,118,624,2,622,116,0.005390835579514825,3543,0
Track02061,reset,33,151,315,5,310,146,0.02145922746781116,2155,0
Track02061,reset,34,162,325,4,321,158,0.01642710472279261,2245,0
Track02061,reset,35,172,475,6,469,166,0.01854714064914992,2236,0
Track02061,reset,36,137,340,1,339,136,0.0041928721174004195,1819,0
Track02061,reset,37,159,242,6,236,153,0.029925187032418952,1505,0
Track02061,reset,38,160,205,3,202,157,0.01643835616438356,1317,0
Track02061,reset,39,167,425,3,422,164,0.010135135135135136,1915,0
Track02061,reset,40,152,327,6,321,146,0.025052192066805846,1756,0
Track02061,reset,41,171,207,14,193,157,0.07407407407407407,1454,0
Track02061,reset,42,200,225,6,219,194,0.02823529411764706,1688,0
Track02061,reset,43,180,482,25,457,155,0.0755287009063444,2581,0
Track02061,reset,44,189,297,9,288,180,0.037037037037037035,1598,0
Track02061,reset,45,169,763,0,763,169,0.0,4096,1
Track02061,reset,46,149,227,0,227,149,0.0,1615,0
Track02061,reset,47,167,369,3,366,164,0.011194029850746268,1930,0
Track02061,reset,48,151,715,0,715,151,0.0,4096,1
Track02061,reset,49,170,294,0,294,170,0.0,2109,0
Track02061,reset,50,174,274,0,274,174,0.0,1873,0
Track02061,reset,51,166,534,3,531,163,0.008571428571428572,2985,0
Track02061,reset,52,174,390,0,390,174,0.0,2164,0
Track02061,reset,53,164,207,1,206,163,0.005390835579514825,1327,0
Track02061,reset,54,149,207,0,207,149,0.0,1454,0
Track02061,reset,55,166,275,0,275,166,0.0,1868,0
Track02061,reset,56,161,264,1,263,160,0.004705882352941176,1900,0
Track02061,reset,57,126,279,2,277,124,0.009876543209876543,2150,0
Track02061,reset,58,8,796,0,796,8,0.0,4056,1
Track02061,reset,59,12,436,0,436,12,0.0,2441,0
Track02061,reset,60,15,68,0,68,15,0.0,235,0
Track02061,reset,61,18,361,0,361,18,0.0,1873,0
Track02061,reset,62,46,290,0,290,46,0.0,1404,0
Track02061,reset,63,0,0,0,0,0,nan,2,0
Track02063,continuous,0,0,0,0,0,0,nan,2,0
Track02063,continuous,1,4,0,0,0,4,0.0,2,0
Track02063,continuous,2,18,40,0,40,18,0.0,165,0
Track02063,continuous,3,41,41,0,41,41,0.0,171,0
Track02063,continuous,4,61,42,2,40,59,0.038834951456310676,173,0
Track02063,continuous,5,48,54,4,50,44,0.0784313725490196,189,0
Track02063,continuous,6,46,60,4,56,42,0.07547169811320754,205,0
Track02063,continuous,7,32,56,1,55,31,0.022727272727272728,195,0
Track02063,continuous,8,45,64,6,58,39,0.11009174311926606,217,0
Track02063,continuous,9,48,64,7,57,41,0.125,217,0
Track02063,continuous,10,55,64,6,58,49,0.10084033613445378,217,0
Track02063,continuous,11,53,86,6,80,47,0.08633093525179857,267,0
Track02063,continuous,12,65,85,8,77,57,0.10666666666666667,257,0
Track02063,continuous,13,58,85,6,79,52,0.08391608391608392,257,0
Track02063,continuous,14,47,85,7,78,40,0.10606060606060606,261,0
Track02063,continuous,15,57,85,6,79,51,0.08450704225352113,261,0
Track02063,continuous,16,110,96,4,92,106,0.038834951456310676,305,0
Track02063,continuous,17,74,97,4,93,70,0.04678362573099415,309,0
Track02063,continuous,18,117,82,7,75,110,0.07035175879396985,255,0
Track02063,continuous,19,111,73,2,71,109,0.021739130434782608,239,0
Track02063,continuous,20,112,73,0,73,112,0.0,239,0
Track02063,continuous,21,38,93,2,91,36,0.030534351145038167,311,0
Track02063,continuous,22,77,91,5,86,72,0.05952380952380952,354,0
Track02063,continuous,23,73,94,4,90,69,0.04790419161676647,375,0
Track02063,continuous,24,83,90,8,82,75,0.09248554913294797,361,0
Track02063,continuous,25,98,82,5,77,93,0.05555555555555555,311,0
Track02063,continuous,26,87,82,5,77,82,0.05917159763313609,311,0
Track02063,continuous,27,72,82,1,81,71,0.012987012987012988,311,0
Track02063,continuous,28,28,82,0,82,28,0.0,311,0
Track02063,continuous,29,39,82,0,82,39,0.0,311,0
Track02063,continuous,30,33,82,1,81,32,0.017391304347826087,311,0
Track02063,continuous,31,38,88,3,85,35,0.047619047619047616,354,0
Track02063,continuous,32,71,82,6,76,65,0.0784313725490196,311,0
Track02063,continuous,33,65,88,5,83,60,0.06535947712418301,354,0
Track02063,continuous,34,62,82,4,78,58,0.05555555555555555,311,0
Track02063,continuous,35,59,88,4,84,55,0.05442176870748299,354,0
Track02063,continuous,36,53,82,6,76,47,0.08888888888888889,311,0
Track02063,continuous,37,62,88,4,84,58,0.05333333333333334,354,0
Track02063,continuous,38,55,82,7,75,48,0.10218978102189781,311,0
Track02063,continuous,39,89,88,5,83,84,0.05649717514124294,354,0
Track02063,continuous,40,73,82,4,78,69,0.05161290322580645,311,0
Track02063,continuous,41,101,88,6,82,95,0.06349206349206349,354,0
Track02063,continuous,42,135,82,7,75,128,0.06451612903225806,311,0
Track02063,continuous,43,81,88,0,88,81,0.0,354,0
Track02063,continuous,44,96,82,0,82,96,0.0,311,0
Track02063,continuous,45,42,82,3,79,39,0.04838709677419355,311,0
Track02063,continuous,46,76,82,4,78,72,0.05063291139240506,311,0
Track02063,continuous,47,77,88,4,84,73,0.048484848484848485,354,0
Track02063,continuous,48,88,82,8,74,80,0.09411764705882353,311,0
Track02063,continuous,49,111,88,5,83,106,0.05025125628140704,354,0
Track02063,continuous,50,94,82,5,77,89,0.056818181818181816,311,0
Track02063,continuous,51,63,88,1,87,62,0.013245033112582781,354,0
Track02063,continuous,52,59,82,0,82,59,0.0,311,0
Track02063,continuous,53,75,88,0,88,75,0.0,354,0
Track02063,continuous,54,101,82,1,81,100,0.01092896174863388,311,0
Track02063,continuous,55,84,88,0,88,84,0.0,354,0
Track02063,continuous,56,111,82,1,81,110,0.010362694300518135,311,0
Track02063,continuous,57,99,88,0,88,99,0.0,354,0
Track02063,continuous,58,88,82,0,82,88,0.0,311,0
Track02063,continuous,59,44,82,0,82,44,0.0,311,0
Track02063,continuous,60,96,88,5,83,91,0.05434782608695652,354,0
Track02063,continuous,61,106,82,4,78,102,0.0425531914893617,311,0
Track02063,continuous,62,110,88,5,83,105,0.050505050505050504,354,0
Track02063,continuous,63,120,82,5,77,115,0.04950495049504951,311,0
Track02063,continuous,64,131,82,4,78,127,0.03755868544600939,311,0
Track02063,continuous,65,132,82,6,76,126,0.056074766355140186,311,0
Track02063,continuous,66,151,88,7,81,144,0.058577405857740586,354,0
Track02063,continuous,67,122,82,4,78,118,0.0392156862745098,311,0
Track02063,continuous,68,51,88,0,88,51,0.0,354,0
Track02063,continuous,69,68,82,0,82,68,0.0,311,0
Track02063,continuous,70,45,82,0,82,45,0.0,311,0
Track02063,continuous,71,0,82,0,82,0,0.0,311,0
Track02063,continuous,72,0,82,0,82,0,0.0,311,0
Track02063,continuous,73,0,0,0,0,0,nan,24,0
Track02063,reset,0,0,0,0,0,0,nan,2,0
Track02063,reset,1,4,0,0,0,4,0.0,2,0
Track02063,reset,2,18,338,1,337,17,0.0056179775280898875,1497,0
Track02063,reset,3,41,390,0,390,41,0.0,2017,0
Track02063,reset,4,61,565,8,557,53,0.025559105431309903,2926,0
Track02063,reset,5,48,435,4,431,44,0.016563146997929608,2554,0
Track02063,reset,6,46,704,9,695,37,0.024,3986,1
Track02063,reset,7,32,278,1,277,31,0.0064516129032258064,1023,0
Track02063,reset,8,45,584,0,584,45,0.0,3421,0
Track02063,reset,9,48,501,10,491,38,0.03642987249544627,2596,0
Track02063,reset,10,55,585,2,583,53,0.00625,3144,0
Track02063,reset,11,53,534,13,521,40,0.044293015332197615,2651,0
Track02063,reset,12,65,549,15,534,50,0.048859934853420196,2729,0
Track02063,reset,13,58,596,0,596,58,0.0,3591,0
Track02063,reset,14,47,664,0,664,47,0.0,3927,1
Track02063,reset,15,57,370,11,359,46,0.05152224824355972,1941,0
Track02063,reset,16,110,435,14,421,96,0.05137614678899083,2302,0
Track02063,reset,17,74,491,9,482,65,0.03185840707964602,2586,0
Track02063,reset,18,117,545,0,545,117,0.0,3164,0
Track02063,reset,19,111,222,6,216,105,0.036036036036036036,1638,0
Track02063,reset,20,112,545,2,543,110,0.0060882800608828,2895,0
Track02063,reset,21,38,447,1,446,37,0.004123711340206186,2401,0
Track02063,reset,22,77,548,13,535,64,0.0416,2838,0
Track02063,reset,23,73,538,15,523,58,0.049099836333878884,2710,0
Track02063,reset,24,83,526,12,514,71,0.03940886699507389,2428,0
Track02063,reset,25,98,438,21,417,77,0.07835820895522388,1709,0
Track02063,reset,26,87,476,17,459,70,0.06039076376554174,1884,0
Track02063,reset,27,72,316,3,313,69,0.015463917525773196,1749,0
Track02063,reset,28,28,109,0,109,28,0.0,430,0
Track02063,reset,29,39,138,0,138,39,0.0,414,0
Track02063,reset,30,33,412,1,411,32,0.0044943820224719105,2186,0
Track02063,reset,31,38,919,4,915,34,0.008359456635318705,4096,1
Track02063,reset,32,71,560,16,544,55,0.05071315372424723,2873,0
Track02063,reset,33,65,697,12,685,53,0.031496062992125984,3605,0
Track02063,reset,34,62,565,12,553,50,0.03827751196172249,2926,0
Track02063,reset,35,59,744,11,733,48,0.0273972602739726,3862,0
Track02063,reset,36,53,754,12,742,41,0.02973977695167286,3928,1
Track02063,reset,37,62,621,13,608,49,0.03806734992679356,3225,0
Track02063,reset,38,55,637,1,636,54,0.002890173410404624,3848,0
Track02063,reset,39,89,519,13,506,76,0.04276315789473684,2588,0
Track02063,reset,40,73,659,8,651,65,0.02185792349726776,3474,0
Track02063,reset,41,101,454,9,445,92,0.032432432432432434,2490,0
Track02063,reset,42,135,474,16,458,119,0.052545155993431854,2536,0
Track02063,reset,43,81,558,3,555,78,0.009389671361502348,2957,0
Track02063,reset,44,96,473,2,471,94,0.007029876977152899,2552,0
Track02063,reset,45,42,372,6,366,36,0.028985507246376812,2086,0
Track02063,reset,46,76,102,10,92,66,0.11235955056179775,283,0
Track02063,reset,47,77,164,10,154,67,0.08298755186721991,497,0
Track02063,reset,48,88,697,9,688,79,0.022929936305732482,4096,1
Track02063,reset,49,111,642,4,638,107,0.010624169986719787,3878,0
Track02063,reset,50,94,671,1,670,93,0.00261437908496732,4096,1
Track02063,reset,51,63,378,3,375,60,0.013605442176870748,2421,0
Track02063,reset,52,59,571,5,566,54,0.015873015873015872,3054,0
Track02063,reset,53,75,484,0,484,75,0.0,2696,0
Track02063,reset,54,101,595,6,589,95,0.017241379310344827,3105,0
Track02063,reset,55,84,509,3,506,81,0.01011804384485666,2698,0
Track02063,reset,56,111,454,2,452,109,0.007079646017699115,2490,0
Track02063,reset,57,99,470,1,469,98,0.0035149384885764497,2715,0
Track02063,reset,58,88,595,3,592,85,0.008784773060029283,3105,0
Track02063,reset,59,44,356,0,356,44,0.0,1688,0
Track02063,reset,60,96,386,11,375,85,0.04564315352697095,1679,0
Track02063,reset,61,106,183,5,178,101,0.03460207612456748,739,0
Track02063,reset,62,110,570,15,555,95,0.04411764705882353,2964,0
Track02063,reset,63,120,233,8,225,112,0.0453257790368272,1228,0
Track02063,reset,64,131,740,13,727,118,0.029850746268656716,3792,0
Track02063,reset,65,132,624,2,622,130,0.005291005291005291,3598,0
Track02063,reset,66,151,441,5,436,146,0.016891891891891893,2494,0
Track02063,reset,67,122,463,9,454,113,0.03076923076923077,2442,0
Track02063,reset,68,51,524,0,524,51,0.0,2721,0
Track02063,reset,69,68,437,0,437,68,0.0,2302,0
Track02063,reset,70,45,350,0,350,45,0.0,1692,0
Track02063,reset,71,0,64,0,64,0,0.0,313,0
Track02063,reset,72,0,0,0,0,0,nan,2,0
Track02063,reset,73,0,0,0,0,0,nan,2,0
Track02070,continuous,0,0,0,0,0,0,nan,2,0
Track02070,continuous,1,23,0,0,0,23,0.0,2,0
Track02070,continuous,2,47,38,0,38,47,0.0,173,0
Track02070,continuous,3,51,39,0,39,51,0.0,189,0
Track02070,continuous,4,30,45,0,45,30,0.0,219,0
Track02070,continuous,5,26,48,0,48,26,0.0,231,0
Track02070,continuous,6,43,48,0,48,43,0.0,231,0
Track02070,continuous,7,28,48,0,48,28,0.0,231,0
Track02070,continuous,8,31,49,0,49,31,0.0,239,0
Track02070,continuous,9,46,50,1,49,45,0.020833333333333332,247,0
Track02070,continuous,10,42,50,0,50,42,0.0,247,0
Track02070,continuous,11,57,50,1,49,56,0.018691588785046728,247,0
Track02070,continuous,12,154,50,1,49,153,0.00980392156862745,247,0
Track02070,continuous,13,141,48,1,47,140,0.010582010582010581,237,0
Track02070,continuous,14,147,50,2,48,145,0.02030456852791878,247,0
Track02070,continuous,15,135,48,2,46,133,0.02185792349726776,237,0
Track02070,continuous,16,117,50,3,47,114,0.03592814371257485,247,0
Track02070,continuous,17,120,50,3,47,117,0.03529411764705882,247,0
Track02070,continuous,18,67,47,0,47,67,0.0,229,0
Track02070,continuous,19,58,47,3,44,55,0.05714285714285714,229,0
Track02070,continuous,20,67,50,2,48,65,0.03418803418803419,247,0
Track02070,continuous,21,65,50,4,46,61,0.06956521739130435,247,0
Track02070,continuous,22,83,48,4,44,79,0.061068702290076333,237,0
Track02070,continuous,23,70,50,2,48,68,0.03333333333333333,247,0
Track02070,continuous,24,76,50,4,46,72,0.06349206349206349,243,0
Track02070,continuous,25,104,50,3,47,101,0.03896103896103896,247,0
Track02070,continuous,26,107,50,2,48,105,0.025477707006369428,247,0
Track02070,continuous,27,121,50,0,50,121,0.0,247,0
Track02070,continuous,28,142,50,3,47,139,0.03125,247,0
Track02070,continuous,29,152,50,2,48,150,0.019801980198019802,247,0
Track02070,continuous,30,150,50,0,50,150,0.0,247,0
Track02070,continuous,31,137,54,2,52,135,0.020942408376963352,260,0
Track02070,continuous,32,119,52,0,52,119,0.0,250,0
Track02070,continuous,33,143,52,1,51,142,0.010256410256410256,250,0
Track02070,continuous,34,99,52,0,52,99,0.0,250,0
Track02070,continuous,35,92,48,1,47,91,0.014285714285714285,237,0
Track02070,continuous,36,113,50,2,48,111,0.024539877300613498,247,0
Track02070,continuous,37,99,50,0,50,99,0.0,247,0
Track02070,continuous,38,102,50,1,49,101,0.013157894736842105,247,0
Track02070,continuous,39,118,50,3,47,115,0.03571428571428571,247,0
Track02070,continuous,40,114,48,3,45,111,0.037037037037037035,237,0
Track02070,continuous,41,125,50,0,50,125,0.0,247,0
Track02070,continuous,42,126,50,3,47,123,0.03409090909090909,247,0
Track02070,continuous,43,129,50,2,48,127,0.0223463687150838,247,0
Track02070,continuous,44,141,50,1,49,140,0.010471204188481676,247,0
Track02070,continuous,45,115,50,3,47,112,0.03636363636363636,247,0
Track02070,continuous,46,106,50,1,49,105,0.01282051282051282,247,0
Track02070,continuous,47,73,50,0,50,73,0.0,247,0
Track02070,continuous,48,26,50,0,50,26,0.0,247,0
Track02070,continuous,49,28,50,0,50,28,0.0,247,0
Track02070,continuous,50,0,50,0,50,0,0.0,247,0
Track02070,continuous,51,0,0,0,0,0,nan,194,0
Track02070,reset,0,0,0,0,0,0,nan,2,0
Track02070,reset,1,23,0,0,0,23,0.0,2,0
Track02070,reset,2,47,156,0,156,47,0.0,911,0
Track02070,reset,3,51,370,0,370,51,0.0,1795,0
Track02070,reset,4,30,203,0,203,30,0.0,728,0
Track02070,reset,5,26,72,0,72,26,0.0,351,0
Track02070,reset,6,43,262,2,260,41,0.013114754098360656,1808,0
Track02070,reset,7,28,51,0,51,28,0.0,233,0
Track02070,reset,8,31,377,0,377,31,0.0,2088,0
Track02070,reset,9,46,197,1,196,45,0.00823045267489712,928,0
Track02070,reset,10,42,156,2,154,40,0.020202020202020204,911,0
Track02070,reset,11,57,179,0,179,57,0.0,483,0
Track02070,reset,12,154,551,12,539,142,0.03404255319148936,2728,0
Track02070,reset,13,141,551,16,535,125,0.046242774566473986,2728,0
Track02070,reset,14,147,478,5,473,142,0.016,2559,0
Track02070,reset,15,135,475,11,464,124,0.036065573770491806,2409,0
Track02070,reset,16,117,471,11,460,106,0.03741496598639456,2736,0
Track02070,reset,17,120,606,2,604,118,0.005509641873278237,3656,0
Track02070,reset,18,67,50,0,50,67,0.0,226,0
Track02070,reset,19,58,42,2,40,56,0.04,167,0
Track02070,reset,20,67,42,2,40,65,0.03669724770642202,167,0
Track02070,reset,21,65,231,11,220,54,0.07432432432432433,900,0
Track02070,reset,22,83,197,3,194,80,0.02142857142857143,977,0
Track02070,reset,23,70,670,0,670,70,0.0,3954,1
Track02070,reset,24,76,385,8,377,68,0.03470715835140998,2224,0
Track02070,reset,25,104,376,11,365,93,0.04583333333333333,1503,0
Track02070,reset,26,107,484,12,472,95,0.04060913705583756,1885,0
Track02070,reset,27,121,445,2,443,119,0.007067137809187279,2325,0
Track02070,reset,28,142,430,9,421,133,0.03146853146853147,2075,0
Track02070,reset,29,152,749,12,737,140,0.026637069922308545,3911,1
Track02070,reset,30,150,559,8,551,142,0.022566995768688293,2798,0
Track02070,reset,31,137,454,5,449,132,0.01692047377326565,2490,0
Track02070,reset,32,119,464,17,447,102,0.058319039451114926,2420,0
Track02070,reset,33,143,525,4,521,139,0.011976047904191617,2744,0
Track02070,reset,34,99,329,0,329,99,0.0,1789,0
Track02070,reset,35,92,329,1,328,91,0.004750593824228029,1789,0
Track02070,reset,36,113,652,8,644,105,0.02091503267973856,3221,0
Track02070,reset,37,99,347,1,346,98,0.004484304932735426,2132,0
Track02070,reset,38,102,347,3,344,99,0.013363028953229399,2132,0
Track02070,reset,39,118,616,22,594,96,0.05994550408719346,2881,0
Track02070,reset,40,114,122,12,110,102,0.1016949152542373,480,0
Track02070,reset,41,125,609,0,609,125,0.0,3679,0
Track02070,reset,42,126,375,18,357,108,0.0718562874251497,1968,0
Track02070,reset,43,129,659,14,645,115,0.03553299492385787,3474,0
Track02070,reset,44,141,621,0,621,141,0.0,3750,0
Track02070,reset,45,115,673,0,673,115,0.0,3972,1
Track02070,reset,46,106,595,11,584,95,0.03138373751783167,3118,0
Track02070,reset,47,73,583,9,574,64,0.027439024390243903,2897,0
Track02070,reset,48,26,0,0,0,26,0.0,2,0
Track02070,reset,49,28,74,0,74,28,0.0,382,0
Track02070,reset,50,0,0,0,0,0,nan,2,0
Track02070,reset,51,0,0,0,0,0,nan,2,0
Track02074,continuous,0,35,0,2,-2,33,0.11428571428571428,2,0
Track02074,continuous,1,68,59,4,55,64,0.06299212598425197,258,0
Track02074,continuous,2,95,40,0,40,95,0.0,186,0
Track02074,continuous,3,102,40,0,40,102,0.0,185,0
Track02074,continuous,4,109,51,3,48,106,0.0375,249,0
Track02074,continuous,5,108,50,9,41,99,0.11392405063291139,247,0
Track02074,continuous,6,103,50,11,39,92,0.1437908496732026,247,0
Track02074,continuous,7,91,50,3,47,88,0.0425531914893617,247,0
Track02074,continuous,8,119,50,0,50,119,0.0,247,0
Track02074,continuous,9,97,50,0,50,97,0.0,247,0
Track02074,continuous,10,78,50,3,47,75,0.046875,247,0
Track02074,continuous,11,104,50,10,40,94,0.12987012987012986,247,0
Track02074,continuous,12,107,50,11,39,96,0.14012738853503184,247,0
Track02074,continuous,13,102,50,3,47,99,0.039473684210526314,247,0
Track02074,continuous,14,104,50,0,50,104,0.0,247,0
Track02074,continuous,15,94,50,0,50,94,0.0,247,0
Track02074,continuous,16,108,50,3,47,105,0.0379746835443038,247,0
Track02074,continuous,17,116,50,9,41,107,0.10843373493975904,247,0
Track02074,continuous,18,99,50,11,39,88,0.1476510067114094,247,0
Track02074,continuous,19,106,50,3,47,103,0.038461538461538464,247,0
Track02074,continuous,20,94,50,0,50,94,0.0,247,0
Track02074,continuous,21,76,50,0,50,76,0.0,247,0
Track02074,continuous,22,91,50,1,49,90,0.014184397163120567,247,0
Track02074,continuous,23,121,50,1,49,120,0.011695906432748537,247,0
Track02074,continuous,24,144,50,11,39,133,0.1134020618556701,247,0
Track02074,continuous,25,132,50,3,47,129,0.03296703296703297,247,0
Track02074,continuous,26,125,50,0,50,125,0.0,247,0
Track02074,continuous,27,124,50,0,50,124,0.0,247,0
Track02074,continuous,28,96,50,0,50,96,0.0,247,0
Track02074,continuous,29,157,50,0,50,157,0.0,247,0
Track02074,continuous,30,184,50,0,50,184,0.0,247,0
Track02074,continuous,31,194,50,0,50,194,0.0,247,0
Track02074,continuous,32,190,50,0,50,190,0.0,247,0
Track02074,continuous,33,187,50,0,50,187,0.0,247,0
Track02074,continuous,34,182,50,1,49,181,0.008620689655172414,247,0
Track02074,continuous,35,155,50,6,44,149,0.05853658536585366,247,0
Track02074,continuous,36,154,50,11,39,143,0.10784313725490197,247,0
Track02074,continuous,37,145,50,3,47,142,0.03076923076923077,247,0
Track02074,continuous,38,132,50,0,50,132,0.0,247,0
Track02074,continuous,39,107,50,0,50,107,0.0,247,0
Track02074,continuous,40,110,50,3,47,107,0.0375,247,0
Track02074,continuous,41,97,50,10,40,87,0.1360544217687075,247,0
Track02074,continuous,42,71,50,7,43,64,0.11570247933884298,247,0
Track02074,continuous,43,134,50,0,50,134,0.0,247,0
Track02074,continuous,44,157,50,0,50,157,0.0,247,0
Track02074,continuous,45,174,50,0,50,174,0.0,247,0
Track02074,continuous,46,185,50,0,50,185,0.0,247,0
Track02074,continuous,47,157,50,0,50,157,0.0,247,0
Track02074,continuous,48,177,50,0,50,177,0.0,247,0
Track02074,continuous,49,154,50,0,50,154,0.0,247,0
Track02074,continuous,50,165,50,0,50,165,0.0,247,0
Track02074,continuous,51,171,50,0,50,171,0.0,247,0
Track02074,continuous,52,169,50,2,48,167,0.0182648401826484,247,0
Track02074,continuous,53,163,50,10,40,153,0.09389671361502347,247,0
Track02074,continuous,54,166,50,11,39,155,0.10185185185185185,247,0
Track02074,continuous,55,138,50,3,47,135,0.031914893617021274,247,0
Track02074,continuous,56,165,50,0,50,165,0.0,247,0
Track02074,continuous,57,170,50,0,50,170,0.0,247,0
Track02074,continuous,58,139,50,0,50,139,0.0,247,0
Track02074,continuous,59,0,0,0,0,0,nan,224,0
Track02074,reset,0,35,0,1,-1,34,0.05714285714285714,2,0
Track02074,reset,1,68,43,0,43,68,0.0,177,0
Track02074,reset,2,95,204,6,198,89,0.04013377926421405,571,0
Track02074,reset,3,102,182,10,172,92,0.07042253521126761,489,0
Track02074,reset,4,109,113,7,106,102,0.06306306306306306,341,0
Track02074,reset,5,108,511,19,492,89,0.061389337641357025,2837,0
Track02074,reset,6,103,521,15,506,88,0.04807692307692308,3017,0
Track02074,reset,7,91,438,24,414,67,0.09073724007561437,2625,0
Track02074,reset,8,119,410,15,395,104,0.05671077504725898,2235,0
Track02074,reset,9,97,438,22,416,75,0.08224299065420561,2622,0
Track02074,reset,10,78,47,6,41,72,0.096,209,0
Track02074,reset,11,104,348,22,326,82,0.09734513274336283,1349,0
Track02074,reset,12,107,361,21,340,86,0.08974358974358974,1925,0
Track02074,reset,13,102,342,21,321,81,0.0945945945945946,1873,0
Track02074,reset,14,104,264,16,248,88,0.08695652173913043,1372,0
Track02074,reset,15,94,549,17,532,77,0.05287713841368585,2863,0
Track02074,reset,16,108,272,17,255,91,0.08947368421052632,1535,0
Track02074,reset,17,116,381,10,371,106,0.04024144869215292,2132,0
Track02074,reset,18,99,452,14,438,85,0.050816696914700546,2628,0
Track02074,reset,19,106,528,12,516,94,0.03785488958990536,2761,0
Track02074,reset,20,94,329,7,322,87,0.03309692671394799,1789,0
Track02074,reset,21,76,606,3,603,73,0.008797653958944282,3656,0
Track02074,reset,22,91,1210,0,1210,91,0.0,4096,1
Track02074,reset,23,121,549,23,526,98,0.06865671641791045,2742,0
Track02074,reset,24,144,688,3,685,141,0.007211538461538462,4096,1
Track02074,reset,25,132,691,20,671,112,0.04860267314702309,2954,0
Track02074,reset,26,125,488,0,488,125,0.0,2888,0
Track02074,reset,27,124,537,0,537,124,0.0,2909,0
Track02074,reset,28,96,444,1,443,95,0.003703703703703704,2686,0
Track02074,reset,29,157,332,0,332,157,0.0,1788,0
Track02074,reset,30,184,626,3,623,181,0.007407407407407408,3279,0
Track02074,reset,31,194,597,3,594,191,0.007585335018963337,3122,0
Track02074,reset,32,190,566,27,539,163,0.07142857142857142,2937,0
Track02074,reset,33,187,588,26,562,161,0.06709677419354838,3100,0
Track02074,reset,34,182,543,19,524,163,0.05241379310344828,2911,0
Track02074,reset,35,155,346,1,345,154,0.003992015968063872,2273,0
Track02074,reset,36,154,319,21,298,133,0.08879492600422834,1692,0
Track02074,reset,37,145,174,16,158,129,0.10031347962382445,652,0
Track02074,reset,38,132,671,5,666,127,0.012453300124533,4096,1
Track02074,reset,39,107,677,11,666,96,0.02806122448979592,3518,0
Track02074,reset,40,110,452,10,442,100,0.03558718861209965,2628,0
Track02074,reset,41,97,562,1,561,96,0.0030349013657056147,3068,0
Track02074,reset,42,71,371,7,364,64,0.03167420814479638,1969,0
Track02074,reset,43,134,510,16,494,118,0.049689440993788817,2670,0
Track02074,reset,44,157,556,0,556,157,0.0,4096,1
Track02074,reset,45,174,555,12,543,162,0.03292181069958848,2941,0
Track02074,reset,46,185,439,3,436,182,0.009615384615384616,2543,0
Track02074,reset,47,157,525,0,525,157,0.0,2744,0
Track02074,reset,48,177,474,1,473,176,0.0030721966205837174,2536,0
Track02074,reset,49,154,489,6,483,148,0.01866251944012442,2836,0
Track02074,reset,50,165,554,22,532,143,0.061196105702364396,2927,0
Track02074,reset,51,171,602,18,584,153,0.04657179818887452,3168,0
Track02074,reset,52,169,544,27,517,142,0.07573632538569425,2760,0
Track02074,reset,53,163,544,27,517,136,0.07637906647807638,2760,0
Track02074,reset,54,166,566,23,543,143,0.06284153005464481,2937,0
Track02074,reset,55,138,529,22,507,116,0.06596701649175413,2820,0
Track02074,reset,56,165,553,18,535,147,0.05013927576601671,2895,0
Track02074,reset,57,170,454,18,436,152,0.057692307692307696,2490,0
Track02074,reset,58,139,317,10,307,129,0.043859649122807015,1946,0
Track02074,reset,59,0,0,0,0,0,nan,2,0
Track02083,continuous,0,3,0,0,0,3,0.0,2,0
Track02083,continuous,1,39,0,0,0,39,0.0,2,0
Track02083,continuous,2,43,0,0,0,43,0.0,2,0
Track02083,continuous,3,40,0,0,0,40,0.0,2,0
Track02083,continuous,4,44,0,0,0,44,0.0,2,0
Track02083,continuous,5,36,40,0,40,36,0.0,166,0
Track02083,continuous,6,66,40,0,40,66,0.0,163,0
Track02083,continuous,7,84,43,0,43,84,0.0,169,0
Track02083,continuous,8,85,43,0,43,85,0.0,169,0
Track02083,continuous,9,64,44,0,44,64,0.0,171,0
Track02083,continuous,10,76,44,0,44,76,0.0,171,0
Track02083,continuous,11,120,50,0,50,120,0.0,183,0
Track02083,continuous,12,114,62,0,62,114,0.0,205,0
Track02083,continuous,13,117,82,0,82,117,0.0,259,0
Track02083,continuous,14,136,87,0,87,136,0.0,265,0
Track02083,continuous,15,117,92,1,91,116,0.009569377990430622,283,0
Track02083,continuous,16,146,90,0,90,146,0.0,279,0
Track02083,continuous,17,160,89,0,89,160,0.0,278,0
Track02083,continuous,18,90,111,1,110,89,0.009950248756218905,365,0
Track02083,continuous,19,121,117,4,113,117,0.03361344537815126,379,0
Track02083,continuous,20,134,85,4,81,130,0.0365296803652968,264,0
Track02083,continuous,21,134,83,5,78,129,0.04608294930875576,258,0
Track02083,continuous,22,119,77,3,74,116,0.030612244897959183,242,0
Track02083,continuous,23,172,77,0,77,172,0.0,242,0
Track02083,continuous,24,113,74,2,72,111,0.0213903743315508,231,0
Track02083,continuous,25,119,70,3,67,116,0.031746031746031744,219,0
Track02083,continuous,26,130,70,5,65,125,0.05,220,0
Track02083,continuous,27,122,74,4,70,118,0.04081632653061224,246,0
Track02083,continuous,28,132,79,3,76,129,0.02843601895734597,264,0
Track02083,continuous,29,145,78,5,73,140,0.04484304932735426,258,0
Track02083,continuous,30,91,78,0,78,91,0.0,256,0
Track02083,continuous,31,0,75,0,75,0,0.0,242,0
Track02083,continuous,32,0,0,0,0,0,nan,22,0
Track02083,reset,0,3,0,0,0,3,0.0,2,0
Track02083,reset,1,39,50,3,47,36,0.06741573033707865,227,0
Track02083,reset,2,43,358,5,353,38,0.02493765586034913,1976,0
Track02083,reset,3,40,64,0,64,40,0.0,300,0
Track02083,reset,4,44,69,0,69,44,0.0,333,0
Track02083,reset,5,36,359,1,358,35,0.005063291139240506,1945,0
Track02083,reset,6,66,65,0,65,66,0.0,314,0
Track02083,reset,7,84,472,7,465,77,0.025179856115107913,2570,0
Track02083,reset,8,85,210,6,204,79,0.04067796610169491,864,0
Track02083,reset,9,64,56,1,55,63,0.016666666666666666,202,0
Track02083,reset,10,76,209,4,205,72,0.028070175438596492,776,0
Track02083,reset,11,120,629,2,627,118,0.0053404539385847796,3798,0
Track02083,reset,12,114,315,0,315,114,0.0,2155,0
Track02083,reset,13,117,452,0,452,117,0.0,2674,0
Track02083,reset,14,136,470,1,469,135,0.0033003300330033004,2471,0
Track02083,reset,15,117,207,0,207,117,0.0,1327,0
Track02083,reset,16,146,609,3,606,143,0.007947019867549669,3676,0
Track02083,reset,17,160,680,8,672,152,0.01904761904761905,4096,1
Track02083,reset,18,90,506,23,483,67,0.07718120805369127,2010,0
Track02083,reset,19,121,560,15,545,106,0.04405286343612335,2734,0
Track02083,reset,20,134,268,16,252,118,0.07960199004975124,1487,0
Track02083,reset,21,134,423,17,406,117,0.06104129263913824,2095,0
Track02083,reset,22,119,396,5,391,114,0.019417475728155338,2302,0
Track02083,reset,23,172,494,4,490,168,0.012012012012012012,2674,0
Track02083,reset,24,113,386,10,376,103,0.04008016032064128,1946,0
Track02083,reset,25,119,465,2,463,117,0.00684931506849315,2694,0
Track02083,reset,26,130,429,0,429,130,0.0,2548,0
Track02083,reset,27,122,537,15,522,107,0.04552352048558422,3026,0
Track02083,reset,28,132,582,0,582,132,0.0,3489,0
Track02083,reset,29,145,360,13,347,132,0.05148514851485148,2070,0
Track02083,reset,30,91,347,8,339,83,0.0365296803652968,1752,0
Track02083,reset,31,0,0,0,0,0,nan,2,0
Track02083,reset,32,0,0,0,0,0,nan,2,0
Track02086,continuous,0,71,143,6,137,65,0.056074766355140186,751,0
Track02086,continuous,1,84,121,5,116,79,0.04878048780487805,619,0
Track02086,continuous,2,87,148,7,141,80,0.059574468085106386,812,0
Track02086,continuous,3,87,148,10,138,77,0.0851063829787234,791,0
Track02086,continuous,4,98,119,7,112,91,0.06451612903225806,630,0
Track02086,continuous,5,94,138,10,128,84,0.08620689655172414,752,0
Track02086,continuous,6,116,150,7,143,109,0.05263157894736842,801,0
Track02086,continuous,7,95,138,7,131,88,0.060085836909871244,741,0
Track02086,continuous,8,93,128,7,121,86,0.06334841628959276,672,0
Track02086,continuous,9,91,141,12,129,79,0.10344827586206896,766,0
Track02086,continuous,10,107,137,12,125,95,0.09836065573770492,727,0
Track02086,continuous,11,100,129,5,124,95,0.043668122270742356,710,0
Track02086,continuous,12,106,135,8,127,98,0.06639004149377593,719,0
Track02086,continuous,13,103,141,10,131,93,0.08196721311475409,776,0
Track02086,continuous,14,105,132,7,125,98,0.05907172995780591,709,0
Track02086,continuous,15,107,129,10,119,97,0.0847457627118644,682,0
Track02086,continuous,16,125,134,8,126,117,0.06177606177606178,732,0
Track02086,continuous,17,96,135,7,128,89,0.06060606060606061,689,0
Track02086,continuous,18,109,132,10,122,99,0.08298755186721991,695,0
Track02086,continuous,19,104,132,10,122,94,0.0847457627118644,703,0
Track02086,continuous,20,117,134,7,127,110,0.055776892430278883,710,0
Track02086,continuous,21,106,153,15,138,91,0.11583011583011583,817,0
Track02086,continuous,22,118,140,8,132,110,0.06201550387596899,745,0
Track02086,continuous,23,105,125,11,114,94,0.09565217391304348,680,0
Track02086,continuous,24,106,140,8,132,98,0.06504065040650407,726,0
Track02086,continuous,25,108,146,12,134,96,0.09448818897637795,774,0
Track02086,continuous,26,115,141,8,133,107,0.0625,761,0
Track02086,continuous,27,114,123,5,118,109,0.04219409282700422,642,0
Track02086,continuous,28,105,120,6,114,99,0.05333333333333334,651,0
Track02086,continuous,29,112,119,11,108,101,0.09523809523809523,631,0
Track02086,continuous,30,122,126,7,119,115,0.056451612903225805,651,0
Track02086,continuous,31,109,128,12,116,97,0.10126582278481013,672,0
Track02086,continuous,32,111,134,10,124,101,0.08163265306122448,708,0
Track02086,continuous,33,119,144,8,136,111,0.060836501901140684,750,0
Track02086,continuous,34,104,135,8,127,96,0.06694560669456066,735,0
Track02086,continuous,35,108,149,12,137,96,0.0933852140077821,796,0
Track02086,continuous,36,120,149,9,140,111,0.06691449814126393,793,0
Track02086,continuous,37,109,125,12,113,97,0.10256410256410256,665,0
Track02086,continuous,38,111,144,8,136,103,0.06274509803921569,770,0
Track02086,continuous,39,118,135,15,120,103,0.11857707509881422,702,0
Track02086,continuous,40,133,139,8,131,125,0.058823529411764705,730,0
Track02086,continuous,41,113,137,9,128,104,0.072,726,0
Track02086,continuous,42,123,144,11,133,112,0.08239700374531835,764,0
Track02086,continuous,43,117,154,10,144,107,0.07380073800738007,836,0
Track02086,continuous,44,123,144,9,135,114,0.06741573033707865,758,0
Track02086,continuous,45,122,135,7,128,115,0.054474708171206226,728,0
Track02086,continuous,46,125,138,9,129,116,0.06844106463878327,743,0
Track02086,continuous,47,106,140,11,129,95,0.08943089430894309,747,0
Track02086,continuous,48,106,156,9,147,97,0.06870229007633588,824,0
Track02086,continuous,49,107,130,14,116,93,0.11814345991561181,707,0
Track02086,continuous,50,117,134,8,126,109,0.06374501992031872,714,0
Track02086,continuous,51,102,144,8,136,94,0.06504065040650407,768,0
Track02086,continuous,52,115,122,5,117,110,0.04219409282700422,639,0
Track02086,continuous,53,132,127,11,116,121,0.08494208494208494,671,0
Track02086,continuous,54,125,141,10,131,115,0.07518796992481203,763,0
Track02086,continuous,55,128,128,11,117,117,0.0859375,671,0
Track02086,continuous,56,118,136,7,129,111,0.05511811023622047,724,0
Track02086,continuous,57,72,116,9,107,63,0.09574468085106383,622,0
Track02086,continuous,58,0,132,0,132,0,0.0,707,0
Track02086,continuous,59,0,0,0,0,0,nan,924,0
Track02086,reset,0,71,143,6,137,65,0.056074766355140186,751,0
Track02086,reset,1,84,302,17,285,67,0.08808290155440414,1222,0
Track02086,reset,2,87,495,16,479,71,0.054982817869415807,2654,0
Track02086,reset,3,87,212,13,199,74,0.08695652173913043,1158,0
Track02086,reset,4,98,243,13,230,85,0.07624633431085044,1351,0
Track02086,reset,5,94,86,9,77,85,0.1,478,0
Track02086,reset,6,116,443,19,424,97,0.06797853309481217,2351,0
Track02086,reset,7,95,213,19,194,76,0.12337662337662338,1166,0
Track02086,reset,8,93,251,14,237,79,0.08139534883720931,1304,0
Track02086,reset,9,91,273,11,262,80,0.06043956043956044,1393,0
Track02086,reset,10,107,271,2,269,105,0.010582010582010581,1469,0
Track02086,reset,11,100,220,1,219,99,0.00625,1159,0
Track02086,reset,12,106,394,14,380,92,0.056,2349,0
Track02086,reset,13,103,240,20,220,83,0.11661807580174927,1171,0
Track02086,reset,14,105,276,12,264,93,0.06299212598425197,1507,0
Track02086,reset,15,107,263,5,258,102,0.02702702702702703,1288,0
Track02086,reset,16,125,281,12,269,113,0.059113300492610835,1580,0
Track02086,reset,17,96,395,1,394,95,0.004073319755600814,1886,0
Track02086,reset,18,109,184,5,179,104,0.034129692832764506,1094,0
Track02086,reset,19,104,242,17,225,87,0.09826589595375723,1497,0
Track02086,reset,20,117,251,23,228,94,0.125,1212,0
Track02086,reset,21,106,292,11,281,95,0.05527638190954774,1602,0
Track02086,reset,22,118,288,32,256,86,0.15763546798029557,1372,0
Track02086,reset,23,105,227,9,218,96,0.05421686746987952,1374,0
Track02086,reset,24,106,142,15,127,91,0.12096774193548387,828,0
Track02086,reset,25,108,273,11,262,97,0.05774278215223097,1393,0
Track02086,reset,26,115,165,12,153,103,0.08571428571428572,926,0
Track02086,reset,27,114,255,0,255,114,0.0,1361,0
Track02086,reset,28,105,410,10,400,95,0.038834951456310676,2168,0
Track02086,reset,29,112,273,15,258,97,0.07792207792207792,1393,0
Track02086,reset,30,122,306,13,293,109,0.06074766355140187,1648,0
Track02086,reset,31,109,273,16,257,93,0.08376963350785341,1393,0
Track02086,reset,32,111,271,17,254,94,0.08900523560209424,1540,0
Track02086,reset,33,119,192,21,171,98,0.13504823151125403,938,0
Track02086,reset,34,104,282,17,265,87,0.08808290155440414,1643,0
Track02086,reset,35,108,383,25,358,83,0.10183299389002037,1961,0
Track02086,reset,36,120,278,19,259,101,0.09547738693467336,1309,0
Track02086,reset,37,109,396,3,393,106,0.011881188118811881,2387,0
Track02086,reset,38,111,303,23,280,88,0.1111111111111111,1769,0
Track02086,reset,39,118,284,19,265,99,0.0945273631840796,1575,0
Track02086,reset,40,133,218,27,191,106,0.15384615384615385,1119,0
Track02086,reset,41,113,67,10,57,103,0.1111111111111111,242,0
Track02086,reset,42,123,282,1,281,122,0.0049382716049382715,1478,0
Track02086,reset,43,117,211,6,205,111,0.036585365853658534,1247,0
Track02086,reset,44,123,299,4,295,119,0.018957345971563982,1610,0
Track02086,reset,45,122,105,8,97,114,0.07048458149779736,491,0
Track02086,reset,46,125,296,1,295,124,0.004750593824228029,1548,0
Track02086,reset,47,106,725,7,718,99,0.01684717208182912,4096,1
Track02086,reset,48,106,273,3,270,103,0.0158311345646438,1393,0
Track02086,reset,49,107,260,13,247,94,0.07084468664850137,1477,0
Track02086,reset,50,117,252,18,234,99,0.0975609756097561,1333,0
Track02086,reset,51,102,256,3,253,99,0.01675977653631285,1362,0
Track02086,reset,52,115,312,22,290,93,0.10304449648711944,1659,0
Track02086,reset,53,132,277,12,265,120,0.05867970660146699,1579,0
Track02086,reset,54,125,284,2,282,123,0.009779951100244499,1482,0
Track02086,reset,55,128,252,9,243,119,0.04736842105263158,1201,0
Track02086,reset,56,118,265,15,250,103,0.0783289817232376,952,0
Track02086,reset,57,72,0,0,0,72,0.0,2,0
Track02086,reset,58,0,0,0,0,0,nan,2,0
Track02086,reset,59,0,0,0,0,0,nan,2,0
Track02087,continuous,0,10,0,0,0,10,0.0,2,0
Track02087,continuous,1,22,0,0,0,22,0.0,2,0
Track02087,continuous,2,23,0,0,0,23,0.0,2,0
Track02087,continuous,3,38,0,0,0,38,0.0,2,0
Track02087,continuous,4,24,0,0,0,24,0.0,2,0
Track02087,continuous,5,30,0,0,0,30,0.0,2,0
Track02087,continuous,6,45,48,1,47,44,0.021505376344086023,195,0
Track02087,continuous,7,84,30,0,30,84,0.0,151,0
Track02087,continuous,8,86,30,0,30,86,0.0,143,0
Track02087,continuous,9,88,31,0,31,88,0.0,145,0
Track02087,continuous,10,59,33,0,33,59,0.0,149,0
Track02087,continuous,11,143,33,0,33,143,0.0,149,0
Track02087,continuous,12,138,34,0,34,138,0.0,151,0
Track02087,continuous,13,144,36,0,36,144,0.0,155,0
Track02087,continuous,14,99,37,0,37,99,0.0,157,0
Track02087,continuous,15,25,37,0,37,25,0.0,157,0
Track02087,continuous,16,28,37,0,37,28,0.0,157,0
Track02087,continuous,17,32,37,0,37,32,0.0,157,0
Track02087,continuous,18,25,37,0,37,25,0.0,157,0
Track02087,continuous,19,38,37,0,37,38,0.0,157,0
Track02087,continuous,20,68,37,0,37,68,0.0,157,0
Track02087,continuous,21,84,37,0,37,84,0.0,157,0
Track02087,continuous,22,84,37,0,37,84,0.0,157,0
Track02087,continuous,23,92,37,0,37,92,0.0,157,0
Track02087,continuous,24,78,38,2,36,76,0.034482758620689655,159,0
Track02087,continuous,25,152,39,5,34,147,0.05235602094240838,161,0
Track02087,continuous,26,152,39,5,34,147,0.05235602094240838,161,0
Track02087,continuous,27,147,39,5,34,142,0.053763440860215055,161,0
Track02087,continuous,28,53,38,2,36,51,0.04395604395604396,159,0
Track02087,continuous,29,24,37,0,37,24,0.0,157,0
Track02087,continuous,30,34,37,5,32,29,0.14084507042253522,157,0
Track02087,continuous,31,27,37,1,36,26,0.03125,157,0
Track02087,continuous,32,29,37,0,37,29,0.0,157,0
Track02087,continuous,33,40,37,0,37,40,0.0,157,0
Track02087,continuous,34,158,38,5,33,153,0.05102040816326531,159,0
Track02087,continuous,35,165,39,5,34,160,0.049019607843137254,161,0
Track02087,continuous,36,155,39,5,34,150,0.05154639175257732,161,0
Track02087,continuous,37,131,39,5,34,126,0.058823529411764705,161,0
Track02087,continuous,38,148,39,5,34,143,0.053475935828877004,161,0
Track02087,continuous,39,165,36,4,32,161,0.03980099502487562,151,0
Track02087,continuous,40,158,39,5,34,153,0.050761421319796954,161,0
Track02087,continuous,41,145,38,5,33,140,0.0546448087431694,159,0
Track02087,continuous,42,136,37,5,32,131,0.057803468208092484,157,0
Track02087,continuous,43,162,37,5,32,157,0.05025125628140704,157,0
Track02087,continuous,44,164,37,5,32,159,0.04975124378109453,157,0
Track02087,continuous,45,150,37,5,32,145,0.053475935828877004,157,0
Track02087,continuous,46,85,0,0,0,85,0.0,2,0
Track02087,continuous,47,0,0,0,0,0,nan,148,0
Track02087,reset,0,10,0,0,0,10,0.0,2,0
Track02087,reset,1,22,0,0,0,22,0.0,2,0
Track02087,reset,2,23,0,0,0,23,0.0,2,0
Track02087,reset,3,38,0,0,0,38,0.0,2,0
Track02087,reset,4,24,0,0,0,24,0.0,2,0
Track02087,reset,5,30,0,0,0,30,0.0,2,0
Track02087,reset,6,45,272,5,267,40,0.031545741324921134,1311,0
Track02087,reset,7,84,142,6,136,78,0.05309734513274336,486,0
Track02087,reset,8,86,279,17,262,69,0.09315068493150686,1344,0
Track02087,reset,9,88,67,13,54,75,0.16774193548387098,307,0
Track02087,reset,10,59,259,5,254,54,0.031446540880503145,1804,0
Track02087,reset,11,143,234,7,227,136,0.03713527851458886,1105,0
Track02087,reset,12,138,484,29,455,109,0.0932475884244373,2572,0
Track02087,reset,13,144,539,19,520,125,0.055636896046852125,3140,0
Track02087,reset,14,99,50,4,46,95,0.053691275167785234,188,0
Track02087,reset,15,25,0,0,0,25,0.0,2,0
Track02087,reset,16,28,0,0,0,28,0.0,2,0
Track02087,reset,17,32,0,0,0,32,0.0,2,0
Track02087,reset,18,25,0,0,0,25,0.0,2,0
Track02087,reset,19,38,37,0,37,38,0.0,159,0
Track02087,reset,20,68,380,9,371,59,0.04017857142857143,2106,0
Track02087,reset,21,84,117,5,112,79,0.04975124378109453,340,0
Track02087,reset,22,84,229,3,226,81,0.019169329073482427,815,0
Track02087,reset,23,92,166,5,161,87,0.03875968992248062,501,0
Track02087,reset,24,78,146,5,141,73,0.044642857142857144,680,0
Track02087,reset,25,152,452,10,442,142,0.033112582781456956,2674,0
Track02087,reset,26,152,497,12,485,140,0.03697996918335902,2943,0
Track02087,reset,27,147,458,12,446,135,0.03966942148760331,2636,0
Track02087,reset,28,53,49,2,47,51,0.0392156862745098,200,0
Track02087,reset,29,24,0,0,0,24,0.0,2,0
Track02087,reset,30,34,0,0,0,34,0.0,2,0
Track02087,reset,31,27,0,0,0,27,0.0,2,0
Track02087,reset,32,29,0,0,0,29,0.0,2,0
Track02087,reset,33,40,142,3,139,37,0.03296703296703297,792,0
Track02087,reset,34,158,396,16,380,142,0.05776173285198556,2302,0
Track02087,reset,35,165,431,18,413,147,0.06040268456375839,2506,0
Track02087,reset,36,155,396,16,380,139,0.05807622504537205,2302,0
Track02087,reset,37,131,205,12,193,119,0.07142857142857142,1116,0
Track02087,reset,38,148,687,13,674,135,0.031137724550898204,4096,1
Track02087,reset,39,165,67,3,64,162,0.02586206896551724,230,0
Track02087,reset,40,158,53,6,47,152,0.05687203791469194,242,0
Track02087,reset,41,145,105,12,93,133,0.096,621,0
Track02087,reset,42,136,374,10,364,126,0.0392156862745098,2174,0
Track02087,reset,43,162,79,11,68,151,0.0912863070539419,412,0
Track02087,reset,44,164,0,0,0,164,0.0,2,0
Track02087,reset,45,150,0,0,0,150,0.0,2,0
Track02087,reset,46,85,0,0,0,85,0.0,2,0
Track02087,reset,47,0,0,0,0,0,nan,2,0
Track02088,continuous,0,0,0,0,0,0,nan,2,0
Track02088,continuous,1,5,0,0,0,5,0.0,2,0
Track02088,continuous,2,12,0,0,0,12,0.0,2,0
Track02088,continuous,3,31,0,0,0,31,0.0,2,0
Track02088,continuous,4,25,0,0,0,25,0.0,2,0
Track02088,continuous,5,45,38,0,38,45,0.0,173,0
Track02088,continuous,6,32,40,0,40,32,0.0,185,0
Track02088,continuous,7,63,45,0,45,63,0.0,207,0
Track02088,continuous,8,85,45,2,43,83,0.03076923076923077,207,0
Track02088,continuous,9,79,44,1,43,78,0.016260162601626018,199,0
Track02088,continuous,10,96,49,1,48,95,0.013793103448275862,217,0
Track02088,continuous,11,68,53,3,50,65,0.049586776859504134,248,0
Track02088,continuous,12,210,47,5,42,205,0.038910505836575876,208,0
Track02088,continuous,13,229,50,2,48,227,0.014336917562724014,210,0
Track02088,continuous,14,203,50,1,49,202,0.007905138339920948,213,0
Track02088,continuous,15,222,50,1,49,221,0.007352941176470588,216,0
Track02088,continuous,16,185,73,0,73,185,0.0,316,0
Track02088,continuous,17,227,77,1,76,226,0.006578947368421052,347,0
Track02088,continuous,18,84,74,0,74,84,0.0,342,0
Track02088,continuous,19,68,76,0,76,68,0.0,351,0
Track02088,continuous,20,63,66,1,65,62,0.015503875968992248,304,0
Track02088,continuous,21,60,61,0,61,60,0.0,288,0
Track02088,continuous,22,100,61,4,57,96,0.049689440993788817,299,0
Track02088,continuous,23,146,69,0,69,146,0.0,342,0
Track02088,continuous,24,128,77,5,72,123,0.04878048780487805,375,0
Track02088,continuous,25,132,78,0,78,132,0.0,390,0
Track02088,continuous,26,107,63,3,60,104,0.03529411764705882,296,0
Track02088,continuous,27,146,66,2,64,144,0.018867924528301886,310,0
Track02088,continuous,28,178,57,1,56,177,0.00851063829787234,238,0
Track02088,continuous,29,164,54,5,49,159,0.045871559633027525,215,0
Track02088,continuous,30,178,55,2,53,176,0.017167381974248927,217,0
Track02088,continuous,31,175,57,6,51,169,0.05172413793103448,221,0
Track02088,continuous,32,235,59,5,54,230,0.034013605442176874,213,0
Track02088,continuous,33,244,53,3,50,241,0.020202020202020204,197,0
Track02088,continuous,34,254,63,3,60,251,0.01892744479495268,233,0
Track02088,continuous,35,234,65,7,58,227,0.046822742474916385,225,0
Track02088,continuous,36,222,57,5,52,217,0.035842293906810034,251,0
Track02088,continuous,37,225,71,4,67,221,0.02702702702702703,338,0
Track02088,continuous,38,177,66,6,60,171,0.04938271604938271,326,0
Track02088,continuous,39,162,66,7,59,155,0.06140350877192982,326,0
Track02088,continuous,40,138,69,5,64,133,0.04830917874396135,366,0
Track02088,continuous,41,34,49,0,49,34,0.0,256,0
Track02088,continuous,42,44,40,0,40,44,0.0,232,0
Track02088,continuous,43,63,39,1,38,62,0.0196078431372549,230,0
Track02088,continuous,44,0,24,0,24,0,0.0,157,0
Track02088,continuous,45,0,0,0,0,0,nan,144,0
Track02088,reset,0,0,0,0,0,0,nan,2,0
Track02088,reset,1,5,0,0,0,5,0.0,2,0
Track02088,reset,2,12,0,0,0,12,0.0,2,0
Track02088,reset,3,31,357,0,357,31,0.0,1841,0
Track02088,reset,4,25,0,0,0,25,0.0,2,0
Track02088,reset,5,45,274,0,274,45,0.0,1932,0
Track02088,reset,6,32,0,0,0,32,0.0,2,0
Track02088,reset,7,63,196,11,185,52,0.08494208494208494,682,0
Track02088,reset,8,85,67,6,61,79,0.07894736842105263,230,0
Track02088,reset,9,79,159,13,146,66,0.1092436974789916,501,0
Track02088,reset,10,96,423,10,413,86,0.038535645472061654,2219,0
Track02088,reset,11,68,185,4,181,64,0.03162055335968379,641,0
Track02088,reset,12,210,151,9,142,201,0.04986149584487535,769,0
Track02088,reset,13,229,347,8,339,221,0.027777777777777776,2132,0
Track02088,reset,14,203,572,13,559,190,0.03354838709677419,3443,0
Track02088,reset,15,222,711,12,699,210,0.02572347266881029,3360,0
Track02088,reset,16,185,509,0,509,185,0.0,3160,0
Track02088,reset,17,227,573,2,571,225,0.005,3427,0
Track02088,reset,18,84,500,3,497,81,0.010273972602739725,1986,0
Track02088,reset,19,68,193,0,193,68,0.0,819,0
Track02088,reset,20,63,211,4,207,59,0.029197080291970802,963,0
Track02088,reset,21,60,51,1,50,59,0.018018018018018018,243,0
Track02088,reset,22,100,435,10,425,90,0.037383177570093455,2559,0
Track02088,reset,23,146,463,9,454,137,0.029556650246305417,2069,0
Track02088,reset,24,128,693,15,678,113,0.03654080389768575,3582,0
Track02088,reset,25,132,611,1,610,131,0.0026917900403768506,3688,0
Track02088,reset,26,107,368,8,360,99,0.03368421052631579,2195,0
Track02088,reset,27,146,609,6,603,140,0.015894039735099338,3676,0
Track02088,reset,28,178,479,12,467,166,0.0365296803652968,1902,0
Track02088,reset,29,164,439,23,416,141,0.07628524046434494,2230,0
Track02088,reset,30,178,361,12,349,166,0.04452690166975881,1687,0
Track02088,reset,31,175,667,1,666,174,0.0023752969121140144,3832,0
Track02088,reset,32,235,676,1,675,234,0.0021953896816684962,4069,1
Track02088,reset,33,244,602,13,589,231,0.030732860520094562,3162,0
Track02088,reset,34,254,577,24,553,230,0.05776173285198556,3028,0
Track02088,reset,35,234,359,7,352,227,0.023608768971332208,2081,0
Track02088,reset,36,222,364,4,360,218,0.013651877133105802,2184,0
Track02088,reset,37,225,452,6,446,219,0.01772525849335303,2674,0
Track02088,reset,38,177,426,10,416,167,0.03316749585406302,2531,0
Track02088,reset,39,162,659,23,636,139,0.05602923264311815,3474,0
Track02088,reset,40,138,478,10,468,128,0.032467532467532464,2547,0
Track02088,reset,41,34,210,0,210,34,0.0,864,0
Track02088,reset,42,44,151,0,151,44,0.0,617,0
Track02088,reset,43,63,304,0,304,63,0.0,1430,0
Track02088,reset,44,0,0,0,0,0,nan,2,0
Track02088,reset,45,0,0,0,0,0,nan,2,0
Track02092,continuous,0,65,322,2,320,63,0.0103359173126615,1758,0
Track02092,continuous,1,123,497,8,489,115,0.025806451612903226,2684,0
Track02092,continuous,2,111,546,13,533,98,0.0395738203957382,2899,0
Track02092,continuous,3,129,531,11,520,118,0.03333333333333333,2865,0
Track02092,continuous,4,127,486,8,478,119,0.026101141924959218,2769,0
Track02092,continuous,5,126,431,13,418,113,0.0466786355475763,2529,0
Track02092,continuous,6,141,421,7,414,134,0.02491103202846975,2447,0
Track02092,continuous,7,141,358,5,353,136,0.02004008016032064,2129,0
Track02092,continuous,8,129,331,10,321,119,0.043478260869565216,1949,0
Track02092,continuous,9,133,297,11,286,122,0.05116279069767442,1724,0
Track02092,continuous,10,133,287,14,273,119,0.06666666666666667,1656,0
Track02092,continuous,11,116,287,5,282,111,0.02481389578163772,1656,0
Track02092,continuous,12,122,276,15,261,107,0.07537688442211055,1587,0
Track02092,continuous,13,132,270,9,261,123,0.04477611940298507,1522,0
Track02092,continuous,14,152,267,5,262,147,0.02386634844868735,1509,0
Track02092,continuous,15,152,277,11,266,141,0.05128205128205128,1585,0
Track02092,continuous,16,145,297,8,289,137,0.03619909502262444,1724,0
Track02092,continuous,17,153,329,6,323,147,0.024896265560165973,1919,0
Track02092,continuous,18,134,296,10,286,124,0.046511627906976744,1700,0
Track02092,continuous,19,143,312,8,304,135,0.035164835164835165,1773,0
Track02092,continuous,20,125,300,7,293,118,0.03294117647058824,1735,0
Track02092,continuous,21,83,315,4,311,79,0.020100502512562814,1791,0
Track02092,continuous,22,55,276,5,271,50,0.030211480362537766,1587,0
Track02092,continuous,23,63,270,2,268,61,0.012012012012012012,1525,0
Track02092,continuous,24,57,274,5,269,52,0.030211480362537766,1535,0
Track02092,continuous,25,60,301,2,299,58,0.0110803324099723,1731,0
Track02092,continuous,26,64,273,12,261,52,0.0712166172106825,1574,0
Track02092,continuous,27,116,259,3,256,113,0.016,1502,0
Track02092,continuous,28,142,315,10,305,132,0.0437636761487965,1787,0
Track02092,continuous,29,146,294,10,284,136,0.045454545454545456,1705,0
Track02092,continuous,30,150,287,7,280,143,0.032036613272311214,1656,0
Track02092,continuous,31,137,325,9,316,128,0.03896103896103896,1852,0
Track02092,continuous,32,148,304,11,293,137,0.048672566371681415,1734,0
Track02092,continuous,33,137,325,10,315,127,0.04329004329004329,1852,0
Track02092,continuous,34,161,315,4,311,157,0.01680672268907563,1784,0
Track02092,continuous,35,164,311,14,297,150,0.05894736842105263,1787,0
Track02092,continuous,36,157,313,13,300,144,0.05531914893617021,1829,0
Track02092,continuous,37,160,302,6,296,154,0.025974025974025976,1720,0
Track02092,continuous,38,153,269,11,258,142,0.052132701421800945,1545,0
Track02092,continuous,39,163,296,10,286,153,0.04357298474945534,1699,0
Track02092,continuous,40,127,280,4,276,123,0.019656019656019656,1620,0
Track02092,continuous,41,22,256,2,254,20,0.014388489208633094,1440,0
Track02092,continuous,42,0,0,0,0,0,nan,1767,0
Track02092,reset,0,65,322,9,313,56,0.046511627906976744,1758,0
Track02092,reset,1,123,565,20,545,103,0.05813953488372093,2926,0
Track02092,reset,2,111,445,16,429,95,0.05755395683453238,2325,0
Track02092,reset,3,129,639,16,623,113,0.041666666666666664,3305,0
Track02092,reset,4,127,279,10,269,117,0.04926108374384237,2150,0
Track02092,reset,5,126,363,11,352,115,0.044989775051124746,1977,0
Track02092,reset,6,141,551,14,537,127,0.04046242774566474,2865,0
Track02092,reset,7,141,432,5,427,136,0.017452006980802792,2363,0
Track02092,reset,8,129,533,0,533,129,0.0,2834,0
Track02092,reset,9,133,506,0,506,133,0.0,2673,0
Track02092,reset,10,133,659,0,659,133,0.0,3474,0
Track02092,reset,11,116,639,11,628,105,0.02913907284768212,3305,0
Track02092,reset,12,122,332,11,321,111,0.048458149779735685,1788,0
Track02092,reset,13,132,604,1,603,131,0.002717391304347826,3291,0
Track02092,reset,14,152,458,0,458,152,0.0,2658,0
Track02092,reset,15,152,500,7,493,145,0.02147239263803681,2500,0
Track02092,reset,16,145,471,10,461,135,0.032467532467532464,2514,0
Track02092,reset,17,153,471,7,464,146,0.022435897435897436,2514,0
Track02092,reset,18,134,412,0,412,134,0.0,2183,0
Track02092,reset,19,143,518,0,518,143,0.0,2743,0
Track02092,reset,20,125,690,0,690,125,0.0,3601,0
Track02092,reset,21,83,332,5,327,78,0.024096385542168676,1788,0
Track02092,reset,22,55,376,7,369,48,0.03248259860788863,2029,0
Track02092,reset,23,63,677,1,676,62,0.002702702702702703,3783,0
Track02092,reset,24,57,780,6,774,51,0.014336917562724014,3994,1
Track02092,reset,25,60,332,4,328,56,0.02040816326530612,1788,0
Track02092,reset,26,64,486,6,480,58,0.02181818181818182,2720,0
Track02092,reset,27,116,568,2,566,114,0.005847953216374269,3415,0
Track02092,reset,28,142,586,0,586,142,0.0,3063,0
Track02092,reset,29,146,419,0,419,146,0.0,2259,0
Track02092,reset,30,150,474,0,474,150,0.0,2536,0
Track02092,reset,31,137,588,0,588,137,0.0,3100,0
Track02092,reset,32,148,562,0,562,148,0.0,2934,0
Track02092,reset,33,137,588,0,588,137,0.0,3100,0
Track02092,reset,34,161,521,0,521,161,0.0,2780,0
Track02092,reset,35,164,332,9,323,155,0.036290322580645164,2175,0
Track02092,reset,36,157,514,0,514,157,0.0,2519,0
Track02092,reset,37,160,501,0,501,160,0.0,2610,0
Track02092,reset,38,153,659,0,659,153,0.0,3474,0
Track02092,reset,39,163,540,0,540,163,0.0,3202,0
Track02092,reset,40,127,681,0,681,127,0.0,3565,0
Track02092,reset,41,22,0,0,0,22,0.0,2,0
Track02092,reset,42,0,0,0,0,0,nan,2,0
Track02098,continuous,0,73,522,12,510,61,0.040336134453781515,2309,0
Track02098,continuous,1,71,451,11,440,60,0.0421455938697318,1845,0
Track02098,continuous,2,57,262,8,254,49,0.050156739811912224,1167,0
Track02098,continuous,3,50,249,7,242,43,0.046822742474916385,1198,0
Track02098,continuous,4,54,215,10,205,44,0.07434944237918216,984,0
Track02098,continuous,5,50,205,9,196,41,0.07058823529411765,934,0
Track02098,continuous,6,57,193,9,184,48,0.072,764,0
Track02098,continuous,7,55,186,2,184,53,0.016597510373443983,730,0
Track02098,continuous,8,59,182,8,174,51,0.06639004149377593,702,0
Track02098,continuous,9,54,187,2,185,52,0.016597510373443983,696,0
Track02098,continuous,10,71,169,5,164,66,0.041666666666666664,632,0
Track02098,continuous,11,75,209,5,204,70,0.035211267605633804,802,0
Track02098,continuous,12,77,196,4,192,73,0.029304029304029304,735,0
Track02098,continuous,13,76,209,5,204,71,0.03508771929824561,802,0
Track02098,continuous,14,50,178,0,178,50,0.0,710,0
Track02098,continuous,15,0,0,0,0,0,nan,602,0
Track02098,reset,0,73,522,12,510,61,0.040336134453781515,2309,0
Track02098,reset,1,71,260,11,249,60,0.06646525679758308,1130,0
Track02098,reset,2,57,42,7,35,50,0.1414141414141414,167,0
Track02098,reset,3,50,178,6,172,44,0.05263157894736842,481,0
Track02098,reset,4,54,42,7,35,47,0.14583333333333334,167,0
Track02098,reset,5,50,276,15,261,35,0.09202453987730061,1537,0
Track02098,reset,6,57,42,7,35,50,0.1414141414141414,167,0
Track02098,reset,7,55,245,6,239,49,0.04,1348,0
Track02098,reset,8,59,423,9,414,50,0.03734439834024896,2018,0
Track02098,reset,9,54,487,13,474,41,0.04805914972273567,2653,0
Track02098,reset,10,71,388,9,379,62,0.0392156862745098,1806,0
Track02098,reset,11,75,109,7,102,68,0.07608695652173914,430,0
Track02098,reset,12,77,431,5,426,72,0.01968503937007874,2222,0
Track02098,reset,13,76,666,0,666,76,0.0,4096,1
Track02098,reset,14,50,305,4,301,46,0.022535211267605635,1398,0
Track02098,reset,15,0,0,0,0,0,nan,2,0
