track,mode,category,value
Track01876,continuous,n_gt,4102
Track01876,continuous,n_pred,2459
Track01876,continuous,tp_onset,61
Track01876,continuous,tp_offset_ok,61
Track01876,continuous,tp_offset_short,0
Track01876,continuous,tp_offset_long,0
Track01876,continuous,miss_timing_near,434
Track01876,continuous,miss_same_pitch_far,40
Track01876,continuous,miss_octave,2
Track01876,continuous,miss_program_swap,6
Track01876,continuous,miss_no_candidate,3559
Track01876,continuous,fp_timing,484
Track01876,continuous,fp_octave,1
Track01876,continuous,fp_program_swap,5
Track01876,continuous,fp_spurious_near,1899
Track01876,continuous,fp_spurious_far,9
Track01876,continuous,gt_drum,1241
Track01876,continuous,pred_drum,991
Track01876,continuous,tp_drum,61
Track01876,continuous,miss_drum,1180
Track01876,continuous,fp_drum,930
Track01876,continuous,tp_pitched,0
Track01876,continuous,tp_pitched_offset_ok,0
Track01876,continuous,tp_pitched_offset_short,0
Track01876,continuous,tp_pitched_offset_long,0
Track01876,continuous,mean_offset_delta_ticks_pitched,nan
Track01876,continuous,mean_duration_ratio_pitched,nan
Track01876,continuous,precision,0.0248068
Track01876,continuous,recall,0.0148708
Track01876,continuous,f1,0.0185947
Track01876,continuous,mean_onset_delta_ticks,2.40984
Track01876,continuous,mean_offset_delta_ticks,-1.60656
Track01876,continuous,mean_duration_ratio,0.767511
Track01876,reset,n_gt,4102
Track01876,reset,n_pred,11962
Track01876,reset,tp_onset,305
Track01876,reset,tp_offset_ok,303
Track01876,reset,tp_offset_short,2
Track01876,reset,tp_offset_long,0
Track01876,reset,miss_timing_near,305
Track01876,reset,miss_same_pitch_far,1024
Track01876,reset,miss_octave,6
Track01876,reset,miss_program_swap,9
Track01876,reset,miss_no_candidate,2453
Track01876,reset,fp_timing,2790
Track01876,reset,fp_octave,17
Track01876,reset,fp_program_swap,10
Track01876,reset,fp_spurious_near,8840
Track01876,reset,fp_spurious_far,0
Track01876,reset,gt_drum,1241
Track01876,reset,pred_drum,3347
Track01876,reset,tp_drum,302
Track01876,reset,miss_drum,939
Track01876,reset,fp_drum,3045
Track01876,reset,tp_pitched,3
Track01876,reset,tp_pitched_offset_ok,1
Track01876,reset,tp_pitched_offset_short,2
Track01876,reset,tp_pitched_offset_long,0
Track01876,reset,mean_offset_delta_ticks_pitched,-23
Track01876,reset,mean_duration_ratio_pitched,0.176505
Track01876,reset,precision,0.0254974
Track01876,reset,recall,0.074354
Track01876,reset,f1,0.0379731
Track01876,reset,mean_onset_delta_ticks,2.20656
Track01876,reset,mean_offset_delta_ticks,-0.672131
Track01876,reset,mean_duration_ratio,0.752481
Track01880,continuous,n_gt,8161
Track01880,continuous,n_pred,2421
Track01880,continuous,tp_onset,238
Track01880,continuous,tp_offset_ok,143
Track01880,continuous,tp_offset_short,95
Track01880,continuous,tp_offset_long,0
Track01880,continuous,miss_timing_near,1058
Track01880,continuous,miss_same_pitch_far,0
Track01880,continuous,miss_octave,0
Track01880,continuous,miss_program_swap,6
Track01880,continuous,miss_no_candidate,6859
Track01880,continuous,fp_timing,253
Track01880,continuous,fp_octave,0
Track01880,continuous,fp_program_swap,0
Track01880,continuous,fp_spurious_near,1895
Track01880,continuous,fp_spurious_far,35
Track01880,continuous,gt_drum,4381
Track01880,continuous,pred_drum,967
Track01880,continuous,tp_drum,238
Track01880,continuous,miss_drum,4143
Track01880,continuous,fp_drum,729
Track01880,continuous,tp_pitched,0
Track01880,continuous,tp_pitched_offset_ok,0
Track01880,continuous,tp_pitched_offset_short,0
Track01880,continuous,tp_pitched_offset_long,0
Track01880,continuous,mean_offset_delta_ticks_pitched,nan
Track01880,continuous,mean_duration_ratio_pitched,nan
Track01880,continuous,precision,0.0983065
Track01880,continuous,recall,0.0291631
Track01880,continuous,f1,0.044982
Track01880,continuous,mean_onset_delta_ticks,2.39496
Track01880,continuous,mean_offset_delta_ticks,-8.19328
Track01880,continuous,mean_duration_ratio,0.0989729
Track01880,reset,n_gt,8161
Track01880,reset,n_pred,13854
Track01880,reset,tp_onset,667
Track01880,reset,tp_offset_ok,456
Track01880,reset,tp_offset_short,211
Track01880,reset,tp_offset_long,0
Track01880,reset,miss_timing_near,870
Track01880,reset,miss_same_pitch_far,2498
Track01880,reset,miss_octave,29
Track01880,reset,miss_program_swap,32
Track01880,reset,miss_no_candidate,4065
Track01880,reset,fp_timing,2970
Track01880,reset,fp_octave,20
Track01880,reset,fp_program_swap,33
Track01880,reset,fp_spurious_near,10154
Track01880,reset,fp_spurious_far,10
Track01880,reset,gt_drum,4381
Track01880,reset,pred_drum,4247
Track01880,reset,tp_drum,652
Track01880,reset,miss_drum,3729
Track01880,reset,fp_drum,3595
Track01880,reset,tp_pitched,15
Track01880,reset,tp_pitched_offset_ok,14
Track01880,reset,tp_pitched_offset_short,1
Track01880,reset,tp_pitched_offset_long,0
Track01880,reset,mean_offset_delta_ticks_pitched,-2.6
Track01880,reset,mean_duration_ratio_pitched,0.838761
Track01880,reset,precision,0.0481449
Track01880,reset,recall,0.0817302
Track01880,reset,f1,0.060595
Track01880,reset,mean_onset_delta_ticks,2.42279
Track01880,reset,mean_offset_delta_ticks,-8.27586
Track01880,reset,mean_duration_ratio,0.123833
Track01887,continuous,n_gt,10961
Track01887,continuous,n_pred,43993
Track01887,continuous,tp_onset,1144
Track01887,continuous,tp_offset_ok,1061
Track01887,continuous,tp_offset_short,83
Track01887,continuous,tp_offset_long,0
Track01887,continuous,miss_timing_near,667
Track01887,continuous,miss_same_pitch_far,0
Track01887,continuous,miss_octave,350
Track01887,continuous,miss_program_swap,119
Track01887,continuous,miss_no_candidate,8681
Track01887,continuous,fp_timing,23964
Track01887,continuous,fp_octave,123
Track01887,continuous,fp_program_swap,117
Track01887,continuous,fp_spurious_near,18377
Track01887,continuous,fp_spurious_far,268
Track01887,continuous,gt_drum,2776
Track01887,continuous,pred_drum,10459
Track01887,continuous,tp_drum,1035
Track01887,continuous,miss_drum,1741
Track01887,continuous,fp_drum,9424
Track01887,continuous,tp_pitched,109
Track01887,continuous,tp_pitched_offset_ok,26
Track01887,continuous,tp_pitched_offset_short,83
Track01887,continuous,tp_pitched_offset_long,0
Track01887,continuous,mean_offset_delta_ticks_pitched,-30.8991
Track01887,continuous,mean_duration_ratio_pitched,0.39225
Track01887,continuous,precision,0.0260041
Track01887,continuous,recall,0.10437
Track01887,continuous,f1,0.0416348
Track01887,continuous,mean_onset_delta_ticks,2.56294
Track01887,continuous,mean_offset_delta_ticks,-3.02622
Track01887,continuous,mean_duration_ratio,0.955404
Track01887,reset,n_gt,10961
Track01887,reset,n_pred,44869
Track01887,reset,tp_onset,750
Track01887,reset,tp_offset_ok,660
Track01887,reset,tp_offset_short,87
Track01887,reset,tp_offset_long,3
Track01887,reset,miss_timing_near,915
Track01887,reset,miss_same_pitch_far,5998
Track01887,reset,miss_octave,147
Track01887,reset,miss_program_swap,19
Track01887,reset,miss_no_candidate,3132
Track01887,reset,fp_timing,25569
Track01887,reset,fp_octave,113
Track01887,reset,fp_program_swap,99
Track01887,reset,fp_spurious_near,18216
Track01887,reset,fp_spurious_far,122
Track01887,reset,gt_drum,2776
Track01887,reset,pred_drum,6766
Track01887,reset,tp_drum,637
Track01887,reset,miss_drum,2139
Track01887,reset,fp_drum,6129
Track01887,reset,tp_pitched,113
Track01887,reset,tp_pitched_offset_ok,23
Track01887,reset,tp_pitched_offset_short,87
Track01887,reset,tp_pitched_offset_long,3
Track01887,reset,mean_offset_delta_ticks_pitched,-36.9912
Track01887,reset,mean_duration_ratio_pitched,0.334414
Track01887,reset,precision,0.0167153
Track01887,reset,recall,0.0684244
Track01887,reset,f1,0.0268673
Track01887,reset,mean_onset_delta_ticks,2.428
Track01887,reset,mean_offset_delta_ticks,-5.73733
Track01887,reset,mean_duration_ratio,0.894324
Track01888,continuous,n_gt,6225
Track01888,continuous,n_pred,13218
Track01888,continuous,tp_onset,353
Track01888,continuous,tp_offset_ok,18
Track01888,continuous,tp_offset_short,335
Track01888,continuous,tp_offset_long,0
Track01888,continuous,miss_timing_near,276
Track01888,continuous,miss_same_pitch_far,608
Track01888,continuous,miss_octave,54
Track01888,continuous,miss_program_swap,29
Track01888,continuous,miss_no_candidate,4905
Track01888,continuous,fp_timing,12849
Track01888,continuous,fp_octave,0
Track01888,continuous,fp_program_swap,0
Track01888,continuous,fp_spurious_near,11
Track01888,continuous,fp_spurious_far,5
Track01888,continuous,gt_drum,2502
Track01888,continuous,pred_drum,3967
Track01888,continuous,tp_drum,217
Track01888,continuous,miss_drum,2285
Track01888,continuous,fp_drum,3750
Track01888,continuous,tp_pitched,136
Track01888,continuous,tp_pitched_offset_ok,16
Track01888,continuous,tp_pitched_offset_short,120
Track01888,continuous,tp_pitched_offset_long,0
Track01888,continuous,mean_offset_delta_ticks_pitched,-53.9632
Track01888,continuous,mean_duration_ratio_pitched,0.242332
Track01888,continuous,precision,0.026706
Track01888,continuous,recall,0.0567068
Track01888,continuous,f1,0.0363113
Track01888,continuous,mean_onset_delta_ticks,2.90368
Track01888,continuous,mean_offset_delta_ticks,-51.6629
Track01888,continuous,mean_duration_ratio,0.112448
Track01888,reset,n_gt,6225
Track01888,reset,n_pred,29403
Track01888,reset,tp_onset,98
Track01888,reset,tp_offset_ok,14
Track01888,reset,tp_offset_short,80
Track01888,reset,tp_offset_long,4
Track01888,reset,miss_timing_near,215
Track01888,reset,miss_same_pitch_far,3354
Track01888,reset,miss_octave,59
Track01888,reset,miss_program_swap,35
Track01888,reset,miss_no_candidate,2464
Track01888,reset,fp_timing,10677
Track01888,reset,fp_octave,158
Track01888,reset,fp_program_swap,139
Track01888,reset,fp_spurious_near,18314
Track01888,reset,fp_spurious_far,17
Track01888,reset,gt_drum,2502
Track01888,reset,pred_drum,5507
Track01888,reset,tp_drum,41
Track01888,reset,miss_drum,2461
Track01888,reset,fp_drum,5466
Track01888,reset,tp_pitched,57
Track01888,reset,tp_pitched_offset_ok,9
Track01888,reset,tp_pitched_offset_short,44
Track01888,reset,tp_pitched_offset_long,4
Track01888,reset,mean_offset_delta_ticks_pitched,-65.0877
Track01888,reset,mean_duration_ratio_pitched,0.74018
Track01888,reset,precision,0.00333299
Track01888,reset,recall,0.015743
Track01888,reset,f1,0.00550129
Track01888,reset,mean_onset_delta_ticks,2.32653
Track01888,reset,mean_offset_delta_ticks,-59.4286
Track01888,reset,mean_duration_ratio,0.446872
Track01889,continuous,n_gt,4089
Track01889,continuous,n_pred,8532
Track01889,continuous,tp_onset,72
Track01889,continuous,tp_offset_ok,72
Track01889,continuous,tp_offset_short,0
Track01889,continuous,tp_offset_long,0
Track01889,continuous,miss_timing_near,71
Track01889,continuous,miss_same_pitch_far,41
Track01889,continuous,miss_octave,8
Track01889,continuous,miss_program_swap,18
Track01889,continuous,miss_no_candidate,3879
Track01889,continuous,fp_timing,1590
Track01889,continuous,fp_octave,11
Track01889,continuous,fp_program_swap,15
Track01889,continuous,fp_spurious_near,6633
Track01889,continuous,fp_spurious_far,211
Track01889,continuous,gt_drum,1610
Track01889,continuous,pred_drum,3390
Track01889,continuous,tp_drum,72
Track01889,continuous,miss_drum,1538
Track01889,continuous,fp_drum,3318
Track01889,continuous,tp_pitched,0
Track01889,continuous,tp_pitched_offset_ok,0
Track01889,continuous,tp_pitched_offset_short,0
Track01889,continuous,tp_pitched_offset_long,0
Track01889,continuous,mean_offset_delta_ticks_pitched,nan
Track01889,continuous,mean_duration_ratio_pitched,nan
Track01889,continuous,precision,0.00843882
Track01889,continuous,recall,0.0176082
Track01889,continuous,f1,0.0114096
Track01889,continuous,mean_onset_delta_ticks,3.01389
Track01889,continuous,mean_offset_delta_ticks,0.0694444
Track01889,continuous,mean_duration_ratio,1.00694
Track01889,reset,n_gt,4089
Track01889,reset,n_pred,23139
Track01889,reset,tp_onset,87
Track01889,reset,tp_offset_ok,10
Track01889,reset,tp_offset_short,77
Track01889,reset,tp_offset_long,0
Track01889,reset,miss_timing_near,120
Track01889,reset,miss_same_pitch_far,2213
Track01889,reset,miss_octave,27
Track01889,reset,miss_program_swap,7
Track01889,reset,miss_no_candidate,1635
Track01889,reset,fp_timing,14851
Track01889,reset,fp_octave,23
Track01889,reset,fp_program_swap,17
Track01889,reset,fp_spurious_near,8113
Track01889,reset,fp_spurious_far,48
Track01889,reset,gt_drum,1610
Track01889,reset,pred_drum,3589
Track01889,reset,tp_drum,7
Track01889,reset,miss_drum,1603
Track01889,reset,fp_drum,3582
Track01889,reset,tp_pitched,80
Track01889,reset,tp_pitched_offset_ok,3
Track01889,reset,tp_pitched_offset_short,77
Track01889,reset,tp_pitched_offset_long,0
Track01889,reset,mean_offset_delta_ticks_pitched,-104.95
Track01889,reset,mean_duration_ratio_pitched,0.145182
Track01889,reset,precision,0.00375989
Track01889,reset,recall,0.0212766
Track01889,reset,f1,0.00639048
Track01889,reset,mean_onset_delta_ticks,2.02299
Track01889,reset,mean_offset_delta_ticks,-96.4713
Track01889,reset,mean_duration_ratio,0.214483
Track01895,continuous,n_gt,4770
Track01895,continuous,n_pred,3378
Track01895,continuous,tp_onset,418
Track01895,continuous,tp_offset_ok,364
Track01895,continuous,tp_offset_short,28
Track01895,continuous,tp_offset_long,26
Track01895,continuous,miss_timing_near,571
Track01895,continuous,miss_same_pitch_far,8
Track01895,continuous,miss_octave,52
Track01895,continuous,miss_program_swap,16
Track01895,continuous,miss_no_candidate,3705
Track01895,continuous,fp_timing,2960
Track01895,continuous,fp_octave,0
Track01895,continuous,fp_program_swap,0
Track01895,continuous,fp_spurious_near,0
Track01895,continuous,fp_spurious_far,0
Track01895,continuous,gt_drum,1010
Track01895,continuous,pred_drum,1141
Track01895,continuous,tp_drum,311
Track01895,continuous,miss_drum,699
Track01895,continuous,fp_drum,830
Track01895,continuous,tp_pitched,107
Track01895,continuous,tp_pitched_offset_ok,53
Track01895,continuous,tp_pitched_offset_short,28
Track01895,continuous,tp_pitched_offset_long,26
Track01895,continuous,mean_offset_delta_ticks_pitched,0.252336
Track01895,continuous,mean_duration_ratio_pitched,1.25643
Track01895,continuous,precision,0.123742
Track01895,continuous,recall,0.087631
Track01895,continuous,f1,0.102602
Track01895,continuous,mean_onset_delta_ticks,2.79665
Track01895,continuous,mean_offset_delta_ticks,0
Track01895,continuous,mean_duration_ratio,0.9227
Track01895,reset,n_gt,4770
Track01895,reset,n_pred,10918
Track01895,reset,tp_onset,416
Track01895,reset,tp_offset_ok,383
Track01895,reset,tp_offset_short,27
Track01895,reset,tp_offset_long,6
Track01895,reset,miss_timing_near,396
Track01895,reset,miss_same_pitch_far,1812
Track01895,reset,miss_octave,36
Track01895,reset,miss_program_swap,12
Track01895,reset,miss_no_candidate,2098
Track01895,reset,fp_timing,4590
Track01895,reset,fp_octave,35
Track01895,reset,fp_program_swap,41
Track01895,reset,fp_spurious_near,5824
Track01895,reset,fp_spurious_far,12
Track01895,reset,gt_drum,1010
Track01895,reset,pred_drum,3016
Track01895,reset,tp_drum,372
Track01895,reset,miss_drum,638
Track01895,reset,fp_drum,2644
Track01895,reset,tp_pitched,44
Track01895,reset,tp_pitched_offset_ok,11
Track01895,reset,tp_pitched_offset_short,27
Track01895,reset,tp_pitched_offset_long,6
Track01895,reset,mean_offset_delta_ticks_pitched,-10.4545
Track01895,reset,mean_duration_ratio_pitched,2.09815
Track01895,reset,precision,0.0381022
Track01895,reset,recall,0.0872117
Track01895,reset,f1,0.0530342
Track01895,reset,mean_onset_delta_ticks,2.28606
Track01895,reset,mean_offset_delta_ticks,-1.36779
Track01895,reset,mean_duration_ratio,0.960283
Track01897,continuous,n_gt,3399
Track01897,continuous,n_pred,3421
Track01897,continuous,tp_onset,122
Track01897,continuous,tp_offset_ok,91
Track01897,continuous,tp_offset_short,28
Track01897,continuous,tp_offset_long,3
Track01897,continuous,miss_timing_near,369
Track01897,continuous,miss_same_pitch_far,221
Track01897,continuous,miss_octave,7
Track01897,continuous,miss_program_swap,17
Track01897,continuous,miss_no_candidate,2663
Track01897,continuous,fp_timing,3299
Track01897,continuous,fp_octave,0
Track01897,continuous,fp_program_swap,0
Track01897,continuous,fp_spurious_near,0
Track01897,continuous,fp_spurious_far,0
Track01897,continuous,gt_drum,593
Track01897,continuous,pred_drum,1432
Track01897,continuous,tp_drum,86
Track01897,continuous,miss_drum,507
Track01897,continuous,fp_drum,1346
Track01897,continuous,tp_pitched,36
Track01897,continuous,tp_pitched_offset_ok,5
Track01897,continuous,tp_pitched_offset_short,28
Track01897,continuous,tp_pitched_offset_long,3
Track01897,continuous,mean_offset_delta_ticks_pitched,-20.8056
Track01897,continuous,mean_duration_ratio_pitched,0.708937
Track01897,continuous,precision,0.0356621
Track01897,continuous,recall,0.0358929
Track01897,continuous,f1,0.0357771
Track01897,continuous,mean_onset_delta_ticks,2.64754
Track01897,continuous,mean_offset_delta_ticks,-7.01639
Track01897,continuous,mean_duration_ratio,0.529612
Track01897,reset,n_gt,3399
Track01897,reset,n_pred,17275
Track01897,reset,tp_onset,251
Track01897,reset,tp_offset_ok,165
Track01897,reset,tp_offset_short,85
Track01897,reset,tp_offset_long,1
Track01897,reset,miss_timing_near,223
Track01897,reset,miss_same_pitch_far,1390
Track01897,reset,miss_octave,19
Track01897,reset,miss_program_swap,15
Track01897,reset,miss_no_candidate,1501
Track01897,reset,fp_timing,14764
Track01897,reset,fp_octave,7
Track01897,reset,fp_program_swap,6
Track01897,reset,fp_spurious_near,2159
Track01897,reset,fp_spurious_far,88
Track01897,reset,gt_drum,593
Track01897,reset,pred_drum,5096
Track01897,reset,tp_drum,151
Track01897,reset,miss_drum,442
Track01897,reset,fp_drum,4945
Track01897,reset,tp_pitched,100
Track01897,reset,tp_pitched_offset_ok,14
Track01897,reset,tp_pitched_offset_short,85
Track01897,reset,tp_pitched_offset_long,1
Track01897,reset,mean_offset_delta_ticks_pitched,-42.75
Track01897,reset,mean_duration_ratio_pitched,0.376383
Track01897,reset,precision,0.0145297
Track01897,reset,recall,0.0738452
Track01897,reset,f1,0.0242817
Track01897,reset,mean_onset_delta_ticks,2.4741
Track01897,reset,mean_offset_delta_ticks,-18.0319
Track01897,reset,mean_duration_ratio,0.451625
Track01901,continuous,n_gt,5781
Track01901,continuous,n_pred,2164
Track01901,continuous,tp_onset,14
Track01901,continuous,tp_offset_ok,1
Track01901,continuous,tp_offset_short,13
Track01901,continuous,tp_offset_long,0
Track01901,continuous,miss_timing_near,132
Track01901,continuous,miss_same_pitch_far,512
Track01901,continuous,miss_octave,0
Track01901,continuous,miss_program_swap,4
Track01901,continuous,miss_no_candidate,5119
Track01901,continuous,fp_timing,386
Track01901,continuous,fp_octave,10
Track01901,continuous,fp_program_swap,4
Track01901,continuous,fp_spurious_near,1705
Track01901,continuous,fp_spurious_far,45
Track01901,continuous,gt_drum,1520
Track01901,continuous,pred_drum,879
Track01901,continuous,tp_drum,14
Track01901,continuous,miss_drum,1506
Track01901,continuous,fp_drum,865
Track01901,continuous,tp_pitched,0
Track01901,continuous,tp_pitched_offset_ok,0
Track01901,continuous,tp_pitched_offset_short,0
Track01901,continuous,tp_pitched_offset_long,0
Track01901,continuous,mean_offset_delta_ticks_pitched,nan
Track01901,continuous,mean_duration_ratio_pitched,nan
Track01901,continuous,precision,0.0064695
Track01901,continuous,recall,0.00242173
Track01901,continuous,f1,0.00352423
Track01901,continuous,mean_onset_delta_ticks,2.21429
Track01901,continuous,mean_offset_delta_ticks,-14.4286
Track01901,continuous,mean_duration_ratio,0.0729746
Track01901,reset,n_gt,5781
Track01901,reset,n_pred,17909
Track01901,reset,tp_onset,138
Track01901,reset,tp_offset_ok,11
Track01901,reset,tp_offset_short,122
Track01901,reset,tp_offset_long,5
Track01901,reset,miss_timing_near,200
Track01901,reset,miss_same_pitch_far,1796
Track01901,reset,miss_octave,68
Track01901,reset,miss_program_swap,30
Track01901,reset,miss_no_candidate,3549
Track01901,reset,fp_timing,7806
Track01901,reset,fp_octave,57
Track01901,reset,fp_program_swap,39
Track01901,reset,fp_spurious_near,9823
Track01901,reset,fp_spurious_far,46
Track01901,reset,gt_drum,1520
Track01901,reset,pred_drum,5806
Track01901,reset,tp_drum,24
Track01901,reset,miss_drum,1496
Track01901,reset,fp_drum,5782
Track01901,reset,tp_pitched,114
Track01901,reset,tp_pitched_offset_ok,11
Track01901,reset,tp_pitched_offset_short,98
Track01901,reset,tp_pitched_offset_long,5
Track01901,reset,mean_offset_delta_ticks_pitched,-33.1228
Track01901,reset,mean_duration_ratio_pitched,0.781614
Track01901,reset,precision,0.00770562
Track01901,reset,recall,0.0238713
Track01901,reset,f1,0.0116505
Track01901,reset,mean_onset_delta_ticks,2.35507
Track01901,reset,mean_offset_delta_ticks,-34.3768
Track01901,reset,mean_duration_ratio,0.6501
Track01902,continuous,n_gt,5503
Track01902,continuous,n_pred,2405
Track01902,continuous,tp_onset,29
Track01902,continuous,tp_offset_ok,0
Track01902,continuous,tp_offset_short,29
Track01902,continuous,tp_offset_long,0
Track01902,continuous,miss_timing_near,155
Track01902,continuous,miss_same_pitch_far,49
Track01902,continuous,miss_octave,0
Track01902,continuous,miss_program_swap,0
Track01902,continuous,miss_no_candidate,5270
Track01902,continuous,fp_timing,1289
Track01902,continuous,fp_octave,0
Track01902,continuous,fp_program_swap,0
Track01902,continuous,fp_spurious_near,997
Track01902,continuous,fp_spurious_far,90
Track01902,continuous,gt_drum,1157
Track01902,continuous,pred_drum,1376
Track01902,continuous,tp_drum,29
Track01902,continuous,miss_drum,1128
Track01902,continuous,fp_drum,1347
Track01902,continuous,tp_pitched,0
Track01902,continuous,tp_pitched_offset_ok,0
Track01902,continuous,tp_pitched_offset_short,0
Track01902,continuous,tp_pitched_offset_long,0
Track01902,continuous,mean_offset_delta_ticks_pitched,nan
Track01902,continuous,mean_duration_ratio_pitched,nan
Track01902,continuous,precision,0.0120582
Track01902,continuous,recall,0.00526985
Track01902,continuous,f1,0.00733434
Track01902,continuous,mean_onset_delta_ticks,2.65517
Track01902,continuous,mean_offset_delta_ticks,-34
Track01902,continuous,mean_duration_ratio,0.0335549
Track01902,reset,n_gt,5503
Track01902,reset,n_pred,21003
Track01902,reset,tp_onset,356
Track01902,reset,tp_offset_ok,95
Track01902,reset,tp_offset_short,249
Track01902,reset,tp_offset_long,12
Track01902,reset,miss_timing_near,342
Track01902,reset,miss_same_pitch_far,1897
Track01902,reset,miss_octave,42
Track01902,reset,miss_program_swap,16
Track01902,reset,miss_no_candidate,2850
Track01902,reset,fp_timing,11147
Track01902,reset,fp_octave,46
Track01902,reset,fp_program_swap,35
Track01902,reset,fp_spurious_near,8728
Track01902,reset,fp_spurious_far,691
Track01902,reset,gt_drum,1157
Track01902,reset,pred_drum,4310
Track01902,reset,tp_drum,60
Track01902,reset,miss_drum,1097
Track01902,reset,fp_drum,4250
Track01902,reset,tp_pitched,296
Track01902,reset,tp_pitched_offset_ok,95
Track01902,reset,tp_pitched_offset_short,189
Track01902,reset,tp_pitched_offset_long,12
Track01902,reset,mean_offset_delta_ticks_pitched,-16.8885
Track01902,reset,mean_duration_ratio_pitched,0.575056
Track01902,reset,precision,0.01695
Track01902,reset,recall,0.064692
Track01902,reset,f1,0.0268618
Track01902,reset,mean_onset_delta_ticks,2.20787
Track01902,reset,mean_offset_delta_ticks,-19.8399
Track01902,reset,mean_duration_ratio,0.484664
Track01903,continuous,n_gt,6181
Track01903,continuous,n_pred,9464
Track01903,continuous,tp_onset,474
Track01903,continuous,tp_offset_ok,452
Track01903,continuous,tp_offset_short,22
Track01903,continuous,tp_offset_long,0
Track01903,continuous,miss_timing_near,484
Track01903,continuous,miss_same_pitch_far,0
Track01903,continuous,miss_octave,13
Track01903,continuous,miss_program_swap,15
Track01903,continuous,miss_no_candidate,5195
Track01903,continuous,fp_timing,3040
Track01903,continuous,fp_octave,16
Track01903,continuous,fp_program_swap,12
Track01903,continuous,fp_spurious_near,5714
Track01903,continuous,fp_spurious_far,208
Track01903,continuous,gt_drum,1465
Track01903,continuous,pred_drum,4809
Track01903,continuous,tp_drum,440
Track01903,continuous,miss_drum,1025
Track01903,continuous,fp_drum,4369
Track01903,continuous,tp_pitched,34
Track01903,continuous,tp_pitched_offset_ok,12
Track01903,continuous,tp_pitched_offset_short,22
Track01903,continuous,tp_pitched_offset_long,0
Track01903,continuous,mean_offset_delta_ticks_pitched,-26
Track01903,continuous,mean_duration_ratio_pitched,0.4602
Track01903,continuous,precision,0.0500845
Track01903,continuous,recall,0.0766866
Track01903,continuous,f1,0.0605944
Track01903,continuous,mean_onset_delta_ticks,2.63924
Track01903,continuous,mean_offset_delta_ticks,-2.36076
Track01903,continuous,mean_duration_ratio,0.629721
Track01903,reset,n_gt,6181
Track01903,reset,n_pred,19307
Track01903,reset,tp_onset,721
Track01903,reset,tp_offset_ok,439
Track01903,reset,tp_offset_short,276
Track01903,reset,tp_offset_long,6
Track01903,reset,miss_timing_near,550
Track01903,reset,miss_same_pitch_far,1206
Track01903,reset,miss_octave,69
Track01903,reset,miss_program_swap,18
Track01903,reset,miss_no_candidate,3617
Track01903,reset,fp_timing,8305
Track01903,reset,fp_octave,66
Track01903,reset,fp_program_swap,21
Track01903,reset,fp_spurious_near,10023
Track01903,reset,fp_spurious_far,171
Track01903,reset,gt_drum,1465
Track01903,reset,pred_drum,4685
Track01903,reset,tp_drum,353
Track01903,reset,miss_drum,1112
Track01903,reset,fp_drum,4332
Track01903,reset,tp_pitched,368
Track01903,reset,tp_pitched_offset_ok,86
Track01903,reset,tp_pitched_offset_short,276
Track01903,reset,tp_pitched_offset_long,6
Track01903,reset,mean_offset_delta_ticks_pitched,-13.8016
Track01903,reset,mean_duration_ratio_pitched,0.532743
Track01903,reset,precision,0.037344
Track01903,reset,recall,0.116648
Track01903,reset,f1,0.0565756
Track01903,reset,mean_onset_delta_ticks,2.29542
Track01903,reset,mean_offset_delta_ticks,-7.42996
Track01903,reset,mean_duration_ratio,0.59953
Track01906,continuous,n_gt,5120
Track01906,continuous,n_pred,2599
Track01906,continuous,tp_onset,121
Track01906,continuous,tp_offset_ok,121
Track01906,continuous,tp_offset_short,0
Track01906,continuous,tp_offset_long,0
Track01906,continuous,miss_timing_near,479
Track01906,continuous,miss_same_pitch_far,41
Track01906,continuous,miss_octave,132
Track01906,continuous,miss_program_swap,109
Track01906,continuous,miss_no_candidate,4238
Track01906,continuous,fp_timing,401
Track01906,continuous,fp_octave,106
Track01906,continuous,fp_program_swap,118
Track01906,continuous,fp_spurious_near,1775
Track01906,continuous,fp_spurious_far,78
Track01906,continuous,gt_drum,1415
Track01906,continuous,pred_drum,1040
Track01906,continuous,tp_drum,121
Track01906,continuous,miss_drum,1294
Track01906,continuous,fp_drum,919
Track01906,continuous,tp_pitched,0
Track01906,continuous,tp_pitched_offset_ok,0
Track01906,continuous,tp_pitched_offset_short,0
Track01906,continuous,tp_pitched_offset_long,0
Track01906,continuous,mean_offset_delta_ticks_pitched,nan
Track01906,continuous,mean_duration_ratio_pitched,nan
Track01906,continuous,precision,0.0465564
Track01906,continuous,recall,0.0236328
Track01906,continuous,f1,0.0313512
Track01906,continuous,mean_onset_delta_ticks,0
Track01906,continuous,mean_offset_delta_ticks,-7.98347
Track01906,continuous,mean_duration_ratio,0.101407
Track01906,reset,n_gt,5120
Track01906,reset,n_pred,20496
Track01906,reset,tp_onset,564
Track01906,reset,tp_offset_ok,343
Track01906,reset,tp_offset_short,213
Track01906,reset,tp_offset_long,8
Track01906,reset,miss_timing_near,500
Track01906,reset,miss_same_pitch_far,1907
Track01906,reset,miss_octave,49
Track01906,reset,miss_program_swap,42
Track01906,reset,miss_no_candidate,2058
Track01906,reset,fp_timing,14822
Track01906,reset,fp_octave,47
Track01906,reset,fp_program_swap,48
Track01906,reset,fp_spurious_near,4996
Track01906,reset,fp_spurious_far,19
Track01906,reset,gt_drum,1415
Track01906,reset,pred_drum,4698
Track01906,reset,tp_drum,386
Track01906,reset,miss_drum,1029
Track01906,reset,fp_drum,4312
Track01906,reset,tp_pitched,178
Track01906,reset,tp_pitched_offset_ok,32
Track01906,reset,tp_pitched_offset_short,138
Track01906,reset,tp_pitched_offset_long,8
Track01906,reset,mean_offset_delta_ticks_pitched,-25.3202
Track01906,reset,mean_duration_ratio_pitched,0.809123
Track01906,reset,precision,0.0275176
Track01906,reset,recall,0.110156
Track01906,reset,f1,0.044035
Track01906,reset,mean_onset_delta_ticks,1.70035
Track01906,reset,mean_offset_delta_ticks,-13.7748
Track01906,reset,mean_duration_ratio,0.332552
Track01907,continuous,n_gt,6146
Track01907,continuous,n_pred,2389
Track01907,continuous,tp_onset,30
Track01907,continuous,tp_offset_ok,1
Track01907,continuous,tp_offset_short,22
Track01907,continuous,tp_offset_long,7
Track01907,continuous,miss_timing_near,605
Track01907,continuous,miss_same_pitch_far,206
Track01907,continuous,miss_octave,10
Track01907,continuous,miss_program_swap,5
Track01907,continuous,miss_no_candidate,5290
Track01907,continuous,fp_timing,739
Track01907,continuous,fp_octave,8
Track01907,continuous,fp_program_swap,5
Track01907,continuous,fp_spurious_near,1579
Track01907,continuous,fp_spurious_far,28
Track01907,continuous,gt_drum,887
Track01907,continuous,pred_drum,959
Track01907,continuous,tp_drum,22
Track01907,continuous,miss_drum,865
Track01907,continuous,fp_drum,937
Track01907,continuous,tp_pitched,8
Track01907,continuous,tp_pitched_offset_ok,1
Track01907,continuous,tp_pitched_offset_short,0
Track01907,continuous,tp_pitched_offset_long,7
Track01907,continuous,mean_offset_delta_ticks_pitched,33.75
Track01907,continuous,mean_duration_ratio_pitched,2.93226
Track01907,continuous,precision,0.0125576
Track01907,continuous,recall,0.00488122
Track01907,continuous,f1,0.00702988
Track01907,continuous,mean_onset_delta_ticks,2.33333
Track01907,continuous,mean_offset_delta_ticks,-2.9
Track01907,continuous,mean_duration_ratio,0.819766
Track01907,reset,n_gt,6146
Track01907,reset,n_pred,22289
Track01907,reset,tp_onset,569
Track01907,reset,tp_offset_ok,100
Track01907,reset,tp_offset_short,468
Track01907,reset,tp_offset_long,1
Track01907,reset,miss_timing_near,420
Track01907,reset,miss_same_pitch_far,733
Track01907,reset,miss_octave,110
Track01907,reset,miss_program_swap,15
Track01907,reset,miss_no_candidate,4299
Track01907,reset,fp_timing,17015
Track01907,reset,fp_octave,47
Track01907,reset,fp_program_swap,29
Track01907,reset,fp_spurious_near,4629
Track01907,reset,fp_spurious_far,0
Track01907,reset,gt_drum,887
Track01907,reset,pred_drum,4027
Track01907,reset,tp_drum,309
Track01907,reset,miss_drum,578
Track01907,reset,fp_drum,3718
Track01907,reset,tp_pitched,260
Track01907,reset,tp_pitched_offset_ok,97
Track01907,reset,tp_pitched_offset_short,162
Track01907,reset,tp_pitched_offset_long,1
Track01907,reset,mean_offset_delta_ticks_pitched,-17.2577
Track01907,reset,mean_duration_ratio_pitched,0.364573
Track01907,reset,precision,0.0255283
Track01907,reset,recall,0.0925805
Track01907,reset,f1,0.0400211
Track01907,reset,mean_onset_delta_ticks,2.25659
Track01907,reset,mean_offset_delta_ticks,-16.9156
Track01907,reset,mean_duration_ratio,0.198047
Track01913,continuous,n_gt,8052
Track01913,continuous,n_pred,3557
Track01913,continuous,tp_onset,422
Track01913,continuous,tp_offset_ok,135
Track01913,continuous,tp_offset_short,287
Track01913,continuous,tp_offset_long,0
Track01913,continuous,miss_timing_near,1593
Track01913,continuous,miss_same_pitch_far,80
Track01913,continuous,miss_octave,59
Track01913,continuous,miss_program_swap,19
Track01913,continuous,miss_no_candidate,5879
Track01913,continuous,fp_timing,651
Track01913,continuous,fp_octave,56
Track01913,continuous,fp_program_swap,28
Track01913,continuous,fp_spurious_near,2314
Track01913,continuous,fp_spurious_far,86
Track01913,continuous,gt_drum,3504
Track01913,continuous,pred_drum,1429
Track01913,continuous,tp_drum,411
Track01913,continuous,miss_drum,3093
Track01913,continuous,fp_drum,1018
Track01913,continuous,tp_pitched,11
Track01913,continuous,tp_pitched_offset_ok,1
Track01913,continuous,tp_pitched_offset_short,10
Track01913,continuous,tp_pitched_offset_long,0
Track01913,continuous,mean_offset_delta_ticks_pitched,-97.0909
Track01913,continuous,mean_duration_ratio_pitched,0.458377
Track01913,continuous,precision,0.118639
Track01913,continuous,recall,0.0524093
Track01913,continuous,f1,0.0727022
Track01913,continuous,mean_onset_delta_ticks,2.3128
Track01913,continuous,mean_offset_delta_ticks,-14.6872
Track01913,continuous,mean_duration_ratio,0.07919
Track01913,reset,n_gt,8052
Track01913,reset,n_pred,17273
Track01913,reset,tp_onset,700
Track01913,reset,tp_offset_ok,174
Track01913,reset,tp_offset_short,521
Track01913,reset,tp_offset_long,5
Track01913,reset,miss_timing_near,1468
Track01913,reset,miss_same_pitch_far,2110
Track01913,reset,miss_octave,61
Track01913,reset,miss_program_swap,33
Track01913,reset,miss_no_candidate,3680
Track01913,reset,fp_timing,6990
Track01913,reset,fp_octave,49
Track01913,reset,fp_program_swap,120
Track01913,reset,fp_spurious_near,9354
Track01913,reset,fp_spurious_far,60
Track01913,reset,gt_drum,3504
Track01913,reset,pred_drum,5229
Track01913,reset,tp_drum,589
Track01913,reset,miss_drum,2915
Track01913,reset,fp_drum,4640
Track01913,reset,tp_pitched,111
Track01913,reset,tp_pitched_offset_ok,36
Track01913,reset,tp_pitched_offset_short,70
Track01913,reset,tp_pitched_offset_long,5
Track01913,reset,mean_offset_delta_ticks_pitched,-55.4324
Track01913,reset,mean_duration_ratio_pitched,0.501081
Track01913,reset,precision,0.0405257
Track01913,reset,recall,0.0869349
Track01913,reset,f1,0.0552813
Track01913,reset,mean_onset_delta_ticks,2.18
Track01913,reset,mean_offset_delta_ticks,-19.3514
Track01913,reset,mean_duration_ratio,0.141637
Track01917,continuous,n_gt,5004
Track01917,continuous,n_pred,2507
Track01917,continuous,tp_onset,137
Track01917,continuous,tp_offset_ok,114
Track01917,continuous,tp_offset_short,23
Track01917,continuous,tp_offset_long,0
Track01917,continuous,miss_timing_near,880
Track01917,continuous,miss_same_pitch_far,512
Track01917,continuous,miss_octave,0
Track01917,continuous,miss_program_swap,0
Track01917,continuous,miss_no_candidate,3475
Track01917,continuous,fp_timing,1741
Track01917,continuous,fp_octave,0
Track01917,continuous,fp_program_swap,0
Track01917,continuous,fp_spurious_near,595
Track01917,continuous,fp_spurious_far,34
Track01917,continuous,gt_drum,2479
Track01917,continuous,pred_drum,1100
Track01917,continuous,tp_drum,108
Track01917,continuous,miss_drum,2371
Track01917,continuous,fp_drum,992
Track01917,continuous,tp_pitched,29
Track01917,continuous,tp_pitched_offset_ok,6
Track01917,continuous,tp_pitched_offset_short,23
Track01917,continuous,tp_pitched_offset_long,0
Track01917,continuous,mean_offset_delta_ticks_pitched,-12.7931
Track01917,continuous,mean_duration_ratio_pitched,0.718891
Track01917,continuous,precision,0.054647
Track01917,continuous,recall,0.0273781
Track01917,continuous,f1,0.0364798
Track01917,continuous,mean_onset_delta_ticks,1.78102
Track01917,continuous,mean_offset_delta_ticks,-3.19708
Track01917,continuous,mean_duration_ratio,0.86883
Track01917,reset,n_gt,5004
Track01917,reset,n_pred,23763
Track01917,reset,tp_onset,510
Track01917,reset,tp_offset_ok,496
Track01917,reset,tp_offset_short,13
Track01917,reset,tp_offset_long,1
Track01917,reset,miss_timing_near,340
Track01917,reset,miss_same_pitch_far,1017
Track01917,reset,miss_octave,113
Track01917,reset,miss_program_swap,9
Track01917,reset,miss_no_candidate,3015
Track01917,reset,fp_timing,10239
Track01917,reset,fp_octave,56
Track01917,reset,fp_program_swap,37
Track01917,reset,fp_spurious_near,12741
Track01917,reset,fp_spurious_far,180
Track01917,reset,gt_drum,2479
Track01917,reset,pred_drum,6792
Track01917,reset,tp_drum,494
Track01917,reset,miss_drum,1985
Track01917,reset,fp_drum,6298
Track01917,reset,tp_pitched,16
Track01917,reset,tp_pitched_offset_ok,2
Track01917,reset,tp_pitched_offset_short,13
Track01917,reset,tp_pitched_offset_long,1
Track01917,reset,mean_offset_delta_ticks_pitched,-102.375
Track01917,reset,mean_duration_ratio_pitched,2.0317
Track01917,reset,precision,0.0214619
Track01917,reset,recall,0.101918
Track01917,reset,f1,0.0354573
Track01917,reset,mean_onset_delta_ticks,2.40784
Track01917,reset,mean_offset_delta_ticks,-3.54118
Track01917,reset,mean_duration_ratio,1.03566
Track01930,continuous,n_gt,4399
Track01930,continuous,n_pred,2163
Track01930,continuous,tp_onset,145
Track01930,continuous,tp_offset_ok,95
Track01930,continuous,tp_offset_short,42
Track01930,continuous,tp_offset_long,8
Track01930,continuous,miss_timing_near,206
Track01930,continuous,miss_same_pitch_far,27
Track01930,continuous,miss_octave,6
Track01930,continuous,miss_program_swap,0
Track01930,continuous,miss_no_candidate,4015
Track01930,continuous,fp_timing,2010
Track01930,continuous,fp_octave,0
Track01930,continuous,fp_program_swap,0
Track01930,continuous,fp_spurious_near,7
Track01930,continuous,fp_spurious_far,1
Track01930,continuous,gt_drum,1618
Track01930,continuous,pred_drum,1059
Track01930,continuous,tp_drum,82
Track01930,continuous,miss_drum,1536
Track01930,continuous,fp_drum,977
Track01930,continuous,tp_pitched,63
Track01930,continuous,tp_pitched_offset_ok,13
Track01930,continuous,tp_pitched_offset_short,42
Track01930,continuous,tp_pitched_offset_long,8
Track01930,continuous,mean_offset_delta_ticks_pitched,-23.3968
Track01930,continuous,mean_duration_ratio_pitched,0.816082
Track01930,continuous,precision,0.0670365
Track01930,continuous,recall,0.032962
Track01930,continuous,f1,0.0441938
Track01930,continuous,mean_onset_delta_ticks,2.75172
Track01930,continuous,mean_offset_delta_ticks,-10.5034
Track01930,continuous,mean_duration_ratio,0.677458
Track01930,reset,n_gt,4399
Track01930,reset,n_pred,21062
Track01930,reset,tp_onset,236
Track01930,reset,tp_offset_ok,217
Track01930,reset,tp_offset_short,15
Track01930,reset,tp_offset_long,4
Track01930,reset,miss_timing_near,363
Track01930,reset,miss_same_pitch_far,1781
Track01930,reset,miss_octave,48
Track01930,reset,miss_program_swap,15
Track01930,reset,miss_no_candidate,1956
Track01930,reset,fp_timing,6972
Track01930,reset,fp_octave,62
Track01930,reset,fp_program_swap,59
Track01930,reset,fp_spurious_near,13197
Track01930,reset,fp_spurious_far,536
Track01930,reset,gt_drum,1618
Track01930,reset,pred_drum,5594
Track01930,reset,tp_drum,215
Track01930,reset,miss_drum,1403
Track01930,reset,fp_drum,5379
Track01930,reset,tp_pitched,21
Track01930,reset,tp_pitched_offset_ok,2
Track01930,reset,tp_pitched_offset_short,15
Track01930,reset,tp_pitched_offset_long,4
Track01930,reset,mean_offset_delta_ticks_pitched,96.2857
Track01930,reset,mean_duration_ratio_pitched,4.43268
Track01930,reset,precision,0.011205
Track01930,reset,recall,0.0536486
Track01930,reset,f1,0.0185382
Track01930,reset,mean_onset_delta_ticks,2.78814
Track01930,reset,mean_offset_delta_ticks,7.62712
Track01930,reset,mean_duration_ratio,0.97369
Track01932,continuous,n_gt,5082
Track01932,continuous,n_pred,2455
Track01932,continuous,tp_onset,33
Track01932,continuous,tp_offset_ok,0
Track01932,continuous,tp_offset_short,33
Track01932,continuous,tp_offset_long,0
Track01932,continuous,miss_timing_near,121
Track01932,continuous,miss_same_pitch_far,0
Track01932,continuous,miss_octave,13
Track01932,continuous,miss_program_swap,6
Track01932,continuous,miss_no_candidate,4909
Track01932,continuous,fp_timing,959
Track01932,continuous,fp_octave,8
Track01932,continuous,fp_program_swap,5
Track01932,continuous,fp_spurious_near,1392
Track01932,continuous,fp_spurious_far,58
Track01932,continuous,gt_drum,1759
Track01932,continuous,pred_drum,992
Track01932,continuous,tp_drum,33
Track01932,continuous,miss_drum,1726
Track01932,continuous,fp_drum,959
Track01932,continuous,tp_pitched,0
Track01932,continuous,tp_pitched_offset_ok,0
Track01932,continuous,tp_pitched_offset_short,0
Track01932,continuous,tp_pitched_offset_long,0
Track01932,continuous,mean_offset_delta_ticks_pitched,nan
Track01932,continuous,mean_duration_ratio_pitched,nan
Track01932,continuous,precision,0.013442
Track01932,continuous,recall,0.00649351
Track01932,continuous,f1,0.0087568
Track01932,continuous,mean_onset_delta_ticks,2.60606
Track01932,continuous,mean_offset_delta_ticks,-18.697
Track01932,continuous,mean_duration_ratio,0.0451922
Track01932,reset,n_gt,5082
Track01932,reset,n_pred,21619
Track01932,reset,tp_onset,75
Track01932,reset,tp_offset_ok,2
Track01932,reset,tp_offset_short,72
Track01932,reset,tp_offset_long,1
Track01932,reset,miss_timing_near,188
Track01932,reset,miss_same_pitch_far,2113
Track01932,reset,miss_octave,66
Track01932,reset,miss_program_swap,15
Track01932,reset,miss_no_candidate,2625
Track01932,reset,fp_timing,6506
Track01932,reset,fp_octave,101
Track01932,reset,fp_program_swap,84
Track01932,reset,fp_spurious_near,14802
Track01932,reset,fp_spurious_far,51
Track01932,reset,gt_drum,1759
Track01932,reset,pred_drum,3993
Track01932,reset,tp_drum,25
Track01932,reset,miss_drum,1734
Track01932,reset,fp_drum,3968
Track01932,reset,tp_pitched,50
Track01932,reset,tp_pitched_offset_ok,2
Track01932,reset,tp_pitched_offset_short,47
Track01932,reset,tp_pitched_offset_long,1
Track01932,reset,mean_offset_delta_ticks_pitched,-82.1
Track01932,reset,mean_duration_ratio_pitched,0.157105
Track01932,reset,precision,0.00346917
Track01932,reset,recall,0.014758
Track01932,reset,f1,0.00561777
Track01932,reset,mean_onset_delta_ticks,1.90667
Track01932,reset,mean_offset_delta_ticks,-60.9467
Track01932,reset,mean_duration_ratio,0.120674
Track01945,continuous,n_gt,3852
Track01945,continuous,n_pred,13022
Track01945,continuous,tp_onset,190
Track01945,continuous,tp_offset_ok,130
Track01945,continuous,tp_offset_short,52
Track01945,continuous,tp_offset_long,8
Track01945,continuous,miss_timing_near,223
Track01945,continuous,miss_same_pitch_far,677
Track01945,continuous,miss_octave,48
Track01945,continuous,miss_program_swap,9
Track01945,continuous,miss_no_candidate,2705
Track01945,continuous,fp_timing,12597
Track01945,continuous,fp_octave,3
Track01945,continuous,fp_program_swap,2
Track01945,continuous,fp_spurious_near,230
Track01945,continuous,fp_spurious_far,0
Track01945,continuous,gt_drum,1318
Track01945,continuous,pred_drum,2484
Track01945,continuous,tp_drum,110
Track01945,continuous,miss_drum,1208
Track01945,continuous,fp_drum,2374
Track01945,continuous,tp_pitched,80
Track01945,continuous,tp_pitched_offset_ok,20
Track01945,continuous,tp_pitched_offset_short,52
Track01945,continuous,tp_pitched_offset_long,8
Track01945,continuous,mean_offset_delta_ticks_pitched,-21.4125
Track01945,continuous,mean_duration_ratio_pitched,0.735781
Track01945,continuous,precision,0.0145907
Track01945,continuous,recall,0.049325
Track01945,continuous,f1,0.0225199
Track01945,continuous,mean_onset_delta_ticks,2.74211
Track01945,continuous,mean_offset_delta_ticks,-9.28947
Track01945,continuous,mean_duration_ratio,0.870209
Track01945,reset,n_gt,3852
Track01945,reset,n_pred,18313
Track01945,reset,tp_onset,165
Track01945,reset,tp_offset_ok,88
Track01945,reset,tp_offset_short,77
Track01945,reset,tp_offset_long,0
Track01945,reset,miss_timing_near,283
Track01945,reset,miss_same_pitch_far,1325
Track01945,reset,miss_octave,40
Track01945,reset,miss_program_swap,9
Track01945,reset,miss_no_candidate,2030
Track01945,reset,fp_timing,12127
Track01945,reset,fp_octave,38
Track01945,reset,fp_program_swap,20
Track01945,reset,fp_spurious_near,5946
Track01945,reset,fp_spurious_far,17
Track01945,reset,gt_drum,1318
Track01945,reset,pred_drum,2865
Track01945,reset,tp_drum,84
Track01945,reset,miss_drum,1234
Track01945,reset,fp_drum,2781
Track01945,reset,tp_pitched,81
Track01945,reset,tp_pitched_offset_ok,4
Track01945,reset,tp_pitched_offset_short,77
Track01945,reset,tp_pitched_offset_long,0
Track01945,reset,mean_offset_delta_ticks_pitched,-85.7654
Track01945,reset,mean_duration_ratio_pitched,0.163991
Track01945,reset,precision,0.00900999
Track01945,reset,recall,0.0428349
Track01945,reset,f1,0.0148883
Track01945,reset,mean_onset_delta_ticks,2.53333
Track01945,reset,mean_offset_delta_ticks,-42.3333
Track01945,reset,mean_duration_ratio,0.573618
Track01948,continuous,n_gt,3926
Track01948,continuous,n_pred,5677
Track01948,continuous,tp_onset,105
Track01948,continuous,tp_offset_ok,34
Track01948,continuous,tp_offset_short,69
Track01948,continuous,tp_offset_long,2
Track01948,continuous,miss_timing_near,239
Track01948,continuous,miss_same_pitch_far,413
Track01948,continuous,miss_octave,7
Track01948,continuous,miss_program_swap,13
Track01948,continuous,miss_no_candidate,3149
Track01948,continuous,fp_timing,2935
Track01948,continuous,fp_octave,1
Track01948,continuous,fp_program_swap,0
Track01948,continuous,fp_spurious_near,2549
Track01948,continuous,fp_spurious_far,87
Track01948,continuous,gt_drum,675
Track01948,continuous,pred_drum,3493
Track01948,continuous,tp_drum,53
Track01948,continuous,miss_drum,622
Track01948,continuous,fp_drum,3440
Track01948,continuous,tp_pitched,52
Track01948,continuous,tp_pitched_offset_ok,4
Track01948,continuous,tp_pitched_offset_short,46
Track01948,continuous,tp_pitched_offset_long,2
Track01948,continuous,mean_offset_delta_ticks_pitched,-36.7692
Track01948,continuous,mean_duration_ratio_pitched,0.491806
Track01948,continuous,precision,0.0184957
Track01948,continuous,recall,0.0267448
Track01948,continuous,f1,0.0218682
Track01948,continuous,mean_onset_delta_ticks,2.80952
Track01948,continuous,mean_offset_delta_ticks,-22.6476
Track01948,continuous,mean_duration_ratio,0.293904
Track01948,reset,n_gt,3926
Track01948,reset,n_pred,15692
Track01948,reset,tp_onset,251
Track01948,reset,tp_offset_ok,125
Track01948,reset,tp_offset_short,116
Track01948,reset,tp_offset_long,10
Track01948,reset,miss_timing_near,311
Track01948,reset,miss_same_pitch_far,1800
Track01948,reset,miss_octave,17
Track01948,reset,miss_program_swap,9
Track01948,reset,miss_no_candidate,1538
Track01948,reset,fp_timing,9394
Track01948,reset,fp_octave,35
Track01948,reset,fp_program_swap,10
Track01948,reset,fp_spurious_near,5722
Track01948,reset,fp_spurious_far,280
Track01948,reset,gt_drum,675
Track01948,reset,pred_drum,3788
Track01948,reset,tp_drum,56
Track01948,reset,miss_drum,619
Track01948,reset,fp_drum,3732
Track01948,reset,tp_pitched,195
Track01948,reset,tp_pitched_offset_ok,91
Track01948,reset,tp_pitched_offset_short,94
Track01948,reset,tp_pitched_offset_long,10
Track01948,reset,mean_offset_delta_ticks_pitched,-21.9077
Track01948,reset,mean_duration_ratio_pitched,0.676521
Track01948,reset,precision,0.0159954
Track01948,reset,recall,0.0639328
Track01948,reset,f1,0.0255887
Track01948,reset,mean_onset_delta_ticks,2.43825
Track01948,reset,mean_offset_delta_ticks,-19.1554
Track01948,reset,mean_duration_ratio,0.548649
Track01950,continuous,n_gt,4372
Track01950,continuous,n_pred,4420
Track01950,continuous,tp_onset,78
Track01950,continuous,tp_offset_ok,58
Track01950,continuous,tp_offset_short,13
Track01950,continuous,tp_offset_long,7
Track01950,continuous,miss_timing_near,145
Track01950,continuous,miss_same_pitch_far,575
Track01950,continuous,miss_octave,24
Track01950,continuous,miss_program_swap,24
Track01950,continuous,miss_no_candidate,3526
Track01950,continuous,fp_timing,2224
Track01950,continuous,fp_octave,7
Track01950,continuous,fp_program_swap,9
Track01950,continuous,fp_spurious_near,1928
Track01950,continuous,fp_spurious_far,174
Track01950,continuous,gt_drum,470
Track01950,continuous,pred_drum,2658
Track01950,continuous,tp_drum,44
Track01950,continuous,miss_drum,426
Track01950,continuous,fp_drum,2614
Track01950,continuous,tp_pitched,34
Track01950,continuous,tp_pitched_offset_ok,14
Track01950,continuous,tp_pitched_offset_short,13
Track01950,continuous,tp_pitched_offset_long,7
Track01950,continuous,mean_offset_delta_ticks_pitched,-19.7353
Track01950,continuous,mean_duration_ratio_pitched,1.13534
Track01950,continuous,precision,0.0176471
Track01950,continuous,recall,0.0178408
Track01950,continuous,f1,0.0177434
Track01950,continuous,mean_onset_delta_ticks,2.89744
Track01950,continuous,mean_offset_delta_ticks,-8.96154
Track01950,continuous,mean_duration_ratio,0.847457
Track01950,reset,n_gt,4372
Track01950,reset,n_pred,19167
Track01950,reset,tp_onset,179
Track01950,reset,tp_offset_ok,43
Track01950,reset,tp_offset_short,131
Track01950,reset,tp_offset_long,5
Track01950,reset,miss_timing_near,95
Track01950,reset,miss_same_pitch_far,1014
Track01950,reset,miss_octave,98
Track01950,reset,miss_program_swap,32
Track01950,reset,miss_no_candidate,2954
Track01950,reset,fp_timing,13462
Track01950,reset,fp_octave,24
Track01950,reset,fp_program_swap,11
Track01950,reset,fp_spurious_near,5268
Track01950,reset,fp_spurious_far,223
Track01950,reset,gt_drum,470
Track01950,reset,pred_drum,4743
Track01950,reset,tp_drum,39
Track01950,reset,miss_drum,431
Track01950,reset,fp_drum,4704
Track01950,reset,tp_pitched,140
Track01950,reset,tp_pitched_offset_ok,4
Track01950,reset,tp_pitched_offset_short,131
Track01950,reset,tp_pitched_offset_long,5
Track01950,reset,mean_offset_delta_ticks_pitched,-58.5714
Track01950,reset,mean_duration_ratio_pitched,0.27804
Track01950,reset,precision,0.00933897
Track01950,reset,recall,0.0409424
Track01950,reset,f1,0.0152088
Track01950,reset,mean_onset_delta_ticks,2.14525
Track01950,reset,mean_offset_delta_ticks,-45.8883
Track01950,reset,mean_duration_ratio,0.355856
Track01952,continuous,n_gt,6118
Track01952,continuous,n_pred,2093
Track01952,continuous,tp_onset,21
Track01952,continuous,tp_offset_ok,17
Track01952,continuous,tp_offset_short,3
Track01952,continuous,tp_offset_long,1
Track01952,continuous,miss_timing_near,81
Track01952,continuous,miss_same_pitch_far,10
Track01952,continuous,miss_octave,3
Track01952,continuous,miss_program_swap,2
Track01952,continuous,miss_no_candidate,6001
Track01952,continuous,fp_timing,597
Track01952,continuous,fp_octave,5
Track01952,continuous,fp_program_swap,2
Track01952,continuous,fp_spurious_near,1420
Track01952,continuous,fp_spurious_far,48
Track01952,continuous,gt_drum,961
Track01952,continuous,pred_drum,863
Track01952,continuous,tp_drum,20
Track01952,continuous,miss_drum,941
Track01952,continuous,fp_drum,843
Track01952,continuous,tp_pitched,1
Track01952,continuous,tp_pitched_offset_ok,0
Track01952,continuous,tp_pitched_offset_short,0
Track01952,continuous,tp_pitched_offset_long,1
Track01952,continuous,mean_offset_delta_ticks_pitched,18
Track01952,continuous,mean_duration_ratio_pitched,1.6129
Track01952,continuous,precision,0.0100334
Track01952,continuous,recall,0.00343249
Track01952,continuous,f1,0.00511509
Track01952,continuous,mean_onset_delta_ticks,2.71429
Track01952,continuous,mean_offset_delta_ticks,-4.95238
Track01952,continuous,mean_duration_ratio,0.201006
Track01952,reset,n_gt,6118
Track01952,reset,n_pred,20899
Track01952,reset,tp_onset,714
Track01952,reset,tp_offset_ok,410
Track01952,reset,tp_offset_short,254
Track01952,reset,tp_offset_long,50
Track01952,reset,miss_timing_near,535
Track01952,reset,miss_same_pitch_far,1389
Track01952,reset,miss_octave,52
Track01952,reset,miss_program_swap,4
Track01952,reset,miss_no_candidate,3424
Track01952,reset,fp_timing,14983
Track01952,reset,fp_octave,44
Track01952,reset,fp_program_swap,36
Track01952,reset,fp_spurious_near,5100
Track01952,reset,fp_spurious_far,22
Track01952,reset,gt_drum,961
Track01952,reset,pred_drum,4206
Track01952,reset,tp_drum,64
Track01952,reset,miss_drum,897
Track01952,reset,fp_drum,4142
Track01952,reset,tp_pitched,650
Track01952,reset,tp_pitched_offset_ok,348
Track01952,reset,tp_pitched_offset_short,252
Track01952,reset,tp_pitched_offset_long,50
Track01952,reset,mean_offset_delta_ticks_pitched,-18.4923
Track01952,reset,mean_duration_ratio_pitched,1.00538
Track01952,reset,precision,0.0341643
Track01952,reset,recall,0.116705
Track01952,reset,f1,0.0528556
Track01952,reset,mean_onset_delta_ticks,1.92577
Track01952,reset,mean_offset_delta_ticks,-17.1597
Track01952,reset,mean_duration_ratio,0.933901
Track01955,continuous,n_gt,4146
Track01955,continuous,n_pred,8144
Track01955,continuous,tp_onset,25
Track01955,continuous,tp_offset_ok,13
Track01955,continuous,tp_offset_short,12
Track01955,continuous,tp_offset_long,0
Track01955,continuous,miss_timing_near,29
Track01955,continuous,miss_same_pitch_far,91
Track01955,continuous,miss_octave,11
Track01955,continuous,miss_program_swap,27
Track01955,continuous,miss_no_candidate,3963
Track01955,continuous,fp_timing,1615
Track01955,continuous,fp_octave,11
Track01955,continuous,fp_program_swap,26
Track01955,continuous,fp_spurious_near,6309
Track01955,continuous,fp_spurious_far,158
Track01955,continuous,gt_drum,1365
Track01955,continuous,pred_drum,3216
Track01955,continuous,tp_drum,25
Track01955,continuous,miss_drum,1340
Track01955,continuous,fp_drum,3191
Track01955,continuous,tp_pitched,0
Track01955,continuous,tp_pitched_offset_ok,0
Track01955,continuous,tp_pitched_offset_short,0
Track01955,continuous,tp_pitched_offset_long,0
Track01955,continuous,mean_offset_delta_ticks_pitched,nan
Track01955,continuous,mean_duration_ratio_pitched,nan
Track01955,continuous,precision,0.00306974
Track01955,continuous,recall,0.00602991
Track01955,continuous,f1,0.00406835
Track01955,continuous,mean_onset_delta_ticks,2.52
Track01955,continuous,mean_offset_delta_ticks,-9.24
Track01955,continuous,mean_duration_ratio,0.0917355
Track01955,reset,n_gt,4146
Track01955,reset,n_pred,19870
Track01955,reset,tp_onset,57
Track01955,reset,tp_offset_ok,16
Track01955,reset,tp_offset_short,41
Track01955,reset,tp_offset_long,0
Track01955,reset,miss_timing_near,163
Track01955,reset,miss_same_pitch_far,1138
Track01955,reset,miss_octave,56
Track01955,reset,miss_program_swap,5
Track01955,reset,miss_no_candidate,2727
Track01955,reset,fp_timing,5324
Track01955,reset,fp_octave,84
Track01955,reset,fp_program_swap,48
Track01955,reset,fp_spurious_near,14267
Track01955,reset,fp_spurious_far,90
Track01955,reset,gt_drum,1365
Track01955,reset,pred_drum,4589
Track01955,reset,tp_drum,56
Track01955,reset,miss_drum,1309
Track01955,reset,fp_drum,4533
Track01955,reset,tp_pitched,1
Track01955,reset,tp_pitched_offset_ok,0
Track01955,reset,tp_pitched_offset_short,1
Track01955,reset,tp_pitched_offset_long,0
Track01955,reset,mean_offset_delta_ticks_pitched,-172
Track01955,reset,mean_duration_ratio_pitched,0.00513611
Track01955,reset,precision,0.00286865
Track01955,reset,recall,0.0137482
Track01955,reset,f1,0.00474684
Track01955,reset,mean_onset_delta_ticks,2.26316
Track01955,reset,mean_offset_delta_ticks,-15.4561
Track01955,reset,mean_duration_ratio,0.0763373
Track01959,continuous,n_gt,4542
Track01959,continuous,n_pred,8870
Track01959,continuous,tp_onset,171
Track01959,continuous,tp_offset_ok,22
Track01959,continuous,tp_offset_short,149
Track01959,continuous,tp_offset_long,0
Track01959,continuous,miss_timing_near,129
Track01959,continuous,miss_same_pitch_far,371
Track01959,continuous,miss_octave,56
Track01959,continuous,miss_program_swap,25
Track01959,continuous,miss_no_candidate,3790
Track01959,continuous,fp_timing,2807
Track01959,continuous,fp_octave,33
Track01959,continuous,fp_program_swap,13
Track01959,continuous,fp_spurious_near,5701
Track01959,continuous,fp_spurious_far,145
Track01959,continuous,gt_drum,1481
Track01959,continuous,pred_drum,3106
Track01959,continuous,tp_drum,157
Track01959,continuous,miss_drum,1324
Track01959,continuous,fp_drum,2949
Track01959,continuous,tp_pitched,14
Track01959,continuous,tp_pitched_offset_ok,8
Track01959,continuous,tp_pitched_offset_short,6
Track01959,continuous,tp_pitched_offset_long,0
Track01959,continuous,mean_offset_delta_ticks_pitched,-65.9286
Track01959,continuous,mean_duration_ratio_pitched,0.721707
Track01959,continuous,precision,0.0192785
Track01959,continuous,recall,0.0376486
Track01959,continuous,f1,0.0254996
Track01959,continuous,mean_onset_delta_ticks,2.71345
Track01959,continuous,mean_offset_delta_ticks,-31.1579
Track01959,continuous,mean_duration_ratio,0.0991555
Track01959,reset,n_gt,4542
Track01959,reset,n_pred,16431
Track01959,reset,tp_onset,177
Track01959,reset,tp_offset_ok,21
Track01959,reset,tp_offset_short,156
Track01959,reset,tp_offset_long,0
Track01959,reset,miss_timing_near,338
Track01959,reset,miss_same_pitch_far,1946
Track01959,reset,miss_octave,43
Track01959,reset,miss_program_swap,6
Track01959,reset,miss_no_candidate,2032
Track01959,reset,fp_timing,5246
Track01959,reset,fp_octave,56
Track01959,reset,fp_program_swap,49
Track01959,reset,fp_spurious_near,10805
Track01959,reset,fp_spurious_far,98
Track01959,reset,gt_drum,1481
Track01959,reset,pred_drum,4910
Track01959,reset,tp_drum,153
Track01959,reset,miss_drum,1328
Track01959,reset,fp_drum,4757
Track01959,reset,tp_pitched,24
Track01959,reset,tp_pitched_offset_ok,1
Track01959,reset,tp_pitched_offset_short,23
Track01959,reset,tp_pitched_offset_long,0
Track01959,reset,mean_offset_delta_ticks_pitched,-54.5
Track01959,reset,mean_duration_ratio_pitched,0.190874
Track01959,reset,precision,0.0107723
Track01959,reset,recall,0.0389696
Track01959,reset,f1,0.0168788
Track01959,reset,mean_onset_delta_ticks,2.22599
Track01959,reset,mean_offset_delta_ticks,-30.2938
Track01959,reset,mean_duration_ratio,0.0653882
Track01962,continuous,n_gt,6425
Track01962,continuous,n_pred,2473
Track01962,continuous,tp_onset,171
Track01962,continuous,tp_offset_ok,155
Track01962,continuous,tp_offset_short,15
Track01962,continuous,tp_offset_long,1
Track01962,continuous,miss_timing_near,664
Track01962,continuous,miss_same_pitch_far,713
Track01962,continuous,miss_octave,5
Track01962,continuous,miss_program_swap,5
Track01962,continuous,miss_no_candidate,4867
Track01962,continuous,fp_timing,1202
Track01962,continuous,fp_octave,4
Track01962,continuous,fp_program_swap,0
Track01962,continuous,fp_spurious_near,1079
Track01962,continuous,fp_spurious_far,17
Track01962,continuous,gt_drum,2031
Track01962,continuous,pred_drum,984
Track01962,continuous,tp_drum,167
Track01962,continuous,miss_drum,1864
Track01962,continuous,fp_drum,817
Track01962,continuous,tp_pitched,4
Track01962,continuous,tp_pitched_offset_ok,3
Track01962,continuous,tp_pitched_offset_short,0
Track01962,continuous,tp_pitched_offset_long,1
Track01962,continuous,mean_offset_delta_ticks_pitched,6.25
Track01962,continuous,mean_duration_ratio_pitched,1.32761
Track01962,continuous,precision,0.0691468
Track01962,continuous,recall,0.0266148
Track01962,continuous,f1,0.0384356
Track01962,continuous,mean_onset_delta_ticks,2.66082
Track01962,continuous,mean_offset_delta_ticks,-4.11111
Track01962,continuous,mean_duration_ratio,0.20857
Track01962,reset,n_gt,6425
Track01962,reset,n_pred,17104
Track01962,reset,tp_onset,443
Track01962,reset,tp_offset_ok,362
Track01962,reset,tp_offset_short,79
Track01962,reset,tp_offset_long,2
Track01962,reset,miss_timing_near,602
Track01962,reset,miss_same_pitch_far,2834
Track01962,reset,miss_octave,19
Track01962,reset,miss_program_swap,8
Track01962,reset,miss_no_candidate,2519
Track01962,reset,fp_timing,6631
Track01962,reset,fp_octave,49
Track01962,reset,fp_program_swap,27
Track01962,reset,fp_spurious_near,9926
Track01962,reset,fp_spurious_far,28
Track01962,reset,gt_drum,2031
Track01962,reset,pred_drum,3618
Track01962,reset,tp_drum,355
Track01962,reset,miss_drum,1676
Track01962,reset,fp_drum,3263
Track01962,reset,tp_pitched,88
Track01962,reset,tp_pitched_offset_ok,18
Track01962,reset,tp_pitched_offset_short,68
Track01962,reset,tp_pitched_offset_long,2
Track01962,reset,mean_offset_delta_ticks_pitched,-41.8977
Track01962,reset,mean_duration_ratio_pitched,0.292498
Track01962,reset,precision,0.0259004
Track01962,reset,recall,0.0689494
Track01962,reset,f1,0.0376557
Track01962,reset,mean_onset_delta_ticks,2.02709
Track01962,reset,mean_offset_delta_ticks,-12.4312
Track01962,reset,mean_duration_ratio,0.19231
Track01965,continuous,n_gt,4647
Track01965,continuous,n_pred,7554
Track01965,continuous,tp_onset,525
Track01965,continuous,tp_offset_ok,348
Track01965,continuous,tp_offset_short,175
Track01965,continuous,tp_offset_long,2
Track01965,continuous,miss_timing_near,297
Track01965,continuous,miss_same_pitch_far,22
Track01965,continuous,miss_octave,10
Track01965,continuous,miss_program_swap,13
Track01965,continuous,miss_no_candidate,3780
Track01965,continuous,fp_timing,2609
Track01965,continuous,fp_octave,8
Track01965,continuous,fp_program_swap,3
Track01965,continuous,fp_spurious_near,4160
Track01965,continuous,fp_spurious_far,249
Track01965,continuous,gt_drum,2081
Track01965,continuous,pred_drum,2651
Track01965,continuous,tp_drum,518
Track01965,continuous,miss_drum,1563
Track01965,continuous,fp_drum,2133
Track01965,continuous,tp_pitched,7
Track01965,continuous,tp_pitched_offset_ok,2
Track01965,continuous,tp_pitched_offset_short,3
Track01965,continuous,tp_pitched_offset_long,2
Track01965,continuous,mean_offset_delta_ticks_pitched,-2.14286
Track01965,continuous,mean_duration_ratio_pitched,1.48311
Track01965,continuous,precision,0.0694996
Track01965,continuous,recall,0.112976
Track01965,continuous,f1,0.0860585
Track01965,continuous,mean_onset_delta_ticks,2.75048
Track01965,continuous,mean_offset_delta_ticks,-8.62095
Track01965,continuous,mean_duration_ratio,0.288382
Track01965,reset,n_gt,4647
Track01965,reset,n_pred,17074
Track01965,reset,tp_onset,308
Track01965,reset,tp_offset_ok,280
Track01965,reset,tp_offset_short,27
Track01965,reset,tp_offset_long,1
Track01965,reset,miss_timing_near,323
Track01965,reset,miss_same_pitch_far,1992
Track01965,reset,miss_octave,10
Track01965,reset,miss_program_swap,44
Track01965,reset,miss_no_candidate,1970
Track01965,reset,fp_timing,4979
Track01965,reset,fp_octave,53
Track01965,reset,fp_program_swap,46
Track01965,reset,fp_spurious_near,11433
Track01965,reset,fp_spurious_far,255
Track01965,reset,gt_drum,2081
Track01965,reset,pred_drum,4668
Track01965,reset,tp_drum,301
Track01965,reset,miss_drum,1780
Track01965,reset,fp_drum,4367
Track01965,reset,tp_pitched,7
Track01965,reset,tp_pitched_offset_ok,2
Track01965,reset,tp_pitched_offset_short,4
Track01965,reset,tp_pitched_offset_long,1
Track01965,reset,mean_offset_delta_ticks_pitched,-8
Track01965,reset,mean_duration_ratio_pitched,0.639688
Track01965,reset,precision,0.0180391
Track01965,reset,recall,0.0662793
Track01965,reset,f1,0.0283597
Track01965,reset,mean_onset_delta_ticks,2.47727
Track01965,reset,mean_offset_delta_ticks,-4.1461
Track01965,reset,mean_duration_ratio,0.289914
Track01972,continuous,n_gt,8718
Track01972,continuous,n_pred,6863
Track01972,continuous,tp_onset,238
Track01972,continuous,tp_offset_ok,238
Track01972,continuous,tp_offset_short,0
Track01972,continuous,tp_offset_long,0
Track01972,continuous,miss_timing_near,1419
Track01972,continuous,miss_same_pitch_far,395
Track01972,continuous,miss_octave,3
Track01972,continuous,miss_program_swap,16
Track01972,continuous,miss_no_candidate,6647
Track01972,continuous,fp_timing,1617
Track01972,continuous,fp_octave,6
Track01972,continuous,fp_program_swap,28
Track01972,continuous,fp_spurious_near,4926
Track01972,continuous,fp_spurious_far,48
Track01972,continuous,gt_drum,2533
Track01972,continuous,pred_drum,3349
Track01972,continuous,tp_drum,238
Track01972,continuous,miss_drum,2295
Track01972,continuous,fp_drum,3111
Track01972,continuous,tp_pitched,0
Track01972,continuous,tp_pitched_offset_ok,0
Track01972,continuous,tp_pitched_offset_short,0
Track01972,continuous,tp_pitched_offset_long,0
Track01972,continuous,mean_offset_delta_ticks_pitched,nan
Track01972,continuous,mean_duration_ratio_pitched,nan
Track01972,continuous,precision,0.0346787
Track01972,continuous,recall,0.0272998
Track01972,continuous,f1,0.03055
Track01972,continuous,mean_onset_delta_ticks,2.34874
Track01972,continuous,mean_offset_delta_ticks,-1.12605
Track01972,continuous,mean_duration_ratio,0.629615
Track01972,reset,n_gt,8718
Track01972,reset,n_pred,20006
Track01972,reset,tp_onset,779
Track01972,reset,tp_offset_ok,744
Track01972,reset,tp_offset_short,32
Track01972,reset,tp_offset_long,3
Track01972,reset,miss_timing_near,868
Track01972,reset,miss_same_pitch_far,4751
Track01972,reset,miss_octave,18
Track01972,reset,miss_program_swap,1
Track01972,reset,miss_no_candidate,2301
Track01972,reset,fp_timing,8177
Track01972,reset,fp_octave,19
Track01972,reset,fp_program_swap,29
Track01972,reset,fp_spurious_near,11002
Track01972,reset,fp_spurious_far,0
Track01972,reset,gt_drum,2533
Track01972,reset,pred_drum,4438
Track01972,reset,tp_drum,711
Track01972,reset,miss_drum,1822
Track01972,reset,fp_drum,3727
Track01972,reset,tp_pitched,68
Track01972,reset,tp_pitched_offset_ok,33
Track01972,reset,tp_pitched_offset_short,32
Track01972,reset,tp_pitched_offset_long,3
Track01972,reset,mean_offset_delta_ticks_pitched,-24.6618
Track01972,reset,mean_duration_ratio_pitched,0.460786
Track01972,reset,precision,0.0389383
Track01972,reset,recall,0.0893554
Track01972,reset,f1,0.0542404
Track01972,reset,mean_onset_delta_ticks,2.55456
Track01972,reset,mean_offset_delta_ticks,-2.78947
Track01972,reset,mean_duration_ratio,0.663035
Track01973,continuous,n_gt,6089
Track01973,continuous,n_pred,3667
Track01973,continuous,tp_onset,39
Track01973,continuous,tp_offset_ok,21
Track01973,continuous,tp_offset_short,17
Track01973,continuous,tp_offset_long,1
Track01973,continuous,miss_timing_near,164
Track01973,continuous,miss_same_pitch_far,1194
Track01973,continuous,miss_octave,23
Track01973,continuous,miss_program_swap,21
Track01973,continuous,miss_no_candidate,4648
Track01973,continuous,fp_timing,887
Track01973,continuous,fp_octave,20
Track01973,continuous,fp_program_swap,16
Track01973,continuous,fp_spurious_near,2541
Track01973,continuous,fp_spurious_far,164
Track01973,continuous,gt_drum,1800
Track01973,continuous,pred_drum,2552
Track01973,continuous,tp_drum,21
Track01973,continuous,miss_drum,1779
Track01973,continuous,fp_drum,2531
Track01973,continuous,tp_pitched,18
Track01973,continuous,tp_pitched_offset_ok,0
Track01973,continuous,tp_pitched_offset_short,17
Track01973,continuous,tp_pitched_offset_long,1
Track01973,continuous,mean_offset_delta_ticks_pitched,-23.7778
Track01973,continuous,mean_duration_ratio_pitched,0.648253
Track01973,continuous,precision,0.0106354
Track01973,continuous,recall,0.00640499
Track01973,continuous,f1,0.00799508
Track01973,continuous,mean_onset_delta_ticks,2.10256
Track01973,continuous,mean_offset_delta_ticks,-13.2051
Track01973,continuous,mean_duration_ratio,0.397096
Track01973,reset,n_gt,6089
Track01973,reset,n_pred,22761
Track01973,reset,tp_onset,310
Track01973,reset,tp_offset_ok,92
Track01973,reset,tp_offset_short,218
Track01973,reset,tp_offset_long,0
Track01973,reset,miss_timing_near,290
Track01973,reset,miss_same_pitch_far,2174
Track01973,reset,miss_octave,58
Track01973,reset,miss_program_swap,12
Track01973,reset,miss_no_candidate,3245
Track01973,reset,fp_timing,14044
Track01973,reset,fp_octave,74
Track01973,reset,fp_program_swap,41
Track01973,reset,fp_spurious_near,8246
Track01973,reset,fp_spurious_far,46
Track01973,reset,gt_drum,1800
Track01973,reset,pred_drum,4823
Track01973,reset,tp_drum,85
Track01973,reset,miss_drum,1715
Track01973,reset,fp_drum,4738
Track01973,reset,tp_pitched,225
Track01973,reset,tp_pitched_offset_ok,7
Track01973,reset,tp_pitched_offset_short,218
Track01973,reset,tp_pitched_offset_long,0
Track01973,reset,mean_offset_delta_ticks_pitched,-56.1867
Track01973,reset,mean_duration_ratio_pitched,0.13081
Track01973,reset,precision,0.0136198
Track01973,reset,recall,0.0509115
Track01973,reset,f1,0.0214905
Track01973,reset,mean_onset_delta_ticks,2.04194
Track01973,reset,mean_offset_delta_ticks,-41.7516
Track01973,reset,mean_duration_ratio,0.148804
Track01975,continuous,n_gt,8173
Track01975,continuous,n_pred,6315
Track01975,continuous,tp_onset,52
Track01975,continuous,tp_offset_ok,48
Track01975,continuous,tp_offset_short,3
Track01975,continuous,tp_offset_long,1
Track01975,continuous,miss_timing_near,202
Track01975,continuous,miss_same_pitch_far,1109
Track01975,continuous,miss_octave,19
Track01975,continuous,miss_program_swap,26
Track01975,continuous,miss_no_candidate,6765
Track01975,continuous,fp_timing,1644
Track01975,continuous,fp_octave,13
Track01975,continuous,fp_program_swap,3
Track01975,continuous,fp_spurious_near,4597
Track01975,continuous,fp_spurious_far,6
Track01975,continuous,gt_drum,2554
Track01975,continuous,pred_drum,3290
Track01975,continuous,tp_drum,43
Track01975,continuous,miss_drum,2511
Track01975,continuous,fp_drum,3247
Track01975,continuous,tp_pitched,9
Track01975,continuous,tp_pitched_offset_ok,5
Track01975,continuous,tp_pitched_offset_short,3
Track01975,continuous,tp_pitched_offset_long,1
Track01975,continuous,mean_offset_delta_ticks_pitched,-5.66667
Track01975,continuous,mean_duration_ratio_pitched,0.86457
Track01975,continuous,precision,0.00823436
Track01975,continuous,recall,0.00636241
Track01975,continuous,f1,0.00717835
Track01975,continuous,mean_onset_delta_ticks,2.15385
Track01975,continuous,mean_offset_delta_ticks,-1.67308
Track01975,continuous,mean_duration_ratio,0.757155
Track01975,reset,n_gt,8173
Track01975,reset,n_pred,18943
Track01975,reset,tp_onset,268
Track01975,reset,tp_offset_ok,248
Track01975,reset,tp_offset_short,16
Track01975,reset,tp_offset_long,4
Track01975,reset,miss_timing_near,576
Track01975,reset,miss_same_pitch_far,3258
Track01975,reset,miss_octave,32
Track01975,reset,miss_program_swap,42
Track01975,reset,miss_no_candidate,3997
Track01975,reset,fp_timing,6365
Track01975,reset,fp_octave,7
Track01975,reset,fp_program_swap,59
Track01975,reset,fp_spurious_near,12238
Track01975,reset,fp_spurious_far,6
Track01975,reset,gt_drum,2554
Track01975,reset,pred_drum,4064
Track01975,reset,tp_drum,236
Track01975,reset,miss_drum,2318
Track01975,reset,fp_drum,3828
Track01975,reset,tp_pitched,32
Track01975,reset,tp_pitched_offset_ok,12
Track01975,reset,tp_pitched_offset_short,16
Track01975,reset,tp_pitched_offset_long,4
Track01975,reset,mean_offset_delta_ticks_pitched,23.7188
Track01975,reset,mean_duration_ratio_pitched,3.62578
Track01975,reset,precision,0.0141477
Track01975,reset,recall,0.0327909
Track01975,reset,f1,0.0197669
Track01975,reset,mean_onset_delta_ticks,2.37687
Track01975,reset,mean_offset_delta_ticks,2.55224
Track01975,reset,mean_duration_ratio,1.09906
Track01978,continuous,n_gt,6519
Track01978,continuous,n_pred,3378
Track01978,continuous,tp_onset,114
Track01978,continuous,tp_offset_ok,33
Track01978,continuous,tp_offset_short,81
Track01978,continuous,tp_offset_long,0
Track01978,continuous,miss_timing_near,469
Track01978,continuous,miss_same_pitch_far,228
Track01978,continuous,miss_octave,18
Track01978,continuous,miss_program_swap,17
Track01978,continuous,miss_no_candidate,5673
Track01978,continuous,fp_timing,2475
Track01978,continuous,fp_octave,3
Track01978,continuous,fp_program_swap,2
Track01978,continuous,fp_spurious_near,761
Track01978,continuous,fp_spurious_far,23
Track01978,continuous,gt_drum,2317
Track01978,continuous,pred_drum,1442
Track01978,continuous,tp_drum,102
Track01978,continuous,miss_drum,2215
Track01978,continuous,fp_drum,1340
Track01978,continuous,tp_pitched,12
Track01978,continuous,tp_pitched_offset_ok,0
Track01978,continuous,tp_pitched_offset_short,12
Track01978,continuous,tp_pitched_offset_long,0
Track01978,continuous,mean_offset_delta_ticks_pitched,-112.5
Track01978,continuous,mean_duration_ratio_pitched,0.196094
Track01978,continuous,precision,0.0337478
Track01978,continuous,recall,0.0174873
Track01978,continuous,f1,0.0230373
Track01978,continuous,mean_onset_delta_ticks,2.97368
Track01978,continuous,mean_offset_delta_ticks,-25.0614
Track01978,continuous,mean_duration_ratio,0.0830479
Track01978,reset,n_gt,6519
Track01978,reset,n_pred,21873
Track01978,reset,tp_onset,483
Track01978,reset,tp_offset_ok,272
Track01978,reset,tp_offset_short,210
Track01978,reset,tp_offset_long,1
Track01978,reset,miss_timing_near,565
Track01978,reset,miss_same_pitch_far,2315
Track01978,reset,miss_octave,59
Track01978,reset,miss_program_swap,33
Track01978,reset,miss_no_candidate,3064
Track01978,reset,fp_timing,19323
Track01978,reset,fp_octave,6
Track01978,reset,fp_program_swap,12
Track01978,reset,fp_spurious_near,2027
Track01978,reset,fp_spurious_far,22
Track01978,reset,gt_drum,2317
Track01978,reset,pred_drum,5859
Track01978,reset,tp_drum,435
Track01978,reset,miss_drum,1882
Track01978,reset,fp_drum,5424
Track01978,reset,tp_pitched,48
Track01978,reset,tp_pitched_offset_ok,16
Track01978,reset,tp_pitched_offset_short,31
Track01978,reset,tp_pitched_offset_long,1
Track01978,reset,mean_offset_delta_ticks_pitched,-31.1667
Track01978,reset,mean_duration_ratio_pitched,0.276632
Track01978,reset,precision,0.022082
Track01978,reset,recall,0.0740911
Track01978,reset,f1,0.0340237
Track01978,reset,mean_onset_delta_ticks,2.09524
Track01978,reset,mean_offset_delta_ticks,-12.617
Track01978,reset,mean_duration_ratio,0.111615
Track01982,continuous,n_gt,6118
Track01982,continuous,n_pred,3304
Track01982,continuous,tp_onset,200
Track01982,continuous,tp_offset_ok,191
Track01982,continuous,tp_offset_short,8
Track01982,continuous,tp_offset_long,1
Track01982,continuous,miss_timing_near,248
Track01982,continuous,miss_same_pitch_far,682
Track01982,continuous,miss_octave,13
Track01982,continuous,miss_program_swap,34
Track01982,continuous,miss_no_candidate,4941
Track01982,continuous,fp_timing,1612
Track01982,continuous,fp_octave,10
Track01982,continuous,fp_program_swap,34
Track01982,continuous,fp_spurious_near,1342
Track01982,continuous,fp_spurious_far,106
Track01982,continuous,gt_drum,1730
Track01982,continuous,pred_drum,1788
Track01982,continuous,tp_drum,186
Track01982,continuous,miss_drum,1544
Track01982,continuous,fp_drum,1602
Track01982,continuous,tp_pitched,14
Track01982,continuous,tp_pitched_offset_ok,5
Track01982,continuous,tp_pitched_offset_short,8
Track01982,continuous,tp_pitched_offset_long,1
Track01982,continuous,mean_offset_delta_ticks_pitched,-38.2857
Track01982,continuous,mean_duration_ratio_pitched,0.599677
Track01982,continuous,precision,0.0605327
Track01982,continuous,recall,0.0326904
Track01982,continuous,f1,0.0424538
Track01982,continuous,mean_onset_delta_ticks,2.805
Track01982,continuous,mean_offset_delta_ticks,-2.91
Track01982,continuous,mean_duration_ratio,0.901636
Track01982,reset,n_gt,6118
Track01982,reset,n_pred,15060
Track01982,reset,tp_onset,247
Track01982,reset,tp_offset_ok,215
Track01982,reset,tp_offset_short,22
Track01982,reset,tp_offset_long,10
Track01982,reset,miss_timing_near,408
Track01982,reset,miss_same_pitch_far,3306
Track01982,reset,miss_octave,66
Track01982,reset,miss_program_swap,5
Track01982,reset,miss_no_candidate,2086
Track01982,reset,fp_timing,4067
Track01982,reset,fp_octave,207
Track01982,reset,fp_program_swap,148
Track01982,reset,fp_spurious_near,10327
Track01982,reset,fp_spurious_far,64
Track01982,reset,gt_drum,1730
Track01982,reset,pred_drum,3026
Track01982,reset,tp_drum,200
Track01982,reset,miss_drum,1530
Track01982,reset,fp_drum,2826
Track01982,reset,tp_pitched,47
Track01982,reset,tp_pitched_offset_ok,15
Track01982,reset,tp_pitched_offset_short,22
Track01982,reset,tp_pitched_offset_long,10
Track01982,reset,mean_offset_delta_ticks_pitched,1.93617
Track01982,reset,mean_duration_ratio_pitched,2.97317
Track01982,reset,precision,0.0164011
Track01982,reset,recall,0.0403727
Track01982,reset,f1,0.0233261
Track01982,reset,mean_onset_delta_ticks,2.31579
Track01982,reset,mean_offset_delta_ticks,0.469636
Track01982,reset,mean_duration_ratio,1.32807
Track01987,continuous,n_gt,4401
Track01987,continuous,n_pred,2837
Track01987,continuous,tp_onset,29
Track01987,continuous,tp_offset_ok,13
Track01987,continuous,tp_offset_short,13
Track01987,continuous,tp_offset_long,3
Track01987,continuous,miss_timing_near,140
Track01987,continuous,miss_same_pitch_far,268
Track01987,continuous,miss_octave,12
Track01987,continuous,miss_program_swap,2
Track01987,continuous,miss_no_candidate,3950
Track01987,continuous,fp_timing,2027
Track01987,continuous,fp_octave,1
Track01987,continuous,fp_program_swap,0
Track01987,continuous,fp_spurious_near,752
Track01987,continuous,fp_spurious_far,28
Track01987,continuous,gt_drum,1539
Track01987,continuous,pred_drum,1129
Track01987,continuous,tp_drum,24
Track01987,continuous,miss_drum,1515
Track01987,continuous,fp_drum,1105
Track01987,continuous,tp_pitched,5
Track01987,continuous,tp_pitched_offset_ok,0
Track01987,continuous,tp_pitched_offset_short,2
Track01987,continuous,tp_pitched_offset_long,3
Track01987,continuous,mean_offset_delta_ticks_pitched,-14.4
Track01987,continuous,mean_duration_ratio_pitched,2.59482
Track01987,continuous,precision,0.0102221
Track01987,continuous,recall,0.00658941
Track01987,continuous,f1,0.00801326
Track01987,continuous,mean_onset_delta_ticks,3.24138
Track01987,continuous,mean_offset_delta_ticks,-9.48276
Track01987,continuous,mean_duration_ratio,0.520566
Track01987,reset,n_gt,4401
Track01987,reset,n_pred,21413
Track01987,reset,tp_onset,151
Track01987,reset,tp_offset_ok,58
Track01987,reset,tp_offset_short,89
Track01987,reset,tp_offset_long,4
Track01987,reset,miss_timing_near,180
Track01987,reset,miss_same_pitch_far,1983
Track01987,reset,miss_octave,53
Track01987,reset,miss_program_swap,2
Track01987,reset,miss_no_candidate,2032
Track01987,reset,fp_timing,18079
Track01987,reset,fp_octave,8
Track01987,reset,fp_program_swap,10
Track01987,reset,fp_spurious_near,3126
Track01987,reset,fp_spurious_far,39
Track01987,reset,gt_drum,1539
Track01987,reset,pred_drum,4718
Track01987,reset,tp_drum,98
Track01987,reset,miss_drum,1441
Track01987,reset,fp_drum,4620
Track01987,reset,tp_pitched,53
Track01987,reset,tp_pitched_offset_ok,10
Track01987,reset,tp_pitched_offset_short,39
Track01987,reset,tp_pitched_offset_long,4
Track01987,reset,mean_offset_delta_ticks_pitched,-45.8868
Track01987,reset,mean_duration_ratio_pitched,0.819477
Track01987,reset,precision,0.00705179
Track01987,reset,recall,0.0343104
Track01987,reset,f1,0.0116991
Track01987,reset,mean_onset_delta_ticks,2.17881
Track01987,reset,mean_offset_delta_ticks,-22.3775
Track01987,reset,mean_duration_ratio,0.351251
Track01990,continuous,n_gt,6340
Track01990,continuous,n_pred,3891
Track01990,continuous,tp_onset,106
Track01990,continuous,tp_offset_ok,49
Track01990,continuous,tp_offset_short,53
Track01990,continuous,tp_offset_long,4
Track01990,continuous,miss_timing_near,1233
Track01990,continuous,miss_same_pitch_far,614
Track01990,continuous,miss_octave,1
Track01990,continuous,miss_program_swap,4
Track01990,continuous,miss_no_candidate,4382
Track01990,continuous,fp_timing,2223
Track01990,continuous,fp_octave,4
Track01990,continuous,fp_program_swap,3
Track01990,continuous,fp_spurious_near,1518
Track01990,continuous,fp_spurious_far,37
Track01990,continuous,gt_drum,2314
Track01990,continuous,pred_drum,1694
Track01990,continuous,tp_drum,102
Track01990,continuous,miss_drum,2212
Track01990,continuous,fp_drum,1592
Track01990,continuous,tp_pitched,4
Track01990,continuous,tp_pitched_offset_ok,0
Track01990,continuous,tp_pitched_offset_short,0
Track01990,continuous,tp_pitched_offset_long,4
Track01990,continuous,mean_offset_delta_ticks_pitched,24.75
Track01990,continuous,mean_duration_ratio_pitched,3.12304
Track01990,continuous,precision,0.0272424
Track01990,continuous,recall,0.0167192
Track01990,continuous,f1,0.0207213
Track01990,continuous,mean_onset_delta_ticks,2.78302
Track01990,continuous,mean_offset_delta_ticks,-8.54717
Track01990,continuous,mean_duration_ratio,0.208492
Track01990,reset,n_gt,6340
Track01990,reset,n_pred,17572
Track01990,reset,tp_onset,401
Track01990,reset,tp_offset_ok,214
Track01990,reset,tp_offset_short,187
Track01990,reset,tp_offset_long,0
Track01990,reset,miss_timing_near,523
Track01990,reset,miss_same_pitch_far,2776
Track01990,reset,miss_octave,10
Track01990,reset,miss_program_swap,4
Track01990,reset,miss_no_candidate,2626
Track01990,reset,fp_timing,8617
Track01990,reset,fp_octave,46
Track01990,reset,fp_program_swap,58
Track01990,reset,fp_spurious_near,7859
Track01990,reset,fp_spurious_far,591
Track01990,reset,gt_drum,2314
Track01990,reset,pred_drum,5508
Track01990,reset,tp_drum,386
Track01990,reset,miss_drum,1928
Track01990,reset,fp_drum,5122
Track01990,reset,tp_pitched,15
Track01990,reset,tp_pitched_offset_ok,5
Track01990,reset,tp_pitched_offset_short,10
Track01990,reset,tp_pitched_offset_long,0
Track01990,reset,mean_offset_delta_ticks_pitched,-36
Track01990,reset,mean_duration_ratio_pitched,0.381919
Track01990,reset,precision,0.0228204
Track01990,reset,recall,0.0632492
Track01990,reset,f1,0.0335396
Track01990,reset,mean_onset_delta_ticks,2.34414
Track01990,reset,mean_offset_delta_ticks,-10.8878
Track01990,reset,mean_duration_ratio,0.122791
Track01993,continuous,n_gt,6259
Track01993,continuous,n_pred,3002
Track01993,continuous,tp_onset,368
Track01993,continuous,tp_offset_ok,368
Track01993,continuous,tp_offset_short,0
Track01993,continuous,tp_offset_long,0
Track01993,continuous,miss_timing_near,1150
Track01993,continuous,miss_same_pitch_far,359
Track01993,continuous,miss_octave,9
Track01993,continuous,miss_program_swap,11
Track01993,continuous,miss_no_candidate,4362
Track01993,continuous,fp_timing,406
Track01993,continuous,fp_octave,6
Track01993,continuous,fp_program_swap,10
Track01993,continuous,fp_spurious_near,2059
Track01993,continuous,fp_spurious_far,153
Track01993,continuous,gt_drum,3932
Track01993,continuous,pred_drum,995
Track01993,continuous,tp_drum,368
Track01993,continuous,miss_drum,3564
Track01993,continuous,fp_drum,627
Track01993,continuous,tp_pitched,0
Track01993,continuous,tp_pitched_offset_ok,0
Track01993,continuous,tp_pitched_offset_short,0
Track01993,continuous,tp_pitched_offset_long,0
Track01993,continuous,mean_offset_delta_ticks_pitched,nan
Track01993,continuous,mean_duration_ratio_pitched,nan
Track01993,continuous,precision,0.122585
Track01993,continuous,recall,0.0587953
Track01993,continuous,f1,0.0794731
Track01993,continuous,mean_onset_delta_ticks,2.86413
Track01993,continuous,mean_offset_delta_ticks,-0.701087
Track01993,continuous,mean_duration_ratio,0.612648
Track01993,reset,n_gt,6259
Track01993,reset,n_pred,28063
Track01993,reset,tp_onset,902
Track01993,reset,tp_offset_ok,872
Track01993,reset,tp_offset_short,28
Track01993,reset,tp_offset_long,2
Track01993,reset,miss_timing_near,1243
Track01993,reset,miss_same_pitch_far,2782
Track01993,reset,miss_octave,22
Track01993,reset,miss_program_swap,7
Track01993,reset,miss_no_candidate,1303
Track01993,reset,fp_timing,18363
Track01993,reset,fp_octave,20
Track01993,reset,fp_program_swap,55
Track01993,reset,fp_spurious_near,8078
Track01993,reset,fp_spurious_far,645
Track01993,reset,gt_drum,3932
Track01993,reset,pred_drum,6061
Track01993,reset,tp_drum,866
Track01993,reset,miss_drum,3066
Track01993,reset,fp_drum,5195
Track01993,reset,tp_pitched,36
Track01993,reset,tp_pitched_offset_ok,6
Track01993,reset,tp_pitched_offset_short,28
Track01993,reset,tp_pitched_offset_long,2
Track01993,reset,mean_offset_delta_ticks_pitched,-54.8333
Track01993,reset,mean_duration_ratio_pitched,1.01227
Track01993,reset,precision,0.032142
Track01993,reset,recall,0.144112
Track01993,reset,f1,0.052561
Track01993,reset,mean_onset_delta_ticks,2.33481
Track01993,reset,mean_offset_delta_ticks,-2.78381
Track01993,reset,mean_duration_ratio,0.698787
Track01995,continuous,n_gt,2497
Track01995,continuous,n_pred,2062
Track01995,continuous,tp_onset,107
Track01995,continuous,tp_offset_ok,100
Track01995,continuous,tp_offset_short,4
Track01995,continuous,tp_offset_long,3
Track01995,continuous,miss_timing_near,574
Track01995,continuous,miss_same_pitch_far,362
Track01995,continuous,miss_octave,7
Track01995,continuous,miss_program_swap,6
Track01995,continuous,miss_no_candidate,1441
Track01995,continuous,fp_timing,1343
Track01995,continuous,fp_octave,0
Track01995,continuous,fp_program_swap,3
Track01995,continuous,fp_spurious_near,572
Track01995,continuous,fp_spurious_far,37
Track01995,continuous,gt_drum,944
Track01995,continuous,pred_drum,529
Track01995,continuous,tp_drum,100
Track01995,continuous,miss_drum,844
Track01995,continuous,fp_drum,429
Track01995,continuous,tp_pitched,7
Track01995,continuous,tp_pitched_offset_ok,0
Track01995,continuous,tp_pitched_offset_short,4
Track01995,continuous,tp_pitched_offset_long,3
Track01995,continuous,mean_offset_delta_ticks_pitched,-63
Track01995,continuous,mean_duration_ratio_pitched,5.47062
Track01995,continuous,precision,0.0518914
Track01995,continuous,recall,0.0428514
Track01995,continuous,f1,0.0469401
Track01995,continuous,mean_onset_delta_ticks,2.46729
Track01995,continuous,mean_offset_delta_ticks,-5.41121
Track01995,continuous,mean_duration_ratio,1.0036
Track01995,reset,n_gt,2497
Track01995,reset,n_pred,14969
Track01995,reset,tp_onset,328
Track01995,reset,tp_offset_ok,287
Track01995,reset,tp_offset_short,36
Track01995,reset,tp_offset_long,5
Track01995,reset,miss_timing_near,456
Track01995,reset,miss_same_pitch_far,879
Track01995,reset,miss_octave,16
Track01995,reset,miss_program_swap,10
Track01995,reset,miss_no_candidate,808
Track01995,reset,fp_timing,10244
Track01995,reset,fp_octave,7
Track01995,reset,fp_program_swap,12
Track01995,reset,fp_spurious_near,4267
Track01995,reset,fp_spurious_far,111
Track01995,reset,gt_drum,944
Track01995,reset,pred_drum,3140
Track01995,reset,tp_drum,282
Track01995,reset,miss_drum,662
Track01995,reset,fp_drum,2858
Track01995,reset,tp_pitched,46
Track01995,reset,tp_pitched_offset_ok,5
Track01995,reset,tp_pitched_offset_short,36
Track01995,reset,tp_pitched_offset_long,5
Track01995,reset,mean_offset_delta_ticks_pitched,6.04348
Track01995,reset,mean_duration_ratio_pitched,67.4875
Track01995,reset,precision,0.021912
Track01995,reset,recall,0.131358
Track01995,reset,f1,0.0375587
Track01995,reset,mean_onset_delta_ticks,2.38415
Track01995,reset,mean_offset_delta_ticks,0.262195
Track01995,reset,mean_duration_ratio,10.0093
Track02001,continuous,n_gt,11653
Track02001,continuous,n_pred,3979
Track02001,continuous,tp_onset,25
Track02001,continuous,tp_offset_ok,14
Track02001,continuous,tp_offset_short,0
Track02001,continuous,tp_offset_long,11
Track02001,continuous,miss_timing_near,857
Track02001,continuous,miss_same_pitch_far,168
Track02001,continuous,miss_octave,177
Track02001,continuous,miss_program_swap,203
Track02001,continuous,miss_no_candidate,10223
Track02001,continuous,fp_timing,1148
Track02001,continuous,fp_octave,31
Track02001,continuous,fp_program_swap,168
Track02001,continuous,fp_spurious_near,2540
Track02001,continuous,fp_spurious_far,67
Track02001,continuous,gt_drum,5383
Track02001,continuous,pred_drum,1629
Track02001,continuous,tp_drum,14
Track02001,continuous,miss_drum,5369
Track02001,continuous,fp_drum,1615
Track02001,continuous,tp_pitched,11
Track02001,continuous,tp_pitched_offset_ok,0
Track02001,continuous,tp_pitched_offset_short,0
Track02001,continuous,tp_pitched_offset_long,11
Track02001,continuous,mean_offset_delta_ticks_pitched,22.7273
Track02001,continuous,mean_duration_ratio_pitched,1.98996
Track02001,continuous,precision,0.00628299
Track02001,continuous,recall,0.00214537
Track02001,continuous,f1,0.00319857
Track02001,continuous,mean_onset_delta_ticks,0.36
Track02001,continuous,mean_offset_delta_ticks,10
Track02001,continuous,mean_duration_ratio,1.38467
Track02001,reset,n_gt,11653
Track02001,reset,n_pred,23741
Track02001,reset,tp_onset,606
Track02001,reset,tp_offset_ok,552
Track02001,reset,tp_offset_short,52
Track02001,reset,tp_offset_long,2
Track02001,reset,miss_timing_near,777
Track02001,reset,miss_same_pitch_far,4051
Track02001,reset,miss_octave,52
Track02001,reset,miss_program_swap,54
Track02001,reset,miss_no_candidate,6113
Track02001,reset,fp_timing,7730
Track02001,reset,fp_octave,30
Track02001,reset,fp_program_swap,187
Track02001,reset,fp_spurious_near,15037
Track02001,reset,fp_spurious_far,151
Track02001,reset,gt_drum,5383
Track02001,reset,pred_drum,6296
Track02001,reset,tp_drum,510
Track02001,reset,miss_drum,4873
Track02001,reset,fp_drum,5786
Track02001,reset,tp_pitched,96
Track02001,reset,tp_pitched_offset_ok,42
Track02001,reset,tp_pitched_offset_short,52
Track02001,reset,tp_pitched_offset_long,2
Track02001,reset,mean_offset_delta_ticks_pitched,-20.5833
Track02001,reset,mean_duration_ratio_pitched,0.38936
Track02001,reset,precision,0.0255255
Track02001,reset,recall,0.0520038
Track02001,reset,f1,0.0342431
Track02001,reset,mean_onset_delta_ticks,2.18647
Track02001,reset,mean_offset_delta_ticks,-3.39769
Track02001,reset,mean_duration_ratio,0.755313
Track02004,continuous,n_gt,5113
Track02004,continuous,n_pred,2366
Track02004,continuous,tp_onset,3
Track02004,continuous,tp_offset_ok,3
Track02004,continuous,tp_offset_short,0
Track02004,continuous,tp_offset_long,0
Track02004,continuous,miss_timing_near,362
Track02004,continuous,miss_same_pitch_far,8
Track02004,continuous,miss_octave,21
Track02004,continuous,miss_program_swap,16
Track02004,continuous,miss_no_candidate,4703
Track02004,continuous,fp_timing,543
Track02004,continuous,fp_octave,17
Track02004,continuous,fp_program_swap,13
Track02004,continuous,fp_spurious_near,1725
Track02004,continuous,fp_spurious_far,65
Track02004,continuous,gt_drum,1419
Track02004,continuous,pred_drum,1007
Track02004,continuous,tp_drum,3
Track02004,continuous,miss_drum,1416
Track02004,continuous,fp_drum,1004
Track02004,continuous,tp_pitched,0
Track02004,continuous,tp_pitched_offset_ok,0
Track02004,continuous,tp_pitched_offset_short,0
Track02004,continuous,tp_pitched_offset_long,0
Track02004,continuous,mean_offset_delta_ticks_pitched,nan
Track02004,continuous,mean_duration_ratio_pitched,nan
Track02004,continuous,precision,0.00126796
Track02004,continuous,recall,0.00058674
Track02004,continuous,f1,0.000802246
Track02004,continuous,mean_onset_delta_ticks,2.66667
Track02004,continuous,mean_offset_delta_ticks,-5
Track02004,continuous,mean_duration_ratio,0.277778
Track02004,reset,n_gt,5113
Track02004,reset,n_pred,20607
Track02004,reset,tp_onset,213
Track02004,reset,tp_offset_ok,213
Track02004,reset,tp_offset_short,0
Track02004,reset,tp_offset_long,0
Track02004,reset,miss_timing_near,137
Track02004,reset,miss_same_pitch_far,761
Track02004,reset,miss_octave,119
Track02004,reset,miss_program_swap,94
Track02004,reset,miss_no_candidate,3789
Track02004,reset,fp_timing,2377
Track02004,reset,fp_octave,123
Track02004,reset,fp_program_swap,135
Track02004,reset,fp_spurious_near,17739
Track02004,reset,fp_spurious_far,20
Track02004,reset,gt_drum,1419
Track02004,reset,pred_drum,4655
Track02004,reset,tp_drum,213
Track02004,reset,miss_drum,1206
Track02004,reset,fp_drum,4442
Track02004,reset,tp_pitched,0
Track02004,reset,tp_pitched_offset_ok,0
Track02004,reset,tp_pitched_offset_short,0
Track02004,reset,tp_pitched_offset_long,0
Track02004,reset,mean_offset_delta_ticks_pitched,nan
Track02004,reset,mean_duration_ratio_pitched,nan
Track02004,reset,precision,0.0103363
Track02004,reset,recall,0.0416585
Track02004,reset,f1,0.016563
Track02004,reset,mean_onset_delta_ticks,2.35681
Track02004,reset,mean_offset_delta_ticks,-2.86385
Track02004,reset,mean_duration_ratio,0.276551
Track02005,continuous,n_gt,3872
Track02005,continuous,n_pred,1992
Track02005,continuous,tp_onset,95
Track02005,continuous,tp_offset_ok,89
Track02005,continuous,tp_offset_short,6
Track02005,continuous,tp_offset_long,0
Track02005,continuous,miss_timing_near,711
Track02005,continuous,miss_same_pitch_far,0
Track02005,continuous,miss_octave,2
Track02005,continuous,miss_program_swap,1
Track02005,continuous,miss_no_candidate,3063
Track02005,continuous,fp_timing,694
Track02005,continuous,fp_octave,2
Track02005,continuous,fp_program_swap,1
Track02005,continuous,fp_spurious_near,1130
Track02005,continuous,fp_spurious_far,70
Track02005,continuous,gt_drum,1317
Track02005,continuous,pred_drum,1192
Track02005,continuous,tp_drum,95
Track02005,continuous,miss_drum,1222
Track02005,continuous,fp_drum,1097
Track02005,continuous,tp_pitched,0
Track02005,continuous,tp_pitched_offset_ok,0
Track02005,continuous,tp_pitched_offset_short,0
Track02005,continuous,tp_pitched_offset_long,0
Track02005,continuous,mean_offset_delta_ticks_pitched,nan
Track02005,continuous,mean_duration_ratio_pitched,nan
Track02005,continuous,precision,0.0476908
Track02005,continuous,recall,0.0245351
Track02005,continuous,f1,0.0324011
Track02005,continuous,mean_onset_delta_ticks,2.29474
Track02005,continuous,mean_offset_delta_ticks,-4.09474
Track02005,continuous,mean_duration_ratio,0.151515
Track02005,reset,n_gt,3872
Track02005,reset,n_pred,16182
Track02005,reset,tp_onset,544
Track02005,reset,tp_offset_ok,474
Track02005,reset,tp_offset_short,66
Track02005,reset,tp_offset_long,4
Track02005,reset,miss_timing_near,454
Track02005,reset,miss_same_pitch_far,1522
Track02005,reset,miss_octave,14
Track02005,reset,miss_program_swap,9
Track02005,reset,miss_no_candidate,1329
Track02005,reset,fp_timing,7665
Track02005,reset,fp_octave,49
Track02005,reset,fp_program_swap,34
Track02005,reset,fp_spurious_near,7861
Track02005,reset,fp_spurious_far,29
Track02005,reset,gt_drum,1317
Track02005,reset,pred_drum,4381
Track02005,reset,tp_drum,473
Track02005,reset,miss_drum,844
Track02005,reset,fp_drum,3908
Track02005,reset,tp_pitched,71
Track02005,reset,tp_pitched_offset_ok,13
Track02005,reset,tp_pitched_offset_short,54
Track02005,reset,tp_pitched_offset_long,4
Track02005,reset,mean_offset_delta_ticks_pitched,-33.0423
Track02005,reset,mean_duration_ratio_pitched,0.762141
Track02005,reset,precision,0.0336176
Track02005,reset,recall,0.140496
Track02005,reset,f1,0.0542535
Track02005,reset,mean_onset_delta_ticks,2.30882
Track02005,reset,mean_offset_delta_ticks,-8.625
Track02005,reset,mean_duration_ratio,0.244622
Track02014,continuous,n_gt,5852
Track02014,continuous,n_pred,2646
Track02014,continuous,tp_onset,182
Track02014,continuous,tp_offset_ok,0
Track02014,continuous,tp_offset_short,182
Track02014,continuous,tp_offset_long,0
Track02014,continuous,miss_timing_near,656
Track02014,continuous,miss_same_pitch_far,119
Track02014,continuous,miss_octave,238
Track02014,continuous,miss_program_swap,145
Track02014,continuous,miss_no_candidate,4512
Track02014,continuous,fp_timing,1947
Track02014,continuous,fp_octave,26
Track02014,continuous,fp_program_swap,0
Track02014,continuous,fp_spurious_near,482
Track02014,continuous,fp_spurious_far,9
Track02014,continuous,gt_drum,1079
Track02014,continuous,pred_drum,1088
Track02014,continuous,tp_drum,170
Track02014,continuous,miss_drum,909
Track02014,continuous,fp_drum,918
Track02014,continuous,tp_pitched,12
Track02014,continuous,tp_pitched_offset_ok,0
Track02014,continuous,tp_pitched_offset_short,12
Track02014,continuous,tp_pitched_offset_long,0
Track02014,continuous,mean_offset_delta_ticks_pitched,-72
Track02014,continuous,mean_duration_ratio_pitched,0.345029
Track02014,continuous,precision,0.0687831
Track02014,continuous,recall,0.0311005
Track02014,continuous,f1,0.0428336
Track02014,continuous,mean_onset_delta_ticks,0
Track02014,continuous,mean_offset_delta_ticks,-39.1758
Track02014,continuous,mean_duration_ratio,0.045586
Track02014,reset,n_gt,5852
Track02014,reset,n_pred,17724
Track02014,reset,tp_onset,395
Track02014,reset,tp_offset_ok,3
Track02014,reset,tp_offset_short,386
Track02014,reset,tp_offset_long,6
Track02014,reset,miss_timing_near,298
Track02014,reset,miss_same_pitch_far,1474
Track02014,reset,miss_octave,72
Track02014,reset,miss_program_swap,26
Track02014,reset,miss_no_candidate,3587
Track02014,reset,fp_timing,6742
Track02014,reset,fp_octave,37
Track02014,reset,fp_program_swap,32
Track02014,reset,fp_spurious_near,10513
Track02014,reset,fp_spurious_far,5
Track02014,reset,gt_drum,1079
Track02014,reset,pred_drum,6159
Track02014,reset,tp_drum,354
Track02014,reset,miss_drum,725
Track02014,reset,fp_drum,5805
Track02014,reset,tp_pitched,41
Track02014,reset,tp_pitched_offset_ok,3
Track02014,reset,tp_pitched_offset_short,32
Track02014,reset,tp_pitched_offset_long,6
Track02014,reset,mean_offset_delta_ticks_pitched,-55.3415
Track02014,reset,mean_duration_ratio_pitched,0.635992
Track02014,reset,precision,0.0222862
Track02014,reset,recall,0.0674983
Track02014,reset,f1,0.0335087
Track02014,reset,mean_onset_delta_ticks,1.82532
Track02014,reset,mean_offset_delta_ticks,-37.8228
Track02014,reset,mean_duration_ratio,0.090127
Track02019,continuous,n_gt,3502
Track02019,continuous,n_pred,2296
Track02019,continuous,tp_onset,247
Track02019,continuous,tp_offset_ok,246
Track02019,continuous,tp_offset_short,1
Track02019,continuous,tp_offset_long,0
Track02019,continuous,miss_timing_near,508
Track02019,continuous,miss_same_pitch_far,233
Track02019,continuous,miss_octave,1
Track02019,continuous,miss_program_swap,30
Track02019,continuous,miss_no_candidate,2483
Track02019,continuous,fp_timing,243
Track02019,continuous,fp_octave,7
Track02019,continuous,fp_program_swap,28
Track02019,continuous,fp_spurious_near,1771
Track02019,continuous,fp_spurious_far,0
Track02019,continuous,gt_drum,1389
Track02019,continuous,pred_drum,1252
Track02019,continuous,tp_drum,247
Track02019,continuous,miss_drum,1142
Track02019,continuous,fp_drum,1005
Track02019,continuous,tp_pitched,0
Track02019,continuous,tp_pitched_offset_ok,0
Track02019,continuous,tp_pitched_offset_short,0
Track02019,continuous,tp_pitched_offset_long,0
Track02019,continuous,mean_offset_delta_ticks_pitched,nan
Track02019,continuous,mean_duration_ratio_pitched,nan
Track02019,continuous,precision,0.107578
Track02019,continuous,recall,0.0705311
Track02019,continuous,f1,0.0852018
Track02019,continuous,mean_onset_delta_ticks,0
Track02019,continuous,mean_offset_delta_ticks,-0.0566802
Track02019,continuous,mean_duration_ratio,0.905656
Track02019,reset,n_gt,3502
Track02019,reset,n_pred,14942
Track02019,reset,tp_onset,461
Track02019,reset,tp_offset_ok,400
Track02019,reset,tp_offset_short,56
Track02019,reset,tp_offset_long,5
Track02019,reset,miss_timing_near,478
Track02019,reset,miss_same_pitch_far,1361
Track02019,reset,miss_octave,20
Track02019,reset,miss_program_swap,20
Track02019,reset,miss_no_candidate,1162
Track02019,reset,fp_timing,4749
Track02019,reset,fp_octave,30
Track02019,reset,fp_program_swap,41
Track02019,reset,fp_spurious_near,9649
Track02019,reset,fp_spurious_far,12
Track02019,reset,gt_drum,1389
Track02019,reset,pred_drum,3523
Track02019,reset,tp_drum,410
Track02019,reset,miss_drum,979
Track02019,reset,fp_drum,3113
Track02019,reset,tp_pitched,51
Track02019,reset,tp_pitched_offset_ok,6
Track02019,reset,tp_pitched_offset_short,40
Track02019,reset,tp_pitched_offset_long,5
Track02019,reset,mean_offset_delta_ticks_pitched,-25.3725
Track02019,reset,mean_duration_ratio_pitched,0.511521
Track02019,reset,precision,0.0308526
Track02019,reset,recall,0.131639
Track02019,reset,f1,0.0499892
Track02019,reset,mean_onset_delta_ticks,1.87202
Track02019,reset,mean_offset_delta_ticks,-3.78091
Track02019,reset,mean_duration_ratio,0.776631
Track02026,continuous,n_gt,4482
Track02026,continuous,n_pred,1701
Track02026,continuous,tp_onset,5
Track02026,continuous,tp_offset_ok,1
Track02026,continuous,tp_offset_short,0
Track02026,continuous,tp_offset_long,4
Track02026,continuous,miss_timing_near,19
Track02026,continuous,miss_same_pitch_far,18
Track02026,continuous,miss_octave,4
Track02026,continuous,miss_program_swap,2
Track02026,continuous,miss_no_candidate,4434
Track02026,continuous,fp_timing,704
Track02026,continuous,fp_octave,2
Track02026,continuous,fp_program_swap,1
Track02026,continuous,fp_spurious_near,956
Track02026,continuous,fp_spurious_far,33
Track02026,continuous,gt_drum,562
Track02026,continuous,pred_drum,711
Track02026,continuous,tp_drum,1
Track02026,continuous,miss_drum,561
Track02026,continuous,fp_drum,710
Track02026,continuous,tp_pitched,4
Track02026,continuous,tp_pitched_offset_ok,0
Track02026,continuous,tp_pitched_offset_short,0
Track02026,continuous,tp_pitched_offset_long,4
Track02026,continuous,mean_offset_delta_ticks_pitched,11.75
Track02026,continuous,mean_duration_ratio_pitched,1.40272
Track02026,continuous,precision,0.00293945
Track02026,continuous,recall,0.00111557
Track02026,continuous,f1,0.00161734
Track02026,continuous,mean_onset_delta_ticks,2.2
Track02026,continuous,mean_offset_delta_ticks,9
Track02026,continuous,mean_duration_ratio,1.21308
Track02026,reset,n_gt,4482
Track02026,reset,n_pred,15638
Track02026,reset,tp_onset,101
Track02026,reset,tp_offset_ok,53
Track02026,reset,tp_offset_short,42
Track02026,reset,tp_offset_long,6
Track02026,reset,miss_timing_near,149
Track02026,reset,miss_same_pitch_far,1722
Track02026,reset,miss_octave,83
Track02026,reset,miss_program_swap,23
Track02026,reset,miss_no_candidate,2404
Track02026,reset,fp_timing,7921
Track02026,reset,fp_octave,35
Track02026,reset,fp_program_swap,40
Track02026,reset,fp_spurious_near,7530
Track02026,reset,fp_spurious_far,11
Track02026,reset,gt_drum,562
Track02026,reset,pred_drum,3042
Track02026,reset,tp_drum,3
Track02026,reset,miss_drum,559
Track02026,reset,fp_drum,3039
Track02026,reset,tp_pitched,98
Track02026,reset,tp_pitched_offset_ok,50
Track02026,reset,tp_pitched_offset_short,42
Track02026,reset,tp_pitched_offset_long,6
Track02026,reset,mean_offset_delta_ticks_pitched,-9.14286
Track02026,reset,mean_duration_ratio_pitched,0.808219
Track02026,reset,precision,0.00645863
Track02026,reset,recall,0.0225346
Track02026,reset,f1,0.0100398
Track02026,reset,mean_onset_delta_ticks,2.24752
Track02026,reset,mean_offset_delta_ticks,-8.9505
Track02026,reset,mean_duration_ratio,0.802215
Track02029,continuous,n_gt,2847
Track02029,continuous,n_pred,1953
Track02029,continuous,tp_onset,0
Track02029,continuous,tp_offset_ok,0
Track02029,continuous,tp_offset_short,0
Track02029,continuous,tp_offset_long,0
Track02029,continuous,miss_timing_near,6
Track02029,continuous,miss_same_pitch_far,2
Track02029,continuous,miss_octave,1
Track02029,continuous,miss_program_swap,1
Track02029,continuous,miss_no_candidate,2837
Track02029,continuous,fp_timing,543
Track02029,continuous,fp_octave,0
Track02029,continuous,fp_program_swap,1
Track02029,continuous,fp_spurious_near,1377
Track02029,continuous,fp_spurious_far,32
Track02029,continuous,gt_drum,728
Track02029,continuous,pred_drum,908
Track02029,continuous,tp_drum,0
Track02029,continuous,miss_drum,728
Track02029,continuous,fp_drum,908
Track02029,continuous,tp_pitched,0
Track02029,continuous,tp_pitched_offset_ok,0
Track02029,continuous,tp_pitched_offset_short,0
Track02029,continuous,tp_pitched_offset_long,0
Track02029,continuous,mean_offset_delta_ticks_pitched,nan
Track02029,continuous,mean_duration_ratio_pitched,nan
Track02029,continuous,precision,0
Track02029,continuous,recall,0
Track02029,continuous,f1,0
Track02029,continuous,mean_onset_delta_ticks,nan
Track02029,continuous,mean_offset_delta_ticks,nan
Track02029,continuous,mean_duration_ratio,nan
Track02029,reset,n_gt,2847
Track02029,reset,n_pred,10777
Track02029,reset,tp_onset,24
Track02029,reset,tp_offset_ok,14
Track02029,reset,tp_offset_short,10
Track02029,reset,tp_offset_long,0
Track02029,reset,miss_timing_near,102
Track02029,reset,miss_same_pitch_far,1117
Track02029,reset,miss_octave,9
Track02029,reset,miss_program_swap,12
Track02029,reset,miss_no_candidate,1583
Track02029,reset,fp_timing,4187
Track02029,reset,fp_octave,13
Track02029,reset,fp_program_swap,25
Track02029,reset,fp_spurious_near,6493
Track02029,reset,fp_spurious_far,35
Track02029,reset,gt_drum,728
Track02029,reset,pred_drum,4082
Track02029,reset,tp_drum,14
Track02029,reset,miss_drum,714
Track02029,reset,fp_drum,4068
Track02029,reset,tp_pitched,10
Track02029,reset,tp_pitched_offset_ok,0
Track02029,reset,tp_pitched_offset_short,10
Track02029,reset,tp_pitched_offset_long,0
Track02029,reset,mean_offset_delta_ticks_pitched,-83.6
Track02029,reset,mean_duration_ratio_pitched,0.121487
Track02029,reset,precision,0.00222696
Track02029,reset,recall,0.00842993
Track02029,reset,f1,0.00352319
Track02029,reset,mean_onset_delta_ticks,2.54167
Track02029,reset,mean_offset_delta_ticks,-35
Track02029,reset,mean_duration_ratio,0.311036
Track02030,continuous,n_gt,8052
Track02030,continuous,n_pred,3549
Track02030,continuous,tp_onset,431
Track02030,continuous,tp_offset_ok,133
Track02030,continuous,tp_offset_short,290
Track02030,continuous,tp_offset_long,8
Track02030,continuous,miss_timing_near,1660
Track02030,continuous,miss_same_pitch_far,4
Track02030,continuous,miss_octave,61
Track02030,continuous,miss_program_swap,17
Track02030,continuous,miss_no_candidate,5879
Track02030,continuous,fp_timing,986
Track02030,continuous,fp_octave,56
Track02030,continuous,fp_program_swap,26
Track02030,continuous,fp_spurious_near,1974
Track02030,continuous,fp_spurious_far,76
Track02030,continuous,gt_drum,3504
Track02030,continuous,pred_drum,1420
Track02030,continuous,tp_drum,413
Track02030,continuous,miss_drum,3091
Track02030,continuous,fp_drum,1007
Track02030,continuous,tp_pitched,18
Track02030,continuous,tp_pitched_offset_ok,0
Track02030,continuous,tp_pitched_offset_short,10
Track02030,continuous,tp_pitched_offset_long,8
Track02030,continuous,mean_offset_delta_ticks_pitched,-28.3333
Track02030,continuous,mean_duration_ratio_pitched,1.46785
Track02030,continuous,precision,0.121443
Track02030,continuous,recall,0.0535271
Track02030,continuous,f1,0.0743039
Track02030,continuous,mean_onset_delta_ticks,2.55916
Track02030,continuous,mean_offset_delta_ticks,-13
Track02030,continuous,mean_duration_ratio,0.126846
Track02030,reset,n_gt,8052
Track02030,reset,n_pred,26697
Track02030,reset,tp_onset,749
Track02030,reset,tp_offset_ok,170
Track02030,reset,tp_offset_short,572
Track02030,reset,tp_offset_long,7
Track02030,reset,miss_timing_near,1368
Track02030,reset,miss_same_pitch_far,2887
Track02030,reset,miss_octave,51
Track02030,reset,miss_program_swap,13
Track02030,reset,miss_no_candidate,2984
Track02030,reset,fp_timing,9435
Track02030,reset,fp_octave,81
Track02030,reset,fp_program_swap,100
Track02030,reset,fp_spurious_near,16312
Track02030,reset,fp_spurious_far,20
Track02030,reset,gt_drum,3504
Track02030,reset,pred_drum,5834
Track02030,reset,tp_drum,679
Track02030,reset,miss_drum,2825
Track02030,reset,fp_drum,5155
Track02030,reset,tp_pitched,70
Track02030,reset,tp_pitched_offset_ok,20
Track02030,reset,tp_pitched_offset_short,43
Track02030,reset,tp_pitched_offset_long,7
Track02030,reset,mean_offset_delta_ticks_pitched,-78.6571
Track02030,reset,mean_duration_ratio_pitched,0.538598
Track02030,reset,precision,0.0280556
Track02030,reset,recall,0.0930204
Track02030,reset,f1,0.0431092
Track02030,reset,mean_onset_delta_ticks,2.39252
Track02030,reset,mean_offset_delta_ticks,-18.7637
Track02030,reset,mean_duration_ratio,0.117926
Track02037,continuous,n_gt,8323
Track02037,continuous,n_pred,6740
Track02037,continuous,tp_onset,190
Track02037,continuous,tp_offset_ok,189
Track02037,continuous,tp_offset_short,0
Track02037,continuous,tp_offset_long,1
Track02037,continuous,miss_timing_near,90
Track02037,continuous,miss_same_pitch_far,896
Track02037,continuous,miss_octave,17
Track02037,continuous,miss_program_swap,9
Track02037,continuous,miss_no_candidate,7121
Track02037,continuous,fp_timing,1856
Track02037,continuous,fp_octave,16
Track02037,continuous,fp_program_swap,9
Track02037,continuous,fp_spurious_near,4646
Track02037,continuous,fp_spurious_far,23
Track02037,continuous,gt_drum,4533
Track02037,continuous,pred_drum,4950
Track02037,continuous,tp_drum,189
Track02037,continuous,miss_drum,4344
Track02037,continuous,fp_drum,4761
Track02037,continuous,tp_pitched,1
Track02037,continuous,tp_pitched_offset_ok,0
Track02037,continuous,tp_pitched_offset_short,0
Track02037,continuous,tp_pitched_offset_long,1
Track02037,continuous,mean_offset_delta_ticks_pitched,13
Track02037,continuous,mean_duration_ratio_pitched,1.78571
Track02037,continuous,precision,0.0281899
Track02037,continuous,recall,0.0228283
Track02037,continuous,f1,0.0252274
Track02037,continuous,mean_onset_delta_ticks,1.45789
Track02037,continuous,mean_offset_delta_ticks,0.0315789
Track02037,continuous,mean_duration_ratio,0.973513
Track02037,reset,n_gt,8323
Track02037,reset,n_pred,27017
Track02037,reset,tp_onset,67
Track02037,reset,tp_offset_ok,44
Track02037,reset,tp_offset_short,22
Track02037,reset,tp_offset_long,1
Track02037,reset,miss_timing_near,172
Track02037,reset,miss_same_pitch_far,5281
Track02037,reset,miss_octave,96
Track02037,reset,miss_program_swap,23
Track02037,reset,miss_no_candidate,2684
Track02037,reset,fp_timing,6575
Track02037,reset,fp_octave,89
Track02037,reset,fp_program_swap,53
Track02037,reset,fp_spurious_near,20225
Track02037,reset,fp_spurious_far,8
Track02037,reset,gt_drum,4533
Track02037,reset,pred_drum,4774
Track02037,reset,tp_drum,35
Track02037,reset,miss_drum,4498
Track02037,reset,fp_drum,4739
Track02037,reset,tp_pitched,32
Track02037,reset,tp_pitched_offset_ok,9
Track02037,reset,tp_pitched_offset_short,22
Track02037,reset,tp_pitched_offset_long,1
Track02037,reset,mean_offset_delta_ticks_pitched,-142.406
Track02037,reset,mean_duration_ratio_pitched,0.348666
Track02037,reset,precision,0.00247992
Track02037,reset,recall,0.00804998
Track02037,reset,f1,0.00379174
Track02037,reset,mean_onset_delta_ticks,1.83582
Track02037,reset,mean_offset_delta_ticks,-67.7463
Track02037,reset,mean_duration_ratio,0.685523
Track02038,continuous,n_gt,4963
Track02038,continuous,n_pred,10500
Track02038,continuous,tp_onset,455
Track02038,continuous,tp_offset_ok,283
Track02038,continuous,tp_offset_short,172
Track02038,continuous,tp_offset_long,0
Track02038,continuous,miss_timing_near,259
Track02038,continuous,miss_same_pitch_far,166
Track02038,continuous,miss_octave,26
Track02038,continuous,miss_program_swap,18
Track02038,continuous,miss_no_candidate,4039
Track02038,continuous,fp_timing,10044
Track02038,continuous,fp_octave,0
Track02038,continuous,fp_program_swap,0
Track02038,continuous,fp_spurious_near,1
Track02038,continuous,fp_spurious_far,0
Track02038,continuous,gt_drum,893
Track02038,continuous,pred_drum,3720
Track02038,continuous,tp_drum,267
Track02038,continuous,miss_drum,626
Track02038,continuous,fp_drum,3453
Track02038,continuous,tp_pitched,188
Track02038,continuous,tp_pitched_offset_ok,16
Track02038,continuous,tp_pitched_offset_short,172
Track02038,continuous,tp_pitched_offset_long,0
Track02038,continuous,mean_offset_delta_ticks_pitched,-50.7394
Track02038,continuous,mean_duration_ratio_pitched,0.266425
Track02038,continuous,precision,0.0433333
Track02038,continuous,recall,0.0916784
Track02038,continuous,f1,0.0588502
Track02038,continuous,mean_onset_delta_ticks,2.8
Track02038,continuous,mean_offset_delta_ticks,-21.5187
Track02038,continuous,mean_duration_ratio,0.711482
Track02038,reset,n_gt,4963
Track02038,reset,n_pred,14535
Track02038,reset,tp_onset,170
Track02038,reset,tp_offset_ok,122
Track02038,reset,tp_offset_short,47
Track02038,reset,tp_offset_long,1
Track02038,reset,miss_timing_near,175
Track02038,reset,miss_same_pitch_far,1411
Track02038,reset,miss_octave,7
Track02038,reset,miss_program_swap,8
Track02038,reset,miss_no_candidate,3192
Track02038,reset,fp_timing,11074
Track02038,reset,fp_octave,8
Track02038,reset,fp_program_swap,10
Track02038,reset,fp_spurious_near,3269
Track02038,reset,fp_spurious_far,4
Track02038,reset,gt_drum,893
Track02038,reset,pred_drum,4476
Track02038,reset,tp_drum,118
Track02038,reset,miss_drum,775
Track02038,reset,fp_drum,4358
Track02038,reset,tp_pitched,52
Track02038,reset,tp_pitched_offset_ok,4
Track02038,reset,tp_pitched_offset_short,47
Track02038,reset,tp_pitched_offset_long,1
Track02038,reset,mean_offset_delta_ticks_pitched,-57.7308
Track02038,reset,mean_duration_ratio_pitched,0.355949
Track02038,reset,precision,0.0116959
Track02038,reset,recall,0.0342535
Track02038,reset,f1,0.0174377
Track02038,reset,mean_onset_delta_ticks,2.54118
Track02038,reset,mean_offset_delta_ticks,-17.6706
Track02038,reset,mean_duration_ratio,0.788023
Track02044,continuous,n_gt,8241
Track02044,continuous,n_pred,6479
Track02044,continuous,tp_onset,465
Track02044,continuous,tp_offset_ok,324
Track02044,continuous,tp_offset_short,129
Track02044,continuous,tp_offset_long,12
Track02044,continuous,miss_timing_near,416
Track02044,continuous,miss_same_pitch_far,838
Track02044,continuous,miss_octave,36
Track02044,continuous,miss_program_swap,21
Track02044,continuous,miss_no_candidate,6465
Track02044,continuous,fp_timing,6014
Track02044,continuous,fp_octave,0
Track02044,continuous,fp_program_swap,0
Track02044,continuous,fp_spurious_near,0
Track02044,continuous,fp_spurious_far,0
Track02044,continuous,gt_drum,1771
Track02044,continuous,pred_drum,1912
Track02044,continuous,tp_drum,239
Track02044,continuous,miss_drum,1532
Track02044,continuous,fp_drum,1673
Track02044,continuous,tp_pitched,226
Track02044,continuous,tp_pitched_offset_ok,85
Track02044,continuous,tp_pitched_offset_short,129
Track02044,continuous,tp_pitched_offset_long,12
Track02044,continuous,mean_offset_delta_ticks_pitched,-18.7389
Track02044,continuous,mean_duration_ratio_pitched,0.635908
Track02044,continuous,precision,0.0717703
Track02044,continuous,recall,0.0564252
Track02044,continuous,f1,0.0631793
Track02044,continuous,mean_onset_delta_ticks,2.74624
Track02044,continuous,mean_offset_delta_ticks,-9.16989
Track02044,continuous,mean_duration_ratio,0.83277
Track02044,reset,n_gt,8241
Track02044,reset,n_pred,12018
Track02044,reset,tp_onset,228
Track02044,reset,tp_offset_ok,208
Track02044,reset,tp_offset_short,16
Track02044,reset,tp_offset_long,4
Track02044,reset,miss_timing_near,542
Track02044,reset,miss_same_pitch_far,2513
Track02044,reset,miss_octave,16
Track02044,reset,miss_program_swap,7
Track02044,reset,miss_no_candidate,4935
Track02044,reset,fp_timing,5711
Track02044,reset,fp_octave,6
Track02044,reset,fp_program_swap,9
Track02044,reset,fp_spurious_near,6033
Track02044,reset,fp_spurious_far,31
Track02044,reset,gt_drum,1771
Track02044,reset,pred_drum,3986
Track02044,reset,tp_drum,199
Track02044,reset,miss_drum,1572
Track02044,reset,fp_drum,3787
Track02044,reset,tp_pitched,29
Track02044,reset,tp_pitched_offset_ok,9
Track02044,reset,tp_pitched_offset_short,16
Track02044,reset,tp_pitched_offset_long,4
Track02044,reset,mean_offset_delta_ticks_pitched,5
Track02044,reset,mean_duration_ratio_pitched,2.13832
Track02044,reset,precision,0.0189715
Track02044,reset,recall,0.0276665
Track02044,reset,f1,0.0225085
Track02044,reset,mean_onset_delta_ticks,2.39035
Track02044,reset,mean_offset_delta_ticks,0.631579
Track02044,reset,mean_duration_ratio,1.13721
Track02045,continuous,n_gt,8690
Track02045,continuous,n_pred,2625
Track02045,continuous,tp_onset,450
Track02045,continuous,tp_offset_ok,445
Track02045,continuous,tp_offset_short,1
Track02045,continuous,tp_offset_long,4
Track02045,continuous,miss_timing_near,1303
Track02045,continuous,miss_same_pitch_far,479
Track02045,continuous,miss_octave,54
Track02045,continuous,miss_program_swap,50
Track02045,continuous,miss_no_candidate,6354
Track02045,continuous,fp_timing,1113
Track02045,continuous,fp_octave,40
Track02045,continuous,fp_program_swap,46
Track02045,continuous,fp_spurious_near,930
Track02045,continuous,fp_spurious_far,46
Track02045,continuous,gt_drum,2577
Track02045,continuous,pred_drum,1048
Track02045,continuous,tp_drum,444
Track02045,continuous,miss_drum,2133
Track02045,continuous,fp_drum,604
Track02045,continuous,tp_pitched,6
Track02045,continuous,tp_pitched_offset_ok,1
Track02045,continuous,tp_pitched_offset_short,1
Track02045,continuous,tp_pitched_offset_long,4
Track02045,continuous,mean_offset_delta_ticks_pitched,12.8333
Track02045,continuous,mean_duration_ratio_pitched,6.37538
Track02045,continuous,precision,0.171429
Track02045,continuous,recall,0.0517837
Track02045,continuous,f1,0.0795404
Track02045,continuous,mean_onset_delta_ticks,2.33333
Track02045,continuous,mean_offset_delta_ticks,0.193333
Track02045,continuous,mean_duration_ratio,0.981975
Track02045,reset,n_gt,8690
Track02045,reset,n_pred,23581
Track02045,reset,tp_onset,1310
Track02045,reset,tp_offset_ok,1025
Track02045,reset,tp_offset_short,274
Track02045,reset,tp_offset_long,11
Track02045,reset,miss_timing_near,1110
Track02045,reset,miss_same_pitch_far,1875
Track02045,reset,miss_octave,109
Track02045,reset,miss_program_swap,42
Track02045,reset,miss_no_candidate,4244
Track02045,reset,fp_timing,17119
Track02045,reset,fp_octave,78
Track02045,reset,fp_program_swap,46
Track02045,reset,fp_spurious_near,4963
Track02045,reset,fp_spurious_far,65
Track02045,reset,gt_drum,2577
Track02045,reset,pred_drum,5163
Track02045,reset,tp_drum,593
Track02045,reset,miss_drum,1984
Track02045,reset,fp_drum,4570
Track02045,reset,tp_pitched,717
Track02045,reset,tp_pitched_offset_ok,432
Track02045,reset,tp_pitched_offset_short,274
Track02045,reset,tp_pitched_offset_long,11
Track02045,reset,mean_offset_delta_ticks_pitched,-11.3319
Track02045,reset,mean_duration_ratio_pitched,0.54033
Track02045,reset,precision,0.0555532
Track02045,reset,recall,0.150748
Track02045,reset,f1,0.0811874
Track02045,reset,mean_onset_delta_ticks,2.2626
Track02045,reset,mean_offset_delta_ticks,-6.32366
Track02045,reset,mean_duration_ratio,0.74265
Track02047,continuous,n_gt,12137
Track02047,continuous,n_pred,3780
Track02047,continuous,tp_onset,703
Track02047,continuous,tp_offset_ok,646
Track02047,continuous,tp_offset_short,11
Track02047,continuous,tp_offset_long,46
Track02047,continuous,miss_timing_near,2670
Track02047,continuous,miss_same_pitch_far,71
Track02047,continuous,miss_octave,5
Track02047,continuous,miss_program_swap,9
Track02047,continuous,miss_no_candidate,8679
Track02047,continuous,fp_timing,1981
Track02047,continuous,fp_octave,0
Track02047,continuous,fp_program_swap,0
Track02047,continuous,fp_spurious_near,1077
Track02047,continuous,fp_spurious_far,19
Track02047,continuous,gt_drum,3563
Track02047,continuous,pred_drum,1590
Track02047,continuous,tp_drum,645
Track02047,continuous,miss_drum,2918
Track02047,continuous,fp_drum,945
Track02047,continuous,tp_pitched,58
Track02047,continuous,tp_pitched_offset_ok,1
Track02047,continuous,tp_pitched_offset_short,11
Track02047,continuous,tp_pitched_offset_long,46
Track02047,continuous,mean_offset_delta_ticks_pitched,-18.0345
Track02047,continuous,mean_duration_ratio_pitched,2.18245
Track02047,continuous,precision,0.185979
Track02047,continuous,recall,0.0579221
Track02047,continuous,f1,0.0883332
Track02047,continuous,mean_onset_delta_ticks,2.72262
Track02047,continuous,mean_offset_delta_ticks,-2.10384
Track02047,continuous,mean_duration_ratio,0.734825
Track02047,reset,n_gt,12137
Track02047,reset,n_pred,33354
Track02047,reset,tp_onset,978
Track02047,reset,tp_offset_ok,915
Track02047,reset,tp_offset_short,56
Track02047,reset,tp_offset_long,7
Track02047,reset,miss_timing_near,1985
Track02047,reset,miss_same_pitch_far,4253
Track02047,reset,miss_octave,75
Track02047,reset,miss_program_swap,38
Track02047,reset,miss_no_candidate,4808
Track02047,reset,fp_timing,12673
Track02047,reset,fp_octave,149
Track02047,reset,fp_program_swap,96
Track02047,reset,fp_spurious_near,19451
Track02047,reset,fp_spurious_far,7
Track02047,reset,gt_drum,3563
Track02047,reset,pred_drum,6404
Track02047,reset,tp_drum,885
Track02047,reset,miss_drum,2678
Track02047,reset,fp_drum,5519
Track02047,reset,tp_pitched,93
Track02047,reset,tp_pitched_offset_ok,30
Track02047,reset,tp_pitched_offset_short,56
Track02047,reset,tp_pitched_offset_long,7
Track02047,reset,mean_offset_delta_ticks_pitched,-36.2151
Track02047,reset,mean_duration_ratio_pitched,0.864393
Track02047,reset,precision,0.0293218
Track02047,reset,recall,0.08058
Track02047,reset,f1,0.0429975
Track02047,reset,mean_onset_delta_ticks,2.25562
Track02047,reset,mean_offset_delta_ticks,-4.62986
Track02047,reset,mean_duration_ratio,0.684655
Track02048,continuous,n_gt,8216
Track02048,continuous,n_pred,1498
Track02048,continuous,tp_onset,43
Track02048,continuous,tp_offset_ok,43
Track02048,continuous,tp_offset_short,0
Track02048,continuous,tp_offset_long,0
Track02048,continuous,miss_timing_near,246
Track02048,continuous,miss_same_pitch_far,50
Track02048,continuous,miss_octave,1
Track02048,continuous,miss_program_swap,2
Track02048,continuous,miss_no_candidate,7874
Track02048,continuous,fp_timing,629
Track02048,continuous,fp_octave,1
Track02048,continuous,fp_program_swap,2
Track02048,continuous,fp_spurious_near,785
Track02048,continuous,fp_spurious_far,38
Track02048,continuous,gt_drum,1319
Track02048,continuous,pred_drum,673
Track02048,continuous,tp_drum,43
Track02048,continuous,miss_drum,1276
Track02048,continuous,fp_drum,630
Track02048,continuous,tp_pitched,0
Track02048,continuous,tp_pitched_offset_ok,0
Track02048,continuous,tp_pitched_offset_short,0
Track02048,continuous,tp_pitched_offset_long,0
Track02048,continuous,mean_offset_delta_ticks_pitched,nan
Track02048,continuous,mean_duration_ratio_pitched,nan
Track02048,continuous,precision,0.0287049
Track02048,continuous,recall,0.00523369
Track02048,continuous,f1,0.0088532
Track02048,continuous,mean_onset_delta_ticks,2.74419
Track02048,continuous,mean_offset_delta_ticks,-0.139535
Track02048,continuous,mean_duration_ratio,0.909091
Track02048,reset,n_gt,8216
Track02048,reset,n_pred,9616
Track02048,reset,tp_onset,95
Track02048,reset,tp_offset_ok,83
Track02048,reset,tp_offset_short,10
Track02048,reset,tp_offset_long,2
Track02048,reset,miss_timing_near,282
Track02048,reset,miss_same_pitch_far,2038
Track02048,reset,miss_octave,27
Track02048,reset,miss_program_swap,9
Track02048,reset,miss_no_candidate,5765
Track02048,reset,fp_timing,4817
Track02048,reset,fp_octave,32
Track02048,reset,fp_program_swap,17
Track02048,reset,fp_spurious_near,4379
Track02048,reset,fp_spurious_far,276
Track02048,reset,gt_drum,1319
Track02048,reset,pred_drum,1928
Track02048,reset,tp_drum,69
Track02048,reset,miss_drum,1250
Track02048,reset,fp_drum,1859
Track02048,reset,tp_pitched,26
Track02048,reset,tp_pitched_offset_ok,14
Track02048,reset,tp_pitched_offset_short,10
Track02048,reset,tp_pitched_offset_long,2
Track02048,reset,mean_offset_delta_ticks_pitched,-9.15385
Track02048,reset,mean_duration_ratio_pitched,0.692632
Track02048,reset,precision,0.00987937
Track02048,reset,recall,0.0115628
Track02048,reset,f1,0.010655
Track02048,reset,mean_onset_delta_ticks,2.13684
Track02048,reset,mean_offset_delta_ticks,-2.37895
Track02048,reset,mean_duration_ratio,0.878558
Track02049,continuous,n_gt,9453
Track02049,continuous,n_pred,26877
Track02049,continuous,tp_onset,1194
Track02049,continuous,tp_offset_ok,1147
Track02049,continuous,tp_offset_short,47
Track02049,continuous,tp_offset_long,0
Track02049,continuous,miss_timing_near,252
Track02049,continuous,miss_same_pitch_far,4
Track02049,continuous,miss_octave,294
Track02049,continuous,miss_program_swap,302
Track02049,continuous,miss_no_candidate,7407
Track02049,continuous,fp_timing,4298
Track02049,continuous,fp_octave,188
Track02049,continuous,fp_program_swap,296
Track02049,continuous,fp_spurious_near,20493
Track02049,continuous,fp_spurious_far,408
Track02049,continuous,gt_drum,2080
Track02049,continuous,pred_drum,8268
Track02049,continuous,tp_drum,1091
Track02049,continuous,miss_drum,989
Track02049,continuous,fp_drum,7177
Track02049,continuous,tp_pitched,103
Track02049,continuous,tp_pitched_offset_ok,56
Track02049,continuous,tp_pitched_offset_short,47
Track02049,continuous,tp_pitched_offset_long,0
Track02049,continuous,mean_offset_delta_ticks_pitched,-9.97087
Track02049,continuous,mean_duration_ratio_pitched,0.480629
Track02049,continuous,precision,0.0444246
Track02049,continuous,recall,0.126309
Track02049,continuous,f1,0.0657308
Track02049,continuous,mean_onset_delta_ticks,2.24623
Track02049,continuous,mean_offset_delta_ticks,-0.948074
Track02049,continuous,mean_duration_ratio,0.967683
Track02049,reset,n_gt,9453
Track02049,reset,n_pred,19977
Track02049,reset,tp_onset,605
Track02049,reset,tp_offset_ok,477
Track02049,reset,tp_offset_short,118
Track02049,reset,tp_offset_long,10
Track02049,reset,miss_timing_near,1058
Track02049,reset,miss_same_pitch_far,3807
Track02049,reset,miss_octave,77
Track02049,reset,miss_program_swap,33
Track02049,reset,miss_no_candidate,3873
Track02049,reset,fp_timing,8181
Track02049,reset,fp_octave,75
Track02049,reset,fp_program_swap,79
Track02049,reset,fp_spurious_near,11037
Track02049,reset,fp_spurious_far,0
Track02049,reset,gt_drum,2080
Track02049,reset,pred_drum,5037
Track02049,reset,tp_drum,422
Track02049,reset,miss_drum,1658
Track02049,reset,fp_drum,4615
Track02049,reset,tp_pitched,183
Track02049,reset,tp_pitched_offset_ok,55
Track02049,reset,tp_pitched_offset_short,118
Track02049,reset,tp_pitched_offset_long,10
Track02049,reset,mean_offset_delta_ticks_pitched,2.38251
Track02049,reset,mean_duration_ratio_pitched,6.55143
Track02049,reset,precision,0.0302848
Track02049,reset,recall,0.0640008
Track02049,reset,f1,0.0411145
Track02049,reset,mean_onset_delta_ticks,2.21653
Track02049,reset,mean_offset_delta_ticks,0.0528926
Track02049,reset,mean_duration_ratio,2.67777
Track02052,continuous,n_gt,5452
Track02052,continuous,n_pred,3553
Track02052,continuous,tp_onset,266
Track02052,continuous,tp_offset_ok,128
Track02052,continuous,tp_offset_short,137
Track02052,continuous,tp_offset_long,1
Track02052,continuous,miss_timing_near,774
Track02052,continuous,miss_same_pitch_far,231
Track02052,continuous,miss_octave,1
Track02052,continuous,miss_program_swap,3
Track02052,continuous,miss_no_candidate,4177
Track02052,continuous,fp_timing,1389
Track02052,continuous,fp_octave,1
Track02052,continuous,fp_program_swap,10
Track02052,continuous,fp_spurious_near,1841
Track02052,continuous,fp_spurious_far,46
Track02052,continuous,gt_drum,1826
Track02052,continuous,pred_drum,2296
Track02052,continuous,tp_drum,264
Track02052,continuous,miss_drum,1562
Track02052,continuous,fp_drum,2032
Track02052,continuous,tp_pitched,2
Track02052,continuous,tp_pitched_offset_ok,0
Track02052,continuous,tp_pitched_offset_short,1
Track02052,continuous,tp_pitched_offset_long,1
Track02052,continuous,mean_offset_delta_ticks_pitched,206.5
Track02052,continuous,mean_duration_ratio_pitched,35.7868
Track02052,continuous,precision,0.0748663
Track02052,continuous,recall,0.0487894
Track02052,continuous,f1,0.0590783
Track02052,continuous,mean_onset_delta_ticks,2.73684
Track02052,continuous,mean_offset_delta_ticks,-8.10526
Track02052,continuous,mean_duration_ratio,0.359817
Track02052,reset,n_gt,5452
Track02052,reset,n_pred,17940
Track02052,reset,tp_onset,367
Track02052,reset,tp_offset_ok,147
Track02052,reset,tp_offset_short,218
Track02052,reset,tp_offset_long,2
Track02052,reset,miss_timing_near,354
Track02052,reset,miss_same_pitch_far,1842
Track02052,reset,miss_octave,20
Track02052,reset,miss_program_swap,21
Track02052,reset,miss_no_candidate,2848
Track02052,reset,fp_timing,10234
Track02052,reset,fp_octave,27
Track02052,reset,fp_program_swap,17
Track02052,reset,fp_spurious_near,7295
Track02052,reset,fp_spurious_far,0
Track02052,reset,gt_drum,1826
Track02052,reset,pred_drum,3933
Track02052,reset,tp_drum,309
Track02052,reset,miss_drum,1517
Track02052,reset,fp_drum,3624
Track02052,reset,tp_pitched,58
Track02052,reset,tp_pitched_offset_ok,10
Track02052,reset,tp_pitched_offset_short,46
Track02052,reset,tp_pitched_offset_long,2
Track02052,reset,mean_offset_delta_ticks_pitched,-44.9828
Track02052,reset,mean_duration_ratio_pitched,0.549412
Track02052,reset,precision,0.0204571
Track02052,reset,recall,0.0673147
Track02052,reset,f1,0.0313782
Track02052,reset,mean_onset_delta_ticks,2.30245
Track02052,reset,mean_offset_delta_ticks,-15.7193
Track02052,reset,mean_duration_ratio,0.17088
Track02053,continuous,n_gt,8157
Track02053,continuous,n_pred,2786
Track02053,continuous,tp_onset,70
Track02053,continuous,tp_offset_ok,70
Track02053,continuous,tp_offset_short,0
Track02053,continuous,tp_offset_long,0
Track02053,continuous,miss_timing_near,641
Track02053,continuous,miss_same_pitch_far,123
Track02053,continuous,miss_octave,4
Track02053,continuous,miss_program_swap,3
Track02053,continuous,miss_no_candidate,7316
Track02053,continuous,fp_timing,1940
Track02053,continuous,fp_octave,0
Track02053,continuous,fp_program_swap,2
Track02053,continuous,fp_spurious_near,756
Track02053,continuous,fp_spurious_far,18
Track02053,continuous,gt_drum,3279
Track02053,continuous,pred_drum,1109
Track02053,continuous,tp_drum,69
Track02053,continuous,miss_drum,3210
Track02053,continuous,fp_drum,1040
Track02053,continuous,tp_pitched,1
Track02053,continuous,tp_pitched_offset_ok,1
Track02053,continuous,tp_pitched_offset_short,0
Track02053,continuous,tp_pitched_offset_long,0
Track02053,continuous,mean_offset_delta_ticks_pitched,-1
Track02053,continuous,mean_duration_ratio_pitched,0.961538
Track02053,continuous,precision,0.0251256
Track02053,continuous,recall,0.00858159
Track02053,continuous,f1,0.0127936
Track02053,continuous,mean_onset_delta_ticks,2.58571
Track02053,continuous,mean_offset_delta_ticks,0.114286
Track02053,continuous,mean_duration_ratio,0.90984
Track02053,reset,n_gt,8157
Track02053,reset,n_pred,17888
Track02053,reset,tp_onset,558
Track02053,reset,tp_offset_ok,530
Track02053,reset,tp_offset_short,27
Track02053,reset,tp_offset_long,1
Track02053,reset,miss_timing_near,726
Track02053,reset,miss_same_pitch_far,3883
Track02053,reset,miss_octave,59
Track02053,reset,miss_program_swap,34
Track02053,reset,miss_no_candidate,2897
Track02053,reset,fp_timing,9198
Track02053,reset,fp_octave,62
Track02053,reset,fp_program_swap,79
Track02053,reset,fp_spurious_near,7861
Track02053,reset,fp_spurious_far,130
Track02053,reset,gt_drum,3279
Track02053,reset,pred_drum,5182
Track02053,reset,tp_drum,494
Track02053,reset,miss_drum,2785
Track02053,reset,fp_drum,4688
Track02053,reset,tp_pitched,64
Track02053,reset,tp_pitched_offset_ok,36
Track02053,reset,tp_pitched_offset_short,27
Track02053,reset,tp_pitched_offset_long,1
Track02053,reset,mean_offset_delta_ticks_pitched,-73.4531
Track02053,reset,mean_duration_ratio_pitched,0.279254
Track02053,reset,precision,0.0311941
Track02053,reset,recall,0.0684075
Track02053,reset,f1,0.0428489
Track02053,reset,mean_onset_delta_ticks,2.49104
Track02053,reset,mean_offset_delta_ticks,-8.5448
Track02053,reset,mean_duration_ratio,0.912609
Track02061,continuous,n_gt,6522
Track02061,continuous,n_pred,7150
Track02061,continuous,tp_onset,41
Track02061,continuous,tp_offset_ok,39
Track02061,continuous,tp_offset_short,2
Track02061,continuous,tp_offset_long,0
Track02061,continuous,miss_timing_near,178
Track02061,continuous,miss_same_pitch_far,1515
Track02061,continuous,miss_octave,6
Track02061,continuous,miss_program_swap,15
Track02061,continuous,miss_no_candidate,4767
Track02061,continuous,fp_timing,1227
Track02061,continuous,fp_octave,2
Track02061,continuous,fp_program_swap,13
Track02061,continuous,fp_spurious_near,3706
Track02061,continuous,fp_spurious_far,2161
Track02061,continuous,gt_drum,837
Track02061,continuous,pred_drum,4981
Track02061,continuous,tp_drum,35
Track02061,continuous,miss_drum,802
Track02061,continuous,fp_drum,4946
Track02061,continuous,tp_pitched,6
Track02061,continuous,tp_pitched_offset_ok,4
Track02061,continuous,tp_pitched_offset_short,2
Track02061,continuous,tp_pitched_offset_long,0
Track02061,continuous,mean_offset_delta_ticks_pitched,-17.8333
Track02061,continuous,mean_duration_ratio_pitched,0.965353
Track02061,continuous,precision,0.00573427
Track02061,continuous,recall,0.00628642
Track02061,continuous,f1,0.00599766
Track02061,continuous,mean_onset_delta_ticks,1.34146
Track02061,continuous,mean_offset_delta_ticks,-4.80488
Track02061,continuous,mean_duration_ratio,0.344061
Track02061,reset,n_gt,6522
Track02061,reset,n_pred,24290
Track02061,reset,tp_onset,193
Track02061,reset,tp_offset_ok,125
Track02061,reset,tp_offset_short,67
Track02061,reset,tp_offset_long,1
Track02061,reset,miss_timing_near,299
Track02061,reset,miss_same_pitch_far,2649
Track02061,reset,miss_octave,43
Track02061,reset,miss_program_swap,22
Track02061,reset,miss_no_candidate,3316
Track02061,reset,fp_timing,10882
Track02061,reset,fp_octave,113
Track02061,reset,fp_program_swap,81
Track02061,reset,fp_spurious_near,12517
Track02061,reset,fp_spurious_far,504
Track02061,reset,gt_drum,837
Track02061,reset,pred_drum,5783
Track02061,reset,tp_drum,109
Track02061,reset,miss_drum,728
Track02061,reset,fp_drum,5674
Track02061,reset,tp_pitched,84
Track02061,reset,tp_pitched_offset_ok,16
Track02061,reset,tp_pitched_offset_short,67
Track02061,reset,tp_pitched_offset_long,1
Track02061,reset,mean_offset_delta_ticks_pitched,-44.2976
Track02061,reset,mean_duration_ratio_pitched,0.584331
Track02061,reset,precision,0.00794566
Track02061,reset,recall,0.0295921
Track02061,reset,f1,0.0125276
Track02061,reset,mean_onset_delta_ticks,2.39896
Track02061,reset,mean_offset_delta_ticks,-21.0415
Track02061,reset,mean_duration_ratio,0.398377
Track02063,continuous,n_gt,5214
Track02063,continuous,n_pred,5738
Track02063,continuous,tp_onset,244
Track02063,continuous,tp_offset_ok,241
Track02063,continuous,tp_offset_short,3
Track02063,continuous,tp_offset_long,0
Track02063,continuous,miss_timing_near,554
Track02063,continuous,miss_same_pitch_far,238
Track02063,continuous,miss_octave,6
Track02063,continuous,miss_program_swap,3
Track02063,continuous,miss_no_candidate,4169
Track02063,continuous,fp_timing,2829
Track02063,continuous,fp_octave,4
Track02063,continuous,fp_program_swap,3
Track02063,continuous,fp_spurious_near,2487
Track02063,continuous,fp_spurious_far,171
Track02063,continuous,gt_drum,1363
Track02063,continuous,pred_drum,3516
Track02063,continuous,tp_drum,240
Track02063,continuous,miss_drum,1123
Track02063,continuous,fp_drum,3276
Track02063,continuous,tp_pitched,4
Track02063,continuous,tp_pitched_offset_ok,1
Track02063,continuous,tp_pitched_offset_short,3
Track02063,continuous,tp_pitched_offset_long,0
Track02063,continuous,mean_offset_delta_ticks_pitched,-73
Track02063,continuous,mean_duration_ratio_pitched,0.245564
Track02063,continuous,precision,0.0425235
Track02063,continuous,recall,0.0467971
Track02063,continuous,f1,0.0445581
Track02063,continuous,mean_onset_delta_ticks,2.77049
Track02063,continuous,mean_offset_delta_ticks,-3.96311
Track02063,continuous,mean_duration_ratio,0.249306
Track02063,reset,n_gt,5214
Track02063,reset,n_pred,33988
Track02063,reset,tp_onset,451
Track02063,reset,tp_offset_ok,418
Track02063,reset,tp_offset_short,33
Track02063,reset,tp_offset_long,0
Track02063,reset,miss_timing_near,330
Track02063,reset,miss_same_pitch_far,1534
Track02063,reset,miss_octave,67
Track02063,reset,miss_program_swap,19
Track02063,reset,miss_no_candidate,2813
Track02063,reset,fp_timing,19646
Track02063,reset,fp_octave,40
Track02063,reset,fp_program_swap,17
Track02063,reset,fp_spurious_near,13322
Track02063,reset,fp_spurious_far,512
Track02063,reset,gt_drum,1363
Track02063,reset,pred_drum,8253
Track02063,reset,tp_drum,413
Track02063,reset,miss_drum,950
Track02063,reset,fp_drum,7840
Track02063,reset,tp_pitched,38
Track02063,reset,tp_pitched_offset_ok,5
Track02063,reset,tp_pitched_offset_short,33
Track02063,reset,tp_pitched_offset_long,0
Track02063,reset,mean_offset_delta_ticks_pitched,-125.316
Track02063,reset,mean_duration_ratio_pitched,0.200006
Track02063,reset,precision,0.0132694
Track02063,reset,recall,0.0864979
Track02063,reset,f1,0.023009
Track02063,reset,mean_onset_delta_ticks,2.43902
Track02063,reset,mean_offset_delta_ticks,-13.2129
Track02063,reset,mean_duration_ratio,0.263904
Track02070,continuous,n_gt,4505
Track02070,continuous,n_pred,2409
Track02070,continuous,tp_onset,66
Track02070,continuous,tp_offset_ok,66
Track02070,continuous,tp_offset_short,0
Track02070,continuous,tp_offset_long,0
Track02070,continuous,miss_timing_near,546
Track02070,continuous,miss_same_pitch_far,15
Track02070,continuous,miss_octave,8
Track02070,continuous,miss_program_swap,6
Track02070,continuous,miss_no_candidate,3864
Track02070,continuous,fp_timing,902
Track02070,continuous,fp_octave,7
Track02070,continuous,fp_program_swap,5
Track02070,continuous,fp_spurious_near,1359
Track02070,continuous,fp_spurious_far,70
Track02070,continuous,gt_drum,1778
Track02070,continuous,pred_drum,968
Track02070,continuous,tp_drum,66
Track02070,continuous,miss_drum,1712
Track02070,continuous,fp_drum,902
Track02070,continuous,tp_pitched,0
Track02070,continuous,tp_pitched_offset_ok,0
Track02070,continuous,tp_pitched_offset_short,0
Track02070,continuous,tp_pitched_offset_long,0
Track02070,continuous,mean_offset_delta_ticks_pitched,nan
Track02070,continuous,mean_duration_ratio_pitched,nan
Track02070,continuous,precision,0.0273973
Track02070,continuous,recall,0.0146504
Track02070,continuous,f1,0.0190917
Track02070,continuous,mean_onset_delta_ticks,2.63636
Track02070,continuous,mean_offset_delta_ticks,-2
Track02070,continuous,mean_duration_ratio,0.362718
Track02070,reset,n_gt,4505
Track02070,reset,n_pred,18189
Track02070,reset,tp_onset,267
Track02070,reset,tp_offset_ok,256
Track02070,reset,tp_offset_short,9
Track02070,reset,tp_offset_long,2
Track02070,reset,miss_timing_near,261
Track02070,reset,miss_same_pitch_far,1705
Track02070,reset,miss_octave,33
Track02070,reset,miss_program_swap,24
Track02070,reset,miss_no_candidate,2215
Track02070,reset,fp_timing,5018
Track02070,reset,fp_octave,26
Track02070,reset,fp_program_swap,72
Track02070,reset,fp_spurious_near,12717
Track02070,reset,fp_spurious_far,89
Track02070,reset,gt_drum,1778
Track02070,reset,pred_drum,4668
Track02070,reset,tp_drum,255
Track02070,reset,miss_drum,1523
Track02070,reset,fp_drum,4413
Track02070,reset,tp_pitched,12
Track02070,reset,tp_pitched_offset_ok,1
Track02070,reset,tp_pitched_offset_short,9
Track02070,reset,tp_pitched_offset_long,2
Track02070,reset,mean_offset_delta_ticks_pitched,22.5833
Track02070,reset,mean_duration_ratio_pitched,2.94191
Track02070,reset,precision,0.0146792
Track02070,reset,recall,0.0592675
Track02070,reset,f1,0.0235304
Track02070,reset,mean_onset_delta_ticks,2.28839
Track02070,reset,mean_offset_delta_ticks,-0.764045
Track02070,reset,mean_duration_ratio,0.521081
Track02074,continuous,n_gt,7597
Track02074,continuous,n_pred,2890
Track02074,continuous,tp_onset,168
Track02074,continuous,tp_offset_ok,168
Track02074,continuous,tp_offset_short,0
Track02074,continuous,tp_offset_long,0
Track02074,continuous,miss_timing_near,793
Track02074,continuous,miss_same_pitch_far,686
Track02074,continuous,miss_octave,13
Track02074,continuous,miss_program_swap,14
Track02074,continuous,miss_no_candidate,5923
Track02074,continuous,fp_timing,432
Track02074,continuous,fp_octave,11
Track02074,continuous,fp_program_swap,14
Track02074,continuous,fp_spurious_near,2260
Track02074,continuous,fp_spurious_far,5
Track02074,continuous,gt_drum,3473
Track02074,continuous,pred_drum,1156
Track02074,continuous,tp_drum,168
Track02074,continuous,miss_drum,3305
Track02074,continuous,fp_drum,988
Track02074,continuous,tp_pitched,0
Track02074,continuous,tp_pitched_offset_ok,0
Track02074,continuous,tp_pitched_offset_short,0
Track02074,continuous,tp_pitched_offset_long,0
Track02074,continuous,mean_offset_delta_ticks_pitched,nan
Track02074,continuous,mean_duration_ratio_pitched,nan
Track02074,continuous,precision,0.0581315
Track02074,continuous,recall,0.022114
Track02074,continuous,f1,0.0320397
Track02074,continuous,mean_onset_delta_ticks,2.69643
Track02074,continuous,mean_offset_delta_ticks,-1.72024
Track02074,continuous,mean_duration_ratio,0.294012
Track02074,reset,n_gt,7597
Track02074,reset,n_pred,26981
Track02074,reset,tp_onset,705
Track02074,reset,tp_offset_ok,680
Track02074,reset,tp_offset_short,23
Track02074,reset,tp_offset_long,2
Track02074,reset,miss_timing_near,644
Track02074,reset,miss_same_pitch_far,4329
Track02074,reset,miss_octave,42
Track02074,reset,miss_program_swap,30
Track02074,reset,miss_no_candidate,1847
Track02074,reset,fp_timing,16903
Track02074,reset,fp_octave,40
Track02074,reset,fp_program_swap,25
Track02074,reset,fp_spurious_near,9278
Track02074,reset,fp_spurious_far,30
Track02074,reset,gt_drum,3473
Track02074,reset,pred_drum,5529
Track02074,reset,tp_drum,660
Track02074,reset,miss_drum,2813
Track02074,reset,fp_drum,4869
Track02074,reset,tp_pitched,45
Track02074,reset,tp_pitched_offset_ok,20
Track02074,reset,tp_pitched_offset_short,23
Track02074,reset,tp_pitched_offset_long,2
Track02074,reset,mean_offset_delta_ticks_pitched,-47.2
Track02074,reset,mean_duration_ratio_pitched,0.467876
Track02074,reset,precision,0.0261295
Track02074,reset,recall,0.0927998
Track02074,reset,f1,0.0407774
Track02074,reset,mean_onset_delta_ticks,2.39716
Track02074,reset,mean_offset_delta_ticks,-5.09078
Track02074,reset,mean_duration_ratio,0.336441
Track02083,continuous,n_gt,3112
Track02083,continuous,n_pred,1954
Track02083,continuous,tp_onset,40
Track02083,continuous,tp_offset_ok,3
Track02083,continuous,tp_offset_short,36
Track02083,continuous,tp_offset_long,1
Track02083,continuous,miss_timing_near,107
Track02083,continuous,miss_same_pitch_far,417
Track02083,continuous,miss_octave,6
Track02083,continuous,miss_program_swap,11
Track02083,continuous,miss_no_candidate,2531
Track02083,continuous,fp_timing,865
Track02083,continuous,fp_octave,2
Track02083,continuous,fp_program_swap,8
Track02083,continuous,fp_spurious_near,972
Track02083,continuous,fp_spurious_far,67
Track02083,continuous,gt_drum,1166
Track02083,continuous,pred_drum,1343
Track02083,continuous,tp_drum,38
Track02083,continuous,miss_drum,1128
Track02083,continuous,fp_drum,1305
Track02083,continuous,tp_pitched,2
Track02083,continuous,tp_pitched_offset_ok,0
Track02083,continuous,tp_pitched_offset_short,1
Track02083,continuous,tp_pitched_offset_long,1
Track02083,continuous,mean_offset_delta_ticks_pitched,225.5
Track02083,continuous,mean_duration_ratio_pitched,14.0267
Track02083,continuous,precision,0.0204708
Track02083,continuous,recall,0.0128535
Track02083,continuous,f1,0.0157916
Track02083,continuous,mean_onset_delta_ticks,2.025
Track02083,continuous,mean_offset_delta_ticks,-10.425
Track02083,continuous,mean_duration_ratio,0.759975
Track02083,reset,n_gt,3112
Track02083,reset,n_pred,11027
Track02083,reset,tp_onset,169
Track02083,reset,tp_offset_ok,71
Track02083,reset,tp_offset_short,95
Track02083,reset,tp_offset_long,3
Track02083,reset,miss_timing_near,280
Track02083,reset,miss_same_pitch_far,1156
Track02083,reset,miss_octave,23
Track02083,reset,miss_program_swap,3
Track02083,reset,miss_no_candidate,1481
Track02083,reset,fp_timing,5362
Track02083,reset,fp_octave,35
Track02083,reset,fp_program_swap,47
Track02083,reset,fp_spurious_near,5330
Track02083,reset,fp_spurious_far,84
Track02083,reset,gt_drum,1166
Track02083,reset,pred_drum,2292
Track02083,reset,tp_drum,126
Track02083,reset,miss_drum,1040
Track02083,reset,fp_drum,2166
Track02083,reset,tp_pitched,43
Track02083,reset,tp_pitched_offset_ok,5
Track02083,reset,tp_pitched_offset_short,35
Track02083,reset,tp_pitched_offset_long,3
Track02083,reset,mean_offset_delta_ticks_pitched,-30.2558
Track02083,reset,mean_duration_ratio_pitched,1.34833
Track02083,reset,precision,0.015326
Track02083,reset,recall,0.0543059
Track02083,reset,f1,0.0239055
Track02083,reset,mean_onset_delta_ticks,2.21893
Track02083,reset,mean_offset_delta_ticks,-15.2485
Track02083,reset,mean_duration_ratio,0.410873
Track02086,continuous,n_gt,6299
Track02086,continuous,n_pred,8017
Track02086,continuous,tp_onset,523
Track02086,continuous,tp_offset_ok,471
Track02086,continuous,tp_offset_short,52
Track02086,continuous,tp_offset_long,0
Track02086,continuous,miss_timing_near,598
Track02086,continuous,miss_same_pitch_far,310
Track02086,continuous,miss_octave,12
Track02086,continuous,miss_program_swap,13
Track02086,continuous,miss_no_candidate,4843
Track02086,continuous,fp_timing,882
Track02086,continuous,fp_octave,13
Track02086,continuous,fp_program_swap,14
Track02086,continuous,fp_spurious_near,6431
Track02086,continuous,fp_spurious_far,154
Track02086,continuous,gt_drum,3183
Track02086,continuous,pred_drum,2786
Track02086,continuous,tp_drum,523
Track02086,continuous,miss_drum,2660
Track02086,continuous,fp_drum,2263
Track02086,continuous,tp_pitched,0
Track02086,continuous,tp_pitched_offset_ok,0
Track02086,continuous,tp_pitched_offset_short,0
Track02086,continuous,tp_pitched_offset_long,0
Track02086,continuous,mean_offset_delta_ticks_pitched,nan
Track02086,continuous,mean_duration_ratio_pitched,nan
Track02086,continuous,precision,0.0652364
Track02086,continuous,recall,0.0830291
Track02086,continuous,f1,0.0730651
Track02086,continuous,mean_onset_delta_ticks,2.70172
Track02086,continuous,mean_offset_delta_ticks,-5.85851
Track02086,continuous,mean_duration_ratio,0.155822
Track02086,reset,n_gt,6299
Track02086,reset,n_pred,15605
Track02086,reset,tp_onset,698
Track02086,reset,tp_offset_ok,579
Track02086,reset,tp_offset_short,106
Track02086,reset,tp_offset_long,13
Track02086,reset,miss_timing_near,1301
Track02086,reset,miss_same_pitch_far,3389
Track02086,reset,miss_octave,15
Track02086,reset,miss_program_swap,7
Track02086,reset,miss_no_candidate,889
Track02086,reset,fp_timing,5538
Track02086,reset,fp_octave,49
Track02086,reset,fp_program_swap,24
Track02086,reset,fp_spurious_near,9287
Track02086,reset,fp_spurious_far,9
Track02086,reset,gt_drum,3183
Track02086,reset,pred_drum,4122
Track02086,reset,tp_drum,568
Track02086,reset,miss_drum,2615
Track02086,reset,fp_drum,3554
Track02086,reset,tp_pitched,130
Track02086,reset,tp_pitched_offset_ok,57
Track02086,reset,tp_pitched_offset_short,60
Track02086,reset,tp_pitched_offset_long,13
Track02086,reset,mean_offset_delta_ticks_pitched,-4.83846
Track02086,reset,mean_duration_ratio_pitched,0.863537
Track02086,reset,precision,0.0447293
Track02086,reset,recall,0.110811
Track02086,reset,f1,0.0637327
Track02086,reset,mean_onset_delta_ticks,2.51003
Track02086,reset,mean_offset_delta_ticks,-5.52292
Track02086,reset,mean_duration_ratio,0.287726
Track02087,continuous,n_gt,4167
Track02087,continuous,n_pred,1478
Track02087,continuous,tp_onset,85
Track02087,continuous,tp_offset_ok,0
Track02087,continuous,tp_offset_short,85
Track02087,continuous,tp_offset_long,0
Track02087,continuous,miss_timing_near,345
Track02087,continuous,miss_same_pitch_far,559
Track02087,continuous,miss_octave,40
Track02087,continuous,miss_program_swap,11
Track02087,continuous,miss_no_candidate,3127
Track02087,continuous,fp_timing,944
Track02087,continuous,fp_octave,9
Track02087,continuous,fp_program_swap,35
Track02087,continuous,fp_spurious_near,402
Track02087,continuous,fp_spurious_far,3
Track02087,continuous,gt_drum,884
Track02087,continuous,pred_drum,667
Track02087,continuous,tp_drum,85
Track02087,continuous,miss_drum,799
Track02087,continuous,fp_drum,582
Track02087,continuous,tp_pitched,0
Track02087,continuous,tp_pitched_offset_ok,0
Track02087,continuous,tp_pitched_offset_short,0
Track02087,continuous,tp_pitched_offset_long,0
Track02087,continuous,mean_offset_delta_ticks_pitched,nan
Track02087,continuous,mean_duration_ratio_pitched,nan
Track02087,continuous,precision,0.0575101
Track02087,continuous,recall,0.0203984
Track02087,continuous,f1,0.0301151
Track02087,continuous,mean_onset_delta_ticks,0
Track02087,continuous,mean_offset_delta_ticks,-31
Track02087,continuous,mean_duration_ratio,0.0295041
Track02087,reset,n_gt,4167
Track02087,reset,n_pred,7792
Track02087,reset,tp_onset,288
Track02087,reset,tp_offset_ok,4
Track02087,reset,tp_offset_short,284
Track02087,reset,tp_offset_long,0
Track02087,reset,miss_timing_near,379
Track02087,reset,miss_same_pitch_far,1534
Track02087,reset,miss_octave,44
Track02087,reset,miss_program_swap,7
Track02087,reset,miss_no_candidate,1915
Track02087,reset,fp_timing,3827
Track02087,reset,fp_octave,23
Track02087,reset,fp_program_swap,48
Track02087,reset,fp_spurious_near,3577
Track02087,reset,fp_spurious_far,29
Track02087,reset,gt_drum,884
Track02087,reset,pred_drum,1807
Track02087,reset,tp_drum,219
Track02087,reset,miss_drum,665
Track02087,reset,fp_drum,1588
Track02087,reset,tp_pitched,69
Track02087,reset,tp_pitched_offset_ok,4
Track02087,reset,tp_pitched_offset_short,65
Track02087,reset,tp_pitched_offset_long,0
Track02087,reset,mean_offset_delta_ticks_pitched,-27.2899
Track02087,reset,mean_duration_ratio_pitched,0.257303
Track02087,reset,precision,0.036961
Track02087,reset,recall,0.0691145
Track02087,reset,f1,0.0481646
Track02087,reset,mean_onset_delta_ticks,1.86806
Track02087,reset,mean_offset_delta_ticks,-34.9028
Track02087,reset,mean_duration_ratio,0.0819321
Track02088,continuous,n_gt,5578
Track02088,continuous,n_pred,2296
Track02088,continuous,tp_onset,92
Track02088,continuous,tp_offset_ok,72
Track02088,continuous,tp_offset_short,18
Track02088,continuous,tp_offset_long,2
Track02088,continuous,miss_timing_near,476
Track02088,continuous,miss_same_pitch_far,677
Track02088,continuous,miss_octave,11
Track02088,continuous,miss_program_swap,8
Track02088,continuous,miss_no_candidate,4314
Track02088,continuous,fp_timing,1998
Track02088,continuous,fp_octave,1
Track02088,continuous,fp_program_swap,1
Track02088,continuous,fp_spurious_near,204
Track02088,continuous,fp_spurious_far,0
Track02088,continuous,gt_drum,1687
Track02088,continuous,pred_drum,1053
Track02088,continuous,tp_drum,72
Track02088,continuous,miss_drum,1615
Track02088,continuous,fp_drum,981
Track02088,continuous,tp_pitched,20
Track02088,continuous,tp_pitched_offset_ok,0
Track02088,continuous,tp_pitched_offset_short,18
Track02088,continuous,tp_pitched_offset_long,2
Track02088,continuous,mean_offset_delta_ticks_pitched,-62.5
Track02088,continuous,mean_duration_ratio_pitched,1.02417
Track02088,continuous,precision,0.0400697
Track02088,continuous,recall,0.0164934
Track02088,continuous,f1,0.023368
Track02088,continuous,mean_onset_delta_ticks,2.43478
Track02088,continuous,mean_offset_delta_ticks,-14.8587
Track02088,continuous,mean_duration_ratio,0.500148
Track02088,reset,n_gt,5578
Track02088,reset,n_pred,15862
Track02088,reset,tp_onset,291
Track02088,reset,tp_offset_ok,253
Track02088,reset,tp_offset_short,34
Track02088,reset,tp_offset_long,4
Track02088,reset,miss_timing_near,243
Track02088,reset,miss_same_pitch_far,1731
Track02088,reset,miss_octave,20
Track02088,reset,miss_program_swap,8
Track02088,reset,miss_no_candidate,3285
Track02088,reset,fp_timing,7752
Track02088,reset,fp_octave,22
Track02088,reset,fp_program_swap,6
Track02088,reset,fp_spurious_near,7741
Track02088,reset,fp_spurious_far,50
Track02088,reset,gt_drum,1687
Track02088,reset,pred_drum,3509
Track02088,reset,tp_drum,235
Track02088,reset,miss_drum,1452
Track02088,reset,fp_drum,3274
Track02088,reset,tp_pitched,56
Track02088,reset,tp_pitched_offset_ok,18
Track02088,reset,tp_pitched_offset_short,34
Track02088,reset,tp_pitched_offset_long,4
Track02088,reset,mean_offset_delta_ticks_pitched,-54.3393
Track02088,reset,mean_duration_ratio_pitched,2.69882
Track02088,reset,precision,0.0183457
Track02088,reset,recall,0.0521692
Track02088,reset,f1,0.0271455
Track02088,reset,mean_onset_delta_ticks,2.33677
Track02088,reset,mean_offset_delta_ticks,-11.9863
Track02088,reset,mean_duration_ratio,0.820829
Track02092,continuous,n_gt,5197
Track02092,continuous,n_pred,13578
Track02092,continuous,tp_onset,340
Track02092,continuous,tp_offset_ok,59
Track02092,continuous,tp_offset_short,281
Track02092,continuous,tp_offset_long,0
Track02092,continuous,miss_timing_near,183
Track02092,continuous,miss_same_pitch_far,468
Track02092,continuous,miss_octave,66
Track02092,continuous,miss_program_swap,64
Track02092,continuous,miss_no_candidate,4076
Track02092,continuous,fp_timing,5956
Track02092,continuous,fp_octave,43
Track02092,continuous,fp_program_swap,93
Track02092,continuous,fp_spurious_near,7001
Track02092,continuous,fp_spurious_far,145
Track02092,continuous,gt_drum,1419
Track02092,continuous,pred_drum,2443
Track02092,continuous,tp_drum,0
Track02092,continuous,miss_drum,1419
Track02092,continuous,fp_drum,2443
Track02092,continuous,tp_pitched,340
Track02092,continuous,tp_pitched_offset_ok,59
Track02092,continuous,tp_pitched_offset_short,281
Track02092,continuous,tp_pitched_offset_long,0
Track02092,continuous,mean_offset_delta_ticks_pitched,-28.2412
Track02092,continuous,mean_duration_ratio_pitched,0.433633
Track02092,continuous,precision,0.0250405
Track02092,continuous,recall,0.0654224
Track02092,continuous,f1,0.0362184
Track02092,continuous,mean_onset_delta_ticks,2.27059
Track02092,continuous,mean_offset_delta_ticks,-28.2412
Track02092,continuous,mean_duration_ratio,0.433633
Track02092,reset,n_gt,5197
Track02092,reset,n_pred,20905
Track02092,reset,tp_onset,188
Track02092,reset,tp_offset_ok,183
Track02092,reset,tp_offset_short,5
Track02092,reset,tp_offset_long,0
Track02092,reset,miss_timing_near,189
Track02092,reset,miss_same_pitch_far,1797
Track02092,reset,miss_octave,85
Track02092,reset,miss_program_swap,24
Track02092,reset,miss_no_candidate,2914
Track02092,reset,fp_timing,2205
Track02092,reset,fp_octave,111
Track02092,reset,fp_program_swap,131
Track02092,reset,fp_spurious_near,18223
Track02092,reset,fp_spurious_far,47
Track02092,reset,gt_drum,1419
Track02092,reset,pred_drum,4664
Track02092,reset,tp_drum,184
Track02092,reset,miss_drum,1235
Track02092,reset,fp_drum,4480
Track02092,reset,tp_pitched,4
Track02092,reset,tp_pitched_offset_ok,0
Track02092,reset,tp_pitched_offset_short,4
Track02092,reset,tp_pitched_offset_long,0
Track02092,reset,mean_offset_delta_ticks_pitched,-34.75
Track02092,reset,mean_duration_ratio_pitched,0.266216
Track02092,reset,precision,0.00899306
Track02092,reset,recall,0.0361747
Track02092,reset,f1,0.014405
Track02092,reset,mean_onset_delta_ticks,2.39894
Track02092,reset,mean_offset_delta_ticks,-3.51064
Track02092,reset,mean_duration_ratio,0.286995
Track02098,continuous,n_gt,929
Track02098,continuous,n_pred,3613
Track02098,continuous,tp_onset,97
Track02098,continuous,tp_offset_ok,1
Track02098,continuous,tp_offset_short,96
Track02098,continuous,tp_offset_long,0
Track02098,continuous,miss_timing_near,126
Track02098,continuous,miss_same_pitch_far,63
Track02098,continuous,miss_octave,0
Track02098,continuous,miss_program_swap,1
Track02098,continuous,miss_no_candidate,642
Track02098,continuous,fp_timing,626
Track02098,continuous,fp_octave,0
Track02098,continuous,fp_program_swap,0
Track02098,continuous,fp_spurious_near,2844
Track02098,continuous,fp_spurious_far,46
Track02098,continuous,gt_drum,299
Track02098,continuous,pred_drum,1876
Track02098,continuous,tp_drum,95
Track02098,continuous,miss_drum,204
Track02098,continuous,fp_drum,1781
Track02098,continuous,tp_pitched,2
Track02098,continuous,tp_pitched_offset_ok,1
Track02098,continuous,tp_pitched_offset_short,1
Track02098,continuous,tp_pitched_offset_long,0
Track02098,continuous,mean_offset_delta_ticks_pitched,-5.5
Track02098,continuous,mean_duration_ratio_pitched,0.676136
Track02098,continuous,precision,0.0268475
Track02098,continuous,recall,0.104413
Track02098,continuous,f1,0.0427125
Track02098,continuous,mean_onset_delta_ticks,2.8866
Track02098,continuous,mean_offset_delta_ticks,-24.268
Track02098,continuous,mean_duration_ratio,0.0543287
Track02098,reset,n_gt,929
Track02098,reset,n_pred,4416
Track02098,reset,tp_onset,118
Track02098,reset,tp_offset_ok,0
Track02098,reset,tp_offset_short,118
Track02098,reset,tp_offset_long,0
Track02098,reset,miss_timing_near,106
Track02098,reset,miss_same_pitch_far,226
Track02098,reset,miss_octave,3
Track02098,reset,miss_program_swap,5
Track02098,reset,miss_no_candidate,471
Track02098,reset,fp_timing,1279
Track02098,reset,fp_octave,0
Track02098,reset,fp_program_swap,3
Track02098,reset,fp_spurious_near,2948
Track02098,reset,fp_spurious_far,68
Track02098,reset,gt_drum,299
Track02098,reset,pred_drum,1506
Track02098,reset,tp_drum,108
Track02098,reset,miss_drum,191
Track02098,reset,fp_drum,1398
Track02098,reset,tp_pitched,10
Track02098,reset,tp_pitched_offset_ok,0
Track02098,reset,tp_pitched_offset_short,10
Track02098,reset,tp_pitched_offset_long,0
Track02098,reset,mean_offset_delta_ticks_pitched,-52.5
Track02098,reset,mean_duration_ratio_pitched,0.239015
Track02098,reset,precision,0.026721
Track02098,reset,recall,0.127018
Track02098,reset,f1,0.0441534
Track02098,reset,mean_onset_delta_ticks,2.26271
Track02098,reset,mean_offset_delta_ticks,-25.6525
Track02098,reset,mean_duration_ratio,0.0585717
