step,loss,acc,gnorm,lr,n_tok
1,7.361490249633789,0.0009970089886337519,516.0,5.999999999999999e-06,2006
2,6.910719871520996,0.04479917511343956,490.0,1.194e-05,1942
3,6.302030563354492,0.17700454592704773,424.0,1.7879999999999998e-05,1983
4,5.815075874328613,0.1555740386247635,304.0,2.382e-05,1202
5,5.144464492797852,0.17928571999073029,196.0,2.9759999999999996e-05,1400
6,4.869743347167969,0.19346939027309418,157.0,3.57e-05,1225
7,5.130570888519287,0.15203426778316498,123.0,4.163999999999999e-05,1401
8,4.926564693450928,0.17831753194332123,98.5,4.7579999999999995e-05,1688
9,4.522109031677246,0.23151908814907074,86.5,5.351999999999999e-05,1231
10,5.054720878601074,0.15793529152870178,83.0,5.945999999999999e-05,1298
11,4.410307884216309,0.21741510927677155,52.5,6.539999999999999e-05,1826
12,4.599579811096191,0.20285262167453766,55.0,7.133999999999999e-05,1262
13,4.832382678985596,0.18736842274665833,94.5,7.727999999999999e-05,475
14,4.380307674407959,0.1949085146188736,53.75,8.321999999999999e-05,1257
15,3.969749927520752,0.2556776702404022,37.25,8.916e-05,1365
16,4.000594615936279,0.2503346800804138,39.25,9.51e-05,1494
17,4.19014835357666,0.20194464921951294,42.5,0.00010103999999999998,1337
18,4.677680492401123,0.17447306215763092,34.5,0.00010697999999999998,1708
19,4.55277156829834,0.1963076889514923,29.5,0.00011292,1625
20,3.9003400802612305,0.2589820325374603,26.125,0.00011885999999999998,1336
21,4.020804405212402,0.2359723299741745,27.5,0.0001248,1301
22,3.7564010620117188,0.2690476179122925,33.5,0.00013073999999999998,1260
23,4.284162521362305,0.21884199976921082,23.125,0.00013668,2038
24,3.923511028289795,0.26925525069236755,18.25,0.00014261999999999999,1571
25,3.4318976402282715,0.3229018449783325,21.375,0.00014855999999999997,1406
26,3.8922221660614014,0.2600334584712982,26.0,0.0001545,1196
27,4.336969375610352,0.1696721315383911,37.0,0.00016043999999999997,1220
28,3.795609474182129,0.28487804532051086,22.25,0.00016638,2050
29,3.856328010559082,0.24632568657398224,19.25,0.00017232,1701
30,3.5672779083251953,0.272972971200943,25.5,0.00017826,740
31,3.56524658203125,0.2819623351097107,18.25,0.00018419999999999998,2018
32,3.607797861099243,0.27251070737838745,17.5,0.00019014,2099
33,3.2379038333892822,0.30927833914756775,23.75,0.00019607999999999998,1067
34,3.6582887172698975,0.23024830222129822,23.0,0.00020202,1329
35,3.20249342918396,0.2869257926940918,18.625,0.00020795999999999995,1415
36,3.5231943130493164,0.24452555179595947,18.125,0.00021389999999999997,1096
37,3.2527050971984863,0.2974714934825897,22.875,0.00021983999999999998,2017
38,3.3371071815490723,0.2820945978164673,14.6875,0.00022578,1184
39,3.285226583480835,0.2916666567325592,12.625,0.00023171999999999998,1248
40,3.0411670207977295,0.318276584148407,14.0625,0.00023765999999999997,1439
41,2.947017192840576,0.33814433217048645,12.0625,0.00024359999999999999,1455
42,2.8654017448425293,0.3741758167743683,10.5,0.00024953999999999997,1820
43,3.1725687980651855,0.28169935941696167,15.0625,0.00025548,1530
44,2.6152045726776123,0.41370105743408203,13.25,0.00026142,1124
45,3.001293182373047,0.3140161633491516,14.8125,0.00026736,1484
46,2.674372434616089,0.39631107449531555,12.375,0.0002733,2006
47,3.047799587249756,0.2871917188167572,15.25,0.00027924,1257
48,2.823762893676758,0.36112433671951294,11.625,0.00028517999999999995,2099
49,2.686479330062866,0.3980432450771332,9.5625,0.00029111999999999996,1942
50,2.6707041263580322,0.3444444537162781,12.1875,0.00029706,1530
51,2.3504626750946045,0.48233562707901,8.875,0.000303,2038
52,2.462939500808716,0.43381258845329285,8.3125,0.00030894,2017
53,2.5286808013916016,0.42037472128868103,9.8125,0.0003148799999999999,1708
54,2.0642459392547607,0.527336835861206,11.625,0.0003208199999999999,1701
55,2.5314671993255615,0.3904682397842407,12.125,0.00032675999999999994,1196
56,2.3837831020355225,0.41885244846343994,12.125,0.00033269999999999996,1220
57,2.486238956451416,0.40463724732398987,11.0,0.00033863999999999997,1337
58,2.553605079650879,0.3842034935951233,16.125,0.00034458,1494
59,2.039419651031494,0.5262869596481323,10.0,0.00035052,1826
60,2.320505142211914,0.43297380208969116,12.5,0.00035645999999999996,1298
61,1.961668610572815,0.5317145586013794,9.3125,0.00036239999999999997,2018
62,1.9241286516189575,0.5292096138000488,11.125,0.00036834,1455
63,2.1720333099365234,0.4660956561565399,10.0,0.00037428,1401
64,2.0549819469451904,0.49326348304748535,9.5625,0.0003802199999999999,1336
65,1.745258092880249,0.5785714387893677,8.6875,0.0003861599999999999,1260
66,1.8785096406936646,0.5469076037406921,9.375,0.00039209999999999994,1439
67,2.0044350624084473,0.500792384147644,10.625,0.00039803999999999995,1262
68,1.9222501516342163,0.5380476713180542,8.6875,0.00040397999999999996,1301
69,2.251235008239746,0.42455482482910156,14.625,0.0004099199999999999,1067
70,1.831322193145752,0.598700225353241,8.375,0.00041586,1231
71,2.2380223274230957,0.4214743673801422,11.5,0.00042179999999999995,1248
72,1.9260135889053345,0.538269579410553,7.75,0.00042774,1202
73,1.7006794214248657,0.581850528717041,7.8125,0.00043368,1124
74,1.791386365890503,0.5510988831520081,10.875,0.00043962,1820
75,1.9023301601409912,0.5278048515319824,10.0,0.00044556,2050
76,1.7982217073440552,0.5116629004478455,10.1875,0.00045149999999999997,1329
77,1.3395971059799194,0.681587815284729,8.3125,0.00045743999999999993,1184
78,1.191449761390686,0.7201465368270874,7.40625,0.00046338,1365
79,1.9686269760131836,0.47304582595825195,10.0625,0.00046931999999999996,1484
80,1.9758549928665161,0.45428571105003357,10.25,0.0004752599999999999,1400
81,2.1452183723449707,0.4736842215061188,13.5,0.0004812,475
82,1.6835107803344727,0.5728834867477417,7.3125,0.00048713999999999995,1571
83,1.6179050207138062,0.5766153931617737,6.8125,0.0004930799999999999,1625
84,1.1157608032226562,0.7198905348777771,7.21875,0.00049902,1096
85,1.0166693925857544,0.7657142877578735,6.28125,0.0005049599999999999,1225
86,1.7547922134399414,0.5256045460700989,10.0,0.0005109,1406
87,1.720762014389038,0.5100710988044739,7.25,0.00051684,1688
88,1.646632432937622,0.5406360626220703,8.4375,0.0005227799999999999,1415
89,1.3232715129852295,0.6527026891708374,9.3125,0.00052872,740
90,1.7944650650024414,0.5027735829353333,9.5625,0.00053466,1983
91,1.1461466550827026,0.6917591094970703,7.8125,0.0005405999999999999,1262
92,1.017601490020752,0.7327376008033752,6.75,0.00054654,1231
93,1.0561597347259521,0.7190635204315186,6.96875,0.0005524799999999999,1196
94,1.3397172689437866,0.6418057084083557,5.84375,0.0005584199999999999,2038
95,1.2429536581039429,0.6529209613800049,6.59375,0.00056436,1455
96,0.7425299882888794,0.8252911567687988,5.375,0.0005702999999999999,1202
97,1.332228660583496,0.6469994783401489,6.28125,0.0005762399999999999,1983
98,0.896045446395874,0.8042105436325073,8.3125,0.00058218,475
99,1.2277449369430542,0.6717897653579712,7.65625,0.0005881199999999999,2017
100,1.8341654539108276,0.4901639223098755,8.875,0.00059406,1220
101,1.1674566268920898,0.6791519522666931,5.9375,0.0006,1415
102,0.5801342725753784,0.8783783912658691,6.625,0.0005999999042888513,740
103,1.117505669593811,0.6869391798973083,6.09375,0.0005999996171554676,2006
104,1.073406457901001,0.6928571462631226,6.15625,0.000599999138600035,1260
105,1.0348749160766602,0.7128082513809204,4.8125,0.0005999984686228642,1257
106,0.9550928473472595,0.7467789649963379,4.9375,0.0005999976072243898,2018
107,0.8540913462638855,0.7769230604171753,5.28125,0.0005999965544051709,1820
108,0.9229001998901367,0.7508896589279175,6.375,0.0005999953101658905,1124
109,0.5994403958320618,0.8616304993629456,5.15625,0.000599993874507356,1337
110,1.1837501525878906,0.6439089775085449,7.21875,0.0005999922474304992,1494
111,0.8119353652000427,0.7801691293716431,5.6875,0.0005999904289363757,1301
112,0.6990149021148682,0.8207142949104309,4.53125,0.0005999884190261654,1400
113,0.8316434025764465,0.7672155499458313,5.84375,0.0005999862177011728,1336
114,0.8824655413627625,0.7466307282447815,5.15625,0.000599983824962826,1484
115,0.6241164803504944,0.8417582511901855,4.375,0.0005999812408126778,1365
116,0.5631746053695679,0.8653061389923096,4.0625,0.0005999784652524051,1225
117,0.5173519253730774,0.8781630992889404,4.46875,0.0005999754982838087,1067
118,0.69576096534729,0.8214285969734192,4.78125,0.000599972339908814,1708
119,1.204323649406433,0.6493604183197021,6.46875,0.0005999689901294706,1329
120,0.6766828894615173,0.8112874627113342,5.1875,0.0005999654489479518,1701
121,0.7817658185958862,0.779197096824646,4.9375,0.0005999617163665555,1096
122,0.8040056824684143,0.7863414883613586,4.84375,0.0005999577923877038,2050
123,0.6556208729743958,0.8349928855895996,4.75,0.0005999536770139429,1406
124,0.43237707018852234,0.9070945978164673,4.0625,0.0005999493702479434,1184
125,0.40922731161117554,0.9132307767868042,3.890625,0.0005999448720924997,1625
126,0.7472717761993408,0.7896919250488281,4.28125,0.0005999401825505307,1688
127,0.561475396156311,0.864417552947998,3.875,0.0005999353016250794,1571
128,0.6755126714706421,0.8187294602394104,4.625,0.0005999302293193128,1826
129,0.9342819452285767,0.7189542651176453,5.1875,0.0005999249656365225,1530
130,0.4554841220378876,0.8907923102378845,3.484375,0.0005999195105801239,1401
131,0.32848432660102844,0.9302884340286255,3.5,0.0005999138641536568,1248
132,0.4871669113636017,0.8610146045684814,3.890625,0.0005999080263607852,1439
133,0.6220142245292664,0.8356360197067261,4.46875,0.0005999019972052969,2099
134,0.44127553701400757,0.8967642784118652,4.21875,0.0005998957766911045,1298
135,0.4574110507965088,0.8800206184387207,3.796875,0.0005998893648222441,1942
136,0.3814460039138794,0.9030100107192993,4.5,0.0005998827616028763,1196
137,0.4188443124294281,0.8965791463851929,3.890625,0.0005998759670372862,1257
138,0.48049870133399963,0.8738783597946167,3.90625,0.0005998689811298825,2006
139,0.2964736223220825,0.9493219256401062,3.390625,0.0005998618038851982,1401
140,0.36962246894836426,0.9191868901252747,2.703125,0.0005998544353078907,2017
141,0.22283972799777985,0.9624099135398865,2.53125,0.0005998468754027413,1942
142,0.19413916766643524,0.972305417060852,2.21875,0.0005998391241746556,1336
143,0.332437127828598,0.9247554540634155,4.34375,0.0005998311816286632,1329
144,0.36336421966552734,0.9062271118164062,3.859375,0.000599823047769918,1365
145,0.27799883484840393,0.9373015761375427,4.0625,0.0005998147226036979,1260
146,0.21532821655273438,0.969943106174469,2.46875,0.0005998062061354051,1231
147,0.4052552580833435,0.908820629119873,4.125,0.0005997974983705658,2018
148,0.32943442463874817,0.9281045794487,3.0,0.0005997885993148304,1530
149,0.24946142733097076,0.9468784332275391,2.78125,0.0005997795089739734,1826
150,0.22521035373210907,0.9477550983428955,3.0625,0.0005997702273538932,1225
151,0.2770581543445587,0.9332770109176636,3.609375,0.000599760754460613,1184
152,0.32450857758522034,0.9225067496299744,4.21875,0.0005997510903002792,1484
153,0.1087900772690773,0.9895833134651184,1.6484375,0.0005997412348791632,1248
154,0.08918779343366623,0.9875208139419556,1.5625,0.0005997311882036596,1202
155,0.30407285690307617,0.9180487990379333,3.171875,0.0005997209502802879,2050
156,0.4216744899749756,0.88453608751297,4.21875,0.0005997105211156914,1455
157,0.24190841615200043,0.9556227922439575,2.78125,0.0005996999007166374,1983
158,0.22703860700130463,0.9417670965194702,2.984375,0.0005996890890900172,1494
159,0.2034764587879181,0.9552919864654541,3.109375,0.0005996780862428466,1096
160,0.30631041526794434,0.9137769341468811,4.28125,0.000599666892182265,1067
161,0.4532206952571869,0.8836065530776978,4.21875,0.0005996555069155363,1220
162,0.22155609726905823,0.9392774701118469,3.890625,0.0005996439304500481,1301
163,0.24406960606575012,0.9446212649345398,3.21875,0.0005996321627933125,1571
164,0.1818380057811737,0.9685966372489929,2.0625,0.000599620203952965,2038
165,0.14249350130558014,0.9673384428024292,2.34375,0.0005996080539367659,1439
166,0.1592908352613449,0.9630156755447388,2.65625,0.0005995957127525992,1406
167,0.3702425956726074,0.8999999761581421,5.15625,0.0005995831804084729,740
168,0.2148873507976532,0.9472527503967285,2.90625,0.0005995704569125189,1820
169,0.23221276700496674,0.9406779408454895,3.15625,0.0005995575422729937,1298
170,0.10433140397071838,0.9835391044616699,1.484375,0.0005995444364982771,1701
171,0.2521614730358124,0.9265017509460449,3.171875,0.0005995311395968736,1415
172,0.2517535984516144,0.9391100406646729,2.921875,0.0005995176515774112,1708
173,0.15162792801856995,0.9745699167251587,1.9296875,0.0005995039724486423,1337
174,0.1920059323310852,0.9609338045120239,2.203125,0.0005994901022194431,2099
175,0.13915187120437622,0.970714271068573,2.25,0.0005994760408988138,1400
176,0.19170911610126495,0.9528470039367676,3.09375,0.0005994617884958786,1124
177,0.14623238146305084,0.9710769057273865,2.078125,0.0005994473450198857,1625
178,0.4255915582180023,0.8947368264198303,6.625,0.0005994327104802074,475
179,0.17113055288791656,0.9627575278282166,2.71875,0.0005994178848863401,1262
180,0.1806645691394806,0.9603080749511719,2.546875,0.0005994028682479034,1688
181,0.09072795510292053,0.991706132888794,1.1328125,0.000599387660574642,1688
182,0.17977508902549744,0.9582903981208801,2.421875,0.0005993722618764238,1942
183,0.19159312546253204,0.9515873193740845,3.4375,0.0005993566721632408,1260
184,0.13111910223960876,0.9766153693199158,2.15625,0.000599340891445209,1625
185,0.11354035139083862,0.9788851141929626,2.21875,0.0005993249197325682,1184
186,0.06864559650421143,0.9875444769859314,1.625,0.0005993087570356826,1124
187,0.2038601189851761,0.9468562602996826,3.484375,0.0005992924033650398,1336
188,0.10798042267560959,0.9771662950515747,1.8046875,0.0005992758587312515,1708
189,0.11254040151834488,0.9770206212997437,2.078125,0.0005992591231450534,1262
190,0.15149247646331787,0.9634489417076111,2.625,0.0005992421966173051,1067
191,0.08851438015699387,0.9891892075538635,1.5703125,0.0005992250791589898,740
192,0.21197034418582916,0.9423210620880127,3.0,0.000599207770781215,1439
193,0.1854807585477829,0.946516215801239,2.671875,0.000599190271495212,2038
194,0.14668583869934082,0.9602227807044983,2.703125,0.0005991725813123359,1257
195,0.1695452630519867,0.9576923251152039,2.6875,0.0005991547002440654,1820
196,0.1427241861820221,0.9707916975021362,2.5,0.0005991366283020035,1301
197,0.15211182832717896,0.9611780643463135,2.46875,0.0005991183654978769,1494
198,0.19756974279880524,0.942307710647583,3.234375,0.0005990999118435362,1248
199,0.13787022233009338,0.9683859944343567,2.359375,0.0005990812673509557,1202
200,0.20429560542106628,0.9481605291366577,3.109375,0.0005990624320322335,1196
201,0.27258744835853577,0.9218675494194031,2.96875,0.0005990434058995919,2099
202,0.122530996799469,0.9685941934585571,2.140625,0.0005990241889653765,2006
203,0.11572908610105515,0.970802903175354,2.046875,0.000599004781242057,1096
204,0.3302101194858551,0.9044394493103027,3.734375,0.0005989851827422271,1329
205,0.18797478079795837,0.9493219256401062,2.828125,0.0005989653934786037,1401
206,0.13049058616161346,0.970714271068573,2.1875,0.000598945413464028,1400
207,0.08753355592489243,0.9813014268875122,1.8828125,0.000598925242711465,1337
208,0.12877489626407623,0.9657142758369446,2.359375,0.0005989048812340029,1225
209,0.18552757799625397,0.9489593505859375,2.703125,0.0005988843290448543,2018
210,0.1277010142803192,0.9642611742019653,2.34375,0.0005988635861573553,1455
211,0.10207965224981308,0.9823499917984009,1.4765625,0.0005988426525849657,1983
212,0.5625481009483337,0.8377048969268799,5.3125,0.000598821528341269,1220
213,0.10334479063749313,0.976097583770752,1.5859375,0.0005988002134399725,2050
214,0.1463167518377304,0.9647058844566345,1.796875,0.0005987787078949073,1530
215,0.1330638825893402,0.9654983282089233,1.90625,0.000598757011720028,1826
216,0.09349508583545685,0.980267345905304,1.796875,0.0005987351249294131,1571
217,0.07712042331695557,0.9853621125221252,1.6484375,0.0005987130475372647,1298
218,0.13745896518230438,0.9669811129570007,2.0,0.0005986907795579085,1484
219,0.10122734308242798,0.9748172163963318,1.9140625,0.0005986683210057941,1231
220,0.09703908115625381,0.9795053005218506,1.734375,0.0005986456718954944,1415
221,0.07658585906028748,0.9871976971626282,1.515625,0.0005986228322417063,1406
222,0.26103532314300537,0.917894721031189,5.0,0.0005985998020592502,475
223,0.05817136541008949,0.9890109896659851,1.40625,0.0005985765813630701,1365
224,0.1297798752784729,0.9688418507575989,2.296875,0.0005985531701682336,1701
225,0.10156166553497314,0.9742191433906555,1.671875,0.0005985295684899321,2017
226,0.02742975763976574,0.9975041747093201,0.66796875,0.0005985057763434803,1202
227,0.08423744887113571,0.9793814420700073,1.9296875,0.0005984817937443169,1067
228,0.045168615877628326,0.9945017099380493,0.93359375,0.0005984576207080039,1455
229,0.10065101832151413,0.9786477088928223,1.96875,0.0005984332572502268,1124
230,0.13249921798706055,0.966303288936615,2.25,0.0005984087033867947,2018
231,0.06491166353225708,0.9851895570755005,1.34375,0.0005983839591336405,1688
232,0.27779534459114075,0.9262295365333557,3.421875,0.0005983590245068205,1220
233,0.06088539958000183,0.985785961151123,1.34375,0.0005983338995225145,1196
234,0.06454859673976898,0.9831081032752991,1.5703125,0.0005983085841970257,1184
235,0.04068554937839508,0.9923558235168457,1.09375,0.0005982830785467811,1439
236,0.027979958802461624,0.9943135380744934,1.046875,0.0005982573825883309,1231
237,0.17349669337272644,0.9563491940498352,2.59375,0.0005982314963383489,1260
238,0.07281268388032913,0.9812583923339844,1.7578125,0.0005982054198136326,1494
239,0.05043835937976837,0.9890109896659851,1.15625,0.0005981791530311028,1365
240,0.03389238193631172,0.9943910241127014,0.99609375,0.0005981526960078034,1248
241,0.11106232553720474,0.9732025861740112,1.8671875,0.0005981260487609023,1530
242,0.16402162611484528,0.9625293016433716,2.078125,0.0005980992113076906,1708
243,0.11058871448040009,0.9743040800094604,2.03125,0.0005980721836655828,1401
244,0.12356708943843842,0.9662162065505981,2.96875,0.0005980449658521169,740
245,0.14081768691539764,0.9618077874183655,2.015625,0.0005980175578849541,1571
246,0.07339604198932648,0.9864285588264465,1.1875,0.0005979899597818793,1400
247,0.0693638026714325,0.9815384745597839,1.46875,0.0005979621715608006,1625
248,0.0526655912399292,0.9886202216148376,1.4765625,0.0005979341932397494,1406
249,0.1918107122182846,0.9609338045120239,2.09375,0.0005979060248368805,2099
250,0.20748171210289001,0.9451645016670227,2.25,0.0005978776663704722,2006
251,0.07022897899150848,0.9871266484260559,1.1796875,0.0005978491178589258,1942
252,0.1374121755361557,0.9661399722099304,2.4375,0.0005978203793207663,1329
253,0.05506370589137077,0.9912195205688477,1.171875,0.0005977914507746418,2050
254,0.049579229205846786,0.9906593561172485,1.0,0.0005977623322393238,1820
255,0.06776393204927444,0.9818059206008911,1.625,0.0005977330237337067,1484
256,0.06273328512907028,0.9881011247634888,1.078125,0.0005977035252768086,2017
257,0.07450565695762634,0.9872262477874756,1.5859375,0.0005976738368877708,1096
258,0.09236253052949905,0.9714285731315613,2.03125,0.000597643958585858,1225
259,0.07581684738397598,0.9788359999656677,1.7421875,0.0005976138903904574,1701
260,0.09198377281427383,0.9782934188842773,1.9921875,0.0005975836323210803,1336
261,0.06264901906251907,0.9862610697746277,1.15625,0.0005975531843973608,2038
262,0.09050058573484421,0.9790576100349426,1.6328125,0.000597522546639056,1337
263,0.03237362578511238,0.9971731305122375,0.84375,0.0005974917190660466,1415
264,0.07708735764026642,0.9792467355728149,1.7109375,0.0005974607016983362,1301
265,0.09202916920185089,0.974281370639801,1.6484375,0.0005974294945560517,1983
266,0.18063661456108093,0.9494736790657043,3.921875,0.0005973980976594431,475
267,0.07209614664316177,0.9830508232116699,1.4921875,0.0005973665110288834,1298
268,0.03722768649458885,0.9920760989189148,1.0859375,0.0005973347346848689,1262
269,0.07376539707183838,0.9819276928901672,1.3515625,0.0005973027686480189,1826
270,0.09276209771633148,0.9745425581932068,1.796875,0.0005972706129390758,1257
271,0.09360434859991074,0.9720314145088196,1.875,0.000597238267578905,2038
272,0.0362800769507885,0.9902767539024353,1.0703125,0.0005972057325884954,1337
273,0.08233965188264847,0.9828178882598877,1.6953125,0.0005971730079889581,1455
274,0.06453070044517517,0.9832664132118225,1.4921875,0.0005971400938015281,1494
275,0.039058465510606766,0.991428554058075,1.171875,0.000597106990047563,1400
276,0.11505072563886642,0.9705263376235962,3.5,0.0005970736967485433,475
277,0.03510226681828499,0.9910884499549866,0.95703125,0.0005970402139260729,1571
278,0.09884059429168701,0.9740802645683289,2.125,0.0005970065416018782,1196
279,0.04848427325487137,0.9892683029174805,1.1015625,0.000596972679797809,2050
280,0.03433144465088844,0.9950549602508545,0.70703125,0.0005969386285358378,1820
281,0.043116599321365356,0.9888623952865601,1.3203125,0.0005969043878380599,1257
282,0.03557584434747696,0.9923574328422546,1.0625,0.0005968699577266942,1701
283,0.1172049269080162,0.9695945978164673,2.21875,0.0005968353382240814,1184
284,0.04590846598148346,0.988095223903656,1.2265625,0.0005968005293526862,1260
285,0.07782316207885742,0.9795918464660645,1.6953125,0.0005967655311350956,1225
286,0.05289594456553459,0.9840674996376038,1.40625,0.0005967303435940194,1067
287,0.020222431048750877,0.9986486434936523,0.5390625,0.0005966949667522905,740
288,0.12274595350027084,0.9668720960617065,2.234375,0.0005966594006328647,1298
289,0.2619381844997406,0.9245901703834534,3.28125,0.0005966236452588202,1220
290,0.1260426789522171,0.9628344774246216,1.9375,0.0005965877006533583,2018
291,0.09152525663375854,0.9726177453994751,1.6171875,0.0005965515668398034,1826
292,0.04266475886106491,0.9907692074775696,0.97265625,0.000596515243841602,1625
293,0.07797524333000183,0.9793004989624023,1.6484375,0.0005964787316823238,1401
294,0.039198968559503555,0.9938066005706787,0.828125,0.0005964420303856611,2099
295,0.041368916630744934,0.991465151309967,1.1171875,0.0005964051399754291,1406
296,0.1139398068189621,0.9684857726097107,2.046875,0.0005963680604755655,1301
297,0.034375496208667755,0.9944405555725098,0.77734375,0.0005963307919101308,1439
298,0.06840033084154129,0.9815705418586731,1.4609375,0.0005962933343033083,1248
299,0.03943071886897087,0.9909228682518005,1.0234375,0.0005962556876794034,1983
300,0.03583022579550743,0.9908127188682556,0.921875,0.000596217852062845,1415
301,0.052038490772247314,0.986522912979126,1.28125,0.0005961798274781842,1484
302,0.017753276973962784,0.9982435703277588,0.4296875,0.0005961416139500947,1708
303,0.04180270433425903,0.992514967918396,1.0234375,0.0005961032115033725,1336
304,0.04783570021390915,0.9841930270195007,1.421875,0.000596064620162937,1202
305,0.08933325856924057,0.9745762944221497,1.46875,0.0005960258399538296,2006
306,0.08056250959634781,0.9714738726615906,1.796875,0.0005959868709012141,1262
307,0.032150059938430786,0.9946619272232056,0.87109375,0.0005959477130303774,1124
308,0.06342389434576035,0.9850669503211975,1.1953125,0.0005959083663667284,1942
309,0.05854467675089836,0.9875457882881165,1.4296875,0.0005958688309357988,1365
310,0.06079018488526344,0.9836390614509583,1.21875,0.0005958291067632429,2017
311,0.019473664462566376,0.9972627758979797,0.7890625,0.000595789193874837,1096
312,0.06223949417471886,0.9826937317848206,1.4921875,0.0005957490922964802,1329
313,0.04392555356025696,0.9861900806427002,1.3203125,0.000595708802054194,1231
314,0.06787240505218506,0.9816993474960327,1.34375,0.0005956683231741224,1530
315,0.053843289613723755,0.9887440800666809,1.1484375,0.0005956276556825316,1688
316,0.017588332295417786,0.9966722130775452,0.58984375,0.0005955867996058103,1202
317,0.06338585168123245,0.9850448369979858,1.1796875,0.0005955457549704697,2006
318,0.08781153708696365,0.9746031761169434,1.78125,0.0005955045218031431,1260
319,0.06023125350475311,0.9845013618469238,1.421875,0.0005954631001305862,1484
320,0.03807444125413895,0.9888758659362793,0.8828125,0.0005954214899796771,1708
321,0.04678688943386078,0.9884437322616577,1.2265625,0.0005953796913774162,1298
322,0.029906509444117546,0.9964454770088196,0.83203125,0.0005953377043509263,1688
323,0.0384543314576149,0.9914245009422302,0.89453125,0.0005952955289274521,2099
324,0.14685486257076263,0.9631147384643555,2.375,0.0005952531651343608,1220
325,0.030012352392077446,0.9919678568840027,0.96875,0.0005952106129991421,1494
326,0.016249358654022217,0.9965295195579529,0.4453125,0.0005951678725494073,2017
327,0.018201051279902458,0.9971550703048706,0.609375,0.0005951249438128903,1406
328,0.04699241742491722,0.9865370392799377,1.1796875,0.000595081826817447,1337
329,0.06029932573437691,0.9881565570831299,0.96484375,0.0005950385215910557,1942
330,0.019244875758886337,0.9954614043235779,0.640625,0.0005949950281618168,1983
331,0.01675880141556263,0.9980178475379944,0.458984375,0.0005949513465579524,2018
332,0.025600304827094078,0.9965652823448181,0.55078125,0.0005949074768078072,2038
333,0.08182352781295776,0.9809825420379639,1.3359375,0.0005948634189398478,1262
334,0.07148893177509308,0.9807692170143127,1.71875,0.0005948191729826628,1248
335,0.02072232961654663,0.9959183931350708,0.85546875,0.0005947747389649631,1225
336,0.053395677357912064,0.9884615540504456,1.046875,0.0005947301169155813,1820
337,0.051339708268642426,0.985029935836792,1.40625,0.0005946853068634721,1336
338,0.05021846666932106,0.9893993139266968,1.125,0.0005946403088377124,1415
339,0.06571519374847412,0.9864559769630432,1.3046875,0.0005945951228675009,1329
340,0.04925065487623215,0.9881756901741028,1.40625,0.0005945497489821581,1184
341,0.04499147832393646,0.9843902587890625,1.2265625,0.000594504187211127,2050
342,0.06307871639728546,0.9845653772354126,1.359375,0.0005944584375839717,1231
343,0.07704649120569229,0.981702446937561,1.765625,0.000594412500130379,1257
344,0.050595443695783615,0.9871520400047302,1.2421875,0.000594366374880157,1401
345,0.05387872830033302,0.9870769381523132,1.09375,0.0005943200618632361,1625
346,0.03410676121711731,0.9910884499549866,0.9765625,0.0005942735611096679,1571
347,0.11250350624322891,0.9675675630569458,2.46875,0.0005942268726496267,740
348,0.04796595498919487,0.9874041676521301,1.1015625,0.0005941799965134078,1826
349,0.07115128636360168,0.9854065179824829,1.46875,0.0005941329327314289,1439
350,0.06367214769124985,0.9852631688117981,1.859375,0.0005940856813342289,475
351,0.027147989720106125,0.9938144087791443,0.9296875,0.0005940382423524689,1455
352,0.045265719294548035,0.989051103591919,1.078125,0.0005939906158169315,1096
353,0.0385911799967289,0.9893238544464111,1.296875,0.0005939428017585209,1124
354,0.05079181492328644,0.9874581694602966,1.453125,0.0005938948002082633,1196
355,0.037542954087257385,0.9923136234283447,0.86328125,0.0005938466111973064,1301
356,0.016852954402565956,0.9962511658668518,0.59765625,0.0005937982347569195,1067
357,0.1150178462266922,0.9718953967094421,1.6328125,0.0005937496709184934,1530
358,0.04369601979851723,0.9882783889770508,1.1640625,0.0005937009197135407,1365
359,0.057047974318265915,0.9871428608894348,1.296875,0.0005936519811736957,1400
360,0.0522795133292675,0.9858906269073486,1.296875,0.0005936028553307138,1701
361,0.0095954155549407,0.9983752965927124,0.291015625,0.0005935535422164726,1231
362,0.056092675775289536,0.9886202216148376,1.0546875,0.0005935040418629705,1406
363,0.05028088390827179,0.9880329370498657,1.4140625,0.000593454354302328,1337
364,0.03848790004849434,0.9885444641113281,1.03125,0.0005934044795667866,1484
365,0.052615243941545486,0.9863842725753784,1.0546875,0.0005933544176887096,1983
366,0.046345096081495285,0.989047110080719,0.97265625,0.0005933041687005815,1826
367,0.061576660722494125,0.9863781929016113,1.1953125,0.0005932537326350085,1248
368,0.019884783774614334,0.9952380657196045,0.765625,0.0005932031095247179,1260
369,0.04579772800207138,0.9861325025558472,1.3203125,0.0005931522994025584,1298
370,0.043852172791957855,0.9902162551879883,0.8828125,0.0005931013023015004,1942
371,0.018762219697237015,0.9958193898200989,0.7265625,0.0005930501182546352,1196
372,0.009728025645017624,0.9985714554786682,0.392578125,0.0005929987472951755,1400
373,0.04731659218668938,0.9895209670066833,1.15625,0.0005929471894564554,1336
374,0.009310107678174973,0.9987269043922424,0.32421875,0.0005928954447719304,1571
375,0.028530478477478027,0.9919999837875366,0.9296875,0.0005928435132751768,1625
376,0.06441781669855118,0.9825523495674133,1.203125,0.0005927913949998926,2006
377,0.019178418442606926,0.9980487823486328,0.37890625,0.0005927390899798967,2050
378,0.026011569425463676,0.994549036026001,0.5625,0.0005926865982491292,2018
379,0.030335891991853714,0.9896907210350037,1.140625,0.0005926339198416514,1067
380,0.017021983861923218,0.9976133704185486,0.66796875,0.0005925810547916458,1257
381,0.026847252622246742,0.9950549602508545,0.67578125,0.0005925280031334162,1820
382,0.04110230505466461,0.9898648858070374,1.1484375,0.0005924747649013869,1184
383,0.015591957606375217,0.9970605373382568,0.53515625,0.0005924213401301035,1701
384,0.02363569661974907,0.9964664578437805,0.62890625,0.0005923677288542333,1415
385,0.07058209925889969,0.9891892075538635,1.8125,0.0005923139311085635,740
386,0.025151124224066734,0.9945255517959595,1.125,0.0005922599469280034,1096
387,0.05168861523270607,0.9852744340896606,1.3359375,0.0005922057763475822,1494
388,0.04709605127573013,0.9882783889770508,1.2109375,0.000592151419402451,1365
389,0.03471827507019043,0.9900468587875366,0.9609375,0.0005920968761278813,1708
390,0.04058465361595154,0.9920760989189148,0.86328125,0.0005920421465592657,1262
391,0.04208878427743912,0.9909706711769104,0.9609375,0.0005919872307321174,1329
392,0.02782871201634407,0.9911032319068909,0.84765625,0.000591932128682071,1124
393,0.06807675212621689,0.9866603016853333,1.0859375,0.0005918768404448814,2099
394,0.053927287459373474,0.9872424006462097,1.0390625,0.0005918213660564247,2038
395,0.09671169519424438,0.97295081615448,1.6796875,0.0005917657055526975,1220
396,0.0246067363768816,0.995853066444397,0.66015625,0.0005917098589698173,1688
397,0.02289711683988571,0.9954248070716858,0.6328125,0.0005916538263440224,1530
398,0.04313507676124573,0.9862542748451233,1.0625,0.0005915976077116718,1455
399,0.02461925335228443,0.9933444261550903,0.734375,0.0005915412031092451,1202
400,0.01546371728181839,0.9972202777862549,0.59375,0.0005914846125733426,1439
401,0.011763990856707096,0.9976940751075745,0.5234375,0.0005914278361406853,1301
402,0.015590736642479897,0.9967346787452698,0.65625,0.0005913708738481149,1225
403,0.1163148507475853,0.9621052742004395,3.34375,0.0005913137257325934,475
404,0.049834977835416794,0.9842969179153442,1.1640625,0.0005912563918312038,1401
405,0.05829029530286789,0.9866138100624084,1.203125,0.0005911988721811494,2017
406,0.04759807884693146,0.9863414764404297,1.0625,0.0005911411668197541,2050
407,0.016406776383519173,0.9970089793205261,0.3984375,0.0005910832757844622,2006
408,0.04675991088151932,0.9882352948188782,1.0234375,0.0005910251991128385,1530
409,0.016076695173978806,0.9955838918685913,0.51953125,0.0005909669368425686,2038
410,0.020416265353560448,0.9953145980834961,0.7421875,0.0005909084890114581,1494
411,0.018669258803129196,0.997802197933197,0.498046875,0.000590849855657433,1820
412,0.043282315135002136,0.9874581694602966,1.3671875,0.0005907910368185401,1196
413,0.019506540149450302,0.9967141151428223,0.5078125,0.000590732032532946,1826
414,0.05055295303463936,0.9902135133743286,1.0390625,0.0005906728428389384,1124
415,0.021895145997405052,0.9935759902000427,0.88671875,0.0005906134677749245,1401
416,0.0322880819439888,0.9945945739746094,0.99609375,0.0005905539073794322,740
417,0.05200990289449692,0.9883077144622803,1.015625,0.0005904941616911096,1625
418,0.009908809326589108,0.9977545142173767,0.43359375,0.000590434230748725,1336
419,0.024552803486585617,0.9942830204963684,0.75,0.000590374114591167,2099
420,0.008512323722243309,0.9990627765655518,0.490234375,0.0005903138132574443,1067
421,0.033785197883844376,0.9911816716194153,0.94140625,0.0005902533267866859,1701
422,0.04598570615053177,0.9877551198005676,1.1875,0.0005901926552181406,1225
423,0.06343430280685425,0.9834500551223755,1.53125,0.0005901317985911777,1571
424,0.03385718911886215,0.9935579895973206,0.7734375,0.0005900707569452862,2018
425,0.042467150837183,0.9889065027236938,1.1796875,0.0005900095303200757,1262
426,0.013934087008237839,0.9973045587539673,0.62109375,0.000589948118755275,1484
427,0.022520340979099274,0.9938144087791443,0.79296875,0.0005898865222907339,1455
428,0.042098261415958405,0.9936842322349548,1.1796875,0.0005898247409664213,475
429,0.02571083977818489,0.9932432174682617,1.0859375,0.0005897627748224267,1184
430,0.016500817611813545,0.9967948794364929,0.71484375,0.0005897006238989592,1248
431,0.055159248411655426,0.9864559769630432,1.3359375,0.0005896382882363476,1329
432,0.037692468613386154,0.9893314242362976,1.265625,0.0005895757678750412,1406
433,0.02612210251390934,0.995135486125946,0.78515625,0.0005895130628556085,1439
434,0.017514489591121674,0.9963503479957581,0.71484375,0.0005894501732187382,1096
435,0.037552230060100555,0.9882903695106506,0.9609375,0.0005893870990052389,1708
436,0.048864468932151794,0.9850000143051147,1.4296875,0.0005893238402560385,1400
437,0.0327422171831131,0.9920445680618286,0.91015625,0.000589260397012185,1257
438,0.04460716247558594,0.9875208139419556,1.1484375,0.0005891967693148461,1202
439,0.0325988233089447,0.9930662512779236,0.921875,0.0005891329572053091,1298
440,0.03342821076512337,0.9948717951774597,0.67578125,0.0005890689607249809,1365
441,0.01398085243999958,0.9976940751075745,0.474609375,0.0005890047799153881,1301
442,0.0647730752825737,0.9801685810089111,1.21875,0.0005889404148181771,2017
443,0.03580474108457565,0.9908127188682556,1.1328125,0.0005888758654751137,1415
444,0.028789445757865906,0.9955123662948608,0.85546875,0.0005888111319280831,1337
445,0.0906292125582695,0.9795082211494446,1.609375,0.0005887462142190903,1220
446,0.039197251200675964,0.9912461638450623,0.8984375,0.0005886811123902596,1942
447,0.039876025170087814,0.9914271235466003,0.82421875,0.000588615826483835,1983
448,0.02028835192322731,0.9944444298744202,0.75390625,0.0005885503565421799,1260
449,0.021273717284202576,0.995938241481781,0.6953125,0.0005884847026077768,1231
450,0.02799873985350132,0.9934834241867065,0.734375,0.0005884188647232279,1688
451,0.02551911771297455,0.9936131238937378,0.9140625,0.0005883528429312547,1096
452,0.016637487336993217,0.9957597255706787,0.69921875,0.0005882866372746981,1415
453,0.014916602522134781,0.9958402514457703,0.71875,0.0005882202477965182,1202
454,0.011374471709132195,0.998504102230072,0.3359375,0.0005881536745397943,1337
455,0.012444810941815376,0.9989047050476074,0.4375,0.0005880869175477251,1826
456,0.025746766477823257,0.995235800743103,0.5703125,0.0005880199768636287,2099
457,0.06334749609231949,0.9786885380744934,1.4921875,0.000587952852530942,1220
458,0.031041612848639488,0.9923986196517944,1.125,0.0005878855445932211,1184
459,0.05215751379728317,0.9858906269073486,1.0,0.0005878180530941416,1701
460,0.041905514895915985,0.9882943034172058,1.1171875,0.0005877503780774982,1196
461,0.016518710181117058,0.9976940751075745,0.53515625,0.000587682519587204,1301
462,0.010380656458437443,0.9985347986221313,0.58984375,0.0005876144776672919,1365
463,0.02074551209807396,0.9935579895973206,0.625,0.0005875462523619136,2018
464,0.0193223487585783,0.9959839582443237,0.640625,0.0005874778437153397,1494
465,0.014246974140405655,0.9964311122894287,0.53515625,0.0005874092517719597,1401
466,0.04873032867908478,0.9895604252815247,1.0859375,0.0005873404765762824,1820
467,0.004465138074010611,1.0,0.16015625,0.0005872715181729352,1406
468,0.050959452986717224,0.9872424006462097,1.0,0.0005872023766066645,2038
469,0.008914100006222725,1.0,0.1630859375,0.0005871330519223353,2050
470,0.05825010687112808,0.9797297120094299,1.8125,0.000587063544164932,740
471,0.023890387266874313,0.9942711591720581,0.8359375,0.000586993853379557,1571
472,0.02486971765756607,0.9936356544494629,0.95703125,0.0005869239796114322,1257
473,0.05308877304196358,0.9845916628837585,1.2578125,0.0005868539229058977,1298
474,0.02560751512646675,0.9934694170951843,0.90625,0.0005867836833084128,1225
475,0.03942129388451576,0.9912399053573608,0.9375,0.0005867132608645551,1484
476,0.023115305230021477,0.9969230890274048,0.609375,0.0005866426556200209,1625
477,0.026771679520606995,0.9928571581840515,0.92578125,0.0005865718676206252,1260
478,0.045843467116355896,0.9893364906311035,0.9921875,0.0005865008969123016,1688
479,0.026048479601740837,0.9935012459754944,0.97265625,0.0005864297435411022,1231
480,0.0200211089104414,0.9923558235168457,0.94921875,0.0005863584075531977,1439
481,0.027451040223240852,0.9937722682952881,1.0234375,0.0005862868889948772,1124
482,0.013102462515234947,0.9979381561279297,0.4296875,0.0005862151879125482,1455
483,0.031963493674993515,0.993228018283844,0.828125,0.0005861433043527369,1329
484,0.05256884545087814,0.9860967993736267,1.109375,0.0005860712383620878,1942
485,0.02261664904654026,0.9955134391784668,0.640625,0.0005859989899873637,2006
486,0.02893885225057602,0.9935547709465027,0.76953125,0.0005859265592754458,2017
487,0.023234520107507706,0.9944528341293335,0.62109375,0.0005858539462733335,1983
488,0.02708025835454464,0.996038019657135,0.84765625,0.0005857811510281446,1262
489,0.055323388427495956,0.9831578731536865,1.9296875,0.0005857081735871152,475
490,0.026573745533823967,0.993559718132019,0.61328125,0.0005856350139975996,1708
491,0.04128212854266167,0.9880239367485046,1.1484375,0.0005855616723070702,1336
492,0.037149831652641296,0.9906279444694519,1.1875,0.0005854881485631176,1067
493,0.02670893445611,0.991428554058075,1.0,0.0005854144428134508,1400
494,0.04764299467206001,0.98562091588974,1.1875,0.0005853405551058964,1530
495,0.030875636264681816,0.9959936141967773,0.9140625,0.0005852664854883993,1248
496,0.045714184641838074,0.9862637519836426,1.078125,0.0005851922340090227,1820
497,0.032097212970256805,0.9912698268890381,0.83203125,0.0005851178007159473,1260
498,0.013614672236144543,0.9986928105354309,0.484375,0.0005850431856574724,1530
499,0.02087189070880413,0.9971731305122375,0.60546875,0.0005849683888820146,1415
500,0.01256618369370699,0.9977426528930664,0.56640625,0.0005848934104381089,1329
501,0.023757850751280785,0.9950035810470581,0.7421875,0.0005848182503744079,1401
502,0.025371486321091652,0.9964413046836853,0.8203125,0.0005847429087396821,1124
503,0.0461357906460762,0.9838274717330933,1.1328125,0.00058466738558282,1484
504,0.013252466917037964,0.9970059990882874,0.609375,0.0005845916809528277,1336
505,0.0044441232457757,1.0,0.435546875,0.0005845157948988291,1337
506,0.04175567626953125,0.9897435903549194,0.91015625,0.0005844397274700658,1365
507,0.024050746113061905,0.995938241481781,0.6640625,0.0005843634787158973,1231
508,0.04424454644322395,0.9915651082992554,1.234375,0.0005842870486858005,1067
509,0.042861443012952805,0.9896907210350037,0.89453125,0.0005842104374293698,1455
510,0.024745354428887367,0.9941211342811584,0.68359375,0.0005841336449963177,1701
511,0.03338330611586571,0.9902439117431641,0.78125,0.0005840566714364738,2050
512,0.04852848872542381,0.9896988868713379,1.0703125,0.0005839795167997856,1262
513,0.043315399438142776,0.9880895614624023,1.0859375,0.0005839021811363177,2099
514,0.038830582052469254,0.9895384907722473,0.91015625,0.0005838246644962524,1625
515,0.009601879864931107,0.9989914298057556,0.16015625,0.0005837469669298897,1983
516,0.07860174030065536,0.980327844619751,1.2734375,0.0005836690884876463,1220
517,0.01883150264620781,0.9965295195579529,0.486328125,0.0005835910292200568,2017
518,0.027156589552760124,0.9926398396492004,0.828125,0.0005835127891777732,2038
519,0.027865292504429817,0.9923558235168457,0.83203125,0.0005834343684115644,1439
520,0.02409990504384041,0.9953774809837341,0.640625,0.0005833557669723168,1298
521,0.08694075793027878,0.9810526371002197,2.09375,0.0005832769849110341,475
522,0.015322983264923096,0.9961568117141724,0.51953125,0.0005831980222788371,1301
523,0.040312692523002625,0.9866130948066711,1.078125,0.0005831188791269639,1494
524,0.014014448039233685,0.9970725774765015,0.51171875,0.0005830395555067694,1708
525,0.025355178862810135,0.9958193898200989,0.69140625,0.000582960051469726,1196
526,0.02492266520857811,0.9943910241127014,0.85546875,0.0005828803670674231,1248
527,0.005883868783712387,1.0,0.28515625,0.0005828005023515668,740
528,0.020541304722428322,0.9949324131011963,1.015625,0.0005827204573739805,1184
529,0.018224462866783142,0.9961807727813721,0.6875,0.0005826402321866046,1571
530,0.017534790560603142,0.9960222840309143,0.498046875,0.0005825598268414965,1257
531,0.03772459179162979,0.989047110080719,0.88671875,0.00058247924139083,1826
532,0.004862258210778236,0.9992856979370117,0.22265625,0.0005823984758868963,1400
533,0.010612928308546543,0.9975510239601135,0.6015625,0.0005823175303821034,1225
534,0.015075553208589554,0.9950445890426636,0.58203125,0.0005822364049289757,2018
535,0.02984849363565445,0.9900299310684204,0.8515625,0.0005821550995801549,2006
536,0.00491076847538352,0.9994850754737854,0.26953125,0.0005820736143883989,1942
537,0.01317597460001707,0.9963503479957581,0.76953125,0.0005819919494065827,1096
538,0.022959668189287186,0.9946682453155518,0.68359375,0.0005819101046876978,1688
539,0.019844114780426025,0.9958402514457703,0.6796875,0.0005818280802848524,1202
540,0.015804488211870193,0.9971550703048706,0.59765625,0.000581745876251271,1406
541,0.015225375071167946,0.996257483959198,0.458984375,0.0005816634926402953,1336
542,0.00919393077492714,0.9984552264213562,0.322265625,0.0005815809295053828,1942
543,0.010686914436519146,0.9959183931350708,0.6796875,0.0005814981869001079,1225
544,0.02230515144765377,0.9953881502151489,0.74609375,0.0005814152648781615,1301
545,0.019239358603954315,0.9944405555725098,0.79296875,0.0005813321634933506,1439
546,0.016424693167209625,0.9955401420593262,0.53515625,0.0005812488827995991,2018
547,0.011042071506381035,0.9966650605201721,0.462890625,0.0005811654228509466,2099
548,0.01839330792427063,0.9920760989189148,0.8359375,0.0005810817837015495,1262
549,0.021073922514915466,0.9936842322349548,1.5703125,0.0005809979654056804,475
550,0.025122078135609627,0.9950529932975769,0.71875,0.000580913968017728,1415
551,0.018778497353196144,0.9965652823448181,0.57421875,0.0005808297915921972,2038
552,0.010912864468991756,0.9975961446762085,0.49609375,0.0005807454361837095,1248
553,0.02846650779247284,0.9923076629638672,0.78515625,0.0005806609018470018,1820
554,0.018591418862342834,0.995938241481781,0.81640625,0.0005805761886369278,1231
555,0.019655365496873856,0.9943100810050964,0.84375,0.0005804912966084568,1406
556,0.04621234908699989,0.9879608750343323,1.2265625,0.0005804062258166745,1329
557,0.04332621768116951,0.9916387796401978,1.109375,0.0005803209763167822,1196
558,0.005447814241051674,1.0,0.2216796875,0.0005802355481640976,1494
559,0.01314712967723608,0.9970725774765015,0.66796875,0.0005801499414140539,1708
560,0.02413363941013813,0.9955442547798157,0.50390625,0.0005800641561222004,1571
561,0.022651497274637222,0.9919928908348083,0.8671875,0.0005799781923442024,1124
562,0.010978857055306435,0.9972627758979797,0.52734375,0.0005798920501358408,1096
563,0.07603978365659714,0.980327844619751,1.34375,0.0005798057295530124,1220
564,0.02312110736966133,0.9951890110969543,0.80859375,0.0005797192306517295,1455
565,0.016858849674463272,0.9952267408370972,0.72265625,0.0005796325534881204,1257
566,0.017370281741023064,0.998039186000824,0.482421875,0.0005795456981184291,1530
567,0.011692001484334469,0.9969183206558228,0.5,0.0005794586645990149,1298
568,0.02082676813006401,0.9945235252380371,0.6328125,0.000579371452986353,1826
569,0.011254977434873581,0.9985714554786682,0.427734375,0.0005792840633370342,1400
570,0.04023078456521034,0.9905660152435303,1.0,0.0005791964957077644,1484
571,0.024761032313108444,0.9945945739746094,0.83203125,0.0005791087501553654,740
572,0.024817509576678276,0.9944444298744202,0.921875,0.0005790208267367745,1260
573,0.006176359951496124,0.9992520809173584,0.2216796875,0.0005789327255090441,1337
574,0.017961939796805382,0.9953139424324036,0.91015625,0.0005788444465293422,1067
575,0.040507618337869644,0.9923574328422546,0.93359375,0.000578755989854952,1701
576,0.02820865623652935,0.9939485788345337,0.625,0.0005786673555432721,1983
577,0.01376742497086525,0.9970731735229492,0.470703125,0.0005785785436518163,2050
578,0.02744952403008938,0.9933444261550903,0.89453125,0.0005784895542382139,1202
579,0.012068469077348709,0.9980168342590332,0.412109375,0.0005784003873602088,2017
580,0.01104501448571682,0.9995014667510986,0.279296875,0.0005783110430756606,2006
581,0.029385585337877274,0.9915540814399719,1.1640625,0.000578221521442544,1184
582,0.016537589952349663,0.9956923127174377,0.72265625,0.0005781318225189483,1625
583,0.056471437215805054,0.9885795712471008,1.125,0.0005780419463630785,1401
584,0.00919708888977766,0.9982227683067322,0.3046875,0.000577951893033254,1688
585,0.018548816442489624,0.9948717951774597,0.62890625,0.0005778616625879095,1365
586,0.014867772348225117,0.9975961446762085,0.625,0.0005777712550855945,1248
587,0.012835096567869186,0.9985707402229309,0.294921875,0.0005776806705849735,2099
588,0.01298521924763918,0.9955089688301086,0.515625,0.0005775899091448259,1336
589,0.006696708500385284,0.9994145035743713,0.2041015625,0.0005774989708240457,1708
590,0.0043890830129384995,0.9994075894355774,0.203125,0.0005774078556816418,1688
591,0.02197902463376522,0.9928571581840515,0.6796875,0.0005773165637767379,1820
592,0.07763086259365082,0.9737704992294312,1.6328125,0.0005772250951685721,1220
593,0.010779031552374363,0.9984627366065979,0.53125,0.0005771334499164977,1301
594,0.007067585363984108,0.999312698841095,0.16015625,0.0005770416280799822,1455
595,0.006776150781661272,0.9986613392829895,0.412109375,0.0005769496297186075,1494
596,0.019055431708693504,0.9958805441856384,0.5234375,0.0005768574548920709,1942
597,0.007204138208180666,0.9987269043922424,0.259765625,0.0005767651036601831,1571
598,0.007261096499860287,0.9983752965927124,0.392578125,0.0005766725760828702,1231
599,0.006788485683500767,0.9995044469833374,0.314453125,0.0005765798722201721,2018
600,0.003789335722103715,1.0,0.2109375,0.0005764869921322435,1439
601,0.056727055460214615,0.9881386756896973,1.3046875,0.0005763939358793531,1096
602,0.0479743592441082,0.9858657121658325,0.92578125,0.0005763007035218842,1415
603,0.03364242985844612,0.9942857027053833,0.73046875,0.0005762072951203342,1225
604,0.006705669220536947,0.9985775351524353,0.345703125,0.000576113710735315,1406
605,0.026065628975629807,0.9934640526771545,0.703125,0.0005760199504275523,1530
606,0.016200289130210876,0.9968253970146179,0.57421875,0.0005759260142578861,1260
607,0.03013480268418789,0.992682933807373,0.66015625,0.0005758319022872708,2050
608,0.01122985128313303,0.9984951019287109,0.408203125,0.0005757376145767743,1329
609,0.06407590210437775,0.9832776188850403,1.2734375,0.0005756431511875792,1196
610,0.024884670972824097,0.9963369965553284,0.59765625,0.0005755485121809816,1365
611,0.0063370405696332455,0.9991680383682251,0.1884765625,0.0005754536976183917,1202
612,0.0137173505499959,0.9960119724273682,0.46875,0.0005753587075613337,2006
613,0.024577833712100983,0.9946070909500122,0.76171875,0.0005752635420714456,1298
614,0.009714997373521328,0.9976228475570679,0.375,0.0005751682012104793,1262
615,0.020419269800186157,0.99443119764328,0.77734375,0.0005750726850403005,1257
616,0.04338051751255989,0.9873684048652649,1.703125,0.0005749769936228883,475
617,0.01204639207571745,0.9976484179496765,0.400390625,0.0005748811270203362,1701
618,0.012558800168335438,0.9972972869873047,0.625,0.0005747850852948508,740
619,0.01875244453549385,0.9965652823448181,0.4140625,0.0005746888685087525,2038
620,0.025795752182602882,0.9949324131011963,0.8671875,0.0005745924767244755,1184
621,0.029819607734680176,0.9919999837875366,0.7421875,0.0005744959100045672,1625
622,0.03515593335032463,0.9923329949378967,0.68359375,0.0005743991684116887,1826
623,0.027670826762914658,0.9925205707550049,0.84375,0.0005743022520086148,1337
624,0.010103138163685799,0.9971428513526917,0.5234375,0.0005742051608582333,1400
625,0.013703333213925362,0.9964413046836853,0.515625,0.0005741078950235456,1124
626,0.012821558862924576,0.9975210428237915,0.392578125,0.0005740104545676665,2017
627,0.014559289440512657,0.9959657192230225,0.400390625,0.000573912839553824,1983
628,0.0443962961435318,0.9896907210350037,0.85546875,0.0005738150500453595,1067
629,0.03333960846066475,0.9892933368682861,1.109375,0.0005737170861057275,1401
630,0.011616408824920654,0.9979784488677979,0.359375,0.0005736189477984957,1484
631,0.01055904570966959,0.9970605373382568,0.404296875,0.0005735206351873451,1701
632,0.012071136385202408,0.9964413046836853,0.49609375,0.0005734221483360696,1124
633,0.012014229781925678,0.9980372786521912,0.419921875,0.0005733234873085762,2038
634,0.006547794211655855,0.9993050694465637,0.2734375,0.0005732246521688852,1439
635,0.03987564519047737,0.9936608672142029,0.73828125,0.0005731256429811292,1262
636,0.012653694488108158,0.995853066444397,0.50390625,0.0005730264598095547,1688
637,0.009979356080293655,0.9981538653373718,0.3671875,0.0005729271027185203,1625
638,0.011187942698597908,0.9971550703048706,0.443359375,0.0005728275717724978,1406
639,0.006803495343774557,0.9992514848709106,0.3359375,0.0005727278670360717,1336
640,0.00827572401612997,0.9978798627853394,0.35546875,0.0005726279885739393,1415
641,0.01856469176709652,0.9974538683891296,0.53125,0.0005725279364509108,1571
642,0.00364840985275805,1.0,0.10107421875,0.0005724277107319089,1942
643,0.012145002372562885,0.9961538314819336,0.5546875,0.0005723273114819688,1820
644,0.07852376997470856,0.9819672107696533,1.1953125,0.0005722267387662387,1220
645,0.05217338725924492,0.9891892075538635,1.0078125,0.000572125992649979,740
646,0.005156402941793203,0.9985724687576294,0.35546875,0.0005720250731985629,1401
647,0.026251455768942833,0.9925124645233154,0.796875,0.0005719239804774757,1202
648,0.0065974462777376175,0.999312698841095,0.2890625,0.0005718227145523156,1455
649,0.017252732068300247,0.9976190328598022,0.640625,0.0005717212754887929,1260
650,0.010829358361661434,0.9972627758979797,0.51953125,0.0005716196633527303,1096
651,0.017533425241708755,0.9923136234283447,0.8515625,0.0005715178782100626,1301
652,0.03059329278767109,0.9915032386779785,0.7421875,0.0005714159201268375,1530
653,0.03291062265634537,0.9914271235466003,0.75390625,0.0005713137891692143,1983
654,0.05362372100353241,0.9899665713310242,0.83984375,0.0005712114854034645,1196
655,0.011209291405975819,0.9967346787452698,0.5078125,0.000571109008895972,1225
656,0.014813102781772614,0.9964285492897034,0.42578125,0.0005710063597132329,1400
657,0.009381902404129505,0.9992520809173584,0.3046875,0.0005709035379218548,1337
658,0.025898106396198273,0.9953774809837341,0.640625,0.000570800543588558,1298
659,0.028910862281918526,0.995938241481781,0.56640625,0.0005706973767801741,1231
660,0.01618272066116333,0.9971883893013,0.423828125,0.000570594037563647,1067
661,0.019080601632595062,0.9939758777618408,0.65625,0.0005704905260060326,1494
662,0.009208884090185165,0.9962377548217773,0.51953125,0.0005703868421744981,1329
663,0.01282903179526329,0.9967948794364929,0.515625,0.000570282986136323,1248
664,0.015535605140030384,0.9957894682884216,0.76953125,0.0005701789579588984,475
665,0.02981109544634819,0.9939758777618408,0.65625,0.0005700747577097269,1826
666,0.01965104229748249,0.9957122206687927,0.53125,0.000569970385456423,2099
667,0.015650300309062004,0.995604395866394,0.5859375,0.0005698658412667129,1365
668,0.006553629878908396,0.9990084171295166,0.2451171875,0.0005697611252084338,2017
669,0.015283438377082348,0.9955401420593262,0.5234375,0.0005696562373495352,2018
670,0.013389214873313904,0.9964871406555176,0.470703125,0.0005695511777580774,1708
671,0.014321135357022285,0.9979784488677979,0.388671875,0.0005694459465022325,1484
672,0.020137516781687737,0.9960222840309143,0.5859375,0.0005693405436502841,1257
673,0.011180352419614792,0.9974662065505981,0.61328125,0.0005692349692706267,1184
674,0.03071729466319084,0.9921951293945312,0.80078125,0.0005691292234317666,2050
675,0.02087640017271042,0.9955134391784668,0.451171875,0.000569023306202321,2006
676,0.016018737107515335,0.996038019657135,0.50390625,0.0005689172176510185,1262
677,0.012536879628896713,0.9962602853775024,0.5234375,0.0005688109578466987,1337
678,0.007988767698407173,0.9985044598579407,0.294921875,0.0005687045268583124,2006
679,0.013580451719462872,0.9963076710700989,0.60546875,0.0005685979247549217,1625
680,0.015271688811480999,0.9968172907829285,0.70703125,0.0005684911516056996,1571
681,0.01208230946213007,0.9967948794364929,0.8359375,0.0005683842074799298,1248
682,0.016324084252119064,0.9949571490287781,0.5390625,0.0005682770924470074,1983
683,0.009011977352201939,0.9984126687049866,0.283203125,0.000568169806576438,1260
684,0.012423969805240631,0.9970253109931946,0.423828125,0.0005680623499378382,2017
685,0.01886901818215847,0.9964664578437805,0.4921875,0.0005679547226009356,1415
686,0.012371525168418884,0.9964285492897034,0.55859375,0.0005678469246355684,1400
687,0.039169929921627045,0.9918919205665588,1.109375,0.0005677389561116856,740
688,0.011583150364458561,0.9980178475379944,0.328125,0.0005676308170993466,2018
689,0.02744239754974842,0.9939804077148438,0.76953125,0.0005675225076687217,1329
690,0.035025808960199356,0.9936842322349548,0.99609375,0.0005674140278900916,475
691,0.01659982092678547,0.9972627758979797,0.65234375,0.000567305377833848,1096
692,0.010311153717339039,0.9983277320861816,0.4453125,0.0005671965575704926,1196
693,0.06977731734514236,0.9850640296936035,1.1171875,0.0005670875671706374,1406
694,0.013474388048052788,0.9964871406555176,0.458984375,0.0005669784067050054,1708
695,0.006078251171857119,0.9991103410720825,0.255859375,0.0005668690762444296,1124
696,0.03750357776880264,0.9903780221939087,0.90234375,0.0005667595758598532,1455
697,0.018537644296884537,0.9952968955039978,0.4765625,0.00056664990562233,1701
698,0.02164141647517681,0.9935759902000427,0.765625,0.0005665400656030236,1401
699,0.019618317484855652,0.9955838918685913,0.48046875,0.0005664300558732083,2038
700,0.006953663192689419,0.9983108043670654,0.37109375,0.000566319876504268,1184
701,0.02143091708421707,0.9956188201904297,0.56640625,0.0005662095275676969,1826
702,0.008041666820645332,0.9979919791221619,0.341796875,0.0005660990091350992,1494
703,0.006212035194039345,0.9990243911743164,0.291015625,0.0005659883212781893,2050
704,0.014010276645421982,0.9967032670974731,0.4453125,0.0005658774640687912,1820
705,0.031852710992097855,0.9918765425682068,0.90234375,0.0005657664375788389,1231
706,0.013076062314212322,0.9963369965553284,0.4609375,0.0005656552418803765,1365
707,0.05390593037009239,0.9830065369606018,0.98828125,0.0005655438770455574,1530
708,0.011088211089372635,0.9961886405944824,0.40625,0.0005654323431466454,2099
709,0.008243455551564693,0.9986522793769836,0.373046875,0.0005653206402560132,1484
710,0.018988924100995064,0.9959016442298889,0.5234375,0.0005652087684461437,1220
711,0.017350299283862114,0.996925413608551,0.48828125,0.0005650967277896296,1301
712,0.015071947127580643,0.9959183931350708,0.59765625,0.0005649845183591726,1225
713,0.003825459396466613,0.9991680383682251,0.50390625,0.0005648721402275842,1202
714,0.004309584852308035,1.0,0.15234375,0.0005647595934677855,1439
715,0.024907683953642845,0.9933058619499207,0.62109375,0.0005646468781528068,1942
716,0.007611673325300217,0.9981256127357483,0.35546875,0.0005645339943557877,1067
717,0.02741650864481926,0.9917664527893066,0.90234375,0.0005644209421499773,1336
718,0.014753970317542553,0.9961479306221008,0.53515625,0.0005643077216087342,1298
719,0.027635186910629272,0.9904534816741943,0.84765625,0.0005641943328055258,1257
720,0.01278946828097105,0.9964454770088196,0.490234375,0.0005640807758139288,1688
721,0.02174093946814537,0.9945255517959595,0.57421875,0.0005639670507076292,1096
722,0.006284158676862717,0.9995235800743103,0.29296875,0.0005638531575604221,2099
723,0.042253099381923676,0.9928104281425476,0.73046875,0.0005637390964462112,1530
724,0.026219865307211876,0.9949832558631897,0.82421875,0.0005636248674390097,1196
725,0.004070891998708248,1.0,0.1748046875,0.0005635104706129397,1688
726,0.02226179838180542,0.9960119724273682,0.4921875,0.0005633959060422319,2006
727,0.01435352023690939,0.9970731735229492,0.3671875,0.0005632811738012259,2050
728,0.02464182674884796,0.9957894682884216,0.89453125,0.0005631662739643704,475
729,0.01004128810018301,0.9989010691642761,0.30078125,0.0005630512066062226,1820
730,0.024946141988039017,0.9933444261550903,0.74609375,0.0005629359718014485,1202
731,0.03928111493587494,0.9873217344284058,1.046875,0.0005628205696248227,1262
732,0.006613624282181263,0.9991987347602844,0.3046875,0.0005627050001512284,1248
733,0.01838332787156105,0.9969103932380676,0.51953125,0.0005625892634556573,1942
734,0.021273629739880562,0.9970253109931946,0.5859375,0.0005624733596132097,2017
735,0.04641284421086311,0.9852458834648132,1.1484375,0.0005623572886990945,1220
736,0.026369141414761543,0.9935988783836365,0.4921875,0.0005622410507886286,1406
737,0.014513473957777023,0.9962377548217773,0.55859375,0.0005621246459572379,1329
738,0.02840670570731163,0.9945945739746094,0.81640625,0.0005620080742804558,740
739,0.010002120397984982,0.9975510239601135,0.5234375,0.0005618913358339246,1225
740,0.02078636735677719,0.995604395866394,0.53515625,0.0005617744306933947,1365
741,0.03097020648419857,0.9952830076217651,0.7109375,0.0005616573589347245,1484
742,0.02329721674323082,0.9938508868217468,0.703125,0.0005615401206338805,1301
743,0.021966150030493736,0.9947090148925781,0.53125,0.0005614227158669376,1701
744,0.04361581802368164,0.9872791767120361,1.1484375,0.000561305144710078,1415
745,0.002703197067603469,1.0,0.059326171875,0.000561187407239593,1231
746,0.015342634171247482,0.9963076710700989,0.447265625,0.0005610695035318807,1625
747,0.004376892000436783,0.9990627765655518,0.3359375,0.0005609514336634475,1067
748,0.0157292652875185,0.9965635538101196,0.67578125,0.000560833197710908,1455
749,0.033821891993284225,0.9919678568840027,0.734375,0.000560714795750984,1494
750,0.007638397626578808,0.9985724687576294,0.375,0.0005605962278605052,1401
751,0.014206903986632824,0.9964871406555176,0.53515625,0.0005604774941164093,1708
752,0.031105127185583115,0.9898154139518738,0.87890625,0.0005603585945957411,1571
753,0.009710954502224922,0.998513400554657,0.318359375,0.0005602395293756532,2018
754,0.01099519431591034,0.9978094100952148,0.34765625,0.0005601202985334058,1826
755,0.017695922404527664,0.9966216087341309,0.490234375,0.0005600009021463665,1184
756,0.006747290026396513,0.9977545142173767,0.54296875,0.0005598813402920103,1336
757,0.03335680440068245,0.9925205707550049,0.76171875,0.0005597616130479195,1337
758,0.014653212390840054,0.998487114906311,0.318359375,0.000559641720491784,1983
759,0.021074535325169563,0.9946619272232056,0.66015625,0.0005595216627014007,1124
760,0.00902685895562172,0.9976133704185486,0.357421875,0.0005594014397546736,1257
761,0.0027088718488812447,1.0,0.052978515625,0.0005592810517296144,1260
762,0.042802371084690094,0.9922958612442017,0.80859375,0.0005591604987043414,1298
763,0.018749581649899483,0.9923558235168457,0.7578125,0.0005590397807570802,1439
764,0.019927430897951126,0.9964285492897034,0.490234375,0.0005589188979661633,1400
765,0.02475918084383011,0.9946025609970093,0.49609375,0.0005587978504100302,2038
766,0.010533182881772518,0.998090386390686,0.1982421875,0.0005586766381672275,1571
767,0.014038965106010437,0.9960356950759888,0.59765625,0.0005585552613164085,2018
768,0.02242119424045086,0.9947712421417236,0.578125,0.000558433719936333,1530
769,0.011212777346372604,0.9985029697418213,0.439453125,0.0005583120141058683,1336
770,0.0027853287756443024,1.0,0.1123046875,0.0005581901439039879,1400
771,0.019012365490198135,0.9957122206687927,0.55859375,0.0005580681094097717,2099
772,0.011425118893384933,0.9964413046836853,0.57421875,0.000557945910702407,1124
773,0.022945132106542587,0.9949832558631897,0.66015625,0.000557823547861187,1196
774,0.023299843072891235,0.9929453134536743,0.578125,0.0005577010209655117,1701
775,0.004766449332237244,0.9989914298057556,0.306640625,0.0005575783300948874,1983
776,0.007369623519480228,0.9985126256942749,0.1982421875,0.0005574554753289269,2017
777,0.01635594479739666,0.9962377548217773,0.46484375,0.0005573324567473494,1329
778,0.013693985529243946,0.9966722130775452,0.65234375,0.0005572092744299802,1202
779,0.009673245251178741,0.9976303577423096,0.421875,0.000557085928456751,1688
780,0.027733132243156433,0.9943767786026001,0.65625,0.0005569624189076996,1067
781,0.005788624752312899,0.9989010691642761,0.22265625,0.0005568387458629702,1820
782,0.002358280587941408,1.0,0.1416015625,0.0005567149094028129,1248
783,0.010390836745500565,0.9965853691101074,0.388671875,0.0005565909096075835,2050
784,0.008952162228524685,0.9975384473800659,0.5390625,0.0005564667465577444,1625
785,0.005941387265920639,0.999018669128418,0.267578125,0.0005563424203338636,2038
786,0.01733465865254402,0.9950529932975769,0.81640625,0.0005562179310166151,1415
787,0.007830242626369,0.9976190328598022,0.275390625,0.0005560932786867785,1260
788,0.01825241930782795,0.9963503479957581,0.62890625,0.0005559684634252395,1096
789,0.006379812024533749,0.9976228475570679,0.41796875,0.0005558434853129892,1262
790,0.01113254576921463,0.9969103932380676,0.44921875,0.0005557183444311249,1942
791,0.025907795876264572,0.9923136234283447,0.765625,0.0005555930408608486,1301
792,0.005927586928009987,0.9985347986221313,0.392578125,0.0005554675746834689,1365
793,0.0023595995735377073,1.0,0.09375,0.0005553419459803993,1225
794,0.04643455520272255,0.9893442392349243,0.95703125,0.0005552161548331588,1220
795,0.00839676707983017,0.9983752965927124,0.357421875,0.000555090201323372,1231
796,0.11965407431125641,0.9810526371002197,2.328125,0.0005549640855327687,475
797,0.01830618642270565,0.993306577205658,0.59765625,0.0005548378075431843,1494
798,0.016914738342165947,0.9955123662948608,0.890625,0.0005547113674365589,1337
799,0.026334330439567566,0.991525411605835,1.125,0.0005545847652949383,2006
800,0.011373281478881836,0.9971550703048706,0.4140625,0.0005544580012004732,1406
801,0.03522663936018944,0.9898921847343445,1.140625,0.0005543310752354194,1484
802,0.025765731930732727,0.9944405555725098,0.62890625,0.0005542039874821378,1439
803,0.0073356786742806435,0.999312698841095,0.1826171875,0.0005540767380230944,1455
804,0.01731662079691887,0.9964311122894287,0.47265625,0.0005539493269408598,1401
805,0.027844686061143875,0.9941452145576477,0.66015625,0.0005538217543181097,1708
806,0.032699037343263626,0.9890202879905701,0.875,0.0005536940202376248,1184
807,0.03730185329914093,0.9920445680618286,0.93359375,0.0005535661247822901,1257
808,0.03330002725124359,0.9905405640602112,0.9921875,0.0005534380680350957,740
809,0.030023988336324692,0.9946070909500122,0.73828125,0.0005533098500791362,1298
810,0.044041141867637634,0.9895947575569153,0.8671875,0.0005531814709976108,1826
811,0.022508660331368446,0.9959183931350708,0.7890625,0.0005530529308738235,1225
812,0.02128605917096138,0.9950082898139954,0.6484375,0.0005529242297911823,1202
813,0.04124956578016281,0.9898154139518738,0.92578125,0.0005527953678332001,1571
814,0.01770111545920372,0.9943100810050964,0.65625,0.000552666345083494,1406
815,0.01604628376662731,0.9985714554786682,0.333984375,0.0005525371616257852,1400
816,0.017499256879091263,0.9968253970146179,0.66015625,0.0005524078175439001,1260
817,0.02571270987391472,0.9953656196594238,0.82421875,0.0005522783129217679,1942
818,0.04122738167643547,0.9912399053573608,0.73046875,0.0005521486478434234,1484
819,0.021506277844309807,0.9930209517478943,0.57421875,0.0005520188223930044,2006
820,0.04212864860892296,0.9902518391609192,0.91796875,0.0005518888366547535,1231
821,0.047196969389915466,0.9901960492134094,0.8125,0.0005517586907130168,1530
822,0.02409827709197998,0.9945017099380493,0.68359375,0.0005516283846522448,1455
823,0.017099125310778618,0.997802197933197,0.404296875,0.0005514979185569916,1365
824,0.03761117905378342,0.9929742217063904,0.79296875,0.0005513672925119153,1708
825,0.016238145530223846,0.9942898154258728,0.55859375,0.0005512365066017775,1401
826,0.030606409534811974,0.9911032319068909,0.90234375,0.000551105560911444,1124
827,0.009556252509355545,0.9985029697418213,0.314453125,0.000550974455525884,1336
828,0.01257624663412571,0.9949832558631897,0.5390625,0.0005508431905301703,1196
829,0.03567701578140259,0.9964664578437805,0.5625,0.0005507117660094792,1415
830,0.05067181587219238,0.9838628172874451,0.90625,0.0005505801820490909,1983
831,0.01693093031644821,0.9958847761154175,0.57421875,0.0005504484387343888,1701
832,0.01662048138678074,0.9986101388931274,0.2314453125,0.0005503165361508595,1439
833,0.03280002996325493,0.9917883276939392,0.953125,0.0005501844743840933,1096
834,0.008569251745939255,0.9983108043670654,0.32421875,0.0005500522535197835,1184
835,0.06095210462808609,0.9851264357566833,1.171875,0.000549919873643727,2017
836,0.01673145592212677,0.9945945739746094,0.9921875,0.0005497873348418235,740
837,0.01788948103785515,0.9947643876075745,0.65234375,0.000549654637200076,1337
838,0.03662318363785744,0.9905213117599487,0.81640625,0.0005495217808045907,1688
839,0.021241281181573868,0.9924755692481995,0.703125,0.0005493887657415764,1329
840,0.031093653291463852,0.9943910241127014,0.7421875,0.0005492555920973454,1248
841,0.05961870402097702,0.9863414764404297,0.88671875,0.0005491222599583126,2050
842,0.00955650582909584,0.9976887702941895,0.458984375,0.0005489887694109957,1298
843,0.007790884934365749,0.9984152317047119,0.361328125,0.0005488551205420152,1262
844,0.010008392855525017,0.9980372786521912,0.359375,0.0005487213134380944,2038
845,0.016517866402864456,0.9961538314819336,0.5390625,0.0005485873481860595,1820
846,0.024222848936915398,0.9938508868217468,0.80078125,0.000548453224872839,1301
847,0.037345048040151596,0.9934395551681519,0.89453125,0.0005483189435854639,1067
848,0.01926795393228531,0.9950768947601318,0.56640625,0.000548184504411068,1625
849,0.050609517842531204,0.9861838817596436,0.828125,0.0005480499074368873,2099
850,0.006734030321240425,0.9995044469833374,0.1728515625,0.0005479151527502606,2018
851,0.060294102877378464,0.9860655665397644,1.1015625,0.0005477802404386286,1220
852,0.02175762876868248,0.9946452379226685,0.578125,0.0005476451705895343,1494
853,0.0377037338912487,0.9912490248680115,0.85546875,0.0005475099432906232,1257
854,0.08306053280830383,0.9873684048652649,1.296875,0.0005473745586296426,475
855,0.01539422944188118,0.9972617626190186,0.392578125,0.0005472390166944426,1826
856,0.019603807479143143,0.9941452145576477,0.56640625,0.0005471033175729745,1708
857,0.030741499736905098,0.9944405555725098,0.73828125,0.0005469674613532921,1439
858,0.012228456325829029,0.9981256127357483,0.439453125,0.0005468314481235511,1067
859,0.03174367919564247,0.9935897588729858,0.71484375,0.000546695277972009,1248
860,0.022677766159176826,0.9952267408370972,0.52734375,0.0005465589509870249,1257
861,0.014813711866736412,0.9957143068313599,0.51171875,0.0005464224672570602,1400
862,0.027268385514616966,0.9933058619499207,0.6953125,0.0005462858268706775,1942
863,0.04130158573389053,0.9893442392349243,0.81640625,0.0005461490299165413,1220
864,0.022060539573431015,0.9932634830474854,0.64453125,0.0005460120764834177,1336
865,0.02480395697057247,0.9954853057861328,0.5078125,0.0005458749666601744,1329
866,0.015065557323396206,0.9966532588005066,0.54296875,0.0005457377005357803,1494
867,0.03364221379160881,0.9927007555961609,0.86328125,0.0005456002781993061,1096
868,0.008734549395740032,0.9992520809173584,0.345703125,0.0005454626997399235,1337
869,0.030460059642791748,0.9911816716194153,0.68359375,0.0005453249652469057,1701
870,0.03755423426628113,0.9919137358665466,1.0390625,0.000545187074809627,1484
871,0.025958877056837082,0.9926739931106567,0.8125,0.0005450490285175631,1365
872,0.00991311576217413,0.9984627366065979,0.34765625,0.000544910826460291,1301
873,0.031318046152591705,0.9921951293945312,0.71875,0.0005447724687274881,2050
874,0.042345404624938965,0.9905800819396973,0.64453125,0.0005446339554089335,2017
875,0.017095066606998444,0.995245635509491,0.67578125,0.0005444952865945068,1262
876,0.01909307762980461,0.9983360767364502,0.48828125,0.000544356462374189,1202
877,0.004496157169342041,1.0,0.275390625,0.0005442174828380613,1260
878,0.011551925912499428,0.9986928105354309,0.3984375,0.0005440783480763061,1530
879,0.04718799144029617,0.9894737005233765,1.4140625,0.0005439390581792065,475
880,0.021245067939162254,0.9972972869873047,0.412109375,0.0005437996132371462,740
881,0.010741754435002804,0.9973309636116028,0.458984375,0.0005436600133406095,1124
882,0.016957946121692657,0.995938241481781,0.494140625,0.0005435202585801811,1231
883,0.06072518974542618,0.9852796792984009,1.171875,0.0005433803490465465,2038
884,0.026405297219753265,0.9925668835639954,0.58203125,0.0005432402848304917,2018
885,0.011323228478431702,0.9970378875732422,0.404296875,0.0005431000660229023,1688
886,0.005487361457198858,0.9990471601486206,0.154296875,0.0005429596927147653,2099
887,0.010487711988389492,0.9976887702941895,0.326171875,0.0005428191649971671,1298
888,0.011425964534282684,0.9981538653373718,0.390625,0.0005426784829612947,1625
889,0.004529949277639389,1.0,0.212890625,0.0005425376466984352,1826
890,0.025548633188009262,0.9921764135360718,0.80078125,0.0005423966562999755,1406
891,0.015989216044545174,0.9961807727813721,0.5078125,0.0005422555118574031,1571
892,0.014659406617283821,0.9958193898200989,0.59765625,0.0005421142134623048,1196
893,0.015954092144966125,0.9940179586410522,0.3984375,0.0005419727612063677,2006
894,0.004349917639046907,0.9994505643844604,0.109375,0.0005418311551813787,1820
895,0.013036031275987625,0.995102047920227,0.61328125,0.0005416893954792244,1225
896,0.013393186964094639,0.9959657192230225,0.48828125,0.0005415474821918909,1983
897,0.007734126877039671,0.9986254572868347,0.314453125,0.0005414054154114644,1455
898,0.01271284930408001,0.9966216087341309,0.53515625,0.0005412631952301305,1184
899,0.01983906887471676,0.9964311122894287,0.5703125,0.0005411208217401744,1401
900,0.010007190518081188,0.9964664578437805,0.404296875,0.0005409782950339803,1415
901,0.005950366612523794,0.9988242387771606,0.283203125,0.0005408356152040327,1701
902,0.0032991254702210426,0.9994075894355774,0.173828125,0.0005406927823429149,1688
903,0.001921160495840013,1.0,0.08544921875,0.0005405497965433095,1494
904,0.0018243055092170835,1.0,0.052001953125,0.0005404066578979983,1415
905,0.008395731449127197,0.9985347986221313,0.37109375,0.0005402633664998627,1365
906,0.0063294037245213985,0.9984627366065979,0.275390625,0.0005401199224418828,1301
907,0.002111695008352399,1.0,0.09912109375,0.0005399763258171378,1439
908,0.012026611715555191,0.9964699745178223,0.390625,0.0005398325767188061,1983
909,0.018292410299181938,0.9960222840309143,0.609375,0.000539688675240165,1257
910,0.0016060499474406242,1.0,0.03515625,0.0005395446214745904,1337
911,0.014954021200537682,0.9962377548217773,0.45703125,0.0005394004155155574,1329
912,0.017610058188438416,0.9972627758979797,0.431640625,0.0005392560574566397,1096
913,0.001915974891744554,1.0,0.044677734375,0.0005391115473915095,2099
914,0.0029661532025784254,0.999312698841095,0.1689453125,0.0005389668854139379,1455
915,0.00344097800552845,0.9994145035743713,0.1904296875,0.0005388220716177945,1708
916,0.0025178901851177216,1.0,0.0791015625,0.0005386771060970475,2017
917,0.012478575110435486,0.9967319965362549,0.41796875,0.0005385319889457631,1530
918,0.010282306000590324,0.9960975646972656,0.5234375,0.0005383867202581067,2050
919,0.003296195063740015,0.9991103410720825,0.181640625,0.0005382413001283413,1124
920,0.014432135038077831,0.9975410103797913,0.373046875,0.0005380957286508285,1220
921,0.005534407217055559,0.9992856979370117,0.322265625,0.0005379500059200282,1400
922,0.021192306652665138,0.9934395551681519,0.75390625,0.000537804132030498,1067
923,0.007869123481214046,0.9992063641548157,0.291015625,0.0005376581070768941,1260
924,0.01023530587553978,0.9985029697418213,0.310546875,0.0005375119311539704,1336
925,0.004489464219659567,0.9992862343788147,0.2177734375,0.000537365604356579,1401
926,0.004870580509305,0.9975041747093201,0.34765625,0.0005372191267796698,1202
927,0.009414109401404858,0.9979402422904968,0.34375,0.0005370724985182901,1942
928,0.0028096900787204504,1.0,0.10302734375,0.0005369257196675859,2006
929,0.008206390775740147,0.9984591603279114,0.365234375,0.0005367787903228002,1298
930,0.0468238964676857,0.9915789365768433,1.0,0.0005366317105792738,475
931,0.011805708520114422,0.9975384473800659,0.42578125,0.0005364844805324452,1625
932,0.0025666221044957638,1.0,0.197265625,0.0005363371002778503,1248
933,0.0018680652137845755,1.0,0.09326171875,0.0005361895699111227,1406
934,0.0021153907291591167,1.0,0.0595703125,0.0005360418895279932,2038
935,0.0026740042958408594,0.999207615852356,0.2021484375,0.0005358940592242898,1262
936,0.04014628380537033,0.9916387796401978,0.8125,0.0005357460790959383,1196
937,0.00633607991039753,0.998513400554657,0.314453125,0.0005355979492389613,2018
938,0.0043415953405201435,1.0,0.1708984375,0.0005354496697494784,740
939,0.006892921403050423,0.9994523525238037,0.326171875,0.0005353012407237069,1826
940,0.0018117270665243268,1.0,0.05517578125,0.0005351526622579606,1484
941,0.003586028702557087,0.9991836547851562,0.1953125,0.0005350039344486506,1225
942,0.0023459824733436108,1.0,0.154296875,0.0005348550573922845,1184
943,0.0074408091604709625,0.9983516335487366,0.291015625,0.0005347060311854672,1820
944,0.006819629110395908,0.9991876482963562,0.322265625,0.0005345568559249002,1231
945,0.008890770375728607,0.9974538683891296,0.49609375,0.0005344075317073817,1571
946,0.010352633893489838,0.9968253970146179,0.56640625,0.0005342580586298063,1260
947,0.0011482650879770517,1.0,0.0390625,0.0005341084367891659,1248
948,0.0036251938436180353,0.9986613392829895,0.2099609375,0.0005339586662825481,1494
949,0.001707311486825347,1.0,0.1328125,0.0005338087472071376,1096
950,0.0024985650088638067,0.9993846416473389,0.154296875,0.0005336586796602152,1625
951,0.011441013775765896,0.9974916577339172,0.23046875,0.000533508463739158,1196
952,0.001434977282769978,1.0,0.040283203125,0.0005333580995414396,1484
953,0.0029262348543852568,0.9984591603279114,0.2412109375,0.0005332075871646297,1298
954,0.005812381394207478,0.999018669128418,0.2392578125,0.0005330569267063941,2038
955,0.008852187544107437,0.9972508549690247,0.412109375,0.0005329061182644946,1455
956,0.0020005693659186363,1.0,0.10791015625,0.0005327551619367895,1301
957,0.0010953235905617476,1.0,0.02099609375,0.0005326040578212324,1439
958,0.0013174745254218578,1.0,0.0322265625,0.0005324528060158733,1701
959,0.0014465792337432504,1.0,0.05078125,0.0005323014066188577,1400
960,0.0041258675046265125,0.9994075894355774,0.275390625,0.0005321498597284273,1688
961,0.027594352141022682,0.9953139424324036,0.466796875,0.0005319981654429189,1067
962,0.003666586009785533,0.9990084171295166,0.154296875,0.0005318463238607655,2017
963,0.001057816669344902,1.0,0.015869140625,0.0005316943350804953,1571
964,0.0016790467780083418,1.0,0.07421875,0.0005315421992007323,1257
965,0.0013017278397455812,1.0,0.054443359375,0.0005313899163201958,1184
966,0.007072956766933203,0.997144877910614,0.48828125,0.0005312374865377005,1401
967,0.0015078376745805144,1.0,0.158203125,0.0005310849099521563,1231
968,0.0026238025166094303,0.9992887377738953,0.2353515625,0.0005309321866625687,1406
969,0.0021766754798591137,0.9994505643844604,0.125,0.000530779316768038,1820
970,0.006341767497360706,0.9978947639465332,0.59375,0.0005306263003677599,475
971,0.0008607354830019176,1.0,0.01531982421875,0.0005304731375610252,1124
972,0.001780154649168253,0.9994850754737854,0.1904296875,0.0005303198284472194,1942
973,0.009882506914436817,0.9992514848709106,0.265625,0.0005301663731258231,1336
974,0.016729505732655525,0.9959016442298889,0.48046875,0.000530012771696412,1220
975,0.0013582069659605622,1.0,0.103515625,0.0005298590242586562,1826
976,0.0019641839899122715,1.0,0.19140625,0.0005297051309123208,1202
977,0.0024128463119268417,0.9992475509643555,0.21875,0.0005295510917572657,1329
978,0.0017408685525879264,0.9992932677268982,0.10400390625,0.0005293969068934449,1415
979,0.0008305872906930745,1.0,0.0194091796875,0.0005292425764209076,1365
980,0.007691613864153624,0.9980178475379944,0.287109375,0.0005290881004397969,2018
981,0.0036619084421545267,0.9995121955871582,0.1416015625,0.0005289334790503507,2050
982,0.0014402574161067605,1.0,0.06201171875,0.0005287787123529012,1337
983,0.008133066818118095,0.9988290667533875,0.177734375,0.0005286238004478748,1708
984,0.003603843040764332,0.999207615852356,0.2119140625,0.0005284687434357921,1262
985,0.0011240881867706776,1.0,0.0230712890625,0.000528313541417268,1983
986,0.0015730020822957158,1.0,0.0625,0.0005281581944930115,2006
987,0.0009359971736557782,1.0,0.0118408203125,0.0005280027027638252,2099
988,0.014862986281514168,0.995945930480957,0.86328125,0.0005278470663306062,740
989,0.0009684066171757877,1.0,0.061279296875,0.0005276912852943452,1225
990,0.00923291128128767,0.9986928105354309,0.2294921875,0.0005275353597561271,1530
991,0.02951967343688011,0.9957894682884216,0.67578125,0.0005273792898171298,475
992,0.0019654177594929934,0.9991554021835327,0.1259765625,0.000527223075578626,1184
993,0.005854434799402952,0.9976580739021301,0.373046875,0.0005270667171419809,1708
994,0.0068750157952308655,0.9990084171295166,0.1845703125,0.000526910214608654,2017
995,0.003048912389203906,0.9992862343788147,0.259765625,0.0005267535680801981,1401
996,0.0010355723788961768,1.0,0.030517578125,0.0005265967776582595,1983
997,0.021609729155898094,0.9967319965362549,0.5390625,0.0005264398434445776,1530
998,0.0013145545963197947,1.0,0.07275390625,0.0005262827655409855,1298
999,0.004061074461787939,0.9989010691642761,0.2177734375,0.0005261255440494093,1820
1000,0.0031592517625540495,0.9992063641548157,0.11474609375,0.0005259681790718681,1260
1001,0.0066252355463802814,0.999509334564209,0.185546875,0.0005258106707104747,2038
1002,0.017500510439276695,0.9959568977355957,0.46875,0.0005256530190674344,1484
1003,0.0014293380081653595,1.0,0.091796875,0.0005254952242450456,1257
1004,0.0012111242394894361,1.0,0.0242919921875,0.0005253372863456996,2050
1005,0.013230390846729279,0.998769223690033,0.2109375,0.0005251792054718807,1625
1006,0.006278195884078741,0.9991103410720825,0.232421875,0.0005250209817261658,1124
1007,0.0030783351976424456,0.9991836547851562,0.16015625,0.0005248626152112246,1225
1008,0.009794835932552814,0.9976303577423096,0.337890625,0.0005247041060298194,1688
1009,0.0008941002306528389,1.0,0.0186767578125,0.0005245454542848052,1248
1010,0.015243123285472393,0.9984152317047119,0.216796875,0.0005243866600791291,1262
1011,0.01040381658822298,0.998236358165741,0.296875,0.0005242277235158312,1701
1012,0.0029147814493626356,1.0,0.134765625,0.0005240686446980437,1455
1013,0.029257606714963913,0.9953139424324036,0.72265625,0.0005239094237289909,1067
1014,0.008018496446311474,0.9985865950584412,0.296875,0.0005237500607119898,1415
1015,0.009613568894565105,0.9992856979370117,0.2734375,0.0005235905557504493,1400
1016,0.00608208030462265,0.9989047050476074,0.171875,0.0005234309089478703,1826
1017,0.011680230498313904,0.9990088939666748,0.1630859375,0.000523271120407846,2018
1018,0.003709874115884304,0.9990875720977783,0.318359375,0.0005231111902340614,1096
1019,0.012592431157827377,0.9975629448890686,0.515625,0.0005229511185302935,1231
1020,0.003779704449698329,0.9985044598579407,0.1904296875,0.0005227909054004109,2006
1021,0.004797370173037052,0.9984627366065979,0.228515625,0.0005226305509483743,1301
1022,0.0027583944611251354,0.9989701509475708,0.1728515625,0.0005224700552782361,1942
1023,0.014876140281558037,0.9964438080787659,0.6171875,0.00052230941849414,1406
1024,0.004647538531571627,0.9980943202972412,0.236328125,0.0005221486407003216,2099
1025,0.03669998422265053,0.9916387796401978,0.86328125,0.0005219877220011077,1196
1026,0.008643850684165955,0.9984951019287109,0.21875,0.0005218266625009168,1329
1027,0.003787877270951867,0.9992514848709106,0.2373046875,0.0005216654623042587,1336
1028,0.023437289521098137,0.9972972869873047,0.494140625,0.0005215041215157345,740
1029,0.008617876097559929,0.9968172907829285,0.369140625,0.0005213426402400363,1571
1030,0.015801213681697845,0.9950819611549377,0.50390625,0.0005211810185819477,1220
1031,0.026871267706155777,0.9948717951774597,0.75,0.0005210192566463431,1365
1032,0.005207913462072611,0.9983360767364502,0.259765625,0.0005208573545381882,1202
1033,0.00952007994055748,0.9979152083396912,0.44140625,0.0005206953123625395,1439
1034,0.007210154552012682,0.9973226189613342,0.3671875,0.0005205331302245444,1494
1035,0.007390783168375492,0.998504102230072,0.244140625,0.000520370808229441,1337
1036,0.03116946667432785,0.9917883276939392,0.83984375,0.0005202083464825583,1096
1037,0.02473209798336029,0.9925023317337036,0.78515625,0.0005200457450893164,1067
1038,0.02042987570166588,0.996257483959198,0.54296875,0.000519883004155225,1336
1039,0.01055148895829916,0.9969742894172668,0.38671875,0.0005197201237858852,1983
1040,0.003285110229626298,0.999207615852356,0.2109375,0.0005195571040869882,1262
1041,0.006710098125040531,0.9985707402229309,0.162109375,0.0005193939451643158,2099
1042,0.020426297560334206,0.9959016442298889,0.56640625,0.0005192306471237401,1220
1043,0.008767766878008842,0.9967141151428223,0.255859375,0.0005190672100712232,1826
1044,0.009829765185713768,0.9986486434936523,0.43359375,0.0005189036341128178,740
1045,0.010057773441076279,0.9993261694908142,0.2353515625,0.0005187399193546667,1484
1046,0.04571669176220894,0.9903780221939087,0.85546875,0.0005185760659030023,1455
1047,0.016863105818629265,0.99443119764328,0.5390625,0.0005184120738641475,1257
1048,0.01056918315589428,0.9971428513526917,0.5703125,0.0005182479433445151,1400
1049,0.004445492755621672,0.9995044469833374,0.2890625,0.0005180836744506075,2018
1050,0.010522057302296162,0.9967319965362549,0.357421875,0.0005179192672890167,1530
1051,0.01307656615972519,0.9961807727813721,0.451171875,0.0005177547219664253,1571
1052,0.037514325231313705,0.9902040958404541,0.83203125,0.0005175900385896044,1225
1053,0.01905740797519684,0.9976940751075745,0.431640625,0.0005174252172654157,1301
1054,0.021875087171792984,0.9957325458526611,0.6953125,0.0005172602581008097,1406
1055,0.007146032992750406,0.997144877910614,0.49609375,0.0005170951612028267,1401
1056,0.02149762585759163,0.9952968955039978,0.4765625,0.0005169299266785962,1701
1057,0.007599672768265009,0.9971731305122375,0.353515625,0.0005167645546353372,1415
1058,0.018781326711177826,0.9963076710700989,0.443359375,0.0005165990451803579,1625
1059,0.009250366128981113,0.9972202777862549,0.4921875,0.0005164333984210554,1439
1060,0.009945770725607872,0.9983277320861816,0.36328125,0.0005162676144649162,1196
1061,0.007762260269373655,0.9982435703277588,0.201171875,0.0005161016934195156,1708
1062,0.044101789593696594,0.9916805028915405,0.89453125,0.0005159356353925181,1202
1063,0.017065148800611496,0.9955134391784668,0.451171875,0.000515769440491677,2006
1064,0.022282544523477554,0.9915789365768433,0.8203125,0.0005156031088248341,475
1065,0.032218582928180695,0.9925205707550049,0.9453125,0.0005154366404999203,1337
1066,0.005189117044210434,0.9984126687049866,0.220703125,0.0005152700356249553,1260
1067,0.015548468567430973,0.9975466132164001,0.5,0.0005151032943080469,2038
1068,0.06219729408621788,0.9848754405975342,1.1875,0.0005149364166573922,1124
1069,0.01334901712834835,0.9966216087341309,0.484375,0.0005147694027812758,1184
1070,0.032817404717206955,0.9922958612442017,0.94921875,0.0005146022527880714,1298
1071,0.005670372396707535,0.9994850754737854,0.224609375,0.0005144349667862406,1942
1072,0.033014386892318726,0.9919678568840027,0.65625,0.0005142675448843337,1494
1073,0.012017698958516121,0.9967948794364929,0.416015625,0.0005140999871909891,1248
1074,0.0271182581782341,0.9934065937995911,0.796875,0.0005139322938149328,1820
1075,0.03467591106891632,0.9924755692481995,0.68359375,0.0005137644648649795,1329
1076,0.017442159354686737,0.9970378875732422,0.361328125,0.0005135965004500315,1688
1077,0.010945862159132957,0.9970731735229492,0.390625,0.0005134284006790789,2050
1078,0.016905780881643295,0.9955379366874695,0.5703125,0.0005132601656612001,2017
1079,0.0448051355779171,0.9918765425682068,1.046875,0.0005130917955055609,1231
1080,0.007716994266957045,0.9992673993110657,0.26171875,0.0005129232903214147,1365
1081,0.008744520135223866,0.998487114906311,0.2890625,0.0005127546502181028,1983
1082,0.0027060876600444317,1.0,0.1845703125,0.0005125858753050539,1365
1083,0.039602652192115784,0.9945945739746094,0.828125,0.0005124169656917844,740
1084,0.006384256295859814,0.9984552264213562,0.31640625,0.0005122479214878977,1942
1085,0.005128116812556982,0.9985707402229309,0.34765625,0.0005120787428030847,2099
1086,0.07386531680822372,0.9889065027236938,0.89453125,0.0005119094297471238,1262
1087,0.022877968847751617,0.9953774809837341,0.55859375,0.0005117399824298803,1298
1088,0.007520788814872503,0.9988151788711548,0.470703125,0.0005115704009613067,1688
1089,0.022297387942671776,0.9939560294151306,0.50390625,0.0005114006854514427,1820
1090,0.02973056770861149,0.9940119981765747,0.65234375,0.0005112308360104149,1336
1091,0.01976153627038002,0.9918367266654968,0.875,0.0005110608527484363,1225
1092,0.003736538114026189,0.9986613392829895,0.294921875,0.0005108907357758077,1494
1093,0.04154263436794281,0.9932684898376465,0.6953125,0.000510720485202916,1337
1094,0.007733097765594721,0.998236358165741,0.294921875,0.0005105501011402349,1701
1095,0.017795411869883537,0.9968178272247314,0.412109375,0.0005103795836983248,1257
1096,0.0184218380600214,0.9949076771736145,0.48828125,0.0005102089329878327,1571
1097,0.018804211169481277,0.993559718132019,0.69921875,0.0005100381491194917,1708
1098,0.041801247745752335,0.9925023317337036,0.83203125,0.0005098672322041219,1067
1099,0.0065592252649366856,0.9990088939666748,0.23046875,0.0005096961823526294,2018
1100,0.01812480017542839,0.9965253472328186,0.6796875,0.0005095249996760065,1439
1101,0.016851365566253662,0.9960119724273682,0.51171875,0.0005093536842853318,2006
1102,0.04311525449156761,0.9902182221412659,0.73046875,0.00050918223629177,1329
1103,0.015305331908166409,0.9978094100952148,0.396484375,0.0005090106558065718,1826
1104,0.004680539947003126,0.9990084171295166,0.1982421875,0.0005088389429410739,2017
1105,0.03826326131820679,0.9918032884597778,0.6640625,0.0005086670978066991,1220
1106,0.012690153904259205,0.9986254572868347,0.34375,0.0005084951205149557,1455
1107,0.007684751879423857,0.998039186000824,0.287109375,0.000508323011177438,1530
1108,0.027299150824546814,0.9942857027053833,0.58984375,0.0005081507699058256,1400
1109,0.038002628833055496,0.9898648858070374,1.0546875,0.0005079783968118842,1184
1110,0.053117379546165466,0.9908027052879333,0.87890625,0.000507805892007465,1196
1111,0.01187269575893879,0.9980487823486328,0.32421875,0.0005076332556045041,2050
1112,0.01965433917939663,0.9943135380744934,0.71484375,0.0005074604877150237,1231
1113,0.023641597479581833,0.9963076710700989,0.55078125,0.000507287588451131,1625
1114,0.031404975801706314,0.9912698268890381,0.7890625,0.0005071145579250182,1260
1115,0.01885332353413105,0.9936842322349548,1.203125,0.000506941396248963,475
1116,0.013336742296814919,0.9973045587539673,0.3671875,0.0005067681035353284,1484
1117,0.005633258726447821,0.9980372786521912,0.24609375,0.000506594679896562,2038
1118,0.04392312094569206,0.9831730723381042,1.078125,0.0005064211254451964,1248
1119,0.02718585729598999,0.9885795712471008,0.84765625,0.0005062474402938494,1401
1120,0.008508054539561272,0.9964438080787659,0.40625,0.0005060736245552232,1406
1121,0.012709925882518291,0.9954379796981812,0.60546875,0.0005058996783421051,1096
1122,0.009307551197707653,0.9976940751075745,0.41796875,0.0005057256017673669,1301
1123,0.004949763882905245,0.9991103410720825,0.2734375,0.0005055513949439649,1124
1124,0.01703752391040325,0.9964664578437805,0.7109375,0.00050537705798494,1415
1125,0.021801214665174484,0.9950082898139954,0.62109375,0.0005052025910034177,1202
1126,0.006231213919818401,0.9985775351524353,0.27734375,0.0005050279941126078,1406
1127,0.020315932109951973,0.9948506951332092,0.51953125,0.000504853267425804,1942
1128,0.019493242725729942,0.9952830076217651,0.640625,0.0005046784110563848,1484
1129,0.007401361130177975,0.9975961446762085,0.443359375,0.0005045034251178127,1248
1130,0.010261733084917068,0.9976940751075745,0.55859375,0.0005043283097236339,1301
1131,0.03392354026436806,0.9912087917327881,0.6796875,0.000504153064987479,1820
1132,0.01344012189656496,0.9963076710700989,0.5,0.0005039776910230622,1625
1133,0.021483933553099632,0.9950445890426636,0.486328125,0.0005038021879441822,2018
1134,0.021941276267170906,0.9940505623817444,0.53125,0.0005036265558647208,2017
1135,0.01816110871732235,0.99443119764328,0.5859375,0.0005034507948986437,1257
1136,0.018022185191512108,0.9950529932975769,0.703125,0.0005032749051600003,1415
1137,0.008163133636116982,0.998236358165741,0.263671875,0.0005030988867629237,1701
1138,0.012996402569115162,0.9950082898139954,0.63671875,0.0005029227398216301,1202
1139,0.03181034326553345,0.9909836053848267,0.8359375,0.0005027464644504195,1220
1140,0.009936423972249031,0.9959839582443237,0.58203125,0.000502570060763675,1494
1141,0.008206402882933617,0.9982206225395203,0.50390625,0.0005023935288758631,1124
1142,0.0023783084470778704,1.0,0.1064453125,0.0005022168689015334,1401
1143,0.015537695959210396,0.9964454770088196,0.58984375,0.0005020400809553186,1688
1144,0.02958994358778,0.9945945739746094,0.73046875,0.0005018631651519344,740
1145,0.013966850005090237,0.9965253472328186,0.5625,0.0005016861216061798,1439
1146,0.007357291877269745,0.9970695972442627,0.37109375,0.0005015089504329361,1365
1147,0.006037435960024595,0.9974662065505981,0.275390625,0.0005013316517471681,1184
1148,0.02602715790271759,0.9949076771736145,0.63671875,0.0005011542256639227,1571
1149,0.03254544734954834,0.9950711727142334,0.5859375,0.0005009766722983299,1826
1150,0.018607789650559425,0.9945164322853088,0.58984375,0.0005007989917656023,2006
1151,0.011999711394309998,0.9967346787452698,0.63671875,0.0005006211841810345,1225
1152,0.014104552567005157,0.998504102230072,0.328125,0.0005004432496600042,1337
1153,0.00765927042812109,0.9981256127357483,0.470703125,0.0005002651883179711,1067
1154,0.00548367528244853,0.999018669128418,0.1767578125,0.0005000870002704772,2038
1155,0.009028230793774128,0.9975629448890686,0.447265625,0.000499908685633147,1231
1156,0.01939617097377777,0.9971428513526917,0.498046875,0.0004997302445216866,1400
1157,0.006382301915436983,0.9978947639465332,1.0625,0.0004995516770518848,475
1158,0.029467178508639336,0.9920760989189148,0.78515625,0.000499372983339612,1262
1159,0.005303843878209591,0.9979381561279297,0.2294921875,0.0004991941635008204,1455
1160,0.007804699242115021,0.9984951019287109,0.291015625,0.0004990152176515447,1329
1161,0.04252973943948746,0.9900468587875366,1.0546875,0.0004988361459079005,1708
1162,0.009552346542477608,0.9970731735229492,0.3046875,0.0004986569483860857,2050
1163,0.021604890003800392,0.9947593808174133,0.58203125,0.0004984776252023797,2099
1164,0.00279548903927207,1.0,0.1708984375,0.0004982981764731432,1096
1165,0.03326571732759476,0.9941176176071167,0.546875,0.0004981186023148184,1530
1166,0.05435468629002571,0.9917664527893066,0.91015625,0.0004979389028439295,1336
1167,0.03141862154006958,0.9959657192230225,0.6171875,0.0004977590781770811,1983
1168,0.007497607264667749,0.9983277320861816,0.5,0.0004975791284309596,1196
1169,0.013397187925875187,0.9984126687049866,0.515625,0.0004973990537223325,1260
1170,0.01069703884422779,0.9984591603279114,0.376953125,0.0004972188541680483,1298
1171,0.009594563394784927,0.9975041747093201,0.388671875,0.0004970385298850366,1202
1172,0.008100360631942749,0.9985707402229309,0.30859375,0.0004968580809903076,2099
1173,0.014308849349617958,0.9964285492897034,0.6171875,0.000496677507600953,1400
1174,0.007014280650764704,0.9975961446762085,0.466796875,0.0004964968098341446,1248
1175,0.025194905698299408,0.9940758347511292,0.60546875,0.0004963159878071355,1688
1176,0.009306555613875389,0.9973045587539673,0.58984375,0.0004961350416372588,1484
1177,0.0018638084875419736,1.0,0.10009765625,0.0004959539714419289,1096
1178,0.014628622680902481,0.9950819611549377,0.4453125,0.00049577277733864,1220
1179,0.012758002616465092,0.9977426528930664,0.41015625,0.0004955914594449671,1329
1180,0.006830587051808834,0.9981538653373718,0.455078125,0.0004954100178785653,1625
1181,0.0028926674276590347,1.0,0.24609375,0.0004952284527571702,1225
1182,0.010060878470540047,0.997144877910614,0.451171875,0.0004950467641985975,1401
1183,0.009219658561050892,0.998487114906311,0.283203125,0.0004948649523207427,1983
1184,0.05096511170268059,0.9873684048652649,1.6015625,0.0004946830172415817,475
1185,0.00957326777279377,0.9979402422904968,0.328125,0.0004945009590791702,1942
1186,0.0013620107201859355,1.0,0.0703125,0.0004943187779516436,1262
1187,0.004656768869608641,0.9992514848709106,0.23046875,0.0004941364739772176,1336
1188,0.0031357211992144585,1.0,0.15625,0.000493954047274187,1260
1189,0.0028176195919513702,0.9992887377738953,0.2041015625,0.0004937714979609265,1406
1190,0.010221944190561771,0.9975629448890686,0.4296875,0.0004935888261558904,1231
1191,0.00930448342114687,0.9991638660430908,0.40234375,0.0004934060319776126,1196
1192,0.00573542108759284,0.9985126256942749,0.3046875,0.0004932231155447061,2017
1193,0.0016151476884260774,1.0,0.095703125,0.0004930400769758633,1365
1194,0.0014905090210959315,1.0,0.04052734375,0.0004928569163898563,1494
1195,0.006983912084251642,0.9975466132164001,0.328125,0.0004926736339055357,2038
1196,0.0017723204800859094,1.0,0.07470703125,0.0004924902296418315,1301
1197,0.003589094616472721,0.9992296099662781,0.337890625,0.000492306703717753,1298
1198,0.0035231986548751593,0.9993463754653931,0.216796875,0.000492123056252388,1530
1199,0.012685571797192097,0.9970267415046692,0.41015625,0.0004919392873649033,2018
1200,0.01228351891040802,0.9957770109176636,0.51953125,0.0004917553971745445,1184
1201,0.01489633321762085,0.9979152083396912,0.373046875,0.0004915713858006362,1439
1202,0.008666358888149261,0.9985044598579407,0.26171875,0.0004913872533625813,2006
1203,0.004480855539441109,0.9983516335487366,0.259765625,0.0004912029999798611,1820
1204,0.003901770804077387,0.9988290667533875,0.251953125,0.0004910186257720358,1708
1205,0.01247884426265955,0.9964664578437805,0.5546875,0.000490834130858744,1415
1206,0.0013031652197241783,1.0,0.022705078125,0.000490649515359702,1701
1207,0.001751472009345889,0.9995121955871582,0.11279296875,0.000490464779394705,2050
1208,0.0013450074475258589,1.0,0.072265625,0.0004902799230836265,1337
1209,0.001212660688906908,1.0,0.040771484375,0.0004900949465464174,1455
1210,0.01698487251996994,0.9982206225395203,0.376953125,0.0004899098499031069,1124
1211,0.0018248724518343806,1.0,0.0830078125,0.0004897246332738025,1257
1212,0.013066205196082592,0.9971883893013,0.361328125,0.0004895392967786891,1067
1213,0.009266912937164307,0.9967141151428223,0.39453125,0.0004893538405380294,1826
1214,0.0021575524006038904,1.0,0.1044921875,0.000489168264672164,1571
1215,0.014816556125879288,0.9986486434936523,0.40625,0.0004889825693015113,740
1216,0.006352385506033897,0.9983673691749573,0.341796875,0.0004887967545465668,1225
1217,0.00116428651381284,1.0,0.031005859375,0.0004886108205279038,1067
1218,0.0008648491930216551,1.0,0.0179443359375,0.0004884247673661727,740
1219,0.0018105872441083193,1.0,0.09765625,0.00048823859518210146,1494
1220,0.031119002029299736,0.9936842322349548,0.62890625,0.00048805230409649527,475
1221,0.009068205952644348,0.997802197933197,0.337890625,0.00048786589423023633,1820
1222,0.008112016133964062,0.9993050694465637,0.267578125,0.00048767936570428394,1439
1223,0.003210068680346012,0.9994956851005554,0.138671875,0.0004874927186396744,1983
1224,0.006061585154384375,0.9995042085647583,0.1318359375,0.0004873059531575211,2017
1225,0.001604327349923551,0.9994121193885803,0.1748046875,0.0004871190693790141,1701
1226,0.001400280394591391,1.0,0.08251953125,0.00048693206742542015,1400
1227,0.010263795964419842,0.9984591603279114,0.287109375,0.00048674494741808284,1298
1228,0.007144871633499861,0.9979784488677979,0.375,0.0004865577094784224,1484
1229,0.010662117972970009,0.9977545142173767,0.3984375,0.00048637035372793536,1336
1230,0.0044558304361999035,0.9985865950584412,0.2236328125,0.0004861828802881949,1415
1231,0.00518214562907815,0.9984552264213562,0.1650390625,0.00048599528928085055,1942
1232,0.0012356230290606618,1.0,0.0654296875,0.00048580758082762807,1625
1233,0.0007943439413793385,1.0,0.014892578125,0.00048561975505032924,1337
1234,0.0013492031721398234,1.0,0.054931640625,0.00048543181207083243,1708
1235,0.0021907712798565626,0.9994075894355774,0.14453125,0.00048524375201109164,1688
1236,0.004182592965662479,0.9984951019287109,0.267578125,0.00048505557499313706,1329
1237,0.003069582162424922,0.9993463754653931,0.1435546875,0.00048486728113907474,1530
1238,0.006724089849740267,0.9990875720977783,0.193359375,0.0004846788705710864,1096
1239,0.0009801776614040136,1.0,0.1357421875,0.00048449034341142974,1196
1240,0.0017684961203485727,0.9995044469833374,0.1533203125,0.0004843016997824379,2018
1241,0.004099017009139061,0.9985724687576294,0.2451171875,0.0004841129398065197,1401
1242,0.0034876936115324497,0.9991554021835327,0.2158203125,0.0004839240636061595,1184
1243,0.008367604576051235,0.9991876482963562,0.455078125,0.0004837350713039171,1231
1244,0.001431565498933196,1.0,0.054931640625,0.0004835459630224273,1220
1245,0.0011322034988552332,1.0,0.0947265625,0.0004833567388844006,1257
1246,0.0009241041843779385,1.0,0.027099609375,0.0004831673990126223,1571
1247,0.0009487181669101119,1.0,0.0250244140625,0.00048297794352995316,1455
1248,0.009772969409823418,0.9970089793205261,0.298828125,0.0004827883725593289,2006
1249,0.002047889167442918,0.9991987347602844,0.15625,0.00048259868622375977,1248
1250,0.0007813782431185246,1.0,0.0186767578125,0.0004824088846463313,1202
1251,0.0005891930777579546,1.0,0.01416015625,0.00048221896795020374,1260
1252,0.0008022620459087193,1.0,0.024169921875,0.00048202893625861183,1301
1253,0.0020271665416657925,0.9995235800743103,0.095703125,0.0004818387896948653,2099
1254,0.000592932163272053,1.0,0.0107421875,0.000481648528382348,1124
1255,0.0013922060607001185,1.0,0.091796875,0.0004814581524445184,1406
1256,0.0022836877033114433,0.9994523525238037,0.259765625,0.00048126766200490945,1826
1257,0.0015175158623605967,0.9992673993110657,0.1259765625,0.0004810770571871284,1365
1258,0.003814264200627804,0.9995121955871582,0.09521484375,0.00048088633811485656,2050
1259,0.002863326109945774,0.999509334564209,0.076171875,0.00048069550491184953,2038
1260,0.003217108082026243,0.999207615852356,0.177734375,0.00048050455770193686,1262
1261,0.0005220599705353379,1.0,0.0098876953125,0.0004803134966090221,1439
1262,0.00100902677513659,1.0,0.06640625,0.0004801223217570827,1942
1263,0.0014818032504990697,1.0,0.09619140625,0.00047993103327017,1220
1264,0.0006345566362142563,1.0,0.0076904296875,0.0004797396312724091,1826
1265,0.0006425158935599029,1.0,0.0220947265625,0.00047954811588799847,1336
1266,0.0005935920053161681,1.0,0.016845703125,0.0004793564872412106,1688
1267,0.0017459035152569413,0.9991680383682251,0.21875,0.000479164745456391,1202
1268,0.000865771493408829,1.0,0.051025390625,0.00047897289065795904,1820
1269,0.0007669131737202406,1.0,0.031494140625,0.000478780922970407,2099
1270,0.0004337468708399683,1.0,0.005523681640625,0.0004785888425183009,1262
1271,0.0010457094758749008,1.0,0.1640625,0.00047839664942627954,1196
1272,0.0006093278643675148,1.0,0.049560546875,0.00047820434381905475,1301
1273,0.0004588936863001436,1.0,0.00543212890625,0.0004780119258214118,1329
1274,0.00042494453373365104,1.0,0.00714111328125,0.0004778193955582085,1365
1275,0.0005174675025045872,1.0,0.01080322265625,0.00047762675315437587,1067
1276,0.00046017224667593837,1.0,0.00860595703125,0.0004774339987349171,1124
1277,0.0007846268126741052,1.0,0.05224609375,0.0004772411324249088,2018
1278,0.0003868101048283279,1.0,0.0069580078125,0.00047704815434949953,1096
1279,0.0004113671893719584,1.0,0.006134033203125,0.0004768550646339108,1184
1280,0.0005623381002806127,1.0,0.01141357421875,0.0004766618634034365,2038
1281,0.00039984448812901974,1.0,0.0050048828125,0.00047646855078344275,1494
1282,0.006376943085342646,0.9992063641548157,0.30859375,0.000476275126899368,1260
1283,0.0004964675754308701,1.0,0.00469970703125,0.00047608159187672287,2017
1284,0.0004091358568985015,1.0,0.005523681640625,0.0004758879458410902,1225
1285,0.003671420505270362,0.9993261694908142,0.294921875,0.00047569418891812477,1484
1286,0.007025696337223053,0.9986486434936523,0.49609375,0.0004755003212335534,740
1287,0.00039120318251661956,1.0,0.0064697265625,0.0004753063429131746,1298
1288,0.0005239068996161222,1.0,0.00543212890625,0.0004751122540828589,2050
1289,0.00042250254773534834,1.0,0.007354736328125,0.00047491805486854835,1455
1290,0.00034597812918946147,1.0,0.004058837890625,0.0004747237453962569,1231
1291,0.0004926463589072227,1.0,0.03173828125,0.00047452932579206966,1406
1292,0.0031065873336046934,0.9992862343788147,0.2412109375,0.00047433479618214346,1401
1293,0.0009669524733908474,1.0,0.0537109375,0.0004741401566927065,1415
1294,0.000500814407132566,1.0,0.0068359375,0.0004739454074500581,1701
1295,0.003788900328800082,0.9978947639465332,0.267578125,0.00047375054858056904,475
1296,0.009035216644406319,0.9984089136123657,0.482421875,0.0004735555802106812,1257
1297,0.0007243099971674383,1.0,0.034423828125,0.0004733605024669073,1983
1298,0.0013561921659857035,0.9993463754653931,0.1787109375,0.00047316531547583117,1530
1299,0.0007039819611236453,1.0,0.04541015625,0.00047297001936410767,1708
1300,0.001007821992971003,0.9993634819984436,0.087890625,0.0004727746142584621,1571
1301,0.0012211630819365382,1.0,0.12060546875,0.0004725791002856909,1625
1302,0.0005440303939394653,1.0,0.0157470703125,0.00047238347757266094,1400
1303,0.002166907535865903,0.9992520809173584,0.283203125,0.0004721877462463096,1337
1304,0.0016789518995210528,0.9995014667510986,0.41015625,0.00047199190643364483,2006
1305,0.0007965379045344889,1.0,0.10546875,0.00047179595826174497,1248
1306,0.0007262328872457147,1.0,0.0849609375,0.00047159990185775873,1262
1307,0.0025470859836786985,0.9991638660430908,0.2109375,0.0004714037373489049,1196
1308,0.0005017934599891305,1.0,0.0185546875,0.0004712074648624726,1439
1309,0.0006777043454349041,1.0,0.0322265625,0.0004710110845258207,1257
1310,0.000722832977771759,1.0,0.033447265625,0.00047081459646637847,2050
1311,0.00058592832647264,1.0,0.012451171875,0.0004706180008116448,1571
1312,0.0027597418520599604,0.9995044469833374,0.11376953125,0.00047042129768918846,2018
1313,0.0008163028978742659,1.0,0.0888671875,0.0004702244872266481,1415
1314,0.0019283361034467816,0.9995014667510986,0.0908203125,0.00047002756955173176,2006
1315,0.0005499815451912582,1.0,0.010009765625,0.00046983054479221716,1329
1316,0.0005762925720773637,1.0,0.031982421875,0.00046963341307595165,1067
1317,0.0010395243298262358,1.0,0.07568359375,0.00046943617453085184,1983
1318,0.0005892754998058081,1.0,0.0203857421875,0.0004692388292849035,1708
1319,0.005941664334386587,0.9982227683067322,0.431640625,0.00046904137746616207,1688
1320,0.0004547441494651139,1.0,0.0086669921875,0.0004688438192027517,1406
1321,0.0007708538323640823,1.0,0.064453125,0.0004686461546228659,1942
1322,0.00048153934767469764,1.0,0.0067138671875,0.00046844838385476703,1701
1323,0.0008718636818230152,1.0,0.10107421875,0.0004682505070267864,1530
1324,0.025280460715293884,0.9957894682884216,0.77734375,0.0004680525242673242,475
1325,0.011821102350950241,0.9989047050476074,0.1630859375,0.00046785443570484923,1826
1326,0.010026161558926105,0.9993306398391724,0.08154296875,0.000467656241467899,1494
1327,0.011361748911440372,0.9972972869873047,0.5859375,0.00046745794168507964,740
1328,0.0004983078688383102,1.0,0.01171875,0.0004672595364850656,1336
1329,0.004902102518826723,0.999312698841095,0.267578125,0.0004670610259966,1455
1330,0.0011427116114646196,1.0,0.11669921875,0.00046686241034849424,1184
1331,0.005769358016550541,0.9992673993110657,0.2490234375,0.00046666368966962764,1365
1332,0.0011678102891892195,1.0,0.15625,0.0004664648640889479,1096
1333,0.005920837167650461,0.9985126256942749,0.37890625,0.0004662659337354709,2017
1334,0.012836460024118423,0.9991836547851562,0.0673828125,0.0004660668987382803,1225
1335,0.0008868778240866959,1.0,0.033447265625,0.0004658677592265279,1260
1336,0.0029688605573028326,0.9992313385009766,0.228515625,0.00046566851532943296,1301
1337,0.0006017161067575216,1.0,0.0159912109375,0.00046546916717628273,1231
1338,0.0022694114595651627,1.0,0.181640625,0.00046526971489643223,1484
1339,0.007700024638324976,0.9991987347602844,0.33203125,0.00046507015861930366,1248
1340,0.001502801082096994,0.9991103410720825,0.16796875,0.000464870498474387,1124
1341,0.004028960596770048,0.9983360767364502,0.46484375,0.0004646707345912397,1202
1342,0.003723887028172612,0.998504102230072,0.365234375,0.0004644708670994861,1337
1343,0.006595063488930464,0.9985724687576294,0.35546875,0.00046427089612881826,1401
1344,0.0035119361709803343,0.999018669128418,0.162109375,0.00046407082180899517,2038
1345,0.008372663520276546,0.9975384473800659,0.578125,0.0004638706442698428,1625
1346,0.011311507783830166,0.9967213273048401,0.69140625,0.00046367036364125416,1220
1347,0.0022844451013952494,0.9990471601486206,0.208984375,0.00046346998005318915,2099
1348,0.010600579902529716,0.9989010691642761,0.2216796875,0.00046326949363567464,1820
1349,0.005380702205002308,0.9992296099662781,0.275390625,0.0004630689045188039,1298
1350,0.0021861193235963583,1.0,0.2451171875,0.00046286821283273723,1400
1351,0.009693678468465805,0.9975510239601135,0.486328125,0.00046266741870770126,1225
1352,0.0019015819998458028,0.9995235800743103,0.2060546875,0.000462466522273989,2099
1353,0.005121511407196522,0.9988242387771606,0.466796875,0.0004622655236619601,1701
1354,0.007720704656094313,0.9985347986221313,0.24609375,0.0004620644230020402,1365
1355,0.0012296574423089623,1.0,0.0830078125,0.0004618632204247214,1983
1356,0.0028045757208019495,0.9992887377738953,0.1826171875,0.0004616619160605621,1406
1357,0.010604912415146828,0.9973045587539673,0.65234375,0.00046146051004018616,1484
1358,0.0056977663189172745,0.9969902038574219,0.404296875,0.000461259002494284,1329
1359,0.011997601948678493,0.9955123662948608,0.71484375,0.00046105739355361153,1337
1360,0.02595480903983116,0.9937722682952881,0.59765625,0.0004608556833489907,1124
1361,0.012439621612429619,0.9992296099662781,0.201171875,0.0004606538720113091,1298
1362,0.005890693981200457,0.9979152083396912,0.384765625,0.0004604519596715199,1439
1363,0.0040855975821614265,0.9993306398391724,0.2421875,0.00046024994646064166,1494
1364,0.0024559078738093376,1.0,0.1376953125,0.0004600478325097587,1455
1365,0.007034484762698412,0.9985724687576294,0.46484375,0.0004598456179500206,1401
1366,0.019007904455065727,0.9934425950050354,0.921875,0.00045964330291264216,1220
1367,0.005852012895047665,0.9975041747093201,0.5078125,0.00045944088752890327,1202
1368,0.004752418026328087,0.9984627366065979,0.287109375,0.0004592383719301494,1301
1369,0.0014021593378856778,1.0,0.1162109375,0.0004590357562477904,1336
1370,0.003067080629989505,0.9991987347602844,0.298828125,0.0004588330406133016,1248
1371,0.025507714599370956,0.9920760989189148,0.7890625,0.0004586302251582228,1262
1372,0.01043116208165884,0.9972617626190186,0.5703125,0.0004584273100141589,1826
1373,0.0009975354187190533,1.0,0.06884765625,0.00045822429531277924,1231
1374,0.011038600467145443,0.9981256127357483,0.6328125,0.00045802118118581784,1067
1375,0.004273056518286467,0.9989010691642761,0.2490234375,0.00045781796776507333,1820
1376,0.0073867859318852425,0.9975210428237915,0.39453125,0.00045761465518240867,2017
1377,0.06911325454711914,0.9915789365768433,1.4765625,0.0004574112435697512,475
1378,0.016782168298959732,0.994549036026001,0.6640625,0.00045720773305909243,2018
1379,0.02178961969912052,0.9957143068313599,0.5234375,0.0004570041237824883,1400
1380,0.024326305836439133,0.9932432174682617,0.9140625,0.00045680041587205835,1184
1381,0.0013316203840076923,1.0,0.06591796875,0.00045659660945998674,1096
1382,0.016612589359283447,0.9965853691101074,0.451171875,0.000456392704678521,2050
1383,0.012516559101641178,0.9956923127174377,0.5,0.0004561887016599729,1625
1384,0.005752636585384607,0.9985044598579407,0.2353515625,0.00045598460053671784,2006
1385,0.007651833351701498,0.9979402422904968,0.392578125,0.00045578040144119455,1942
1386,0.020607847720384598,0.9945945739746094,0.87109375,0.0004555761045059058,740
1387,0.009514941833913326,0.9968178272247314,0.79296875,0.0004553717098634176,1257
1388,0.0018590070540085435,1.0,0.11767578125,0.00045516721764635946,1196
1389,0.006759290117770433,0.9985279440879822,0.36328125,0.00045496262798742416,2038
1390,0.020748857408761978,0.9934834241867065,0.65625,0.00045475794101936765,1688
1391,0.0019440879113972187,1.0,0.06689453125,0.00045455315687500914,1571
1392,0.010711564682424068,0.9960317611694336,0.455078125,0.0004543482756872308,1260
1393,0.005680272821336985,0.9985865950584412,0.236328125,0.0004541432975889777,1415
1394,0.03259880095720291,0.9941452145576477,0.5078125,0.00045393822271325824,1708
1395,0.04949982091784477,0.9869281053543091,0.90234375,0.0004537330511931429,1530
1396,0.007137745153158903,0.995945930480957,0.54296875,0.0004535277831617655,740
1397,0.013563772663474083,0.9960356950759888,0.3359375,0.0004533224187523221,2018
1398,0.034700747579336166,0.993050754070282,0.59765625,0.00045311695809807146,1439
1399,0.01125781238079071,0.995938241481781,0.451171875,0.00045291140133233473,1231
1400,0.021621160209178925,0.9949324131011963,0.5546875,0.0004527057485884957,1184
1401,0.00371139426715672,1.0,0.19140625,0.00045249999999999994,1708
1402,0.018379032611846924,0.995604395866394,0.44921875,0.0004522941557003556,1820
1403,0.02564949356019497,0.9896579384803772,0.890625,0.00045208821582313276,1257
1404,0.016171958297491074,0.9928876161575317,0.72265625,0.00045188218050196355,1406
1405,0.017109688371419907,0.9977561831474304,0.265625,0.00045167604987054213,1337
1406,0.02668444626033306,0.9950421452522278,0.39453125,0.0004514698240626244,2017
1407,0.011365871876478195,0.996925413608551,0.5,0.00045126350321202796,1301
1408,0.030261965468525887,0.9919928908348083,0.91015625,0.0004510570874526323,1124
1409,0.01975676417350769,0.9941763877868652,0.84375,0.00045085057691837834,1202
1410,0.0053700655698776245,0.9988151788711548,0.2734375,0.00045064397174326845,1688
1411,0.024738268926739693,0.996257483959198,0.48828125,0.00045043727206136653,1336
1412,0.010069666430354118,0.9971731305122375,0.337890625,0.00045023047800679775,1415
1413,0.015575708821415901,0.9938367009162903,0.55859375,0.00045002358971374856,1298
1414,0.020131412893533707,0.9946341514587402,0.55078125,0.00044981660731646656,2050
1415,0.014939416199922562,0.9979402422904968,0.388671875,0.00044960953094926016,1942
1416,0.015068880282342434,0.9968253970146179,0.52734375,0.00044940236074649925,1260
1417,0.01164162065833807,0.9936842322349548,0.8984375,0.0004491950968426142,475
1418,0.03899884223937988,0.9926739931106567,0.7421875,0.00044898773937209635,1365
1419,0.019262058660387993,0.9950711727142334,0.671875,0.0004487802884694976,1826
1420,0.011821411550045013,0.9979381561279297,0.439453125,0.0004485727442694307,1455
1421,0.02085110731422901,0.9973226189613342,0.482421875,0.0004483651069065687,1494
1422,0.07143459469079971,0.9844262003898621,1.1015625,0.00044815737651564546,1220
1423,0.014869735576212406,0.9971414804458618,0.384765625,0.00044794955323145474,2099
1424,0.012295350432395935,0.9967346787452698,0.625,0.000447741637188851,1225
1425,0.031279079616069794,0.9904912710189819,0.84375,0.00044753362852274856,1262
1426,0.008589612320065498,0.9986928105354309,0.435546875,0.000447325527368122,1530
1427,0.0031376357655972242,1.0,0.1474609375,0.0004471173338600059,1248
1428,0.01117569301277399,0.9970605373382568,0.384765625,0.00044690904813349497,1701
1429,0.030522748827934265,0.9950035810470581,0.56640625,0.00044670067032374325,1401
1430,0.03620850294828415,0.9921491742134094,0.62109375,0.000446492200565965,2038
1431,0.025996685028076172,0.9949076771736145,0.421875,0.00044628363899543405,1571
1432,0.03003767877817154,0.9919137358665466,0.62109375,0.0004460749857474835,1484
1433,0.006013133563101292,0.9991638660430908,0.17578125,0.00044586624095750645,1196
1434,0.015193917788565159,0.9969230890274048,0.51171875,0.000445657404760955,1625
1435,0.01745634153485298,0.9971883893013,0.302734375,0.00044544847729334063,1067
1436,0.016515865921974182,0.9957143068313599,0.515625,0.00044523945869023423,1400
1437,0.039038147777318954,0.9908758997917175,0.921875,0.0004450303490872656,1096
1438,0.020918091759085655,0.9944528341293335,0.609375,0.00044482114862012367,1983
1439,0.033448055386543274,0.9902182221412659,0.703125,0.0004446118574245566,1329
1440,0.018969213590025902,0.9975074529647827,0.322265625,0.0004444024756363709,2006
1441,0.007807724643498659,0.9985044598579407,0.1953125,0.00044419300339143216,2006
1442,0.0180471520870924,0.9973045587539673,0.431640625,0.0004439834408256648,1484
1443,0.01953313685953617,0.9963369965553284,0.65625,0.00044377378807505157,1365
1444,0.006864563561975956,0.9991987347602844,0.2255859375,0.00044356404527563396,1248
1445,0.05265789479017258,0.9885795712471008,0.84375,0.00044335421256351174,1401
1446,0.025310901924967766,0.9925205707550049,0.640625,0.000443144290074843,1337
1447,0.02504630945622921,0.9939804077148438,0.57421875,0.0004429342779458443,1329
1448,0.0031334764789789915,1.0,0.142578125,0.0004427241763127901,1124
1449,0.014837066642940044,0.9986486434936523,0.431640625,0.0004425139853120132,740
1450,0.015997448936104774,0.9945017099380493,0.62109375,0.00044230370507990425,1455
1451,0.00935743935406208,0.9971731305122375,0.458984375,0.00044209333575291165,1415
1452,0.010610129684209824,0.9970725774765015,0.34375,0.00044188287746754187,1708
1453,0.00954925362020731,0.9984126687049866,0.365234375,0.0004416723303603592,1260
1454,0.032851506024599075,0.9921568632125854,0.578125,0.000441461694567985,1530
1455,0.005803274922072887,0.9990088939666748,0.2412109375,0.0004412509702270989,2018
1456,0.007473472040146589,0.998769223690033,0.294921875,0.00044104015747443737,1625
1457,0.006685076281428337,0.9992296099662781,0.2109375,0.0004408292564467946,1298
1458,0.03596086427569389,0.9907317161560059,0.64453125,0.000440618267281022,2050
1459,0.0066324276849627495,0.9989701509475708,0.25390625,0.00044040719011402817,1942
1460,0.006136580836027861,0.9993050694465637,0.244140625,0.00044019602508277875,1439
1461,0.01811898685991764,0.9955089688301086,0.51953125,0.00043998477232429656,1336
1462,0.002443616045638919,1.0,0.09228515625,0.000439773431975661,1701
1463,0.002698266413062811,1.0,0.1435546875,0.0004395620041740087,1184
1464,0.013245752081274986,0.9976940751075745,0.357421875,0.0004393504890565328,1301
1465,0.011552677489817142,0.9985775351524353,0.369140625,0.0004391388867604831,1406
1466,0.01620844192802906,0.9975466132164001,0.376953125,0.00043892719742316623,2038
1467,0.014496434479951859,0.9966555237770081,0.53515625,0.00043871542118194496,1196
1468,0.0030851345509290695,0.9990627765655518,0.1298828125,0.0004385035581742385,1067
1469,0.03699183091521263,0.9935547709465027,0.64453125,0.0004382916085375228,2017
1470,0.010401134379208088,0.9967505931854248,0.640625,0.0004380795724093292,1231
1471,0.004821314010769129,0.9989047050476074,0.17578125,0.000437867449927246,1826
1472,0.006637577898800373,0.9978571534156799,0.45703125,0.000437655241228917,1400
1473,0.003993583377450705,0.9993306398391724,0.19921875,0.0004374429464520423,1494
1474,0.011902399361133575,0.9984152317047119,0.470703125,0.00043723056573437746,1262
1475,0.004262925125658512,0.9978947639465332,0.296875,0.00043701809921373413,475
1476,0.026315150782465935,0.9918032884597778,0.83203125,0.00043680554702797957,1220
1477,0.00440203957259655,0.9988151788711548,0.259765625,0.00043659290931503643,1688
1478,0.01622316986322403,0.9959183931350708,0.6015625,0.00043638018621288327,1225
1479,0.012716450728476048,0.9980943202972412,0.263671875,0.0004361673778595536,2099
1480,0.004587931092828512,0.9983360767364502,0.2890625,0.0004359544843931364,1202
1481,0.009736127220094204,0.9955442547798157,0.486328125,0.00043574150595177615,1571
1482,0.006906598806381226,0.9989914298057556,0.2294921875,0.00043552844267367215,1983
1483,0.008170905523002148,0.9963503479957581,0.443359375,0.00043531529469707867,1096
1484,0.00705888494849205,0.9984089136123657,0.490234375,0.00043510206216030537,1257
1485,0.020687691867351532,0.9950549602508545,0.57421875,0.0004348887452017164,1820
1486,0.023336762562394142,0.992622971534729,0.796875,0.0004346753439597309,1220
1487,0.022043155506253242,0.996925413608551,0.48828125,0.0004344618585728225,1301
1488,0.002040211809799075,1.0,0.11962890625,0.00043424828917951967,1298
1489,0.0037163561210036278,1.0,0.294921875,0.0004340346359184053,475
1490,0.00955781526863575,0.9960317611694336,0.59765625,0.0004338208989281165,1260
1491,0.006905824411660433,0.9979784488677979,0.328125,0.00043360707834734497,1484
1492,0.01136693637818098,0.9983673691749573,0.32421875,0.00043339317431483656,1225
1493,0.003955333959311247,0.999207615852356,0.25390625,0.0004331791869693913,1262
1494,0.007886039093136787,0.998769223690033,0.291015625,0.0004329651164498632,1625
1495,0.013527210801839828,0.9971731305122375,0.46484375,0.00043275096289516044,1415
1496,0.007347738835960627,0.998504102230072,0.296875,0.0004325367264442447,1337
1497,0.0069586969912052155,0.9985714554786682,0.318359375,0.0004323224072361319,1400
1498,0.012587313540279865,0.9970253109931946,0.375,0.00043210800540989134,2017
1499,0.004292842000722885,0.9985724687576294,0.283203125,0.00043189352110464607,1401
1500,0.0027222265489399433,0.9992673993110657,0.1708984375,0.00043167895445957264,1365
1501,0.0054151760414242744,0.9991638660430908,0.384765625,0.00043146430561390094,1196
1502,0.007291440386325121,0.9985279440879822,0.302734375,0.0004312495747069143,2038
1503,0.002919844351708889,0.9995014667510986,0.142578125,0.0004310347618779494,2006
1504,0.003812061855569482,0.9994121193885803,0.259765625,0.00043081986726639583,1701
1505,0.002448727609589696,0.9992514848709106,0.15234375,0.00043060489101169635,1336
1506,0.011559799313545227,0.9969742894172668,0.337890625,0.00043038983325334684,1983
1507,0.002034192206338048,1.0,0.10107421875,0.0004301746941308958,1231
1508,0.006245060358196497,0.9981752038002014,0.55859375,0.0004299594737839448,1096
1509,0.0013982410309836268,1.0,0.08935546875,0.0004297441723521478,1124
1510,0.014014924876391888,0.9952267408370972,0.578125,0.00042952878997521186,1257
1511,0.010559028014540672,0.9972972869873047,0.3671875,0.0004293133267928961,740
1512,0.0013941089855507016,0.9992887377738953,0.1318359375,0.0004290977829450121,1406
1513,0.0013184485724195838,1.0,0.0654296875,0.000428882158571424,1820
1514,0.001851569046266377,1.0,0.109375,0.00042866645381204834,1708
1515,0.002129762200638652,0.9995121955871582,0.1591796875,0.0004284506688068534,2050
1516,0.0037089402321726084,0.9990627765655518,0.2236328125,0.0004282348036958597,1067
1517,0.004913778509944677,0.9987269043922424,0.37109375,0.0004280188586191399,1571
1518,0.0024742409586906433,0.9991680383682251,0.267578125,0.00042780283371681826,1202
1519,0.0039050213526934385,0.9990088939666748,0.2578125,0.0004275867291290711,2018
1520,0.004678760189563036,0.9978094100952148,0.326171875,0.0004273705449961264,1826
1521,0.00348509824834764,0.9986254572868347,0.365234375,0.00042715428145826344,1455
1522,0.02634294703602791,0.9934640526771545,0.6171875,0.0004269379386558136,1530
1523,0.004007316660135984,0.9986613392829895,0.50390625,0.0004267215167291592,1494
1524,0.0019136188784614205,0.9994075894355774,0.1669921875,0.000426505015818734,1688
1525,0.0009804873261600733,1.0,0.03076171875,0.00042628843606502326,1329
1526,0.01648220233619213,0.9966216087341309,0.640625,0.00042607177760856324,1184
1527,0.0018594504799693823,1.0,0.173828125,0.00042585504058994107,1439
1528,0.00944378599524498,0.9976179003715515,0.62890625,0.00042563822514979523,2099
1529,0.005193897057324648,0.9979402422904968,0.255859375,0.00042542133142881483,1942
1530,0.001685002469457686,0.9991987347602844,0.173828125,0.0004252043595677399,1248
1531,0.0060426522977650166,0.9983606338500977,0.27734375,0.00042498730970736104,1220
1532,0.0017994861118495464,0.999509334564209,0.1669921875,0.0004247701819885196,2038
1533,0.005729645024985075,0.9990875720977783,0.318359375,0.0004245529765521074,1096
1534,0.0055083478800952435,0.9985044598579407,0.3984375,0.0004243356935390667,2006
1535,0.0038666611071676016,0.999207615852356,0.2734375,0.0004241183330903899,1262
1536,0.016777465119957924,0.9950529932975769,0.76171875,0.00042390089534712023,1415
1537,0.006065472029149532,0.9986254572868347,0.400390625,0.0004236833804503504,1455
1538,0.0016607871511951089,1.0,0.10302734375,0.0004234657885412235,1067
1539,0.0017196163535118103,0.9992856979370117,0.14453125,0.00042324811976093265,1400
1540,0.0013698439579457045,1.0,0.10205078125,0.00042303037425072055,1225
1541,0.002079891739413142,0.9994505643844604,0.193359375,0.00042281255215188005,1820
1542,0.010643868707120419,0.9964454770088196,0.546875,0.0004225946536057537,1688
1543,0.0006774722132831812,1.0,0.0223388671875,0.00042237667875373325,1701
1544,0.004090387374162674,0.9990084171295166,0.19921875,0.0004221586277372602,2017
1545,0.0030948081985116005,0.9978947639465332,0.2275390625,0.00042194050069782575,475
1546,0.0009831038769334555,1.0,0.03955078125,0.0004217222977769698,1826
1547,0.0005305721424520016,1.0,0.014892578125,0.00042150401911628224,740
1548,0.006266153883188963,0.9983360767364502,0.38671875,0.0004212856648574015,1202
1549,0.0014363436494022608,0.9991638660430908,0.291015625,0.00042106723514201525,1196
1550,0.006919780746102333,0.9983974099159241,0.384765625,0.0004208487301118603,1248
1551,0.0008299078326672316,1.0,0.0341796875,0.0004206301499087221,1365
1552,0.0020326331723481417,1.0,0.1865234375,0.00042041149467443497,1625
1553,0.0019096874166280031,1.0,0.1533203125,0.0004201927645508821,1298
1554,0.0052229552529752254,0.998039186000824,0.34765625,0.00041997395967999484,1530
1555,0.012058939784765244,0.9959839582443237,0.54296875,0.0004197550802037533,1494
1556,0.002163865603506565,1.0,0.1728515625,0.00041953612626418626,1439
1557,0.0005437289364635944,1.0,0.01104736328125,0.00041931709800337034,1329
1558,0.0018007759936153889,0.9993634819984436,0.1572265625,0.00041909799556343063,1571
1559,0.00973859615623951,0.9984126687049866,0.40625,0.00041887881908654037,1260
1560,0.0008797514601610601,1.0,0.0400390625,0.0004186595687149207,1942
1561,0.0020942336414009333,1.0,0.1806640625,0.000418440244590841,1708
1562,0.0036129308864474297,0.9995235800743103,0.1689453125,0.00041822084685661805,2099
1563,0.0008193725370801985,1.0,0.017578125,0.0004180013756546168,1983
1564,0.004737015813589096,0.9977545142173767,0.32421875,0.00041778183112724986,1336
1565,0.01688188500702381,0.9946619272232056,0.6875,0.00041756221341697703,1124
1566,0.001242625410668552,1.0,0.08056640625,0.0004173425226663061,1337
1567,0.009888260625302792,0.9975629448890686,0.45703125,0.00041712275901779184,1231
1568,0.003521519945934415,0.9995121955871582,0.19921875,0.00041690292261403647,2050
1569,0.0009103937190957367,1.0,0.05322265625,0.00041668301359768965,1406
1570,0.0010582823306322098,1.0,0.05615234375,0.0004164630321114478,1257
1571,0.0008710108231753111,1.0,0.038818359375,0.0004162429782980545,1401
1572,0.001800520345568657,1.0,0.1171875,0.00041602285230030037,2018
1573,0.003306374652311206,0.9993261694908142,0.33984375,0.0004158026542610227,1484
1574,0.0051524522714316845,0.9976940751075745,0.392578125,0.00041558238432310563,1301
1575,0.00492671737447381,0.9983108043670654,0.388671875,0.00041536204262948014,1184
1576,0.0006706996355205774,1.0,0.035400390625,0.0004151416293231232,1484
1577,0.0007095573819242418,1.0,0.0556640625,0.00041492114454705874,1336
1578,0.003741567488759756,0.9993634819984436,0.28125,0.0004147005884443571,1571
1579,0.0014332033460959792,0.9995121955871582,0.1318359375,0.00041447996115813457,2050
1580,0.0005365928518585861,1.0,0.01507568359375,0.0004142592628315538,1401
1581,0.0022144089452922344,0.9994956851005554,0.1435546875,0.0004140384936078237,1983
1582,0.0037714894860982895,0.9994505643844604,0.24609375,0.0004138176536301988,1820
1583,0.000757770030759275,1.0,0.0296630859375,0.00041359674304197996,1337
1584,0.0016216820804402232,1.0,0.1328125,0.0004133757619865135,1301
1585,0.01285623013973236,0.9975510239601135,0.46875,0.00041315471060719174,1225
1586,0.0037740692496299744,0.9984951019287109,0.326171875,0.0004129335890474526,1329
1587,0.0015356113435700536,0.9994850754737854,0.12060546875,0.00041271239745077924,1942
1588,0.0023140953853726387,0.9993846416473389,0.2431640625,0.00041249113596070056,1625
1589,0.0012449163477867842,0.9994145035743713,0.07861328125,0.00041226980472079086,1708
1590,0.0015244922833517194,0.999312698841095,0.205078125,0.00041204840387466937,1455
1591,0.0009293726179748774,1.0,0.0810546875,0.00041182693356600083,2038
1592,0.006414846982806921,0.9979919791221619,0.33984375,0.00041160539393849505,1494
1593,0.0086398646235466,0.9974662065505981,0.5703125,0.0004113837851359064,1184
1594,0.0010125900153070688,1.0,0.10400390625,0.0004111621073020346,1688
1595,0.00119640096090734,1.0,0.1669921875,0.00041094036058072396,1260
1596,0.0005957683315500617,1.0,0.032958984375,0.00041071854511586344,1124
1597,0.0008735482697375119,1.0,0.0849609375,0.0004104966610513869,2099
1598,0.001329799648374319,1.0,0.1328125,0.00041027470853127236,1298
1599,0.006640999112278223,0.9991680383682251,0.26953125,0.0004100526876995424,1202
1600,0.0023407945409417152,1.0,0.1748046875,0.0004098305987002638,1701
1601,0.0022010207176208496,0.999207615852356,0.3203125,0.00040960844167754794,1262
1602,0.004828120581805706,0.9985865950584412,0.40625,0.00040938621677555,1415
1603,0.0007663802825845778,1.0,0.06494140625,0.0004091639241384693,1231
1604,0.00271612498909235,0.9986928105354309,0.28125,0.0004089415639105491,1530
1605,0.0006565701914951205,1.0,0.0262451171875,0.00040871913623607644,1826
1606,0.0007596568902954459,1.0,0.0986328125,0.0004084966412593825,1257
1607,0.009852823801338673,0.9971883893013,0.59375,0.0004082740791248416,1067
1608,0.005653034429997206,0.9992673993110657,0.2578125,0.0004080514499768721,1365
1609,0.002345854649320245,0.9991638660430908,0.169921875,0.0004078287539599354,1196
1610,0.0011395271867513657,1.0,0.19140625,0.00040760599121853673,740
1611,0.0007983289542607963,1.0,0.0703125,0.0004073831618972243,1400
1612,0.004873459693044424,0.9995044469833374,0.2099609375,0.00040716026614058965,2018
1613,0.004289641045033932,0.9967948794364929,0.44140625,0.0004069373040932675,1248
1614,0.005722062662243843,0.9995042085647583,0.10546875,0.00040671427589993546,2017
1615,0.006233557127416134,0.9983606338500977,0.314453125,0.000406491181705314,1220
1616,0.0014349393313750625,1.0,0.15625,0.0004062680216541666,2006
1617,0.0006357510574162006,1.0,0.078125,0.0004060447958912995,1406
1618,0.000976482464466244,1.0,0.11474609375,0.00040582150456156137,1439
1619,0.006376247853040695,0.9957894682884216,0.734375,0.00040559814780984343,475
1620,0.0059609743766486645,0.9981752038002014,0.4375,0.0004053747257810796,1096
1621,0.0013352438108995557,1.0,0.11865234375,0.00040515123862024593,1625
1622,0.001204838277772069,1.0,0.1044921875,0.0004049276864723609,1484
1623,0.00689387833699584,0.9992313385009766,0.330078125,0.000404704069482485,1301
1624,0.0036799637600779533,0.999312698841095,0.16015625,0.0004044803877957209,1455
1625,0.007387218065559864,0.9985865950584412,0.205078125,0.0004042566415572132,1415
1626,0.0016901862109079957,1.0,0.169921875,0.0004040328309121484,1184
1627,0.007953688502311707,0.9980059862136841,0.1689453125,0.0004038089560057547,2006
1628,0.004402739927172661,0.9992862343788147,0.126953125,0.00040358501698330233,1401
1629,0.0007990904850885272,1.0,0.06298828125,0.0004033610139901028,1708
1630,0.009255281649529934,0.9990875720977783,0.333984375,0.00040313694717150904,1096
1631,0.0059366547502577305,0.9984126687049866,0.3671875,0.0004029128166729159,1260
1632,0.012369896285235882,0.9969183206558228,0.5625,0.0004026886226397589,1298
1633,0.007921397686004639,0.9971883893013,0.56640625,0.0004024643652175153,1067
1634,0.005617687478661537,0.9992856979370117,0.2119140625,0.0004022400445517032,1400
1635,0.004876190796494484,0.9986928105354309,0.279296875,0.000402015660787882,1530
1636,0.000878614722751081,1.0,0.06298828125,0.0004017912140716518,1942
1637,0.0023930631577968597,0.9995044469833374,0.2080078125,0.0004015667045486536,2018
1638,0.008710300549864769,0.9988151788711548,0.197265625,0.0004013421323645692,1688
1639,0.004856634885072708,0.9990471601486206,0.189453125,0.0004011174976651211,2099
1640,0.0011314599541947246,1.0,0.09423828125,0.00040089280059607237,2050
1641,0.015222606249153614,0.9936842322349548,1.203125,0.0004006680413032264,475
1642,0.0008151834481395781,1.0,0.046142578125,0.00040044321993242703,1494
1643,0.0009651096188463271,1.0,0.07275390625,0.00040021833662955847,1571
1644,0.004286484327167273,0.9985347986221313,0.2177734375,0.000399993391540545,1365
1645,0.003982726484537125,0.9988242387771606,0.25390625,0.00039976838481135113,1701
1646,0.01900549791753292,0.9968178272247314,0.55859375,0.0003995433165879813,1257
1647,0.013606039807200432,0.997008204460144,0.376953125,0.0003993181870164798,1337
1648,0.0005695133004337549,1.0,0.016845703125,0.00039909299624293063,1439
1649,0.0018011807696893811,0.9992887377738953,0.1826171875,0.0003988677444134577,1406
1650,0.002406075596809387,0.9991836547851562,0.2470703125,0.0003986424316742247,1225
1651,0.018184704706072807,0.995945930480957,0.66796875,0.0003984170581714344,740
1652,0.015683744102716446,0.9966555237770081,0.263671875,0.00039819162405132916,1196
1653,0.006696444936096668,0.9980168342590332,0.259765625,0.00039796612946019097,2017
1654,0.028145121410489082,0.995245635509491,0.53125,0.00039774057454434065,1262
1655,0.0006511819083243608,1.0,0.0205078125,0.00039751495945013833,1248
1656,0.006169720087200403,0.9980372786521912,0.2353515625,0.00039728928432398325,2038
1657,0.006550843361765146,0.9989010691642761,0.255859375,0.0003970635493123136,1820
1658,0.0010433949064463377,1.0,0.05517578125,0.00039683775456160627,1231
1659,0.001933427294716239,0.9994956851005554,0.087890625,0.0003966119002183771,1983
1660,0.0007622050470672548,1.0,0.0260009765625,0.00039638598642918044,1202
1661,0.00558824697509408,0.9989047050476074,0.310546875,0.00039616001334060943,1826
1662,0.007949785329401493,0.9975410103797913,0.427734375,0.0003959339810992955,1220
1663,0.007119032554328442,0.9977426528930664,0.224609375,0.00039570788985190844,1329
1664,0.0009986328659579158,1.0,0.06103515625,0.00039548173974515645,1124
1665,0.013010973110795021,0.9992514848709106,0.1640625,0.0003952555309257858,1336
1666,0.0008601045701652765,1.0,0.058349609375,0.0003950292635405811,1494
1667,0.005822245497256517,0.9985724687576294,0.2119140625,0.00039480293773636483,1401
1668,0.0038625483866780996,0.9989701509475708,0.1962890625,0.0003945765536599971,1942
1669,0.00469170743599534,0.9981538653373718,0.3203125,0.00039435011145837624,1625
1670,0.0021040046121925116,0.9991554021835327,0.1904296875,0.00039412361127843815,1184
1671,0.0008443535189144313,1.0,0.054443359375,0.0003938970532671562,1439
1672,0.000963025726377964,1.0,0.11279296875,0.00039367043757154165,1455
1673,0.0015554556157439947,0.9995014667510986,0.08154296875,0.0003934437643386429,2006
1674,0.006698427256196737,0.9977561831474304,0.42578125,0.0003932170337155455,1337
1675,0.006365610286593437,0.9983606338500977,0.259765625,0.00039299024584937283,1220
1676,0.002311021089553833,1.0,0.06591796875,0.00039276340088728487,1067
1677,0.007255982607603073,0.9992063641548157,0.275390625,0.0003925364989764788,1260
1678,0.004563507623970509,0.9993634819984436,0.09912109375,0.0003923095402641891,1571
1679,0.0023489133454859257,0.9995042085647583,0.1435546875,0.00039208252489768655,2017
1680,0.001199857797473669,1.0,0.041259765625,0.00039185545302427904,1400
1681,0.002980987774208188,0.9985347986221313,0.318359375,0.000391628324791311,1365
1682,0.0012240544892847538,1.0,0.076171875,0.0003914011403461635,1688
1683,0.0009081153548322618,1.0,0.11669921875,0.0003911738998362542,1701
1684,0.0007694696541875601,1.0,0.042236328125,0.0003909466034090368,2050
1685,0.002527127042412758,1.0,0.146484375,0.00039071925121200154,1329
1686,0.0009129131212830544,1.0,0.033203125,0.00039049184339267484,1262
1687,0.0005542422877624631,1.0,0.0252685546875,0.0003902643800986191,1301
1688,0.003279841737821698,0.9990088939666748,0.267578125,0.00039003686147743276,2018
1689,0.0017611709190532565,1.0,0.11328125,0.0003898092876767504,1336
1690,0.003101700684055686,0.9993261694908142,0.1806640625,0.0003895816588442419,1484
1691,0.0005436314968392253,1.0,0.0128173828125,0.00038935397512761326,2099
1692,0.0006854076054878533,1.0,0.0233154296875,0.0003891262366746061,1708
1693,0.0035125405993312597,0.9984089136123657,0.380859375,0.00038889844363299713,1257
1694,0.01075513195246458,0.9983974099159241,0.3828125,0.00038867059615059913,1248
1695,0.000441879645222798,1.0,0.019287109375,0.0003884426943752597,2038
1696,0.0022957671899348497,0.9993463754653931,0.0986328125,0.0003882147384548616,1530
1697,0.0006839949637651443,1.0,0.031005859375,0.0003879867285373233,740
1698,0.024724015966057777,0.9978798627853394,0.59375,0.00038775866477059776,1415
1699,0.0016824849881231785,0.9994956851005554,0.2294921875,0.00038753054730267326,1983
1700,0.0007435241132043302,1.0,0.0966796875,0.00038730237628157265,1096
1701,0.0011932424968108535,1.0,0.1123046875,0.0003870741518553535,1202
1702,0.0018391503253951669,1.0,0.201171875,0.0003868458741721083,475
1703,0.0008838491630740464,1.0,0.173828125,0.000386617543379964,1124
1704,0.002967455890029669,0.9992887377738953,0.3359375,0.0003863891596270818,1406
1705,0.0017237067222595215,0.9991876482963562,0.244140625,0.00038616072306165767,1231
1706,0.003342270152643323,0.9989010691642761,0.263671875,0.00038593223383192145,1820
1707,0.0012336013605818152,0.9991836547851562,0.1572265625,0.00038570369208613736,1225
1708,0.001268032705411315,0.9991638660430908,0.1494140625,0.0003854750979726037,1196
1709,0.01113359909504652,0.9983570575714111,0.3359375,0.00038524645163965255,1826
1710,0.007280115969479084,0.9992296099662781,0.2392578125,0.0003850177532356502,1298
1711,0.0009522967739030719,1.0,0.091796875,0.0003847890029089967,1826
1712,0.0007791794487275183,1.0,0.07421875,0.0003845602008081252,1196
1713,0.0023322277702391148,0.9991876482963562,0.28125,0.00038433134708150337,1231
1714,0.006410804111510515,0.9995235800743103,0.1259765625,0.0003841024418776316,2099
1715,0.0004961307859048247,1.0,0.0194091796875,0.0003838734853450441,1298
1716,0.006958791520446539,0.9993306398391724,0.1611328125,0.00038364447763230837,1494
1717,0.0008899078820832074,1.0,0.0546875,0.00038341541888802487,2006
1718,0.0003843946906272322,1.0,0.01458740234375,0.0003831863092608274,740
1719,0.0019656666554510593,0.9978947639465332,0.546875,0.00038295714889938264,475
1720,0.00770192313939333,0.9991554021835327,0.55859375,0.00038272793795239037,1184
1721,0.0017865147674456239,0.9991103410720825,0.2197265625,0.0003824986765685831,1124
1722,0.0006854477687738836,1.0,0.03369140625,0.0003822693648967259,1708
1723,0.0026608146727085114,0.9992520809173584,0.1943359375,0.0003820400030856168,1337
1724,0.0008939767139963806,1.0,0.0546875,0.0003818105912840861,1701
1725,0.0008677597506903112,1.0,0.09033203125,0.00038158112964099665,1484
1726,0.00146565493196249,0.9990875720977783,0.22265625,0.00038135161830524353,1096
1727,0.009945475496351719,0.9985365867614746,0.27734375,0.0003811220574257543,2050
1728,0.0014246597420424223,0.9992862343788147,0.2177734375,0.0003808924471514885,1401
1729,0.0010548308491706848,1.0,0.0791015625,0.00038066278763143754,1067
1730,0.006173396948724985,0.9975210428237915,0.267578125,0.00038043307901462525,2017
1731,0.005589489359408617,0.998090386390686,0.3515625,0.00038020332145010695,1571
1732,0.0006084619089961052,1.0,0.023193359375,0.0003799735150869698,1820
1733,0.0004497426562011242,1.0,0.03662109375,0.00037974366007433274,1336
1734,0.0008654382545500994,1.0,0.08056640625,0.0003795137565613461,1983
1735,0.0010624832939356565,1.0,0.1357421875,0.0003792838046971918,1202
1736,0.0008759457268752158,1.0,0.046875,0.0003790538046310832,1329
1737,0.0005125816678628325,1.0,0.0172119140625,0.0003788237565122646,1257
1738,0.0012638374464586377,0.9994075894355774,0.1787109375,0.00037859366049001206,1688
1739,0.007350393570959568,0.9970559477806091,0.58203125,0.00037836351671363216,2038
1740,0.00043469879892654717,1.0,0.0167236328125,0.00037813332533246274,1400
1741,0.0010132817551493645,0.9995044469833374,0.1494140625,0.00037790308649587244,2018
1742,0.001492730458267033,0.9992673993110657,0.2412109375,0.00037767280035326095,1365
1743,0.0006425883038900793,1.0,0.07568359375,0.0003774424670540582,1942
1744,0.00035254599060863256,1.0,0.00616455078125,0.00037721208674772514,1260
1745,0.017455974593758583,0.9983673691749573,0.294921875,0.00037698165958375304,1225
1746,0.0012071834644302726,0.9993050694465637,0.1767578125,0.0003767511857116634,1439
1747,0.00048276755842380226,1.0,0.0179443359375,0.0003765206652810085,1301
1748,0.0006387408939190209,1.0,0.052490234375,0.0003762900984413702,1455
1749,0.005084145348519087,0.9991987347602844,0.255859375,0.0003760594853423611,1248
1750,0.005847738590091467,0.9993846416473389,0.28125,0.0003758288261336235,1625
1751,0.0012711042072623968,1.0,0.095703125,0.0003755981209648295,1220
1752,0.0006308146985247731,1.0,0.0703125,0.0003753673699856813,1415
1753,0.0005710803670808673,1.0,0.015625,0.0003751365733459107,1530
1754,0.004277012310922146,0.9978662729263306,0.4609375,0.00037490573119527916,1406
1755,0.0035342369228601456,0.9984152317047119,0.328125,0.00037467484368357756,1262
1756,0.0012990664690732956,0.9994956851005554,0.1376953125,0.0003744439109606264,1983
1757,0.002593615325167775,0.9993634819984436,0.181640625,0.00037421293317627525,1571
1758,0.0004083310777787119,1.0,0.01007080078125,0.00037398191048040327,2018
1759,0.005157080013304949,0.999312698841095,0.29296875,0.00037375084302291846,1455
1760,0.0020330629777163267,0.9991638660430908,0.28515625,0.000373519730953758,1196
1761,0.005583391524851322,0.9977545142173767,0.474609375,0.0003732885744228882,1336
1762,0.0020700739696621895,0.9990627765655518,0.15234375,0.0003730573735803037,1067
1763,0.0009538906742818654,0.9992862343788147,0.203125,0.0003728261285760284,1401
1764,0.01802198961377144,0.9985775351524353,0.416015625,0.0003725948395601147,1406
1765,0.005948629695922136,0.999509334564209,0.1865234375,0.0003723635066826434,2038
1766,0.0006604239461012185,1.0,0.049072265625,0.00037213213009372405,1701
1767,0.0014009694568812847,0.9992673993110657,0.2353515625,0.0003719007099434943,1365
1768,0.002005005953833461,0.9993261694908142,0.408203125,0.0003716692463821201,1484
1769,0.007195558864623308,0.9992520809173584,0.2490234375,0.00037143773955979585,1337
1770,0.0006094222189858556,1.0,0.05615234375,0.0003712061896267437,1225
1771,0.0008718909230083227,1.0,0.0517578125,0.0003709745967332139,2099
1772,0.0006569691468030214,1.0,0.055419921875,0.00037074296102948453,1257
1773,0.0005972951767034829,1.0,0.02880859375,0.00037051128266586144,1231
1774,0.0054186065681278706,0.9991803169250488,0.287109375,0.00037027956179267824,1220
1775,0.0007491752621717751,1.0,0.049072265625,0.0003700477985602963,1298
1776,0.0004452706198208034,1.0,0.03076171875,0.000369815993119104,740
1777,0.0005740441265515983,1.0,0.07421875,0.0003695841456195174,1301
1778,0.0007714016828685999,1.0,0.06396484375,0.00036935225621198005,1096
1779,0.0004012746794614941,1.0,0.01043701171875,0.0003691203250469622,1124
1780,0.0009079014416784048,1.0,0.05224609375,0.0003688883522749615,2006
1781,0.00754622183740139,0.9989701509475708,0.275390625,0.00036865633804650277,1942
1782,0.00030929845524951816,1.0,0.00665283203125,0.00036842428251213734,1184
1783,0.0009604975348338485,0.9992856979370117,0.13671875,0.0003681921858224436,1400
1784,0.001897818292491138,1.0,0.1201171875,0.0003679600481280265,1826
1785,0.0006078300066292286,1.0,0.035888671875,0.0003677278695795177,1708
1786,0.00045627198414877057,1.0,0.0098876953125,0.00036749565032757545,2050
1787,0.0006793332286179066,1.0,0.0458984375,0.00036726339052288416,1688
1788,0.00876463484019041,0.9993846416473389,0.21875,0.00036703109031615465,1625
1789,0.0003275360504630953,1.0,0.00885009765625,0.00036679874985812426,1260
1790,0.00029853961314074695,1.0,0.005645751953125,0.00036656636929955586,1262
1791,0.0004122442624066025,1.0,0.0093994140625,0.0003663339487912389,1820
1792,0.0010591050377115607,0.9991680383682251,0.22265625,0.0003661014884839885,1202
1793,0.00034244690323248506,1.0,0.0084228515625,0.00036586898852864565,1439
1794,0.0006055588601157069,1.0,0.020263671875,0.0003656364490760769,2017
1795,0.003517532255500555,0.9993306398391724,0.240234375,0.0003654038702771747,1494
1796,0.00027886341558769345,1.0,0.006591796875,0.0003651712522828568,1248
1797,0.005137966014444828,0.9978947639465332,0.58984375,0.00036493859524406664,475
1798,0.0004130760207772255,1.0,0.01397705078125,0.0003647058993117728,1329
1799,0.0005283256177790463,1.0,0.01336669921875,0.000364473164636969,1530
1800,0.003934554755687714,0.9992932677268982,0.23828125,0.00036424039137067447,1415
1801,0.0006023928872309625,1.0,0.09228515625,0.0003640075796639331,475
1802,0.0007339559379033744,1.0,0.1171875,0.0003637747296678139,1439
1803,0.0009346595616079867,1.0,0.11865234375,0.0003635418415334107,740
1804,0.000995317124761641,1.0,0.1435546875,0.00036330891541184215,1455
1805,0.0009784211870282888,1.0,0.09033203125,0.00036307595145425146,1530
1806,0.001935196458362043,0.9994850754737854,0.201171875,0.0003628429498118064,1942
1807,0.0033805412240326405,0.9994956851005554,0.22265625,0.00036260991063569913,1983
1808,0.0005364554817788303,1.0,0.10888671875,0.0003623768340771464,1231
1809,0.00032380857737734914,1.0,0.00537109375,0.0003621437202873889,1329
1810,0.0006090853130444884,1.0,0.0419921875,0.0003619105694176917,1625
1811,0.00043369148625060916,1.0,0.013427734375,0.00036167738161934395,1820
1812,0.00035177735844627023,1.0,0.007171630859375,0.0003614441570436585,1708
1813,0.00035615271190181375,1.0,0.01348876953125,0.00036121089584197243,1260
1814,0.00217524659819901,0.9992862343788147,0.279296875,0.0003609775981656463,1401
1815,0.0004811409453395754,1.0,0.04541015625,0.00036074426416606454,1701
1816,0.0006390223279595375,1.0,0.052978515625,0.0003605108939946348,1571
1817,0.0006201517535373569,1.0,0.060791015625,0.0003602774878027887,1406
1818,0.0002621478633955121,1.0,0.0084228515625,0.0003600440457419809,1196
1819,0.00034804525785148144,1.0,0.040283203125,0.00035981056796368944,1067
1820,0.0003179851919412613,1.0,0.0107421875,0.0003595770546194156,1336
1821,0.0002461814146954566,1.0,0.004638671875,0.0003593435058606834,1337
1822,0.0003049586375709623,1.0,0.01483154296875,0.0003591099218390403,1096
1823,0.00025333528174087405,1.0,0.004608154296875,0.00035887630270605634,1257
1824,0.00034476100699976087,1.0,0.00628662109375,0.00035864264861332445,1688
1825,0.0023342736531049013,0.999509334564209,0.0693359375,0.00035840895971246044,2038
1826,0.0011497734813019633,0.9995014667510986,0.064453125,0.0003581752361551022,2006
1827,0.00028948637191206217,1.0,0.004730224609375,0.0003579414780929105,1400
1828,0.00026889241416938603,1.0,0.005950927734375,0.0003577076856775685,1202
1829,0.0008392937015742064,1.0,0.10546875,0.0003574738590607814,2017
1830,0.00022313972294796258,1.0,0.005523681640625,0.00035723999839427706,1301
1831,0.00023332572891376913,1.0,0.003753662109375,0.0003570061038298048,1365
1832,0.00023087342560756952,1.0,0.003448486328125,0.00035677217551913643,1484
1833,0.000305806053802371,1.0,0.00506591796875,0.00035653821361406545,2050
1834,0.00024453861988149583,1.0,0.00616455078125,0.00035630421826640706,1298
1835,0.000254181184573099,1.0,0.004791259765625,0.0003560701896279986,1248
1836,0.0002446319558657706,1.0,0.005645751953125,0.0003558361278506985,1262
1837,0.0002463539130985737,1.0,0.004119873046875,0.00035560203308638693,1225
1838,0.0003652905288618058,1.0,0.025146484375,0.00035536790548696545,1494
1839,0.001792969647794962,0.9991803169250488,0.140625,0.000355133745204357,1220
1840,0.00024883219157345593,1.0,0.018310546875,0.00035489955239050556,1415
1841,0.00040782729047350585,1.0,0.012939453125,0.0003546653271973763,2099
1842,0.00021541054593399167,1.0,0.003265380859375,0.00035443106977695553,1124
1843,0.00019724428420886397,1.0,0.002685546875,0.00035419678028125013,1184
1844,0.00044481700751930475,1.0,0.0240478515625,0.00035396245886228816,2018
1845,0.0003379473928362131,1.0,0.00714111328125,0.00035372810567211823,1826
1846,0.00019841321045532823,1.0,0.0024261474609375,0.0003534937208628095,1248
1847,0.00023201730800792575,1.0,0.00445556640625,0.0003532593045864519,1406
1848,0.000345019216183573,1.0,0.016357421875,0.00035302485699515546,1301
1849,0.00020971235062461346,1.0,0.0027313232421875,0.0003527903782410507,1484
1850,0.0002450901665724814,1.0,0.02099609375,0.00035255586847628834,1260
1851,0.00022707109746988863,1.0,0.0030975341796875,0.0003523213278530392,1329
1852,0.00018422084394842386,1.0,0.002288818359375,0.0003520867565234942,1365
1853,0.00031815352849662304,1.0,0.00604248046875,0.00035185215463986416,1983
1854,0.00018316521891392767,1.0,0.00408935546875,0.0003516175223543796,740
1855,0.00035466396366246045,1.0,0.005767822265625,0.00035138285981929087,1220
1856,0.00019056200108025223,1.0,0.002655029296875,0.00035114816718686805,1196
1857,0.00019207177683711052,1.0,0.00244140625,0.0003509134446094005,1401
1858,0.00030405103461816907,1.0,0.045166015625,0.00035067869223919727,1262
1859,0.00017305903020314872,1.0,0.002166748046875,0.0003504439102285866,1124
1860,0.000199014728423208,1.0,0.0026702880859375,0.0003502090987299159,1336
1861,0.00016263862198684365,1.0,0.00186920166015625,0.0003499742578955519,1184
1862,0.0001799232413759455,1.0,0.00286865234375,0.00034973938787788016,1067
1863,0.00016071989375632256,1.0,0.0019683837890625,0.0003495044888293053,1096
1864,0.0001781884639058262,1.0,0.002105712890625,0.00034926956090225106,1298
1865,0.0004470616113394499,1.0,0.02978515625,0.0003490346042491592,1625
1866,0.00018205044034402817,1.0,0.0022430419921875,0.0003487996190224907,1415
1867,0.00017324782675132155,1.0,0.0020294189453125,0.000348564605374725,1225
1868,0.00026505222194828093,1.0,0.0030517578125,0.0003483295634583598,1530
1869,0.0002629335504025221,1.0,0.0032958984375,0.00034809449342591137,1826
1870,0.0001692374498816207,1.0,0.0019683837890625,0.000347859395429914,1337
1871,0.0002562442678026855,1.0,0.002960205078125,0.0003476242696229203,2099
1872,0.0002070053160423413,1.0,0.0027618408203125,0.0003473891161575007,1494
1873,0.005708286073058844,0.9994505643844604,0.1357421875,0.0003471539351862438,1820
1874,0.00431747455149889,0.9978947639465332,0.6953125,0.0003469187268617562,475
1875,0.0001766830828273669,1.0,0.002227783203125,0.0003466834913366618,1231
1876,0.00021864940936211497,1.0,0.002960205078125,0.0003464482287636023,1708
1877,0.00027918367413803935,1.0,0.01007080078125,0.0003462129392952372,2018
1878,0.0006118844030424953,1.0,0.049072265625,0.0003459776230842433,2038
1879,0.0003391144855413586,1.0,0.01177978515625,0.0003457422802833146,1571
1880,0.0011582617880776525,0.9994075894355774,0.1474609375,0.0003455069110451626,1688
1881,0.0008258792222477496,0.9995121955871582,0.11962890625,0.0003452715155225158,2050
1882,0.00036061089485883713,1.0,0.0174560546875,0.0003450360938681197,2006
1883,0.0004398068704176694,1.0,0.048095703125,0.0003448006462347371,1455
1884,0.0017544811125844717,0.9992856979370117,0.3046875,0.0003445651727751471,1400
1885,0.00023025042901281267,1.0,0.006683349609375,0.0003443296736421463,1439
1886,0.0015344901476055384,0.9992044568061829,0.263671875,0.0003440941489885471,1257
1887,0.01093873381614685,0.9985126256942749,0.251953125,0.000343858598967179,2017
1888,0.00039823094266466796,1.0,0.039794921875,0.00034362302373088795,1701
1889,0.0002673210692591965,1.0,0.01226806640625,0.0003433874234325362,1942
1890,0.00019489381520543247,1.0,0.0031585693359375,0.00034315179822500214,1202
1891,0.0005031786859035492,1.0,0.07470703125,0.0003429161482611804,1262
1892,0.00023999296536203474,1.0,0.004791259765625,0.0003426804736939817,1484
1893,0.005825723987072706,0.9985365867614746,0.220703125,0.00034244477467633265,2050
1894,0.0009368828032165766,0.9995014667510986,0.09375,0.00034220905136117595,2006
1895,0.00025218012160621583,1.0,0.00921630859375,0.00034197330390146966,1096
1896,0.005912090186029673,0.9990471601486206,0.314453125,0.000341737532450188,2099
1897,0.0005624705227091908,1.0,0.11474609375,0.00034150173716032044,740
1898,0.00032591389026492834,1.0,0.005645751953125,0.00034126591818487177,2017
1899,0.00033058211556635797,1.0,0.01007080078125,0.00034103007567686254,1826
1900,0.0003572867426555604,1.0,0.021484375,0.0003407942097893285,1336
1901,0.00022462612832896411,1.0,0.00433349609375,0.00034055832067532026,1196
1902,0.0005963083240203559,1.0,0.057861328125,0.00034032240848790377,1571
1903,0.0011779371416196227,0.9994850754737854,0.1416015625,0.00034008647338016,1942
1904,0.01540736947208643,0.997008204460144,0.349609375,0.00033985051550518443,1337
1905,0.00027859697001986206,1.0,0.01025390625,0.0003396145350160878,1365
1906,0.00033592982799746096,1.0,0.0211181640625,0.0003393785320659952,1701
1907,0.0018662208458408713,1.0,0.302734375,0.00033914250680804644,475
1908,0.0004995036288164556,1.0,0.033447265625,0.00033890645939539557,1415
1909,0.00032802941859699786,1.0,0.00921630859375,0.00033867038998121145,1820
1910,0.00023434881586581469,1.0,0.00653076171875,0.00033843429871867667,1067
1911,0.00025020926841534674,1.0,0.0106201171875,0.0003381981857609886,1301
1912,0.0022570237051695585,0.9986928105354309,0.1796875,0.0003379620512613581,1530
1913,0.003248544642701745,0.9991836547851562,0.279296875,0.0003377258953730105,1225
1914,0.0036055990494787693,0.9984951019287109,0.240234375,0.00033748971824918464,1329
1915,0.010022719390690327,0.9982435703277588,0.296875,0.0003372535200431333,1708
1916,0.0002961858990602195,1.0,0.01556396484375,0.000337017300908123,1455
1917,0.0011291052214801311,1.0,0.07958984375,0.0003367810609974338,1400
1918,0.0004788955266121775,1.0,0.028564453125,0.00033654480046435917,1401
1919,0.0004227680037729442,1.0,0.0184326171875,0.0003363085194622059,1625
1920,0.001148566952906549,0.9991987347602844,0.27734375,0.0003360722181442944,1248
1921,0.00041267165215685964,1.0,0.0283203125,0.00033583589666395775,1124
1922,0.0036293251905590296,0.9992296099662781,0.27734375,0.0003355995551745426,1298
1923,0.0022786734625697136,0.9991803169250488,0.2099609375,0.00033536319382940834,1220
1924,0.0004458857874851674,1.0,0.052978515625,0.00033512681278192715,1202
1925,0.003175796242430806,0.999018669128418,0.2578125,0.0003348904121854843,2038
1926,0.0003838850243482739,1.0,0.01458740234375,0.00033465399219347747,1406
1927,0.007913307286798954,0.9988151788711548,0.251953125,0.0003344175529593171,1688
1928,0.004198688082396984,0.9995044469833374,0.193359375,0.000334181094636426,2018
1929,0.00048505127779208124,1.0,0.016357421875,0.0003339446173782394,1983
1930,0.007550210691988468,0.9984126687049866,0.3203125,0.0003337081213382047,1260
1931,0.0017340516205877066,0.9991876482963562,0.208984375,0.00033347160666978196,1231
1932,0.0003270336892455816,1.0,0.01708984375,0.0003332350735264426,1439
1933,0.0005117918481118977,1.0,0.0281982421875,0.0003329985220616707,1257
1934,0.000653896713629365,1.0,0.057861328125,0.00033276195242896176,1494
1935,0.01610824465751648,0.9983108043670654,0.50390625,0.00033252536478182326,1184
1936,0.0004453569417819381,1.0,0.016357421875,0.00033228875927377436,1415
1937,0.0033524781465530396,0.9990627765655518,0.373046875,0.0003320521360583459,1067
1938,0.011092780157923698,0.9964726567268372,0.56640625,0.00033181549528908,1701
1939,0.007502472959458828,0.9975410103797913,0.423828125,0.0003315788371195304,1220
1940,0.0004669655754696578,1.0,0.0220947265625,0.000331342161703262,1625
1941,0.00043909091618843377,1.0,0.0147705078125,0.0003311054691938507,1820
1942,0.0033585557248443365,0.9992313385009766,0.2216796875,0.000330868759744884,1301
1943,0.008811538107693195,0.9990471601486206,0.296875,0.00033063203350995986,2099
1944,0.005148543976247311,0.9992296099662781,0.55859375,0.0003303952906426876,1298
1945,0.003922073170542717,0.9995014667510986,0.2080078125,0.0003301585312966868,2006
1946,0.0015693751629441977,0.999207615852356,0.251953125,0.00032992175562558825,1262
1947,0.0028872224502265453,0.9991680383682251,0.255859375,0.00032968496378303305,1202
1948,0.0006436068215407431,1.0,0.029296875,0.0003294481559226728,2017
1949,0.00483764847740531,0.9992063641548157,0.318359375,0.0003292113321981697,1260
1950,0.0006234572501853108,1.0,0.032470703125,0.0003289744927631959,1337
1951,0.0040074908174574375,0.9989701509475708,0.234375,0.00032873763777143414,1942
1952,0.028893807902932167,0.9957894682884216,1.21875,0.00032850076737657685,475
1953,0.0016945661045610905,0.9992475509643555,0.1494140625,0.0003282638817323268,1329
1954,0.01688261516392231,0.9949832558631897,0.8359375,0.00032802698099239645,1196
1955,0.0025028404779732227,0.9992887377738953,0.2255859375,0.0003277900653105081,1406
1956,0.004346800036728382,0.9992862343788147,0.2138671875,0.00032755313484039385,1401
1957,0.00285058980807662,0.9992856979370117,0.205078125,0.0003273161897357953,1400
1958,0.014103030785918236,0.9966216087341309,0.59765625,0.00032707923015046344,1184
1959,0.0008897740044631064,1.0,0.050537109375,0.0003268422562381589,1336
1960,0.009651156142354012,0.9979784488677979,0.466796875,0.0003266052681526513,1484
1961,0.012252419255673885,0.9963369965553284,0.5,0.00032636826604771983,1365
1962,0.015740161761641502,0.9964871406555176,0.66796875,0.00032613125007715263,1708
1963,0.001673842896707356,1.0,0.146484375,0.00032589422039474653,1439
1964,0.0034583548549562693,0.9989914298057556,0.236328125,0.0003256571771543077,1983
1965,0.007699222303926945,0.9972627758979797,0.58203125,0.0003254201205096509,1096
1966,0.010275510139763355,0.999312698841095,0.220703125,0.00032518305061459953,1455
1967,0.008660640567541122,0.9964454770088196,0.54296875,0.0003249459676229859,1688
1968,0.006180466618388891,0.9991103410720825,0.23828125,0.0003247088716886503,1124
1969,0.001932094688527286,0.9991987347602844,0.236328125,0.00032447176296544186,1248
1970,0.0037648796569556,0.998090386390686,0.357421875,0.00032423464160721783,1571
1971,0.002052642172202468,0.9993306398391724,0.2431640625,0.0003239975077678437,1494
1972,0.004970122128725052,0.9980372786521912,0.234375,0.0003237603616011931,2038
1973,0.001181935309432447,1.0,0.10400390625,0.00032352320326114743,1225
1974,0.00251502962782979,0.9995121955871582,0.458984375,0.0003232860329015963,2050
1975,0.017789870500564575,0.9972617626190186,0.57421875,0.000323048850676437,1826
1976,0.012261932715773582,0.9973856210708618,0.46484375,0.00032281165673957434,1530
1977,0.012183750048279762,0.9965312480926514,0.45703125,0.000322574451244921,2018
1978,0.05288669839501381,0.9891892075538635,1.3203125,0.00032233723434639723,740
1979,0.00869881734251976,0.9983752965927124,0.4765625,0.00032210000619793016,1231
1980,0.002901650732383132,0.9992044568061829,0.27734375,0.0003218627669534548,1257
1981,0.00582437589764595,0.9983108043670654,0.56640625,0.00032162551676691303,1184
1982,0.0015286076813936234,1.0,0.119140625,0.00032138825579225384,740
1983,0.01453473512083292,0.9962511658668518,0.66796875,0.00032115098418343345,1067
1984,0.020397691056132317,0.9955838918685913,0.61328125,0.0003209137020944148,2038
1985,0.01669469103217125,0.9946070909500122,0.62109375,0.0003206764096791676,1298
1986,0.009786025620996952,0.9975210428237915,0.384765625,0.00032043910709166843,2017
1987,0.010484316386282444,0.9973856210708618,0.5234375,0.00032020179448590013,1530
1988,0.012070165015757084,0.9969230890274048,0.37890625,0.0003199644720158525,1625
1989,0.00623431708663702,0.9992313385009766,0.294921875,0.0003197271398355216,1301
1990,0.009631523862481117,0.9954379796981812,0.62890625,0.00031948979809890945,1096
1991,0.011099357157945633,0.996395468711853,0.45703125,0.0003192524469600245,1942
1992,0.006204087752848864,0.9978094100952148,0.44140625,0.00031901508657288164,1826
1993,0.01592765562236309,0.9950529932975769,0.5546875,0.0003187777170915011,1415
1994,0.005657742265611887,0.9980943202972412,0.30078125,0.00031854033866990963,2099
1995,0.03650396317243576,0.9957894682884216,0.76171875,0.00031830295146213945,475
1996,0.002887538867071271,1.0,0.185546875,0.0003180655556222284,1196
1997,0.015698358416557312,0.9964413046836853,0.462890625,0.00031782815130422016,1124
1998,0.012032249942421913,0.9951890110969543,0.5625,0.0003175907386621638,1455
1999,0.007116110995411873,0.998504102230072,0.296875,0.00031735331785011383,1337
2000,0.008296821266412735,0.9985724687576294,0.22265625,0.0003171158890221301,1401
2001,0.010777905583381653,0.9967505931854248,0.59375,0.00031687845233227747,1231
2002,0.0031466507352888584,0.9995044469833374,0.201171875,0.00031664100793462604,2018
2003,0.014677059836685658,0.9976484179496765,0.380859375,0.000316403555983251,1701
2004,0.013133401982486248,0.9959016442298889,0.60546875,0.00031616609663223227,1220
2005,0.011042216792702675,0.996038019657135,0.69921875,0.00031592863003565466,1262
2006,0.013269776478409767,0.9980059862136841,0.2294921875,0.0003156911563476077,2006
2007,0.006477569229900837,0.998090386390686,0.33203125,0.00031545367572218544,1571
2008,0.010047947987914085,0.9975510239601135,0.416015625,0.0003152161883134865,1225
2009,0.002211665967479348,0.9994145035743713,0.23828125,0.0003149786942756138,1708
2010,0.00655708322301507,0.9985775351524353,0.3984375,0.0003147411937626748,1406
2011,0.004688809625804424,0.9976190328598022,0.4296875,0.000314503686928781,1260
2012,0.0018908993806689978,1.0,0.166015625,0.0003142661739280478,1494
2013,0.0017110485350713134,1.0,0.158203125,0.000314028654914595,1257
2014,0.009561577811837196,0.997802197933197,0.384765625,0.00031379113004254607,1820
2015,0.009184520691633224,0.9977426528930664,0.51953125,0.00031355359946602825,1329
2016,0.002520754234865308,0.9991987347602844,0.212890625,0.00031331606333917267,1248
2017,0.001434838748537004,1.0,0.1298828125,0.0003130785218161138,1336
2018,0.0015666864346712828,1.0,0.11083984375,0.00031284097505098987,2050
2019,0.0027462870348244905,0.9988151788711548,0.234375,0.00031260342319794235,1688
2020,0.013610249385237694,0.9975041747093201,0.435546875,0.000312365866411116,1202
2021,0.001993808662518859,1.0,0.1611328125,0.00031212830484465896,1400
2022,0.00542850885540247,0.9993261694908142,0.349609375,0.0003118907386527223,1484
2023,0.004287066403776407,0.9989914298057556,0.255859375,0.0003116531679894602,1983
2024,0.004967778455466032,0.9992673993110657,0.36328125,0.0003114155930090296,1365
2025,0.0024153313133865595,0.9993050694465637,0.1640625,0.00031117801386559027,1439
2026,0.0010880379704758525,1.0,0.0859375,0.00031094043071330487,2050
2027,0.0005839272635057569,1.0,0.0162353515625,0.00031070284370633846,1231
2028,0.0013113111490383744,0.9995042085647583,0.11962890625,0.00031046525299885874,2017
2029,0.0007234176155179739,1.0,0.052734375,0.0003102276587450356,1257
2030,0.002767483238130808,0.9994121193885803,0.19921875,0.0003099900610990414,1701
2031,0.0009070070809684694,1.0,0.0634765625,0.0003097524602150509,2099
2032,0.0015006285393610597,1.0,0.1357421875,0.00030951485624724053,1401
2033,0.0005540356505662203,1.0,0.0264892578125,0.00030927724934978886,1248
2034,0.0005764178349636495,1.0,0.0269775390625,0.0003090396396768766,1439
2035,0.000567847688216716,1.0,0.037841796875,0.000308802027382686,1225
2036,0.007577697746455669,0.9967319965362549,0.345703125,0.0003085644126214011,1530
2037,0.000518914544954896,1.0,0.035400390625,0.0003083267955472075,1571
2038,0.0004657452809624374,1.0,0.00927734375,0.0003080891763142925,1455
2039,0.0005007644649595022,1.0,0.01043701171875,0.00030785155507684445,2006
2040,0.0006362836575135589,1.0,0.0296630859375,0.0003076139319890533,2018
2041,0.0005319828051142395,1.0,0.038818359375,0.00030737630720511003,1184
2042,0.0004667971224989742,1.0,0.00982666015625,0.0003071386808792068,2038
2043,0.0007798200822435319,1.0,0.042724609375,0.00030690105316553685,1625
2044,0.0003941803006455302,1.0,0.0169677734375,0.000306663424218294,1202
2045,0.00038121972465887666,1.0,0.006378173828125,0.0003064257941916734,1942
2046,0.00039158575236797333,1.0,0.00909423828125,0.0003061881632398703,1415
2047,0.0031568435952067375,0.9993306398391724,0.2734375,0.0003059505315170811,1494
2048,0.0003754900535568595,1.0,0.01483154296875,0.0003057128991775021,1124
2049,0.00042964157182723284,1.0,0.00897216796875,0.0003054752663753308,1983
2050,0.0004059562343172729,1.0,0.00885009765625,0.0003052376332647643,1337
2051,0.0004140061791986227,1.0,0.01171875,0.00030499999999999993,1820
2052,0.0006814426742494106,1.0,0.04345703125,0.0003047623667352358,1329
2053,0.009716424159705639,0.9978947639465332,0.88671875,0.0003045247336246692,475
2054,0.00031807145569473505,1.0,0.006591796875,0.00030428710082249774,1406
2055,0.0003981241025030613,1.0,0.0101318359375,0.00030404946848291894,1826
2056,0.002327944850549102,0.9984126687049866,0.318359375,0.00030381183676012963,1260
2057,0.002207405399531126,0.9993261694908142,0.267578125,0.0003035742058083266,1484
2058,0.0003623529919423163,1.0,0.03125,0.00030333657578170587,1365
2059,0.0004628237511496991,1.0,0.0279541015625,0.0003030989468344632,1400
2060,0.0012542594922706485,0.999207615852356,0.138671875,0.0003028613191207931,1262
2061,0.001561730052344501,0.9992514848709106,0.203125,0.00030262369279488994,1336
2062,0.002405293984338641,0.9991803169250488,0.21875,0.0003023860680109468,1220
2063,0.00939839705824852,0.9991638660430908,0.177734375,0.00030214844492315547,1196
2064,0.0003697860811371356,1.0,0.00732421875,0.00030191082368570755,1298
2065,0.0003736218495760113,1.0,0.0218505859375,0.0003016732044527924,1301
2066,0.015291065908968449,0.9990627765655518,0.1416015625,0.0003014355873785988,1067
2067,0.00042986709740944207,1.0,0.01544189453125,0.0003011979726173139,1708
2068,0.0011492999037727714,0.9994075894355774,0.1611328125,0.00030096036032312335,1688
2069,0.0002851530152838677,1.0,0.00579833984375,0.0003007227506502111,1096
2070,0.01465082447975874,0.9986486434936523,0.17578125,0.00030048514375275945,740
2071,0.0008438855293206871,1.0,0.07568359375,0.00030024753978494907,2017
2072,0.0006778629613108933,1.0,0.0257568359375,0.0003000099389009584,1530
2073,0.0002694759168662131,1.0,0.0048828125,0.00029977234125496435,1096
2074,0.0004674993979278952,1.0,0.0172119140625,0.00029953474700114124,2018
2075,0.0036624204367399216,0.9991876482963562,0.283203125,0.00029929715629366146,1231
2076,0.0004315113474149257,1.0,0.01025390625,0.0002990595692866951,1983
2077,0.00035525724524632096,1.0,0.0084228515625,0.00029882198613440965,1625
2078,0.0029798708856105804,0.9995014667510986,0.240234375,0.0002985844069909704,2006
2079,0.00034384761238470674,1.0,0.02099609375,0.00029834683201053984,1494
2080,0.0003303285629954189,1.0,0.00872802734375,0.0002981092613472776,1826
2081,0.00035241444129496813,1.0,0.00811767578125,0.000297871695155341,1067
2082,0.000285167625406757,1.0,0.005523681640625,0.00029763413358888384,1337
2083,0.00036823772825300694,1.0,0.0079345703125,0.0002973965768020576,2050
2084,0.00022129790158942342,1.0,0.00384521484375,0.00029715902494901016,1184
2085,0.00030731267179362476,1.0,0.00982666015625,0.00029692147818388616,1688
2086,0.00031640680390410125,1.0,0.00518798828125,0.0002966839366608273,1942
2087,0.0003035130212083459,1.0,0.021484375,0.00029644640053397167,1365
2088,0.0005510466871783137,1.0,0.06005859375,0.0002962088699574539,1401
2089,0.00026592888752929866,1.0,0.00445556640625,0.0002959713450854049,1257
2090,0.00032935652416199446,1.0,0.022705078125,0.0002957338260719521,1708
2091,0.00030429798061959445,1.0,0.00421142578125,0.000295496313071219,2038
2092,0.00027115613920614123,1.0,0.0045166015625,0.00029525880623732507,1196
2093,0.000250668526859954,1.0,0.003692626953125,0.0002950213057243861,1260
2094,0.00024808227317407727,1.0,0.003570556640625,0.0002947838116865134,1262
2095,0.0003221997758373618,1.0,0.0064697265625,0.00029454632427781453,1820
2096,0.0003121948102489114,1.0,0.004974365234375,0.0002943088436523923,1329
2097,0.0002420675737084821,1.0,0.004119873046875,0.0002940713699643453,1400
2098,0.00024725476396270096,1.0,0.00439453125,0.0002938339033677677,1336
2099,0.0003527338267304003,1.0,0.011474609375,0.0002935964440167489,475
2100,0.0008122988510876894,0.9991836547851562,0.1767578125,0.00029335899206537393,1225
2101,0.0005422965041361749,1.0,0.012451171875,0.00029312154766772256,1220
2102,0.0002134794631274417,1.0,0.0037384033203125,0.00029288411097786983,1202
2103,0.00023320699983742088,1.0,0.0033416748046875,0.00029264668214988614,1301
2104,0.00022020633332431316,1.0,0.00628662109375,0.00029240926133783607,1124
2105,0.00023454056645277888,1.0,0.00335693359375,0.00029217184869577976,1415
2106,0.0028696751687675714,0.9995235800743103,0.1826171875,0.00029193444437777165,2099
2107,0.00024215667508542538,1.0,0.0035247802734375,0.0002916970485378605,1298
2108,0.00025129070854745805,1.0,0.004180908203125,0.0002914596613300903,1571
2109,0.00020619870338123292,1.0,0.002838134765625,0.00029122228290849876,1406
2110,0.0002872715122066438,1.0,0.00640869140625,0.00029098491342711833,1701
2111,0.00025822300813160837,1.0,0.006134033203125,0.0002907475530399754,1439
2112,0.00020260892051737756,1.0,0.004180908203125,0.00029051020190109053,1248
2113,0.00027558760484680533,1.0,0.0054931640625,0.0002902728601644784,1455
2114,0.00021664287487510592,1.0,0.0027008056640625,0.00029003552798414735,1484
2115,0.00024860550183802843,1.0,0.005584716796875,0.00028979820551409974,740
2116,0.0002724001824390143,1.0,0.0034332275390625,0.00028956089290833154,2050
2117,0.00025783380260691047,1.0,0.0045166015625,0.00028932359032083233,1067
2118,0.00032431783620268106,1.0,0.00958251953125,0.00028908629790558516,2017
2119,0.00025155750336125493,1.0,0.011474609375,0.00028884901581656647,1625
2120,0.0002325909590581432,1.0,0.004974365234375,0.0002886117442077461,740
2121,0.00032009457936510444,1.0,0.01019287109375,0.0002883744832330869,2006
2122,0.00025946428650058806,1.0,0.006439208984375,0.00028813723304654517,1688
2123,0.00023838193737901747,1.0,0.0037841796875,0.0002878999938020698,1455
2124,0.00019342423183843493,1.0,0.0026702880859375,0.0002876627656536027,1336
2125,0.00018390725017525256,1.0,0.00299072265625,0.00028742554875507893,1202
2126,0.00019944926316384226,1.0,0.0026092529296875,0.0002871883432604255,1301
2127,0.00024319204385392368,1.0,0.005401611328125,0.000286951149323563,1708
2128,0.00019605648412834853,1.0,0.00262451171875,0.0002867139670984037,1337
2129,0.00024190642579924315,1.0,0.00341796875,0.0002864767967388525,1942
2130,0.00020953455532435328,1.0,0.00970458984375,0.0002862396383988069,1096
2131,0.0001935769250849262,1.0,0.0023345947265625,0.0002860024922321562,1484
2132,0.0002498466055840254,1.0,0.00421142578125,0.0002857653583927821,1826
2133,0.00021356310753617436,1.0,0.00537109375,0.0002855282370345581,1262
2134,0.00020612875232473016,1.0,0.0031280517578125,0.0002852911283113496,1196
2135,0.00023632879310753196,1.0,0.0040283203125,0.00028505403237701413,2018
2136,0.00035683796158991754,1.0,0.00628662109375,0.00028481694938540034,1530
2137,0.00017656435375101864,1.0,0.0022430419921875,0.00028457987949034907,1365
2138,0.00017410713189747185,1.0,0.003082275390625,0.00028434282284569223,1184
2139,0.0002644309133756906,1.0,0.0040283203125,0.00028410577960525345,2099
2140,0.00025002428446896374,1.0,0.003997802734375,0.00028386874992284745,1983
2141,0.00021371565526351333,1.0,0.00567626953125,0.0002836317339522801,1257
2142,0.00020834697352256626,1.0,0.0027618408203125,0.00028339473184734864,1701
2143,0.0001839758624555543,1.0,0.0023956298828125,0.00028315774376184104,1401
2144,0.0002162750461138785,1.0,0.00274658203125,0.00028292076984953653,1820
2145,0.00018859961710404605,1.0,0.0025634765625,0.0002826838102642048,1439
2146,0.0001822953054215759,1.0,0.0023345947265625,0.00028244686515960606,1415
2147,0.000219469191506505,1.0,0.0038909912109375,0.0002822099346894918,1571
2148,0.00019566989794839174,1.0,0.0032196044921875,0.00028197301900760347,1260
2149,0.00015315368364099413,1.0,0.00193023681640625,0.00028173611826767315,1225
2150,0.0002179097500629723,1.0,0.00457763671875,0.0002814992326234231,475
2151,0.00016182717808987945,1.0,0.0020904541015625,0.00028126236222856583,1406
2152,0.00021336536156013608,1.0,0.002471923828125,0.000281025507236804,2038
2153,0.00016614861669950187,1.0,0.0021820068359375,0.00028078866780183024,1494
2154,0.00016836704162415117,1.0,0.0020751953125,0.0002805518440773271,1231
2155,0.00018999310850631446,1.0,0.002532958984375,0.00028031503621696693,1298
2156,0.00014795605966355652,1.0,0.00193023681640625,0.0002800782443744117,1248
2157,0.00017923212726600468,1.0,0.0027008056640625,0.00027984146870331316,1400
2158,0.00014866543642710894,1.0,0.0021209716796875,0.0002796047093573124,1124
2159,0.00036658666795119643,1.0,0.007232666015625,0.0002793679664900401,1220
2160,0.0002062632847810164,1.0,0.0025634765625,0.000279131240255116,1329
2161,0.00018288087449036539,1.0,0.002288818359375,0.0002788945308061492,1708
2162,0.0001810820831451565,1.0,0.002227783203125,0.00027865783829673804,1571
2163,0.00021031875803600997,1.0,0.0029144287109375,0.0002784211628804695,2099
2164,0.00013798289000988007,1.0,0.00180816650390625,0.00027818450471092,1184
2165,0.00016894616419449449,1.0,0.002197265625,0.000277947863941654,1701
2166,0.00013916887110099196,1.0,0.001739501953125,0.00027771124072622556,1406
2167,0.0001555325579829514,1.0,0.0019989013671875,0.0002774746352181768,1400
2168,0.000123994133900851,1.0,0.00139617919921875,0.0002772380475710382,1225
2169,0.00014180330617818981,1.0,0.00201416015625,0.0002770014779383293,1096
2170,0.00014583140728063881,1.0,0.0023345947265625,0.00027676492647355725,740
2171,0.0001682519941823557,1.0,0.0021820068359375,0.000276528393330218,1820
2172,0.00017527080490253866,1.0,0.00185394287109375,0.0002762918786617952,2038
2173,0.00014942682173568755,1.0,0.00225830078125,0.00027605538262176054,1337
2174,0.00016307878831867129,1.0,0.0028839111328125,0.000275818905363574,1625
2175,0.00014747395471204072,1.0,0.0020904541015625,0.0002755824470406828,1455
2176,0.00017182262672577053,1.0,0.002685546875,0.00027534600780652245,1826
2177,0.00014212392852641642,1.0,0.0017852783203125,0.0002751095878145157,1231
2178,0.00014662025205325335,1.0,0.0018310546875,0.0002748731872180728,1262
2179,0.00013653036148753017,1.0,0.00148773193359375,0.0002746368061705917,1484
2180,0.0001742433087201789,1.0,0.001800537109375,0.00027440044482545734,2050
2181,0.00013279361883178353,1.0,0.00154876708984375,0.0002741641033360422,1257
2182,0.00015386776067316532,1.0,0.001739501953125,0.00027392778185570565,2018
2183,0.0001553471083752811,1.0,0.00160980224609375,0.000273691480537794,1942
2184,0.00013286132889334112,1.0,0.00171661376953125,0.00027345519953564086,1401
2185,0.00015222598449327052,1.0,0.00244140625,0.00027321893900256606,1688
2186,0.00012986936781089753,1.0,0.0017242431640625,0.00027298269909187695,1439
2187,0.00012360229447949678,1.0,0.0016937255859375,0.00027274647995686655,1336
2188,0.00012675303150899708,1.0,0.00152587890625,0.0002725102817508153,1196
2189,0.00015622048522345722,1.0,0.0017852783203125,0.00027227410462698956,1983
2190,0.0002379313373239711,1.0,0.00408935546875,0.0002720379487386418,1530
2191,0.00012533171684481204,1.0,0.0016937255859375,0.00027180181423901135,1415
2192,0.00025204167468473315,1.0,0.00439453125,0.00027156570128132314,1220
2193,0.00011057755182264373,1.0,0.00150299072265625,0.0002713296100187885,1124
2194,0.00012783915735781193,1.0,0.00170135498046875,0.00027109354060460435,1067
2195,0.00015478629211429507,1.0,0.0019378662109375,0.00027085749319195353,2017
2196,0.00011881435784744099,1.0,0.0014190673828125,0.0002706214679340047,1365
2197,0.0001056054825312458,1.0,0.0012664794921875,0.0002703854649839121,1248
2198,0.00011310938134556636,1.0,0.00150299072265625,0.00027014948449481543,1202
2199,0.00014120088599156588,1.0,0.0015869140625,0.00026991352661984,1329
2200,0.00011361845827195793,1.0,0.00154876708984375,0.00026967759151209615,1494
2201,0.00012111125397495925,1.0,0.00159454345703125,0.0002694416793246797,1301
2202,0.00011991624342044815,1.0,0.0022125244140625,0.00026920579021067143,1260
2203,0.00014768085384275764,1.0,0.002105712890625,0.0002689699243231374,2006
2204,0.00012495597184170038,1.0,0.0022125244140625,0.0002687340818151282,475
2205,0.00011957172682741657,1.0,0.00131988525390625,0.00026849826283967954,1298
2206,0.00019730500935111195,1.0,0.0029296875,0.000268262467549812,1220
2207,9.876670083031058e-05,1.0,0.00115966796875,0.00026802669609853015,1202
2208,0.00012341546243987978,1.0,0.0013885498046875,0.00026779094863882397,1688
2209,0.00012660204083658755,1.0,0.0014190673828125,0.0002675552253236673,1708
2210,0.00011066225124523044,1.0,0.00140380859375,0.00026731952630601826,1067
2211,0.00010849640966625884,1.0,0.00115966796875,0.00026708385173881955,1484
2212,0.00012744606647174805,1.0,0.00135040283203125,0.0002668482017749978,1826
2213,0.00010222353012068197,1.0,0.00116729736328125,0.0002666125765674637,1196
2214,0.00011005518172169104,1.0,0.00128936767578125,0.0002663769762691119,1262
2215,0.0001369005476590246,1.0,0.00156402587890625,0.00026614140103282095,2099
2216,0.0001298649876844138,1.0,0.0014190673828125,0.0002659058510114529,2017
2217,0.00010097491031046957,1.0,0.0011749267578125,0.0002656703263578537,1231
2218,0.00012582677300088108,1.0,0.001373291015625,0.00026543482722485274,2038
2219,0.000131813227199018,1.0,0.00157928466796875,0.00026519935376526283,2006
2220,9.850814240053296e-05,1.0,0.001434326171875,0.0002649639061318802,1336
2221,0.00011312334390822798,1.0,0.00119781494140625,0.00026472848447748416,1820
2222,9.26442735362798e-05,1.0,0.0012664794921875,0.00026449308895483734,1406
2223,8.620323205832392e-05,1.0,0.0009918212890625,0.00026425771971668534,1248
2224,0.00010053694131784141,1.0,0.0030975341796875,0.00026402237691575657,475
2225,0.0001225537562277168,1.0,0.0011749267578125,0.00026378706070476275,2050
2226,9.748796583153307e-05,1.0,0.00154876708984375,0.00026355177123639766,1337
2227,9.903544560074806e-05,1.0,0.00128173828125,0.00026331650866333816,1301
2228,0.00010963236127281561,1.0,0.00116729736328125,0.0002630812731382438,1571
2229,0.00011433773033786565,1.0,0.00113677978515625,0.000262846064813756,1983
2230,9.92218847386539e-05,1.0,0.00103759765625,0.0002626108838424992,1701
2231,9.255723125534132e-05,1.0,0.0012359619140625,0.00026237573037707975,1415
2232,9.710861922940239e-05,1.0,0.00101470947265625,0.0002621406045700859,1298
2233,8.461924153380096e-05,1.0,0.00086212158203125,0.00026190550657408855,1365
2234,8.254307613242418e-05,1.0,0.00099945068359375,0.00026167043654164006,1184
2235,9.12854156922549e-05,1.0,0.00122833251953125,0.0002614353946252749,1455
2236,7.457540777977556e-05,1.0,0.000759124755859375,0.0002612003809775092,1225
2237,9.298550139646977e-05,1.0,0.00130462646484375,0.0002609653957508408,1260
2238,9.336440416518599e-05,1.0,0.0010223388671875,0.00026073043909774897,1400
2239,7.741606532363221e-05,1.0,0.000896453857421875,0.00026049551117069455,1124
2240,8.329658885486424e-05,1.0,0.000904083251953125,0.0002602606121221198,1401
2241,8.24352100607939e-05,1.0,0.000957489013671875,0.0002600257421044481,1096
2242,8.363636879948899e-05,1.0,0.0010986328125,0.0002597909012700841,1439
2243,0.00010067453695228323,1.0,0.0009307861328125,0.0002595560897714134,1942
2244,8.173876267392188e-05,1.0,0.00091552734375,0.00025932130776080265,1494
2245,8.626766066299751e-05,1.0,0.00098419189453125,0.00025908655539059946,1257
2246,7.472996367141604e-05,1.0,0.00103759765625,0.0002588518328131318,740
2247,9.903505997499451e-05,1.0,0.0009765625,0.00025861714018070905,1329
2248,0.00010167388973059133,1.0,0.0010223388671875,0.00025838247764562036,2018
2249,9.817288810154423e-05,1.0,0.00140380859375,0.00025814784536013575,1625
2250,0.00013735317043028772,1.0,0.002044677734375,0.00025791324347650574,1530
2251,7.60916227591224e-05,1.0,0.000789642333984375,0.00025767867214696066,1337
2252,9.312163456343114e-05,1.0,0.00102996826171875,0.0002574441315237116,1688
2253,6.898431456647813e-05,1.0,0.000896453857421875,0.00025720962175894934,740
2254,0.0001272648514714092,1.0,0.00174713134765625,0.0002569751430048445,1530
2255,8.062407869147137e-05,1.0,0.000762939453125,0.0002567406954135481,1484
2256,0.00010184421262238175,1.0,0.000934600830078125,0.0002565062791371904,2099
2257,9.287224384024739e-05,1.0,0.000873565673828125,0.00025627189432788174,2018
2258,7.322378223761916e-05,1.0,0.000766754150390625,0.0002560375411377118,1401
2259,9.763209527591243e-05,1.0,0.0011138916015625,0.0002558032197187498,2017
2260,7.38367234589532e-05,1.0,0.000759124755859375,0.0002555689302230445,1196
2261,7.028393883956596e-05,1.0,0.000766754150390625,0.0002553346728026236,1336
2262,6.997067976044491e-05,1.0,0.000865936279296875,0.0002551004476094944,1406
2263,9.817173122428358e-05,1.0,0.00090789794921875,0.0002548662547956429,2050
2264,8.116785465972498e-05,1.0,0.000835418701171875,0.00025463209451303447,1625
2265,7.471307617379352e-05,1.0,0.000820159912109375,0.00025439796691361304,1365
2266,7.425395597238094e-05,1.0,0.00087738037109375,0.0002541638721493015,1257
2267,7.095405453583226e-05,1.0,0.000762939453125,0.0002539298103720014,1096
2268,6.698629294987768e-05,1.0,0.000720977783203125,0.0002536957817335928,1248
2269,6.634442252106965e-05,1.0,0.00072479248046875,0.0002534617863859345,1124
2270,7.907329563749954e-05,1.0,0.0010986328125,0.00025322782448086365,1301
2271,7.344816549448296e-05,1.0,0.000701904296875,0.00025299389617019515,1298
2272,6.807438330724835e-05,1.0,0.00074005126953125,0.0002527600016057229,1202
2273,6.561481131939217e-05,1.0,0.000652313232421875,0.0002525261409392184,1415
2274,8.682641782797873e-05,1.0,0.000751495361328125,0.0002522923143224314,2038
2275,7.999649096745998e-05,1.0,0.000858306884765625,0.0002520585219070895,1701
2276,7.02695397194475e-05,1.0,0.000751495361328125,0.0002518247638448978,1231
2277,8.33978847367689e-05,1.0,0.000728607177734375,0.00025159104028753954,1983
2278,6.988356471993029e-05,1.0,0.000701904296875,0.0002513573513866754,1262
2279,5.875118949916214e-05,1.0,0.00058746337890625,0.00025112369729394363,1184
2280,7.337064744206145e-05,1.0,0.00144195556640625,0.00025089007816095967,1067
2281,7.630199252162129e-05,1.0,0.000690460205078125,0.0002506564941393166,1329
2282,8.215797424782068e-05,1.0,0.000782012939453125,0.00025042294538058445,1826
2283,0.00014422032108996063,1.0,0.00714111328125,0.0002501894320363105,1220
2284,6.690015288768336e-05,1.0,0.00074005126953125,0.000249955954258019,1439
2285,5.549361594603397e-05,1.0,0.000514984130859375,0.00024972251219721115,1225
2286,6.68107604724355e-05,1.0,0.000766754150390625,0.00024948910600536517,1260
2287,6.503979966510087e-05,1.0,0.00103759765625,0.00024925573583393554,475
2288,6.589482654817402e-05,1.0,0.000705718994140625,0.00024902240183435355,1494
2289,7.639505929546431e-05,1.0,0.000690460205078125,0.00024878910415802755,1708
2290,7.842838385840878e-05,1.0,0.000732421875,0.00024855584295634136,1571
2291,8.170662476914003e-05,1.0,0.000736236572265625,0.00024832261838065597,1942
2292,8.70478615979664e-05,1.0,0.0009918212890625,0.0002480894305823083,2006
2293,7.549471774837002e-05,1.0,0.000705718994140625,0.000247856279712611,1820
2294,6.520918395835906e-05,1.0,0.0006561279296875,0.00024762316592285357,1455
2295,6.839227717136964e-05,1.0,0.00067901611328125,0.00024739008936430074,1400
2296,7.351326348725706e-05,1.0,0.000766754150390625,0.00024715705018819357,1688
2297,7.234702934511006e-05,1.0,0.0009307861328125,0.00024692404854574846,1625
2298,9.336236689705402e-05,1.0,0.0011444091796875,0.0002466910845881577,1530
2299,5.433166370494291e-05,1.0,0.00054168701171875,0.00024645815846658926,1124
2300,7.843522325856611e-05,1.0,0.000751495361328125,0.00024622527033218603,2006
2301,5.964922456769273e-05,1.0,0.000606536865234375,0.0002459924203360669,1337
2302,7.381262548733503e-05,1.0,0.000659942626953125,0.00024575960862932556,2018
2303,5.338386836228892e-05,1.0,0.00061798095703125,0.0002455268353630309,1184
2304,6.606670649489388e-05,1.0,0.00057220458984375,0.00024529410068822725,1820
2305,5.826565757161006e-05,1.0,0.000560760498046875,0.0002450614047559333,1401
2306,5.660822716890834e-05,1.0,0.000640869140625,0.00024482874771714313,1406
2307,6.700481753796339e-05,1.0,0.00058746337890625,0.00024459612972282523,1329
2308,7.235189696075395e-05,1.0,0.00067901611328125,0.00024436355092392306,1826
2309,5.2822120778728276e-05,1.0,0.0005035400390625,0.00024413101147135435,1248
2310,5.958682231721468e-05,1.0,0.000568389892578125,0.00024389851151601137,1262
2311,6.842184666311368e-05,1.0,0.000606536865234375,0.00024366605120876102,1571
2312,6.791025953134522e-05,1.0,0.000591278076171875,0.00024343363070044398,1708
2313,7.579606608487666e-05,1.0,0.000637054443359375,0.00024320125014187568,2099
2314,5.78793951717671e-05,1.0,0.00051116943359375,0.00024296890968384532,1298
2315,6.949662929400802e-05,1.0,0.000576019287109375,0.00024273660947711582,1942
2316,6.305421266006306e-05,1.0,0.00072479248046875,0.00024250434967242453,1067
2317,5.917930320720188e-05,1.0,0.000537872314453125,0.00024227213042048217,1701
2318,6.83453181409277e-05,1.0,0.0005645751953125,0.00024203995187197346,1983
2319,6.378146645147353e-05,1.0,0.00075531005859375,0.00024180781417755643,1301
2320,6.006972762406804e-05,1.0,0.00052642822265625,0.00024157571748786258,1484
2321,5.868796506547369e-05,1.0,0.000579833984375,0.00024134366195349718,1365
2322,5.087520185043104e-05,1.0,0.0004749298095703125,0.0002411116477250384,1096
2323,5.875513670616783e-05,1.0,0.0006561279296875,0.0002408796749530378,1257
2324,5.790725481347181e-05,1.0,0.00092315673828125,0.00024064774378801997,475
2325,5.271679401630536e-05,1.0,0.0005340576171875,0.00024041585438048247,1336
2326,5.341894211596809e-05,1.0,0.000499725341796875,0.00024018400688089598,1415
2327,6.839106936240569e-05,1.0,0.000701904296875,0.00023995220143970366,2017
2328,5.455318387248553e-05,1.0,0.00055694580078125,0.00023972043820732165,1439
2329,4.889464980806224e-05,1.0,0.000457763671875,0.0002394887173341386,1225
2330,4.945931868860498e-05,1.0,0.0006103515625,0.00023925703897051547,740
2331,5.3942065278533846e-05,1.0,0.000553131103515625,0.00023902540326678617,1494
2332,5.656784196617082e-05,1.0,0.0005340576171875,0.00023879381037325624,1400
2333,9.792578930500895e-05,1.0,0.0011749267578125,0.0002385622604402041,1220
2334,6.917391146998852e-05,1.0,0.0005950927734375,0.00023833075361787977,2050
2335,5.300069096847437e-05,1.0,0.000492095947265625,0.00023809929005650567,1196
2336,5.226827124715783e-05,1.0,0.000469207763671875,0.00023786786990627595,1455
2337,5.3701980505138636e-05,1.0,0.00058746337890625,0.00023763649331735653,1260
2338,5.1660772442119196e-05,1.0,0.000499725341796875,0.00023740516043988528,1202
2339,6.393720104824752e-05,1.0,0.00051116943359375,0.0002371738714239715,2038
2340,5.431515455711633e-05,1.0,0.00052642822265625,0.00023694262641969625,1231
2341,4.9940623284783214e-05,1.0,0.0004863739013671875,0.00023671142557711182,1337
2342,5.753878940595314e-05,1.0,0.00048828125,0.00023648026904624187,1329
2343,4.765189078170806e-05,1.0,0.000446319580078125,0.0002362491569770815,1336
2344,5.2260755182942376e-05,1.0,0.00055694580078125,0.00023601808951959668,1067
2345,4.862708374275826e-05,1.0,0.0004520416259765625,0.00023578706682372472,1202
2346,6.101234248490073e-05,1.0,0.0004711151123046875,0.00023555608903937366,2038
2347,6.548331293743104e-05,1.0,0.00052642822265625,0.0002353251563164224,2099
2348,5.169631913304329e-05,1.0,0.000530242919921875,0.00023509426880472084,1301
2349,7.452788850059733e-05,1.0,0.000843048095703125,0.00023486342665408918,1530
2350,4.68445141450502e-05,1.0,0.00064849853515625,0.00023463263001431865,475
2351,5.068648897577077e-05,1.0,0.000507354736328125,0.0002344018790351705,1257
2352,4.637898746295832e-05,1.0,0.000446319580078125,0.00023417117386637643,1401
2353,6.019649299560115e-05,1.0,0.00052642822265625,0.0002339405146576389,1826
2354,5.52834098925814e-05,1.0,0.0004634857177734375,0.0002337099015586297,1820
2355,5.5826523748692125e-05,1.0,0.00046539306640625,0.0002334793347189915,1571
2356,6.191884313011542e-05,1.0,0.000545501708984375,0.0002332488142883365,2017
2357,4.6240082156145945e-05,1.0,0.000400543212890625,0.0002330183404162469,1365
2358,4.300201908336021e-05,1.0,0.0003814697265625,0.00023278791325227478,1225
2359,4.4648924813373014e-05,1.0,0.000415802001953125,0.00023255753294594168,1248
2360,4.6358891268027946e-05,1.0,0.000431060791015625,0.000232327199646739,1439
2361,4.812577390111983e-05,1.0,0.0004673004150390625,0.00023209691350412743,1494
2362,5.4681135225109756e-05,1.0,0.000514984130859375,0.00023186667466753723,1688
2363,6.00975145061966e-05,1.0,0.000530242919921875,0.00023163648328636784,2018
2364,4.10308493883349e-05,1.0,0.0004711151123046875,0.0002314063395099879,740
2365,5.814399992232211e-05,1.0,0.0004711151123046875,0.0002311762434877353,1983
2366,4.945316686644219e-05,1.0,0.0004329681396484375,0.00023094619536891679,1298
2367,4.631011324818246e-05,1.0,0.0004711151123046875,0.00023071619530280814,1260
2368,4.508347774390131e-05,1.0,0.000476837158203125,0.00023048624343865388,1184
2369,5.0978283979929984e-05,1.0,0.00045013427734375,0.00023025633992566723,1701
2370,4.5003816921962425e-05,1.0,0.0003986358642578125,0.00023002648491303012,1231
2371,5.97817670495715e-05,1.0,0.000606536865234375,0.0002297966785498929,2006
2372,5.2243241952965036e-05,1.0,0.0004634857177734375,0.0002295669209853747,1484
2373,4.20416436099913e-05,1.0,0.0004062652587890625,0.0002293372123685624,1406
2374,4.814299973077141e-05,1.0,0.000461578369140625,0.00022910755284851145,1196
2375,4.248095501679927e-05,1.0,0.0004138946533203125,0.00022887794257424565,1124
2376,4.77700014016591e-05,1.0,0.000423431396484375,0.0002286483816947563,1262
2377,4.86396202177275e-05,1.0,0.0004482269287109375,0.00022841887035900325,1400
2378,5.4055799409979954e-05,1.0,0.0004405975341796875,0.0002281894087159139,1708
2379,4.306817572796717e-05,1.0,0.000370025634765625,0.0002279599969143831,1415
2380,5.8363486459711567e-05,1.0,0.0004673004150390625,0.00022773063510327397,2050
2381,5.224566120887175e-05,1.0,0.000530242919921875,0.00022750132343141684,1625
2382,4.395731957629323e-05,1.0,0.0003719329833984375,0.00022727206204760952,1455
2383,5.5142569181043655e-05,1.0,0.00042724609375,0.00022704285110061726,1942
2384,8.076982339844108e-05,1.0,0.00090789794921875,0.0002268136907391726,1220
2385,4.288716445444152e-05,1.0,0.0003986358642578125,0.00022658458111197516,1096
2386,4.443896614247933e-05,1.0,0.000438690185546875,0.00022635552236769163,1301
2387,5.296245581121184e-05,1.0,0.00040435791015625,0.00022612651465495583,1942
2388,4.259307388565503e-05,1.0,0.0004024505615234375,0.0002258975581223683,1494
2389,4.2708390537882224e-05,1.0,0.00037384033203125,0.00022566865291849663,1196
2390,4.145885759498924e-05,1.0,0.000377655029296875,0.00022543979919187473,1096
2391,3.958862362196669e-05,1.0,0.0003604888916015625,0.00022521099709100326,1406
2392,3.760283289011568e-05,1.0,0.0004177093505859375,0.0002249822467643497,740
2393,4.92316648887936e-05,1.0,0.0004100799560546875,0.0002247535483603473,1329
2394,4.324191831983626e-05,1.0,0.00035858154296875,0.00022452490202739628,1298
2395,4.2531537474133074e-05,1.0,0.0003986358642578125,0.00022429630791386264,1337
2396,4.149442975176498e-05,1.0,0.0003833770751953125,0.00022406776616807847,1202
2397,3.9297308831010014e-05,1.0,0.000354766845703125,0.0002238392769383423,1336
2398,5.287954263621941e-05,1.0,0.0004253387451171875,0.00022361084037291805,1983
2399,5.00311070936732e-05,1.0,0.0003719329833984375,0.00022338245662003594,2038
2400,4.7688648919574916e-05,1.0,0.0003871917724609375,0.00022315412582789166,1820
2401,5.232163312030025e-05,1.0,0.00040435791015625,0.00022292584814464643,2050
2402,4.87377583340276e-05,1.0,0.000396728515625,0.00022269762371842738,1708
2403,3.698373257066123e-05,1.0,0.0003452301025390625,0.0002224694526973267,1184
2404,4.301549051888287e-05,1.0,0.0003509521484375,0.00022224133522940213,1484
2405,4.1678533307276666e-05,1.0,0.000507354736328125,0.0002220132714626766,1067
2406,3.869273132295348e-05,1.0,0.00052642822265625,0.00022178526154513834,475
2407,6.095798744354397e-05,1.0,0.00063323974609375,0.00022155730562474038,1530
2408,3.930189268430695e-05,1.0,0.000316619873046875,0.00022132940384940084,1262
2409,3.882508826791309e-05,1.0,0.0003871917724609375,0.0002211015563670028,1401
2410,4.263444498064928e-05,1.0,0.000457763671875,0.00022087376332539382,1260
2411,4.348530637798831e-05,1.0,0.0004558563232421875,0.0002206460248723867,1257
2412,4.4415555748855695e-05,1.0,0.000423431396484375,0.0002204183411557581,1400
2413,4.348699076217599e-05,1.0,0.000354766845703125,0.00022019071232324953,1701
2414,3.776165613089688e-05,1.0,0.0003185272216796875,0.00021996313852256716,1415
2415,5.336470712791197e-05,1.0,0.0004119873046875,0.00021973561990138083,2099
2416,4.380678365123458e-05,1.0,0.0004138946533203125,0.0002195081566073251,1625
2417,3.763537824852392e-05,1.0,0.0003414154052734375,0.00021928074878799849,1248
2418,4.077113771927543e-05,1.0,0.0003452301025390625,0.00021905339659096312,1455
2419,4.512687519309111e-05,1.0,0.0003681182861328125,0.00021882610016374574,1571
2420,4.006053859484382e-05,1.0,0.0003757476806640625,0.0002185988596538363,1439
2421,3.729339368874207e-05,1.0,0.0003337860107421875,0.0002183716752086889,1225
2422,5.201883686822839e-05,1.0,0.0004673004150390625,0.00021814454697572096,2017
2423,4.827479278901592e-05,1.0,0.0004024505615234375,0.00021791747510231337,1826
2424,4.777808499056846e-05,1.0,0.000400543212890625,0.00021769045973581087,2006
2425,4.007541065220721e-05,1.0,0.000354766845703125,0.00021746350102352103,1365
2426,4.643087959266268e-05,1.0,0.0003643035888671875,0.0002172365991127151,2018
2427,6.808146281400695e-05,1.0,0.00070953369140625,0.0002170097541506272,1220
2428,4.4833930587628856e-05,1.0,0.00041961669921875,0.00021678296628445441,1688
2429,3.529277819325216e-05,1.0,0.000324249267578125,0.00021655623566135715,1124
2430,4.033116056234576e-05,1.0,0.0003662109375,0.00021632956242845827,1231
2431,3.7350891943788156e-05,1.0,0.0003032684326171875,0.0002161029467328437,1455
2432,3.765622022910975e-05,1.0,0.000347137451171875,0.00021587638872156174,1494
2433,3.8344933273037896e-05,1.0,0.0004024505615234375,0.0002156498885416237,1067
2434,4.3064432247774675e-05,1.0,0.0003528594970703125,0.00021542344634000292,1329
2435,4.3352603825042024e-05,1.0,0.000339508056640625,0.00021519706226363512,1708
2436,4.425672523211688e-05,1.0,0.000331878662109375,0.00021497073645941888,2018
2437,4.479199560591951e-05,1.0,0.0003337860107421875,0.00021474446907421407,1983
2438,3.5333239793544635e-05,1.0,0.0003204345703125,0.00021451826025484352,1336
2439,3.8059741200413555e-05,1.0,0.0003452301025390625,0.00021429211014809162,1257
2440,3.694803308462724e-05,1.0,0.0003528594970703125,0.00021406601890070447,1260
2441,4.5149121433496475e-05,1.0,0.000339508056640625,0.00021383998665939054,1942
2442,3.8432397559517995e-05,1.0,0.000301361083984375,0.00021361401357081943,1701
2443,3.500520688248798e-05,1.0,0.0002899169921875,0.00021338809978162284,1415
2444,3.464996552793309e-05,1.0,0.00029754638671875,0.0002131622454383937,1401
2445,3.470170486252755e-05,1.0,0.0004730224609375,0.00021293645068768633,475
2446,3.4266395232407376e-05,1.0,0.000293731689453125,0.00021271071567601673,1337
2447,3.6622830521082506e-05,1.0,0.0003032684326171875,0.0002124850405498616,1365
2448,3.7666944990633056e-05,1.0,0.00029754638671875,0.00021225942545565935,1484
2449,3.770613329834305e-05,1.0,0.00032806396484375,0.00021203387053980906,1400
2450,4.40348158008419e-05,1.0,0.0003108978271484375,0.00021180837594867076,2099
2451,3.203826418030076e-05,1.0,0.0002727508544921875,0.00021158294182856564,1406
2452,6.193399894982576e-05,1.0,0.000637054443359375,0.0002113575683257752,1220
2453,3.7386205804068595e-05,1.0,0.0003528594970703125,0.00021113225558654222,1301
2454,3.599233241402544e-05,1.0,0.000324249267578125,0.00021090700375706931,1096
2455,5.191147647565231e-05,1.0,0.00051116943359375,0.0002106818129835202,1530
2456,3.875876063830219e-05,1.0,0.00035858154296875,0.0002104566834120187,1625
2457,4.3040676246164367e-05,1.0,0.000339508056640625,0.00021023161518864873,2017
2458,3.655995533335954e-05,1.0,0.0002994537353515625,0.0002100066084594549,1262
2459,3.5695713449968025e-05,1.0,0.0003204345703125,0.00020978166337044145,1202
2460,4.498110865824856e-05,1.0,0.00034332275390625,0.00020955678006757294,2038
2461,3.380320777068846e-05,1.0,0.0003032684326171875,0.00020933195869677362,1248
2462,3.9243805076694116e-05,1.0,0.00034332275390625,0.00020910719940392755,1688
2463,3.5581491829361767e-05,1.0,0.0002994537353515625,0.0002088825023348788,1231
2464,4.019891639472917e-05,1.0,0.000316619873046875,0.00020865786763543066,1820
2465,4.036368045490235e-05,1.0,0.0003223419189453125,0.00020843329545134636,1571
2466,3.4785283787641674e-05,1.0,0.00029754638671875,0.00020820878592834818,1196
2467,4.424334110808559e-05,1.0,0.00037384033203125,0.00020798433921211795,2006
2468,4.4933192839380354e-05,1.0,0.0003452301025390625,0.00020775995544829672,2050
2469,3.928730802726932e-05,1.0,0.00029754638671875,0.00020753563478248464,1826
2470,3.0434452128247358e-05,1.0,0.0003299713134765625,0.00020731137736024107,740
2471,3.453578392509371e-05,1.0,0.000274658203125,0.00020708718332708415,1298
2472,3.242633829358965e-05,1.0,0.0002899169921875,0.00020686305282849085,1124
2473,3.139130785712041e-05,1.0,0.0002613067626953125,0.0002066389860098972,1225
2474,3.1567939004162326e-05,1.0,0.00032806396484375,0.0002064149830166975,1184
2475,3.3274809538852423e-05,1.0,0.0002803802490234375,0.00020619104399424517,1439
2476,3.2659703720128164e-05,1.0,0.000293731689453125,0.00020596716908785165,1494
2477,3.153737270622514e-05,1.0,0.0002765655517578125,0.00020574335844278672,1336
2478,3.2772972190286964e-05,1.0,0.000274658203125,0.00020551961220427911,1196
2479,3.257058051531203e-05,1.0,0.0002727508544921875,0.0002052959305175149,1439
2480,3.459784420556389e-05,1.0,0.0002727508544921875,0.000205072313527639,1484
2481,3.164037116221152e-05,1.0,0.0002727508544921875,0.00020484876137975396,1401
2482,3.8146354199852794e-05,1.0,0.0002956390380859375,0.00020462527421892033,1708
2483,3.3203144994331524e-05,1.0,0.0002613067626953125,0.00020440185219015655,1298
2484,4.034830999444239e-05,1.0,0.0003147125244140625,0.0002041784954384386,2017
2485,2.8011685571982525e-05,1.0,0.0002899169921875,0.00020395520410870048,740
2486,2.9553661079262383e-05,1.0,0.00023937225341796875,0.0002037319783458333,1225
2487,4.5974640670465305e-05,1.0,0.0004119873046875,0.00020350881829468595,1530
2488,3.083438059547916e-05,1.0,0.0002498626708984375,0.0002032857241000645,1415
2489,3.869655847665854e-05,1.0,0.00031280517578125,0.00020306269590673241,1571
2490,3.1455645512323827e-05,1.0,0.0002803802490234375,0.00020283973385941027,1337
2491,3.240188743802719e-05,1.0,0.0003032684326171875,0.0002026168381027756,1260
2492,3.0556748242815956e-05,1.0,0.0002593994140625,0.0002023940087814632,1096
2493,2.8702030249405652e-05,1.0,0.00023746490478515625,0.00020217124604006456,1124
2494,3.325282159494236e-05,1.0,0.000301361083984375,0.00020194855002312784,1301
2495,2.8540120183606632e-05,1.0,0.0002269744873046875,0.0002017259208751583,1248
2496,2.846146708179731e-05,1.0,0.00023937225341796875,0.00020150335874061738,1406
2497,3.0725848773727193e-05,1.0,0.00025177001953125,0.00020128086376392345,1202
2498,3.836830364889465e-05,1.0,0.00028228759765625,0.00020105843608945095,2018
2499,3.9641043258598074e-05,1.0,0.000301361083984375,0.00020083607586153065,1942
2500,3.523356281220913e-05,1.0,0.00028228759765625,0.00020061378322445,1329
2501,3.4482727642171085e-05,1.0,0.000293731689453125,0.00020039155832245195,1625
2502,4.137123323744163e-05,1.0,0.0003108978271484375,0.00020016940129973608,2050
2503,3.142477726214565e-05,1.0,0.0002574920654296875,0.00019994731230045756,1231
2504,3.0395807698369026e-05,1.0,0.000675201416015625,0.00019972529146872756,475
2505,2.9446631742757745e-05,1.0,0.0002231597900390625,0.00019950333894861298,1365
2506,2.987607877003029e-05,1.0,0.00022792816162109375,0.00019928145488413637,1262
2507,3.149183248751797e-05,1.0,0.000263214111328125,0.00019905963941927596,1257
2508,3.4697546652751043e-05,1.0,0.0002994537353515625,0.00019883789269796532,1688
2509,3.625121098593809e-05,1.0,0.000278472900390625,0.00019861621486409354,1820
2510,3.743088018381968e-05,1.0,0.0002651214599609375,0.000198394606061505,2038
2511,2.6665105906431563e-05,1.0,0.0002040863037109375,0.00019817306643399906,1184
2512,5.2849791245535016e-05,1.0,0.00057220458984375,0.0001979515961253306,1220
2513,3.8496669731102884e-05,1.0,0.00028228759765625,0.00019773019527920906,1983
2514,3.584509249776602e-05,1.0,0.0002765655517578125,0.0001975088640392994,1826
2515,3.799851765506901e-05,1.0,0.0003032684326171875,0.00019728760254922082,2006
2516,3.914016269845888e-05,1.0,0.0002727508544921875,0.00019706641095254736,2099
2517,3.192021176801063e-05,1.0,0.0002613067626953125,0.0001968452893928082,1455
2518,3.083615956711583e-05,1.0,0.0003871917724609375,0.00019662423801348637,1067
2519,3.2021529477788135e-05,1.0,0.0002651214599609375,0.00019640325695801996,1400
2520,3.321024632896297e-05,1.0,0.0002689361572265625,0.00019618234636980118,1701
2521,2.9940778404125012e-05,1.0,0.000244140625,0.00019596150639217624,1257
2522,3.310499232611619e-05,1.0,0.00028228759765625,0.00019574073716844612,1625
2523,3.400693094590679e-05,1.0,0.00025177001953125,0.00019552003884186535,1708
2524,2.6204314053757116e-05,1.0,0.00020694732666015625,0.00019529941155564288,1184
2525,2.8989910788368434e-05,1.0,0.000274658203125,0.0001950788554529412,1067
2526,3.0162320399540477e-05,1.0,0.0002288818359375,0.00019485837067687682,1484
2527,2.9685921617783606e-05,1.0,0.00024127960205078125,0.0001946379573705199,1231
2528,3.393333827261813e-05,1.0,0.0002593994140625,0.00019441761567689427,1571
2529,2.6724484996520914e-05,1.0,0.00021839141845703125,0.00019419734573897723,1225
2530,3.655020191217773e-05,1.0,0.0002574920654296875,0.00019397714769969957,2050
2531,2.7036223400500603e-05,1.0,0.0002155303955078125,0.00019375702170194544,1196
2532,3.2401167118223384e-05,1.0,0.0002727508544921875,0.00019353696788855222,1688
2533,2.9708311558351852e-05,1.0,0.000255584716796875,0.00019331698640231033,1301
2534,4.8408295697299764e-05,1.0,0.0004711151123046875,0.00019309707738596345,1220
2535,2.7689035050570965e-05,1.0,0.00021266937255859375,0.00019287724098220808,1365
2536,3.420323264435865e-05,1.0,0.00023651123046875,0.0001926574773336939,2038
2537,3.351008490426466e-05,1.0,0.00023365020751953125,0.00019243778658302295,1942
2538,3.510578244458884e-05,1.0,0.0002536773681640625,0.00019221816887275003,1983
2539,3.29792637785431e-05,1.0,0.00024318695068359375,0.00019199862434538315,1826
2540,2.9158054530853406e-05,1.0,0.000263214111328125,0.00019177915314338184,1415
2541,2.9474122129613534e-05,1.0,0.0002765655517578125,0.000191559755409159,1401
2542,2.4143817427102476e-05,1.0,0.000244140625,0.00019134043128507929,740
2543,2.8168738936074078e-05,1.0,0.0002498626708984375,0.00019112118091345958,1337
2544,2.7752446840167977e-05,1.0,0.000225067138671875,0.00019090200443656934,1439
2545,3.1475912692258134e-05,1.0,0.00022792816162109375,0.00019068290199662956,1820
2546,2.7730537112802267e-05,1.0,0.0002498626708984375,0.0001904638737358137,1336
2547,2.96358502964722e-05,1.0,0.00023555755615234375,0.0001902449197962466,1298
2548,3.3163691114168614e-05,1.0,0.0002307891845703125,0.00019002604032000513,2018
2549,3.0235047233873047e-05,1.0,0.00022602081298828125,0.00018980723544911792,1701
2550,2.8314148948993534e-05,1.0,0.00022029876708984375,0.0001895885053255649,1455
2551,2.8567772460519336e-05,1.0,0.00023365020751953125,0.00018936985009127788,1400
2552,3.3002324926201254e-05,1.0,0.0002574920654296875,0.00018915126988813965,2006
2553,2.5960402126656845e-05,1.0,0.0002117156982421875,0.00018893276485798473,1248
2554,2.7043462978326716e-05,1.0,0.00022220611572265625,0.00018871433514259855,1202
2555,2.5831242965068668e-05,1.0,0.000217437744140625,0.00018849598088371773,1124
2556,2.566959119576495e-05,1.0,0.0003223419189453125,0.00018827770222303015,475
2557,3.450256917858496e-05,1.0,0.00023365020751953125,0.0001880594993021742,2099
2558,3.236505654058419e-05,1.0,0.0002613067626953125,0.0001878413722627397,1329
2559,2.7269614292890765e-05,1.0,0.0002346038818359375,0.00018762332124626677,1096
2560,2.753617627604399e-05,1.0,0.0002422332763671875,0.0001874053463942462,1494
2561,2.6507686925469898e-05,1.0,0.00023174285888671875,0.00018718744784811984,1260
2562,2.5599494620109908e-05,1.0,0.0002193450927734375,0.0001869696257492793,1406
2563,2.7649346520774998e-05,1.0,0.00021457672119140625,0.00018675188023906732,1262
2564,3.353898136992939e-05,1.0,0.00026702880859375,0.00018653421145877646,2017
2565,3.8283415051409975e-05,1.0,0.0003528594970703125,0.00018631661954964955,1530
2566,2.935507109214086e-05,1.0,0.00023555755615234375,0.0001860991046528797,1688
2567,2.9945924325147644e-05,1.0,0.0002307891845703125,0.0001858816669096099,1329
2568,2.494144791853614e-05,1.0,0.00018978118896484375,0.0001856643064609333,1415
2569,2.369293179071974e-05,1.0,0.0002899169921875,0.00018544702344789262,475
2570,3.193705924786627e-05,1.0,0.000244140625,0.00018522981801148038,2006
2571,3.179632403771393e-05,1.0,0.000232696533203125,0.00018501269029263896,2017
2572,3.182840009685606e-05,1.0,0.00022220611572265625,0.00018479564043226006,2018
2573,2.5381399609614164e-05,1.0,0.00018596649169921875,0.00018457866857118512,1298
2574,2.640662387420889e-05,1.0,0.0002117156982421875,0.00018436177485020474,1257
2575,3.304924030089751e-05,1.0,0.0002307891845703125,0.00018414495941005885,2050
2576,2.6387493562651798e-05,1.0,0.00020503997802734375,0.00018392822239143676,1455
2577,2.4625949663459323e-05,1.0,0.00021266937255859375,0.0001837115639349766,1337
2578,2.4270233552670106e-05,1.0,0.000194549560546875,0.00018349498418126595,1225
2579,2.444192250550259e-05,1.0,0.000194549560546875,0.0001832784832708407,1401
2580,3.125383227597922e-05,1.0,0.00020313262939453125,0.00018306206134418633,2099
2581,2.9853121304768138e-05,1.0,0.00025177001953125,0.0001828457185417365,1625
2582,2.7659034458338283e-05,1.0,0.00019359588623046875,0.00018262945500387357,1820
2583,2.4136605134117417e-05,1.0,0.00020313262939453125,0.00018241327087092877,1336
2584,2.980032513733022e-05,1.0,0.000213623046875,0.00018219716628318169,1708
2585,2.3357972168014385e-05,1.0,0.0001888275146484375,0.00018198114138086,1406
2586,2.7467491236166097e-05,1.0,0.00023365020751953125,0.00018176519630414025,1400
2587,2.7530555598787032e-05,1.0,0.0002307891845703125,0.00018154933119314654,1231
2588,2.1857451429241337e-05,1.0,0.00022125244140625,0.00018133354618795155,740
2589,2.3943093765410595e-05,1.0,0.0001888275146484375,0.0001811178414285758,1248
2590,2.5840157832135446e-05,1.0,0.00020313262939453125,0.0001809022170549879,1365
2591,3.112117337877862e-05,1.0,0.00022220611572265625,0.00018068667320710394,1942
2592,2.5550367354298942e-05,1.0,0.000213623046875,0.00018047121002478806,1196
2593,2.389644032518845e-05,1.0,0.00018978118896484375,0.00018025582764785212,1494
2594,3.467192073003389e-05,1.0,0.0002956390380859375,0.00018004052621605507,1530
2595,2.953076000267174e-05,1.0,0.0001983642578125,0.0001798253058691041,1983
2596,2.7862333809025586e-05,1.0,0.0001983642578125,0.00017961016674665308,1826
2597,2.673082781257108e-05,1.0,0.00022983551025390625,0.00017939510898830352,1301
2598,2.3978327590157278e-05,1.0,0.000209808349609375,0.00017918013273360414,1184
2599,2.950978341687005e-05,1.0,0.00022029876708984375,0.00017896523812205054,1571
2600,2.4572387701482512e-05,1.0,0.00023651123046875,0.00017875042529308556,1067
2601,2.5014729544636793e-05,1.0,0.0001983642578125,0.00017853569438609895,1439
2602,2.382563252467662e-05,1.0,0.000194549560546875,0.00017832104554042736,1260
2603,2.677295015018899e-05,1.0,0.00019741058349609375,0.0001781064788953539,1701
2604,2.4156004656106234e-05,1.0,0.00019168853759765625,0.00017789199459010858,1202
2605,2.5754370653885417e-05,1.0,0.00018978118896484375,0.0001776775927638681,1484
2606,2.4391129045397975e-05,1.0,0.0002040863037109375,0.00017746327355575508,1096
2607,2.9996517696417868e-05,1.0,0.00020885467529296875,0.0001772490371048395,2038
2608,4.2299845517845824e-05,1.0,0.00046539306640625,0.00017703488355013674,1220
2609,2.414811388007365e-05,1.0,0.00017642974853515625,0.00017682081303060853,1262
2610,2.2878619347466156e-05,1.0,0.00018405914306640625,0.0001766068256851634,1124
2611,2.3772949134581722e-05,1.0,0.00017261505126953125,0.00017639292165265495,1262
2612,2.3203056116472e-05,1.0,0.00018787384033203125,0.00017617910107188342,1096
2613,2.6677937057684176e-05,1.0,0.00018787384033203125,0.0001759653640815947,1820
2614,2.419980773993302e-05,1.0,0.00018215179443359375,0.00017575171082048023,1455
2615,3.052958709304221e-05,1.0,0.0002079010009765625,0.00017553814142717735,2050
2616,2.287488678121008e-05,1.0,0.00016498565673828125,0.00017532465604026896,1298
2617,2.6731891921372153e-05,1.0,0.0002193450927734375,0.00017511125479828353,1625
2618,2.6593015718390234e-05,1.0,0.00022220611572265625,0.00017489793783969452,1688
2619,2.353253512410447e-05,1.0,0.00020122528076171875,0.00017468470530292122,1260
2620,2.8645330530707724e-05,1.0,0.0001964569091796875,0.00017447155732632793,1942
2621,2.056634366454091e-05,1.0,0.00014972686767578125,0.00017425849404822382,1184
2622,2.885581852751784e-05,1.0,0.0002002716064453125,0.00017404551560686347,2018
2623,2.3848149794503115e-05,1.0,0.000186920166015625,0.00017383262214044646,1257
2624,2.318832957826089e-05,1.0,0.00020313262939453125,0.00017361981378711673,1336
2625,2.5046489099622704e-05,1.0,0.000186920166015625,0.00017340709068496346,1329
2626,2.4308639694936574e-05,1.0,0.00017833709716796875,0.00017319445297202035,1484
2627,3.1345956813311204e-05,1.0,0.0002593994140625,0.00017298190078626584,1530
2628,2.698427670111414e-05,1.0,0.00019741058349609375,0.0001727694342656224,1571
2629,2.171450250898488e-05,1.0,0.0001773834228515625,0.00017255705354795768,1406
2630,2.4870430934242904e-05,1.0,0.0002002716064453125,0.00017234475877108297,1231
2631,3.0047367545193993e-05,1.0,0.000202178955078125,0.00017213255007275386,2099
2632,2.219739690190181e-05,1.0,0.00017642974853515625,0.00017192042759067076,1225
2633,2.241482252429705e-05,1.0,0.00019550323486328125,0.00017170839146247722,1337
2634,2.0865149053861387e-05,1.0,0.000164031982421875,0.00017149644182576132,1124
2635,2.468918501108419e-05,1.0,0.0002040863037109375,0.00017128457881805502,1301
2636,2.1316009224392474e-05,1.0,0.00016498565673828125,0.0001710728025768337,1248
2637,2.323592343600467e-05,1.0,0.00017547607421875,0.0001708611132395167,1400
2638,2.851835779438261e-05,1.0,0.00019550323486328125,0.00017064951094346707,1983
2639,2.2883394194650464e-05,1.0,0.0001773834228515625,0.00017043799582599126,1439
2640,2.2587020794162527e-05,1.0,0.00016689300537109375,0.0001702265680243389,1365
2641,2.822243004629854e-05,1.0,0.0001983642578125,0.00017001522767570338,2017
2642,2.2918307877262123e-05,1.0,0.00018596649169921875,0.00016980397491722117,1196
2643,2.614152617752552e-05,1.0,0.00018405914306640625,0.0001695928098859718,1708
2644,2.7527319616638124e-05,1.0,0.00018978118896484375,0.0001693817327189779,2038
2645,2.631718416523654e-05,1.0,0.000186920166015625,0.00016917074355320545,1826
2646,2.1777941583422944e-05,1.0,0.00016880035400390625,0.00016895984252556268,1202
2647,2.2430649551097304e-05,1.0,0.000286102294921875,0.00016874902977290112,475
2648,2.2692494894727133e-05,1.0,0.00021266937255859375,0.00016853830543201486,1067
2649,3.7559781048912555e-05,1.0,0.0003681182861328125,0.00016832766963964082,1220
2650,1.9730516214622185e-05,1.0,0.00019073486328125,0.00016811712253245788,740
2651,2.2117284970590845e-05,1.0,0.000179290771484375,0.00016790666424708824,1494
2652,2.1964633560855873e-05,1.0,0.0001697540283203125,0.0001676962949200958,1415
2653,2.8692131309071556e-05,1.0,0.0003414154052734375,0.00016748601468798667,2006
2654,2.4972330720629543e-05,1.0,0.00018405914306640625,0.00016727582368720982,1701
2655,2.2030922991689295e-05,1.0,0.00018596649169921875,0.00016706572205415563,1401
2656,2.60784690908622e-05,1.0,0.000171661376953125,0.0001668557099251569,2018
2657,2.4444330847472884e-05,1.0,0.00017547607421875,0.00016664578743648826,1701
2658,2.922206294897478e-05,1.0,0.0002346038818359375,0.00016643595472436596,1530
2659,1.9819408407784067e-05,1.0,0.00014972686767578125,0.0001662262119249483,1184
2660,3.481519524939358e-05,1.0,0.0003204345703125,0.00016601655917433507,1220
2661,2.1228202967904508e-05,1.0,0.0001506805419921875,0.00016580699660856776,1298
2662,2.0998237232561223e-05,1.0,0.0001621246337890625,0.00016559752436362906,1196
2663,2.1599365936708637e-05,1.0,0.0001659393310546875,0.00016538814257544332,1439
2664,2.8019720048177987e-05,1.0,0.0001888275146484375,0.00016517885137987622,2050
2665,2.130177199433092e-05,1.0,0.00017833709716796875,0.00016496965091273438,1260
2666,2.1339052182156593e-05,1.0,0.00017070770263671875,0.00016476054130976572,1494
2667,2.0543004211504012e-05,1.0,0.00014495849609375,0.00016455152270665937,1262
2668,2.0379129637149163e-05,1.0,0.00017642974853515625,0.000164342595239045,1067
2669,2.101880090776831e-05,1.0,0.0001811981201171875,0.0001641337590424935,1336
2670,2.003043300646823e-05,1.0,0.0001583099365234375,0.0001639250142525164,1406
2671,2.6880295990849845e-05,1.0,0.00020122528076171875,0.00016371636100456598,2017
2672,2.733771179919131e-05,1.0,0.00018310546875,0.00016350779943403494,2099
2673,1.9992947272839956e-05,1.0,0.00015544891357421875,0.00016329932967625667,1248
2674,1.8924891264759935e-05,1.0,0.00022125244140625,0.0001630909518665051,475
2675,1.9658175006043166e-05,1.0,0.000152587890625,0.00016288266613999393,1124
2676,2.1534657207666896e-05,1.0,0.00017642974853515625,0.000162674472631878,1202
2677,2.654391028045211e-05,1.0,0.0001811981201171875,0.0001624663714772514,2038
2678,1.7083584680221975e-05,1.0,0.00015354156494140625,0.00016225836281114894,740
2679,1.9461915144347586e-05,1.0,0.0001468658447265625,0.0001620504467685452,1225
2680,2.563583620940335e-05,1.0,0.000171661376953125,0.00016184262348435452,1983
2681,2.6113821149920113e-05,1.0,0.0002193450927734375,0.0001616348930934312,2006
2682,2.482844502083026e-05,1.0,0.00017642974853515625,0.00016142725573056922,1708
2683,2.2160411390359513e-05,1.0,0.000171661376953125,0.0001612197115305024,1231
2684,2.1773939806735143e-05,1.0,0.000164031982421875,0.00016101226062790365,1455
2685,2.005158967222087e-05,1.0,0.000152587890625,0.0001608049031573857,1401
2686,2.358852361794561e-05,1.0,0.00019359588623046875,0.00016059763925350073,1625
2687,2.0067698642378673e-05,1.0,0.0001506805419921875,0.00016039046905073976,1415
2688,1.949564648384694e-05,1.0,0.00015163421630859375,0.00016018339268353344,1096
2689,2.314588891749736e-05,1.0,0.00018405914306640625,0.00015997641028625144,1400
2690,2.2886893930262886e-05,1.0,0.00015544891357421875,0.00015976952199320222,1820
2691,2.3149697881308384e-05,1.0,0.0001964569091796875,0.00015956272793863344,1688
2692,2.183594915550202e-05,1.0,0.000171661376953125,0.0001593560282567315,1257
2693,2.521168062230572e-05,1.0,0.00018405914306640625,0.00015914942308162172,1571
2694,2.5530676794005558e-05,1.0,0.00017261505126953125,0.0001589429125473677,1942
2695,1.986873940040823e-05,1.0,0.0001678466796875,0.00015873649678797196,1337
2696,2.0190160284982994e-05,1.0,0.0001468658447265625,0.00015853017593737566,1365
2697,2.1344287233659998e-05,1.0,0.00015354156494140625,0.00015832395012945776,1484
2698,2.2817650460638106e-05,1.0,0.000171661376953125,0.0001581178194980364,1329
2699,2.1880723579670303e-05,1.0,0.00017642974853515625,0.00015791178417686719,1301
2700,2.3507858713855967e-05,1.0,0.000164031982421875,0.0001577058442996443,1826
2701,2.4397622837568633e-05,1.0,0.00016117095947265625,0.00015750000000000003,1983
2702,2.5610959710320458e-05,1.0,0.00016689300537109375,0.0001572942514115043,2050
2703,2.4042064978857525e-05,1.0,0.000156402587890625,0.0001570885986676651,1942
2704,2.181942545576021e-05,1.0,0.0001506805419921875,0.00015688304190192843,1701
2705,2.289799158461392e-05,1.0,0.00015735626220703125,0.00015667758124767795,1571
2706,1.7701266187941656e-05,1.0,0.00020313262939453125,0.0001564722168382345,475
2707,1.9483599317027256e-05,1.0,0.0001373291015625,0.000156266948806857,1365
2708,1.9467253878246993e-05,1.0,0.00015163421630859375,0.00015606177728674182,1196
2709,2.365190812270157e-05,1.0,0.0001544952392578125,0.0001558567024110222,2018
2710,1.9122622688882984e-05,1.0,0.00015354156494140625,0.0001556517243127692,1337
2711,2.7003961804439314e-05,1.0,0.000217437744140625,0.00015544684312499091,1530
2712,2.1895330064580776e-05,1.0,0.0001659393310546875,0.00015524205898063232,1625
2713,1.8933093087980524e-05,1.0,0.000141143798828125,0.00015503737201257581,1401
2714,1.9347073248354718e-05,1.0,0.00015163421630859375,0.00015483278235364043,1096
2715,2.0372455765027553e-05,1.0,0.0001506805419921875,0.0001546282901365824,1455
2716,1.9694554794114083e-05,1.0,0.0001468658447265625,0.00015442389549409418,1439
2717,2.298731851624325e-05,1.0,0.00016307830810546875,0.00015421959855880545,1826
2718,1.97163135453593e-05,1.0,0.000141143798828125,0.00015401539946328227,1298
2719,2.00465765374247e-05,1.0,0.00014019012451171875,0.00015381129834002695,1484
2720,2.1615238438243978e-05,1.0,0.00015735626220703125,0.00015360729532147894,1329
2721,3.1781506550032645e-05,1.0,0.000308990478515625,0.00015340339054001323,1220
2722,1.847792555054184e-05,1.0,0.00014209747314453125,0.00015319958412794157,1225
2723,1.894463821372483e-05,1.0,0.0001583099365234375,0.00015299587621751178,1336
2724,1.596227230038494e-05,1.0,0.0001430511474609375,0.0001527922669409075,740
2725,1.941435220942367e-05,1.0,0.0001544952392578125,0.00015258875643024873,1494
2726,2.4533934265491553e-05,1.0,0.00016117095947265625,0.0001523853448175912,2099
2727,2.391230191278737e-05,1.0,0.00019073486328125,0.00015218203223492662,2006
2728,1.796312972146552e-05,1.0,0.00015544891357421875,0.00015197881881418208,1067
2729,2.3161695935414173e-05,1.0,0.0001506805419921875,0.00015177570468722067,2038
2730,1.9257235180702992e-05,1.0,0.00015163421630859375,0.00015157268998584113,1202
2731,2.128312917193398e-05,1.0,0.00014400482177734375,0.00015136977484177702,1820
2732,1.9456969312159345e-05,1.0,0.00014591217041015625,0.00015116695938669836,1257
2733,1.822313788579777e-05,1.0,0.00013256072998046875,0.0001509642437522096,1415
2734,1.9767770936596207e-05,1.0,0.00014781951904296875,0.00015076162806985048,1231
2735,1.874892222986091e-05,1.0,0.00013065338134765625,0.00015055911247109662,1262
2736,2.1325644411263056e-05,1.0,0.00018310546875,0.00015035669708735776,1688
2737,1.8416641978546977e-05,1.0,0.0001621246337890625,0.00015015438204997933,1184
2738,1.7982179997488856e-05,1.0,0.0001354217529296875,0.00014995216749024128,1248
2739,1.9836088540614583e-05,1.0,0.00015354156494140625,0.00014975005353935828,1301
2740,2.191092789871618e-05,1.0,0.0001506805419921875,0.00014954804032848008,1708
2741,1.7517964806756936e-05,1.0,0.00013637542724609375,0.0001493461279886908,1406
2742,1.969832374015823e-05,1.0,0.00014591217041015625,0.0001491443166510092,1400
2743,1.8374610590399243e-05,1.0,0.0001506805419921875,0.00014894260644638838,1260
2744,1.7751359337125905e-05,1.0,0.00013446807861328125,0.00014874099750571593,1124
2745,2.3337959646596573e-05,1.0,0.000164031982421875,0.0001485394899598138,2017
2746,2.321669308003038e-05,1.0,0.0001621246337890625,0.0001483380839394379,2017
2747,2.2409289158531465e-05,1.0,0.00014495849609375,0.00014813677957527843,2018
2748,2.0544548533507623e-05,1.0,0.0001373291015625,0.0001479355769979597,1820
2749,1.708243871689774e-05,1.0,0.0001239776611328125,0.0001477344763380399,1248
2750,1.799609890440479e-05,1.0,0.00013446807861328125,0.00014753347772601092,1202
2751,2.135400427505374e-05,1.0,0.000148773193359375,0.00014733258129229866,1571
2752,1.9987764972029254e-05,1.0,0.000148773193359375,0.0001471317871672627,1688
2753,3.0124871045700274e-05,1.0,0.000286102294921875,0.00014693109548119591,1220
2754,1.7750939150573686e-05,1.0,0.0001468658447265625,0.00014673050636432536,1336
2755,1.679954948485829e-05,1.0,0.0001220703125,0.00014653001994681088,1124
2756,1.8193202777183615e-05,1.0,0.00014209747314453125,0.00014632963635874578,1196
2757,2.3442640667781234e-05,1.0,0.00015354156494140625,0.00014612935573015721,2050
2758,2.0567824321915396e-05,1.0,0.0001583099365234375,0.00014592917819100475,1625
2759,1.6744503227528185e-05,1.0,0.00011873245239257812,0.00014572910387118158,1184
2760,1.8975139028043486e-05,1.0,0.0001392364501953125,0.00014552913290051384,1455
2761,2.0267165382392704e-05,1.0,0.00014591217041015625,0.00014532926540876024,1329
2762,2.1895581085118465e-05,1.0,0.0001430511474609375,0.00014512950152561287,1983
2763,1.7685131751932204e-05,1.0,0.0001468658447265625,0.00014492984138069623,1337
2764,2.4051776563283056e-05,1.0,0.00018596649169921875,0.00014473028510356777,1530
2765,2.2293019355856813e-05,1.0,0.0001735687255859375,0.0001445308328237172,2006
2766,1.834489739849232e-05,1.0,0.0001373291015625,0.000144331484670567,1439
2767,2.0573621441144496e-05,1.0,0.0001392364501953125,0.00014413224077347212,1708
2768,1.8745980923995376e-05,1.0,0.00013828277587890625,0.0001439331012617196,1231
2769,1.763015825417824e-05,1.0,0.00014400482177734375,0.00014373406626452904,1260
2770,1.8923530660686083e-05,1.0,0.00014400482177734375,0.0001435351359110521,1301
2771,1.845342012529727e-05,1.0,0.000125885009765625,0.00014333631033037239,1484
2772,1.7179883798235096e-05,1.0,0.0001239776611328125,0.0001431375896515057,1415
2773,2.2041151169105433e-05,1.0,0.00014019012451171875,0.00014293897400339986,2099
2774,1.7295858924626373e-05,1.0,0.00012111663818359375,0.00014274046351493437,1365
2775,1.7738246242515743e-05,1.0,0.00012969970703125,0.00014254205831492025,1257
2776,1.7350823327433318e-05,1.0,0.00014972686767578125,0.00014234375853210094,1067
2777,2.1813799321535043e-05,1.0,0.00014400482177734375,0.0001421455642951508,1942
2778,1.747002352203708e-05,1.0,0.00014019012451171875,0.00014194747573267568,1494
2779,1.79054077307228e-05,1.0,0.000125885009765625,0.0001417494929732135,1298
2780,1.9182272808393463e-05,1.0,0.0001316070556640625,0.00014155161614523288,1701
2781,1.690741555648856e-05,1.0,0.0001220703125,0.00014135384537713398,1401
2782,1.766410241543781e-05,1.0,0.0001239776611328125,0.00014115618079724827,1262
2783,1.657400935073383e-05,1.0,0.0001277923583984375,0.00014095862253383788,1406
2784,1.533725117042195e-05,1.0,0.00014209747314453125,0.00014076117071509637,740
2785,2.157214839826338e-05,1.0,0.0001392364501953125,0.00014056382546914808,2038
2786,1.6560421499889344e-05,1.0,0.00019550323486328125,0.00014036658692404832,475
2787,1.813064591260627e-05,1.0,0.000133514404296875,0.00014016945520778273,1400
2788,1.6016518202377483e-05,1.0,0.00011587142944335938,0.00013997243044826813,1225
2789,1.7011088857543655e-05,1.0,0.00013065338134765625,0.00013977551277335185,1096
2790,2.0069068341399543e-05,1.0,0.0001392364501953125,0.00013957870231081143,1826
2791,1.8967406504089013e-05,1.0,0.0001430511474609375,0.00013938199918835513,1625
2792,1.6556014088564552e-05,1.0,0.00011396408081054688,0.00013918540353362153,1365
2793,1.755481935106218e-05,1.0,0.00011968612670898438,0.00013898891547417928,1484
2794,1.5106907085282728e-05,1.0,0.00016498565673828125,0.00013879253513752739,475
2795,2.194793887611013e-05,1.0,0.000141143798828125,0.000138596262651095,2050
2796,1.977648207684979e-05,1.0,0.00013637542724609375,0.00013840009814224127,1826
2797,1.922488081618212e-05,1.0,0.00012874603271484375,0.00013820404173825487,1820
2798,1.7573060176800936e-05,1.0,0.00012683868408203125,0.0001380080935663551,1455
2799,1.55293910211185e-05,1.0,0.00011110305786132812,0.00013781225375369047,1225
2800,1.623637399461586e-05,1.0,0.00011587142944335938,0.00013761652242733896,1415
2801,1.6439546016044915e-05,1.0,0.0001239776611328125,0.00013742089971430907,1096
2802,1.9360953956493177e-05,1.0,0.00013065338134765625,0.00013722538574153785,1708
2803,1.8835564333130606e-05,1.0,0.0001354217529296875,0.00013702998063589228,1329
2804,1.5404901205329224e-05,1.0,0.00011014938354492188,0.0001368346845241688,1248
2805,1.972183417819906e-05,1.0,0.0001373291015625,0.00013663949753309264,1571
2806,1.6189305824809708e-05,1.0,0.00011777877807617188,0.00013644441978931867,1401
2807,1.7432259483030066e-05,1.0,0.00013256072998046875,0.0001362494514194308,1301
2808,1.5509516742895357e-05,1.0,0.00011157989501953125,0.00013605459254994182,1124
2809,1.6411710021202452e-05,1.0,0.00011205673217773438,0.00013585984330729346,1262
2810,1.6609965314273722e-05,1.0,0.00011444091796875,0.00013566520381785643,1298
2811,2.1462572476593778e-05,1.0,0.00014019012451171875,0.00013547067420793035,2099
2812,1.5987416190910153e-05,1.0,0.0001277923583984375,0.00013527625460374305,1337
2813,1.612477717571892e-05,1.0,0.00012969970703125,0.0001350819451314515,1336
2814,2.0760600818903185e-05,1.0,0.0001430511474609375,0.0001348877459171411,2017
2815,1.591122963873204e-05,1.0,0.000118255615234375,0.00013469365708682537,1202
2816,1.5501189409405924e-05,1.0,0.00011920928955078125,0.00013449967876644656,1406
2817,2.8017175282002427e-05,1.0,0.0002765655517578125,0.00013430581108187515,1220
2818,2.245546056656167e-05,1.0,0.00018310546875,0.00013411205415890978,1530
2819,1.9719896954484284e-05,1.0,0.000125885009765625,0.00013391840812327702,2018
2820,1.3730258615396451e-05,1.0,0.0001201629638671875,0.00013372487310063196,740
2821,1.6041167327784933e-05,1.0,0.00011968612670898438,0.00013353144921655726,1196
2822,2.041950574493967e-05,1.0,0.00013446807861328125,0.00013333813659656334,2038
2823,1.5057323253131472e-05,1.0,0.0001201629638671875,0.00013314493536608913,1184
2824,1.637436798773706e-05,1.0,0.00012159347534179688,0.0001329518456505004,1439
2825,1.5584446373395622e-05,1.0,0.0001316070556640625,0.00013275886757509113,1067
2826,1.8127606381312944e-05,1.0,0.0001430511474609375,0.00013256600126508282,1688
2827,1.6806709027150646e-05,1.0,0.000125885009765625,0.0001323732468456241,1257
2828,2.0139283151365817e-05,1.0,0.0001316070556640625,0.00013218060444179135,1942
2829,1.5758418157929555e-05,1.0,0.000118255615234375,0.00013198807417858803,1494
2830,1.573634108353872e-05,1.0,0.00012302398681640625,0.00013179565618094517,1260
2831,1.9701814380823635e-05,1.0,0.0001277923583984375,0.0001316033505737204,1983
2832,2.0651435988838784e-05,1.0,0.00020122528076171875,0.000131411157481699,2006
2833,1.6510755813214928e-05,1.0,0.0001201629638671875,0.0001312190770295929,1231
2834,1.6909758414840326e-05,1.0,0.00012302398681640625,0.00013102710934204096,1400
2835,1.8126187569578178e-05,1.0,0.0001277923583984375,0.0001308352545436089,1701
2836,1.812684968172107e-05,1.0,0.00012159347534179688,0.00013064351275878948,1826
2837,2.079552723444067e-05,1.0,0.0001583099365234375,0.00013045188411200148,1530
2838,1.7178123016492464e-05,1.0,0.0001201629638671875,0.0001302603687275909,1329
2839,1.5573685232084244e-05,1.0,0.0001068115234375,0.0001300689667298299,1298
2840,1.5133137821976561e-05,1.0,0.00011444091796875,0.0001298776782429173,1260
2841,1.8903387172031216e-05,1.0,0.00011920928955078125,0.00012968650339097786,2018
2842,1.757783866196405e-05,1.0,0.00012063980102539062,0.0001294954422980631,1701
2843,1.5026977052912116e-05,1.0,0.00010585784912109375,0.00012930449508815036,1415
2844,1.4556124369846657e-05,1.0,0.00010919570922851562,0.00012911366188514327,1406
2845,1.4736473531229421e-05,1.0,0.0001068115234375,0.00012892294281287154,1248
2846,1.3171448699722532e-05,1.0,0.00011444091796875,0.00012873233799509044,740
2847,1.4836601621937007e-05,1.0,0.00010919570922851562,0.00012854184755548153,1124
2848,1.8879685740103014e-05,1.0,0.000125885009765625,0.00012835147161765201,2017
2849,1.4715134966536425e-05,1.0,0.00011587142944335938,0.0001281612103051347,1337
2850,1.946092743310146e-05,1.0,0.000148773193359375,0.00012797106374138806,2006
2851,1.5480027286685072e-05,1.0,0.00011777877807617188,0.00012778103204979615,1196
2852,1.5494306353502907e-05,1.0,0.000118255615234375,0.00012759111535366868,1202
2853,1.5007146430434659e-05,1.0,0.00010156631469726562,0.0001274013137762402,1262
2854,1.4511430890706833e-05,1.0,0.0001010894775390625,0.0001272116274406711,1401
2855,1.528747088741511e-05,1.0,0.00010585784912109375,0.00012702205647004678,1365
2856,1.8759503291221336e-05,1.0,0.00011968612670898438,0.00012683260098737755,1983
2857,1.8371227270108648e-05,1.0,0.0001277923583984375,0.0001266432611155994,1571
2858,1.6287598555209115e-05,1.0,0.00012302398681640625,0.00012645403697757274,1301
2859,1.7308546375716105e-05,1.0,0.00011348724365234375,0.00012626492869608283,1820
2860,1.895022069220431e-05,1.0,0.00012159347534179688,0.00012607593639384038,1942
2861,1.6810679881018586e-05,1.0,0.00012969970703125,0.0001258870601934802,1688
2862,1.4604300304199569e-05,1.0,0.00011730194091796875,0.000125698300217562,1336
2863,1.510495894763153e-05,1.0,0.00010728836059570312,0.00012550965658857026,1257
2864,1.580008574819658e-05,1.0,0.00011348724365234375,0.00012532112942891357,1455
2865,1.891227839223575e-05,1.0,0.00011730194091796875,0.00012513271886092523,2099
2866,1.4364448361448012e-05,1.0,0.00010395050048828125,0.00012494442500686283,1184
2867,1.5636331227142364e-05,1.0,0.00011205673217773438,0.00012475624798890836,1400
2868,2.467741614964325e-05,1.0,0.00023555755615234375,0.00012456818792916754,1220
2869,1.75888417288661e-05,1.0,0.00013256072998046875,0.00012438024494967065,1625
2870,1.4486755389953032e-05,1.0,0.00010585784912109375,0.000124192419172372,1494
2871,1.9381979655008763e-05,1.0,0.0001220703125,0.00012400471071914937,2050
2872,1.6304860764648765e-05,1.0,0.00011348724365234375,0.000123817119711805,1484
2873,1.4941692825232167e-05,1.0,0.00010776519775390625,0.00012362964627206453,1439
2874,1.4001440831634682e-05,1.0,0.00015735626220703125,0.00012344229052157755,475
2875,1.5383695426862687e-05,1.0,0.00010919570922851562,0.00012325505258191705,1231
2876,1.7674325135885738e-05,1.0,0.00011777877807617188,0.00012306793257457977,1708
2877,1.818422788346652e-05,1.0,0.00011348724365234375,0.00012288093062098592,2038
2878,1.4448275578615721e-05,1.0,0.00012063980102539062,0.00012269404684247875,1067
2879,1.3854398275725543e-05,1.0,9.775161743164062e-05,0.0001225072813603255,1225
2880,1.4688792361994274e-05,1.0,0.00011014938354492188,0.00012232063429571608,1096
2881,1.81806790351402e-05,1.0,0.000133514404296875,0.00012213410576976356,2006
2882,1.537438038212713e-05,1.0,0.00010204315185546875,0.00012194769590350465,1484
2883,1.4751007256563753e-05,1.0,0.00010061264038085938,0.00012176140481789844,1298
2884,1.4151050891086925e-05,1.0,0.00011110305786132812,0.00012157523263382719,1336
2885,1.3743991985393222e-05,1.0,0.00010251998901367188,0.00012138917947209621,1406
2886,1.4187683518684935e-05,1.0,0.00011014938354492188,0.00012120324545343313,1337
2887,1.4115645171841606e-05,1.0,0.00010538101196289062,0.0001210174306984886,1260
2888,1.4088291209191084e-05,1.0,0.00010204315185546875,0.00012083173532783583,1494
2889,1.604916360520292e-05,1.0,0.00010824203491210938,0.00012064615946197063,1701
2890,1.4451376046054065e-05,1.0,0.00010156631469726562,0.00012046070322131093,1257
2891,1.3079928976367228e-05,1.0,0.00014019012451171875,0.00012027536672619745,475
2892,1.4804190868744627e-05,1.0,0.00010395050048828125,0.00012009015009689303,1455
2893,1.3919557204644661e-05,1.0,0.00010156631469726562,0.00011990505345358257,1124
2894,1.6907202734728344e-05,1.0,0.0001163482666015625,0.0001197200769163734,1826
2895,1.2024178431602195e-05,1.0,0.0001010894775390625,0.00011953522060529475,740
2896,2.3785902158124372e-05,1.0,0.0002231597900390625,0.000119350484640298,1220
2897,1.3433655112748966e-05,1.0,0.0001049041748046875,0.00011916586914125609,1067
2898,1.3669661711901426e-05,1.0,9.918212890625e-05,0.00011898137422796409,1184
2899,1.439749939891044e-05,1.0,0.00010061264038085938,0.0001187970000201389,1365
2900,1.7599390048417263e-05,1.0,0.00011014938354492188,0.00011861274663741865,2038
2901,1.7381697034579702e-05,1.0,0.00010919570922851562,0.00011842861419936373,1942
2902,1.9358300050953403e-05,1.0,0.00015544891357421875,0.00011824460282545544,1530
2903,1.6962394511210732e-05,1.0,0.00011539459228515625,0.00011806071263509661,1708
2904,1.8200209524366073e-05,1.0,0.00012111663818359375,0.000117876943747612,1983
2905,1.57416670845123e-05,1.0,0.00010919570922851562,0.00011769329628224695,1329
2906,1.6533040252397768e-05,1.0,0.00011205673217773438,0.00011750977035816832,1571
2907,1.3386043065111153e-05,1.0,9.5367431640625e-05,0.00011732636609446428,1225
2908,1.4509861102851573e-05,1.0,0.00010251998901367188,0.00011714308361014364,1400
2909,1.4047042895981576e-05,1.0,0.00010061264038085938,0.00011695992302413651,1439
2910,1.3594420124718454e-05,1.0,9.393692016601562e-05,0.0001167768844552938,1415
2911,1.3550816220231354e-05,1.0,9.5367431640625e-05,0.00011659396802238737,1401
2912,1.8270884538651444e-05,1.0,0.00011682510375976562,0.00011641117384410951,2099
2913,1.7788283003028482e-05,1.0,0.000110626220703125,0.00011622850203907344,2050
2914,1.5794865248608403e-05,1.0,0.00010395050048828125,0.00011604595272581307,1820
2915,1.7061598555301316e-05,1.0,0.00010776519775390625,0.00011586352602278236,2018
2916,1.5839310435694642e-05,1.0,0.000125885009765625,0.00011568122204835624,1688
2917,1.4097050552663859e-05,1.0,9.632110595703125e-05,0.00011549904092082971,1262
2918,1.4756911696167663e-05,1.0,0.0001125335693359375,0.00011531698275841827,1301
2919,1.4294430002337322e-05,1.0,0.00010585784912109375,0.00011513504767925725,1202
2920,1.3865454093320295e-05,1.0,0.00010347366333007812,0.00011495323580140245,1096
2921,1.4333225408336148e-05,1.0,0.00010156631469726562,0.00011477154724282974,1231
2922,1.7263035260839388e-05,1.0,0.00011396408081054688,0.00011458998212143454,2017
2923,1.3740906069870107e-05,1.0,0.00010204315185546875,0.00011440854055503287,1196
2924,1.3101715921948198e-05,1.0,9.250640869140625e-05,0.00011422722266136,1248
2925,1.5687683116993867e-05,1.0,0.00011777877807617188,0.000114046028558071,1625
2926,1.6801173842395656e-05,1.0,0.0001049041748046875,0.00011386495836274106,1983
2927,1.143991084973095e-05,1.0,9.584426879882812e-05,0.00011368401219286447,740
2928,1.3157283319742419e-05,1.0,8.916854858398438e-05,0.00011350319016585526,1415
2929,1.3227756426203996e-05,1.0,9.870529174804688e-05,0.00011332249239904702,1260
2930,1.2963535482413135e-05,1.0,0.00010347366333007812,0.0001131419190096923,1067
2931,1.321560557698831e-05,1.0,0.00010633468627929688,0.00011296147011496337,1336
2932,1.5393965441035107e-05,1.0,0.00010156631469726562,0.00011278114583195158,1820
2933,1.6877938833204098e-05,1.0,0.00013637542724609375,0.00011260094627766744,2006
2934,1.4029556041350588e-05,1.0,9.822845458984375e-05,0.00011242087156904034,1400
2935,1.4900995665811934e-05,1.0,9.965896606445312e-05,0.00011224092182291886,1701
2936,1.713540405035019e-05,1.0,0.00010585784912109375,0.00011206109715607057,2050
2937,1.682768743194174e-05,1.0,0.00010251998901367188,0.00011188139768518152,2099
2938,1.3298188605403993e-05,1.0,9.393692016601562e-05,0.00011170182352685682,1439
2939,1.3887398381484672e-05,1.0,0.00010013580322265625,0.00011152237479762038,1301
2940,2.2117350454209372e-05,1.0,0.00020313262939453125,0.00011134305161391428,1220
2941,1.6038295143516734e-05,1.0,9.775161743164062e-05,0.00011116385409209947,2038
2942,1.181911829917226e-05,1.0,0.00012493133544921875,0.00011098478234845527,475
2943,1.3418748494586907e-05,1.0,9.775161743164062e-05,0.0001108058364991795,1202
2944,1.531984526081942e-05,1.0,0.00010204315185546875,0.00011062701666038795,1571
2945,1.8093862308887765e-05,1.0,0.000141143798828125,0.00011044832294811516,1530
2946,1.3477023458108306e-05,1.0,0.00010061264038085938,0.00011026975547831337,1494
2947,1.2890628568129614e-05,1.0,9.34600830078125e-05,0.00011009131436685294,1196
2948,1.27999246615218e-05,1.0,0.00010204315185546875,0.00010991299972952272,1337
2949,1.3181756003177725e-05,1.0,9.1552734375e-05,0.00010973481168202884,1257
2950,1.5125106983759906e-05,1.0,0.00011539459228515625,0.0001095567503399957,1688
2951,1.3022866369283292e-05,1.0,9.584426879882812e-05,0.00010937881581896547,1124
2952,1.5568324670311995e-05,1.0,0.00010204315185546875,0.00010920100823439769,1708
2953,1.2501692253863439e-05,1.0,8.726119995117188e-05,0.00010902332770166996,1225
2954,1.4846428712189663e-05,1.0,0.00010204315185546875,0.00010884577433607716,1329
2955,1.3508923984772991e-05,1.0,0.00010156631469726562,0.00010866834825283191,1096
2956,1.2784356840711553e-05,1.0,8.487701416015625e-05,0.0001084910495670638,1365
2957,1.541690289741382e-05,1.0,0.00010395050048828125,0.00010831387839382018,1826
2958,1.3778934771835338e-05,1.0,9.1552734375e-05,0.00010813683484806559,1484
2959,1.5309706213884056e-05,1.0,9.250640869140625e-05,0.00010795991904468144,1942
2960,1.3148192920198198e-05,1.0,9.107589721679688e-05,0.00010778313109846655,1455
2961,1.3054028386250138e-05,1.0,9.059906005859375e-05,0.00010760647112413691,1231
2962,1.2361175322439522e-05,1.0,8.678436279296875e-05,0.00010742993923632492,1248
2963,1.5772942788316868e-05,1.0,9.870529174804688e-05,0.00010725353554958044,2018
2964,1.6073552615125664e-05,1.0,0.00010585784912109375,0.00010707726017836982,2017
2965,1.2437487384886481e-05,1.0,9.393692016601562e-05,0.00010690111323707624,1406
2966,1.3430294529825915e-05,1.0,9.107589721679688e-05,0.00010672509483999952,1298
2967,1.254818471352337e-05,1.0,9.250640869140625e-05,0.00010654920510135624,1184
2968,1.2620664165297057e-05,1.0,8.7738037109375e-05,0.00010637344413527914,1401
2969,1.3185162970330566e-05,1.0,8.916854858398438e-05,0.00010619781205581769,1262
2970,1.4373756130225956e-05,1.0,0.000102996826171875,0.00010602230897693769,1625
2971,1.4226101484382525e-05,1.0,9.1552734375e-05,0.00010584693501252104,1820
2972,1.22190658657928e-05,1.0,8.7738037109375e-05,0.00010567169027636608,1184
2973,1.1285829714324791e-05,1.0,0.00011777877807617188,0.00010549657488218735,475
2974,1.2406590030877851e-05,1.0,8.440017700195312e-05,0.0001053215889436151,1401
2975,1.527429594716523e-05,1.0,9.34600830078125e-05,0.00010514673257419588,2038
2976,1.2858907211921178e-05,1.0,8.821487426757812e-05,0.00010497200588739217,1455
2977,1.2982596672372892e-05,1.0,9.393692016601562e-05,0.00010479740899658223,1301
2978,1.2976344805792905e-05,1.0,9.298324584960938e-05,0.00010462294201505993,1257
2979,1.564544072607532e-05,1.0,0.0001010894775390625,0.00010444860505603507,2017
2980,1.465743116568774e-05,1.0,9.72747802734375e-05,0.00010427439823263313,1571
2981,1.2017731933156028e-05,1.0,8.726119995117188e-05,0.0001041003216578948,1406
2982,1.4657689462183043e-05,1.0,9.489059448242188e-05,0.00010392637544477672,1708
2983,1.2239982424944174e-05,1.0,8.726119995117188e-05,0.00010375255970615063,1096
2984,1.550040178699419e-05,1.0,9.679794311523438e-05,0.00010357887455480344,1983
2985,1.2576482731674332e-05,1.0,8.344650268554688e-05,0.00010340532010343798,1262
2986,1.228367182193324e-05,1.0,8.916854858398438e-05,0.00010323189646467149,1260
2987,1.49026200233493e-05,1.0,9.107589721679688e-05,0.00010305860375103681,1942
2988,1.5818008250789717e-05,1.0,9.775161743164062e-05,0.00010288544207498181,2050
2989,1.3857042176823597e-05,1.0,9.72747802734375e-05,0.00010271241154886903,1625
2990,1.2268993486941326e-05,1.0,8.821487426757812e-05,0.00010253951228497619,1196
2991,1.206480465043569e-05,1.0,8.440017700195312e-05,0.00010236674439549575,1439
2992,1.1980846466030926e-05,1.0,9.775161743164062e-05,0.00010219410799253503,1067
2993,1.2697617421508767e-05,1.0,8.678436279296875e-05,0.00010202160318811571,1400
2994,1.2254876310180407e-05,1.0,8.20159912109375e-05,0.00010184923009417434,1365
2995,1.1998256013612263e-05,1.0,8.0108642578125e-05,0.00010167698882256206,1415
2996,1.4566970094165299e-05,1.0,8.7738037109375e-05,0.00010150487948504422,2018
2997,1.520082605566131e-05,1.0,0.00013637542724609375,0.0001013329021933008,2006
2998,1.1770262062782422e-05,1.0,8.392333984375e-05,0.00010116105705892596,1124
2999,1.344510747003369e-05,1.0,8.916854858398438e-05,0.00010098934419342819,1701
3000,1.720540240057744e-05,1.0,0.0001354217529296875,0.00010081776370823002,1530
3001,1.2494921975303441e-05,1.0,7.963180541992188e-05,0.00010064631571466818,1484
3002,1.211922790389508e-05,1.0,9.5367431640625e-05,0.00010047500032399352,1336
3003,1.1684724086080678e-05,1.0,8.153915405273438e-05,0.00010030381764737047,1248
3004,1.5513674952671863e-05,1.0,9.632110595703125e-05,0.000100132767795878,2099
3005,1.1684284800139721e-05,1.0,8.106231689453125e-05,9.996185088050826e-05,1225
3006,1.419885938958032e-05,1.0,0.0001125335693359375,9.979106701216725e-05,1688
3007,1.2422171494108625e-05,1.0,8.678436279296875e-05,9.962041630167514e-05,1231
3008,1.1959962648688816e-05,1.0,9.5367431640625e-05,9.944989885976501e-05,1337
3009,2.072016468446236e-05,1.0,0.0001964569091796875,9.927951479708386e-05,1220
3010,1.4451587048824877e-05,1.0,9.679794311523438e-05,9.910926422419222e-05,1826
3011,1.3930907698522788e-05,1.0,9.679794311523438e-05,9.893914725156363e-05,1329
3012,1.2106896974728443e-05,1.0,8.678436279296875e-05,9.876916398958514e-05,1202
3013,1.2447359949874226e-05,1.0,8.296966552734375e-05,9.859931454855715e-05,1298
3014,1.0426176231703721e-05,1.0,8.821487426757812e-05,9.842959903869319e-05,740
3015,1.2085904927516822e-05,1.0,8.678436279296875e-05,9.826001757011962e-05,1494
3016,1.4980694686528295e-05,1.0,9.107589721679688e-05,9.809057025287609e-05,2099
3017,1.3387631042860448e-05,1.0,9.012222290039062e-05,9.792125719691527e-05,1329
3018,1.2217954463267233e-05,1.0,7.867813110351562e-05,9.775207851210232e-05,1484
3019,1.1545861525519285e-05,1.0,7.724761962890625e-05,9.758303430821556e-05,1401
3020,1.582143158884719e-05,1.0,0.00011873245239257812,9.741412469494591e-05,1530
3021,1.1366681974323e-05,1.0,8.20159912109375e-05,9.724534978189718e-05,1406
3022,1.4461173122981563e-05,1.0,9.012222290039062e-05,9.70767096785853e-05,1983
3023,1.177142075903248e-05,1.0,7.724761962890625e-05,9.690820449443908e-05,1262
3024,1.1358028132235631e-05,1.0,8.106231689453125e-05,9.673983433879987e-05,1124
3025,1.3535371181205846e-05,1.0,8.630752563476562e-05,9.657159932092094e-05,1708
3026,1.1779727174143773e-05,1.0,8.344650268554688e-05,9.640349954996848e-05,1202
3027,1.377525222778786e-05,1.0,8.249282836914062e-05,9.623553513502049e-05,2018
3028,1.1567437468329445e-05,1.0,8.106231689453125e-05,9.606770618506703e-05,1494
3029,1.0806748832692392e-05,1.0,0.00011301040649414062,9.590001280901088e-05,475
3030,1.0031668352894485e-05,1.0,8.344650268554688e-05,9.573245511566614e-05,740
3031,1.163515480584465e-05,1.0,9.250640869140625e-05,9.55650332137593e-05,1337
3032,1.1704575626936276e-05,1.0,8.630752563476562e-05,9.539774721192872e-05,1260
3033,1.1323424587317277e-05,1.0,7.963180541992188e-05,9.523059721872423e-05,1196
3034,1.4105642549111508e-05,1.0,9.584426879882812e-05,9.506358334260775e-05,1571
3035,1.4157021723804064e-05,1.0,8.916854858398438e-05,9.489670569195285e-05,2017
3036,1.477641399105778e-05,1.0,9.34600830078125e-05,9.47299643750446e-05,2038
3037,1.0983056199620478e-05,1.0,7.62939453125e-05,9.456335950007956e-05,1248
3038,1.1408371392462868e-05,1.0,8.058547973632812e-05,9.439689117516582e-05,1096
3039,1.0971337360388134e-05,1.0,8.96453857421875e-05,9.423055950832304e-05,1067
3040,1.1218142390134744e-05,1.0,8.726119995117188e-05,9.406436460748182e-05,1336
3041,1.4335810192278586e-05,1.0,8.916854858398438e-05,9.38983065804843e-05,1942
3042,1.0738914170360658e-05,1.0,7.2479248046875e-05,9.373238553508369e-05,1225
3043,1.1940574950131122e-05,1.0,8.440017700195312e-05,9.356660157894458e-05,1257
3044,1.5232100849971175e-05,1.0,9.632110595703125e-05,9.340095481964205e-05,2050
3045,1.3391837455856148e-05,1.0,9.250640869140625e-05,9.323544536466267e-05,1701
3046,1.1362800250935834e-05,1.0,7.534027099609375e-05,9.307007332140379e-05,1365
3047,1.3268166185298469e-05,1.0,8.630752563476562e-05,9.290483879717323e-05,1826
3048,1.1966848433075938e-05,1.0,8.487701416015625e-05,9.273974189919031e-05,1231
3049,1.4720563740411308e-05,1.0,0.000133514404296875,9.257478273458437e-05,2006
3050,1.249642991751898e-05,1.0,8.58306884765625e-05,9.240996141039546e-05,1625
3051,1.334463831881294e-05,1.0,8.726119995117188e-05,9.224527803357471e-05,1820
3052,1.1006451131834183e-05,1.0,7.2479248046875e-05,9.208073271098317e-05,1415
3053,1.1683654520311393e-05,1.0,8.344650268554688e-05,9.191632554939248e-05,1439
3054,1.873570727184415e-05,1.0,0.000171661376953125,9.175205665548483e-05,1220
3055,1.146019440056989e-05,1.0,7.486343383789062e-05,9.158792613585235e-05,1298
3056,1.2687150046986062e-05,1.0,9.393692016601562e-05,9.142393409699758e-05,1688
3057,1.1873227776959538e-05,1.0,8.153915405273438e-05,9.126008064533324e-05,1400
3058,1.19066553452285e-05,1.0,8.20159912109375e-05,9.109636588718211e-05,1455
3059,1.0863102943403646e-05,1.0,7.82012939453125e-05,9.093278992877674e-05,1184
3060,1.1819587598438375e-05,1.0,8.58306884765625e-05,9.07693528762599e-05,1301
3061,1.2321839676587842e-05,1.0,8.535385131835938e-05,9.06060548356842e-05,1625
3062,1.3266239875520114e-05,1.0,8.0108642578125e-05,9.044289591301179e-05,2018
3063,1.0746336556621827e-05,1.0,7.43865966796875e-05,9.02798762141148e-05,1196
3064,1.1326471394568216e-05,1.0,7.677078247070312e-05,9.011699584477494e-05,1231
3065,1.2475441508286167e-05,1.0,9.107589721679688e-05,8.995425491068363e-05,1688
3066,9.451586265640799e-06,1.0,7.772445678710938e-05,8.979165351744153e-05,740
3067,1.1002117389580235e-05,1.0,7.82012939453125e-05,8.962919177055894e-05,1260
3068,1.1240456842642743e-05,1.0,7.104873657226562e-05,8.946686977545567e-05,1484
3069,1.0860067050089128e-05,1.0,7.295608520507812e-05,8.930468763746038e-05,1401
3070,1.2250744475750253e-05,1.0,8.106231689453125e-05,8.91426454618117e-05,1329
3071,1.0764975741039962e-05,1.0,7.2479248046875e-05,8.898074335365689e-05,1439
3072,1.379139121127082e-05,1.0,9.775161743164062e-05,8.881898141805224e-05,2006
3073,1.1194611943210475e-05,1.0,7.82012939453125e-05,8.865735975996366e-05,1301
3074,9.96176549961092e-06,1.0,0.00010156631469726562,8.849587848426547e-05,475
3075,1.4718761121912394e-05,1.0,0.00011205673217773438,8.833453769574115e-05,1530
3076,1.0231530723103788e-05,1.0,8.106231689453125e-05,8.817333749908311e-05,1067
3077,1.2433579286152963e-05,1.0,7.915496826171875e-05,8.801227799889224e-05,1820
3078,1.109245749830734e-05,1.0,7.2479248046875e-05,8.785135929967836e-05,1262
3079,1.3047070751781575e-05,1.0,8.630752563476562e-05,8.769058150585989e-05,1571
3080,1.0373899385740515e-05,1.0,7.104873657226562e-05,8.752994472176385e-05,1225
3081,1.3452137864078395e-05,1.0,8.153915405273438e-05,8.73694490516256e-05,2038
3082,1.248430271516554e-05,1.0,7.963180541992188e-05,8.720909459958907e-05,1708
3083,1.0961790394503623e-05,1.0,7.05718994140625e-05,8.70488814697066e-05,1298
3084,1.0866247976082377e-05,1.0,7.581710815429688e-05,8.68888097659386e-05,1494
3085,1.0548519639996812e-05,1.0,7.62939453125e-05,8.672887959215393e-05,1406
3086,1.0497971743461676e-05,1.0,6.723403930664062e-05,8.656909105212971e-05,1365
3087,1.0864282558031846e-05,1.0,8.821487426757812e-05,8.640944424955067e-05,1337
3088,1.0652377568476368e-05,1.0,7.62939453125e-05,8.624993928801009e-05,1184
3089,1.0873357496166136e-05,1.0,7.772445678710938e-05,8.609057627100898e-05,1096
3090,1.281921868212521e-05,1.0,8.535385131835938e-05,8.593135530195622e-05,1826
3091,1.0747737178462557e-05,1.0,7.534027099609375e-05,8.577227648416864e-05,1202
3092,1.15053944682586e-05,1.0,7.915496826171875e-05,8.56133399208708e-05,1400
3093,1.0955061952699907e-05,1.0,7.343292236328125e-05,8.54545457151948e-05,1455
3094,1.1175745385116898e-05,1.0,7.724761962890625e-05,8.529589397018048e-05,1257
3095,1.0577812645351514e-05,1.0,7.009506225585938e-05,8.513738478877533e-05,1415
3096,1.3734676940657664e-05,1.0,8.296966552734375e-05,8.49790182738341e-05,2050
3097,1.751370473357383e-05,1.0,0.00015926361083984375,8.48207945281192e-05,1220
3098,1.0629521966620814e-05,1.0,8.344650268554688e-05,8.466271365430037e-05,1336
3099,1.0263140211463906e-05,1.0,7.05718994140625e-05,8.450477575495438e-05,1248
3100,1.295809488510713e-05,1.0,7.724761962890625e-05,8.434698093256552e-05,1942
3101,1.3950898392067757e-05,1.0,8.726119995117188e-05,8.418932928952512e-05,2099
3102,1.3539834071707446e-05,1.0,8.726119995117188e-05,8.403182092813178e-05,2017
3103,1.0315083272871561e-05,1.0,7.200241088867188e-05,8.387445595059072e-05,1124
3104,1.344153133686632e-05,1.0,8.440017700195312e-05,8.371723445901442e-05,1983
3105,1.1693336091411766e-05,1.0,7.581710815429688e-05,8.356015655542237e-05,1701
3106,1.2315475942159537e-05,1.0,7.82012939453125e-05,8.340322234174041e-05,1708
3107,1.0371278222010005e-05,1.0,7.05718994140625e-05,8.324643191980179e-05,1202
3108,1.0728123015724123e-05,1.0,7.152557373046875e-05,8.308978539134598e-05,1455
3109,1.393032380292425e-05,1.0,0.00010347366333007812,8.293328285801902e-05,1530
3110,1.2649096788663883e-05,1.0,7.534027099609375e-05,8.277692442137402e-05,1942
3111,1.014716508507263e-05,1.0,6.4849853515625e-05,8.262071018287004e-05,1365
3112,1.2262626114534214e-05,1.0,7.963180541992188e-05,8.246464024387288e-05,1826
3113,1.038623395288596e-05,1.0,7.200241088867188e-05,8.230871470565463e-05,1494
3114,9.017770025820937e-06,1.0,7.390975952148438e-05,8.215293366939379e-05,740
3115,1.0372500582889188e-05,1.0,7.2479248046875e-05,8.199729723617477e-05,1260
3116,1.0201072655036114e-05,1.0,6.67572021484375e-05,8.184180550698845e-05,1415
3117,1.1539195838849992e-05,1.0,7.915496826171875e-05,8.168645858273188e-05,1625
3118,1.3303158993949182e-05,1.0,7.963180541992188e-05,8.153125656420776e-05,2050
3119,1.009919560601702e-05,1.0,6.866455078125e-05,8.137619955212506e-05,1439
3120,1.306445301452186e-05,1.0,7.772445678710938e-05,8.122128764709873e-05,2099
3121,1.2592148777912371e-05,1.0,7.486343383789062e-05,8.106652094964922e-05,2038
3122,1.0774154361570254e-05,1.0,6.818771362304688e-05,8.091189956020305e-05,1484
3123,1.0352877325203735e-05,1.0,6.914138793945312e-05,8.075742357909237e-05,1231
3124,1.0088707313116174e-05,1.0,7.009506225585938e-05,8.060309310655506e-05,1196
3125,1.0519783245399594e-05,1.0,7.104873657226562e-05,8.044890824273426e-05,1257
3126,1.272098597837612e-05,1.0,9.489059448242188e-05,8.029486908767906e-05,2006
3127,1.2186842468508985e-05,1.0,7.200241088867188e-05,8.014097574134375e-05,2018
3128,1.2561087714857422e-05,1.0,7.772445678710938e-05,7.998722830358789e-05,2017
3129,9.527101610729005e-06,1.0,9.72747802734375e-05,7.983362687417679e-05,475
3130,1.056495511875255e-05,1.0,6.818771362304688e-05,7.968017155278063e-05,1298
3131,1.6546338883927092e-05,1.0,0.0001430511474609375,7.95268624389747e-05,1220
3132,1.04849032140919e-05,1.0,6.866455078125e-05,7.937369963224e-05,1262
3133,1.0375930287409574e-05,1.0,7.295608520507812e-05,7.92206832319619e-05,1301
3134,1.2331486686889548e-05,1.0,7.390975952148438e-05,7.906781333743127e-05,1983
3135,1.0257542271574493e-05,1.0,7.915496826171875e-05,7.891509004784368e-05,1336
3136,9.821562343859114e-06,1.0,6.67572021484375e-05,7.876251346229951e-05,1248
3137,1.1180003639310598e-05,1.0,7.2479248046875e-05,7.861008367980414e-05,1701
3138,1.009512288874248e-05,1.0,7.104873657226562e-05,7.845780079926762e-05,1124
3139,9.903994396154303e-06,1.0,7.200241088867188e-05,7.830566491950469e-05,1406
3140,9.965332537831273e-06,1.0,6.961822509765625e-05,7.815367613923447e-05,1184
3141,1.1233504665142391e-05,1.0,7.295608520507812e-05,7.800183455708101e-05,1329
3142,1.1363025805621874e-05,1.0,7.104873657226562e-05,7.785014027157274e-05,1820
3143,9.574721843819134e-06,1.0,7.62939453125e-05,7.769859338114221e-05,1067
3144,9.438643246539868e-06,1.0,6.198883056640625e-05,7.754719398412662e-05,1225
3145,9.946666068572085e-06,1.0,6.580352783203125e-05,7.739594217876747e-05,1401
3146,1.0763765203591902e-05,1.0,7.343292236328125e-05,7.72448380632105e-05,1400
3147,1.0052495781565085e-05,1.0,7.772445678710938e-05,7.709388173550526e-05,1337
3148,1.1318202268739697e-05,1.0,8.344650268554688e-05,7.694307329360586e-05,1688
3149,1.1906165127584245e-05,1.0,7.772445678710938e-05,7.679241283537029e-05,1571
3150,1.002586395770777e-05,1.0,7.009506225585938e-05,7.664190045856024e-05,1096
3151,1.0048324838862754e-05,1.0,6.723403930664062e-05,7.64915362608419e-05,1231
3152,1.1197304957022425e-05,1.0,8.106231689453125e-05,7.634132033978482e-05,1688
3153,1.009997595247114e-05,1.0,6.628036499023438e-05,7.619125279286228e-05,1455
3154,1.2652707482629921e-05,1.0,7.581710815429688e-05,7.604133371745182e-05,2050
3155,1.0473246220499277e-05,1.0,7.05718994140625e-05,7.589156321083407e-05,1400
3156,9.779353604244534e-06,1.0,6.67572021484375e-05,7.574194137019358e-05,1494
3157,8.52161247166805e-06,1.0,6.866455078125e-05,7.559246829261836e-05,740
3158,1.008610979624791e-05,1.0,6.437301635742188e-05,7.544314407509975e-05,1298
3159,9.437601875106338e-06,1.0,6.628036499023438e-05,7.52939688145327e-05,1406
3160,1.0075866157421842e-05,1.0,6.771087646484375e-05,7.514494260771542e-05,1257
3161,9.594702532922383e-06,1.0,6.437301635742188e-05,7.499606555134942e-05,1439
3162,1.1537294994923286e-05,1.0,7.295608520507812e-05,7.484733774203929e-05,1708
3163,1.001190048555145e-05,1.0,6.914138793945312e-05,7.469875927629302e-05,1301
3164,1.0982223102473654e-05,1.0,6.818771362304688e-05,7.455033025052153e-05,1820
3165,1.0689655027817935e-05,1.0,6.818771362304688e-05,7.440205076103875e-05,1701
3166,1.1824383364000823e-05,1.0,7.104873657226562e-05,7.425392090406163e-05,2018
3167,9.766024959390052e-06,1.0,6.818771362304688e-05,7.410594077571006e-05,1096
3168,1.087884811568074e-05,1.0,7.104873657226562e-05,7.395811047200684e-05,1329
3169,1.2033865459670778e-05,1.0,9.107589721679688e-05,7.381043008887727e-05,2006
3170,9.721721653477289e-06,1.0,7.152557373046875e-05,7.366289972214963e-05,1337
3171,1.1884871128131635e-05,1.0,7.05718994140625e-05,7.351551946755483e-05,2038
3172,1.018101738736732e-05,1.0,6.4849853515625e-05,7.33682894207261e-05,1484
3173,9.353798304800875e-06,1.0,6.341934204101562e-05,7.322120967719977e-05,1184
3174,1.2357175364741124e-05,1.0,7.486343383789062e-05,7.307428033241409e-05,2099
3175,9.590214176569134e-06,1.0,6.29425048828125e-05,7.292750148170969e-05,1415
3176,9.24080904951552e-06,1.0,6.079673767089844e-05,7.278087322033021e-05,1225
3177,1.0799970368680079e-05,1.0,7.581710815429688e-05,7.263439564342087e-05,1625
3178,1.1621369594649877e-05,1.0,6.818771362304688e-05,7.248806884602944e-05,1942
3179,1.1285782420600299e-05,1.0,7.200241088867188e-05,7.234189292310582e-05,1571
3180,9.506003152637277e-06,1.0,6.246566772460938e-05,7.21958679695019e-05,1401
3181,1.3091992514091544e-05,1.0,9.965896606445312e-05,7.204999407997171e-05,1530
3182,9.501442036707886e-06,1.0,6.079673767089844e-05,7.190427134917133e-05,1365
3183,9.658678209234495e-06,1.0,6.151199340820312e-05,7.175869987165859e-05,1262
3184,9.429286365048029e-06,1.0,6.4849853515625e-05,7.16132797418932e-05,1196
3185,1.1298078788968269e-05,1.0,7.390975952148438e-05,7.146801105423676e-05,1826
3186,9.262783351005055e-06,1.0,6.198883056640625e-05,7.132289390295257e-05,1248
3187,9.660006980993785e-06,1.0,6.580352783203125e-05,7.117792838220543e-05,1202
3188,1.1933855603274424e-05,1.0,7.43865966796875e-05,7.103311458606206e-05,2017
3189,9.426608812646009e-06,1.0,6.580352783203125e-05,7.088845260849046e-05,1260
3190,9.206593858834822e-06,1.0,6.198883056640625e-05,7.07439425433603e-05,1124
3191,9.224367204296868e-06,1.0,7.200241088867188e-05,7.059958448444251e-05,1067
3192,9.44604107644409e-06,1.0,7.104873657226562e-05,7.045537852540948e-05,1336
3193,1.5760966562083922e-05,1.0,0.0001392364501953125,7.0311324759835e-05,1220
3194,8.960430022852961e-06,1.0,9.107589721679688e-05,7.01674232811937e-05,475
3195,1.1702158190018963e-05,1.0,7.104873657226562e-05,7.00236741828621e-05,1983
3196,9.59828139457386e-06,1.0,6.437301635742188e-05,6.988007755811722e-05,1257
3197,1.1958955838053953e-05,1.0,7.104873657226562e-05,6.973663350013719e-05,2099
3198,1.0553936590440571e-05,1.0,6.532669067382812e-05,6.95933421020016e-05,1820
3199,9.327372936240863e-06,1.0,6.866455078125e-05,6.945020345669047e-05,1336
3200,9.240081453754101e-06,1.0,6.818771362304688e-05,6.930721765708499e-05,1337
3201,1.142548535426613e-05,1.0,6.723403930664062e-05,6.916438479596722e-05,2038
3202,1.2590797268785536e-05,1.0,9.441375732421875e-05,6.902170496601959e-05,1530
3203,1.1170586731168441e-05,1.0,6.532669067382812e-05,6.887917825982563e-05,2018
3204,1.1352960427757353e-05,1.0,6.771087646484375e-05,6.87368047698694e-05,1983
3205,8.66128448251402e-06,1.0,8.630752563476562e-05,6.859458458853554e-05,475
3206,8.955231351137627e-06,1.0,6.961822509765625e-05,6.845251780810905e-05,1067
3207,9.286153726861812e-06,1.0,6.389617919921875e-05,6.83106045207756e-05,1096
3208,9.698408575786743e-06,1.0,6.437301635742188e-05,6.816884481862126e-05,1400
3209,1.0835360626515467e-05,1.0,6.914138793945312e-05,6.802723879363217e-05,1826
3210,9.468496500630863e-06,1.0,5.984306335449219e-05,6.788578653769509e-05,1298
3211,1.0237622518616263e-05,1.0,6.866455078125e-05,6.774448814259683e-05,1625
3212,9.286952263209969e-06,1.0,6.389617919921875e-05,6.76033437000243e-05,1439
3213,1.1211831406399142e-05,1.0,6.723403930664062e-05,6.746235330156477e-05,2017
3214,9.261515515390784e-06,1.0,6.389617919921875e-05,6.732151703870523e-05,1494
3215,1.0259765076625627e-05,1.0,6.628036499023438e-05,6.71808350028328e-05,1329
3216,1.1848685971926898e-05,1.0,7.05718994140625e-05,6.704030728523459e-05,2050
3217,1.1539571460161824e-05,1.0,9.107589721679688e-05,6.689993397709758e-05,2006
3218,9.562605555402115e-06,1.0,6.341934204101562e-05,6.675971516950828e-05,1455
3219,9.233049240719993e-06,1.0,5.841255187988281e-05,6.661965095345332e-05,1262
3220,8.97691188583849e-06,1.0,5.7220458984375e-05,6.647974141981883e-05,1415
3221,8.916516890167259e-06,1.0,6.341934204101562e-05,6.633998665939053e-05,1406
3222,9.257439160137437e-06,1.0,5.9604644775390625e-05,6.620038676285377e-05,1365
3223,7.877089046814945e-06,1.0,6.198883056640625e-05,6.60609418207935e-05,740
3224,8.884724593372084e-06,1.0,6.0558319091796875e-05,6.592165192369387e-05,1184
3225,9.553679774398915e-06,1.0,6.4849853515625e-05,6.578251716193867e-05,1231
3226,8.9075092546409e-06,1.0,6.0558319091796875e-05,6.564353762581092e-05,1196
3227,9.329164640803356e-06,1.0,6.29425048828125e-05,6.550471340549307e-05,1202
3228,1.0711611139413435e-05,1.0,6.818771362304688e-05,6.536604459106643e-05,1571
3229,9.576398042554501e-06,1.0,6.723403930664062e-05,6.52275312725118e-05,1301
3230,1.0122905223397538e-05,1.0,7.152557373046875e-05,6.508917353970901e-05,1688
3231,8.869017619872466e-06,1.0,5.9604644775390625e-05,6.49509714824367e-05,1124
3232,1.4792697584198322e-05,1.0,0.00012969970703125,6.481292519037294e-05,1220
3233,8.972489013103768e-06,1.0,6.198883056640625e-05,6.46750347530944e-05,1260
3234,1.0547849342401605e-05,1.0,6.532669067382812e-05,6.453730026007647e-05,1708
3235,8.628915566077922e-06,1.0,5.53131103515625e-05,6.439972180069387e-05,1225
3236,1.0025087249232456e-05,1.0,6.389617919921875e-05,6.426229946421958e-05,1701
3237,8.888614502211567e-06,1.0,5.793571472167969e-05,6.412503333982549e-05,1401
3238,1.0962547094095498e-05,1.0,6.437301635742188e-05,6.398792351658216e-05,1942
3239,8.662455002195202e-06,1.0,5.6743621826171875e-05,6.385097008345869e-05,1248
3240,9.389871593157295e-06,1.0,5.8650970458984375e-05,6.37141731293225e-05,1484
3241,1.1915397408301942e-05,1.0,8.678436279296875e-05,6.35775327429398e-05,1530
3242,8.696507393324282e-06,1.0,5.841255187988281e-05,6.344104901297512e-05,1196
3243,8.136775250022765e-06,1.0,7.915496826171875e-05,6.330472202799104e-05,475
3244,1.4308176105259918e-05,1.0,0.0001220703125,6.31685518764488e-05,1220
3245,1.1184264621988405e-05,1.0,6.628036499023438e-05,6.303253864670783e-05,2099
3246,8.895250175555702e-06,1.0,6.580352783203125e-05,6.289668242702539e-05,1336
3247,9.903287718771026e-06,1.0,6.29425048828125e-05,6.276098330555729e-05,1701
3248,8.37361494632205e-06,1.0,6.246566772460938e-05,6.262544137035719e-05,1067
3249,9.126577424467541e-06,1.0,6.103515625e-05,6.24900567093768e-05,1257
3250,9.025283361552283e-06,1.0,5.650520324707031e-05,6.235482941046569e-05,1298
3251,9.145193871518131e-06,1.0,5.626678466796875e-05,6.221975956137137e-05,1484
3252,1.114249971578829e-05,1.0,8.678436279296875e-05,6.208484724973932e-05,2006
3253,1.0073379598907195e-05,1.0,6.198883056640625e-05,6.195009256311248e-05,1820
3254,8.911323675420135e-06,1.0,5.602836608886719e-05,6.18154955889319e-05,1262
3255,1.0459083569003269e-05,1.0,6.628036499023438e-05,6.168105641453608e-05,1571
3256,7.436990927089937e-06,1.0,5.698204040527344e-05,6.154677512716091e-05,740
3257,8.691996299603488e-06,1.0,5.555152893066406e-05,6.141265181394039e-05,1415
3258,1.0871944141399581e-05,1.0,6.628036499023438e-05,6.127868656190545e-05,2017
3259,9.987881639972329e-06,1.0,7.152557373046875e-05,6.114487945798472e-05,1688
3260,1.0243134966003709e-05,1.0,6.341934204101562e-05,6.10112305890042e-05,1708
3261,8.572380465921015e-06,1.0,5.9604644775390625e-05,6.087774004168733e-05,1406
3262,8.748999789531808e-06,1.0,5.53131103515625e-05,6.074440790265444e-05,1365
3263,8.807908670860343e-06,1.0,5.9604644775390625e-05,6.0611234258423416e-05,1494
3264,8.562745279050432e-06,1.0,5.817413330078125e-05,6.047821919540931e-05,1184
3265,9.213099474436603e-06,1.0,6.29425048828125e-05,6.034536279992391e-05,1301
3266,1.0184497114096303e-05,1.0,6.389617919921875e-05,6.021266515817644e-05,1826
3267,9.272246643377002e-06,1.0,6.151199340820312e-05,6.0080126356272986e-05,1400
3268,8.785440513747744e-06,1.0,5.91278076171875e-05,5.994774648021644e-05,1439
3269,8.70012809173204e-06,1.0,6.532669067382812e-05,5.981552561590667e-05,1337
3270,9.004507774079684e-06,1.0,5.8650970458984375e-05,5.96834638491404e-05,1455
3271,8.802057891443837e-06,1.0,5.817413330078125e-05,5.9551561265611156e-05,1202
3272,1.0694917364162393e-05,1.0,6.29425048828125e-05,5.941981795090898e-05,1942
3273,8.547032848582603e-06,1.0,5.7220458984375e-05,5.928823399052067e-05,1124
3274,8.530653758498374e-06,1.0,5.53131103515625e-05,5.9156809469829715e-05,1401
3275,9.62992817221675e-06,1.0,6.532669067382812e-05,5.902554447411592e-05,1625
3276,1.0455471965542529e-05,1.0,6.103515625e-05,5.889443908855591e-05,2018
3277,1.120148863265058e-05,1.0,6.628036499023438e-05,5.8763493398222486e-05,2050
3278,1.06391080407775e-05,1.0,6.389617919921875e-05,5.8632707488084695e-05,1983
3279,1.0728558663686272e-05,1.0,6.29425048828125e-05,5.850208144300837e-05,2038
3280,8.600676665082574e-06,1.0,5.888938903808594e-05,5.837161534775515e-05,1260
3281,8.362049811694305e-06,1.0,5.435943603515625e-05,5.824130928698311e-05,1248
3282,9.673781278252136e-06,1.0,6.198883056640625e-05,5.811116334524643e-05,1329
3283,8.641393833386246e-06,1.0,5.888938903808594e-05,5.798117760699552e-05,1096
3284,8.206583515857346e-06,1.0,5.1975250244140625e-05,5.7851352156576556e-05,1225
3285,8.82682161318371e-06,1.0,5.793571472167969e-05,5.772168707823191e-05,1231
3286,8.234915185312275e-06,1.0,5.316734313964844e-05,5.7592182456099925e-05,1248
3287,1.0740950528997928e-05,1.0,6.246566772460938e-05,5.746283837421463e-05,2099
3288,1.0485762686585076e-05,1.0,6.079673767089844e-05,5.7333654916506024e-05,2038
3289,8.237245310738217e-06,1.0,5.3882598876953125e-05,5.720463216679992e-05,1124
3290,1.0143814506591298e-05,1.0,5.841255187988281e-05,5.7075770208817695e-05,2018
3291,8.474544301861897e-06,1.0,5.5789947509765625e-05,5.694706912617648e-05,1439
3292,8.475503818772268e-06,1.0,5.650520324707031e-05,5.6818529002389044e-05,1494
3293,9.434383173356764e-06,1.0,5.888938903808594e-05,5.6690149920863736e-05,1701
3294,8.357059414265677e-06,1.0,5.14984130859375e-05,5.656193196490422e-05,1365
3295,9.910700100590475e-06,1.0,6.246566772460938e-05,5.64338752177098e-05,1826
3296,8.392968993575778e-06,1.0,5.412101745605469e-05,5.6305979762375184e-05,1202
3297,1.1403677490307018e-05,1.0,8.296966552734375e-05,5.617824568189012e-05,1530
3298,9.591578418621793e-06,1.0,5.817413330078125e-05,5.605067305914014e-05,1820
3299,8.641644853923935e-06,1.0,5.435943603515625e-05,5.592326197690562e-05,1262
3300,8.228071237681434e-06,1.0,5.7697296142578125e-05,5.57960125178621e-05,1406
3301,1.0512426342756953e-05,1.0,7.677078247070312e-05,5.566892476458059e-05,2006
3302,8.776164577284362e-06,1.0,5.841255187988281e-05,5.5541998799526765e-05,1257
3303,9.76051978796022e-06,1.0,5.936622619628906e-05,5.541523470506164e-05,1708
3304,9.462367415835615e-06,1.0,6.008148193359375e-05,5.528863256344105e-05,1329
3305,1.3543130990001373e-05,1.0,0.00011396408081054688,5.516219245681568e-05,1220
3306,8.373718628718052e-06,1.0,5.340576171875e-05,5.503591446723114e-05,1415
3307,8.62042452354217e-06,1.0,5.53131103515625e-05,5.4909798676627904e-05,1455
3308,7.410731541312998e-06,1.0,5.841255187988281e-05,5.4783845166841156e-05,740
3309,8.074541256064549e-06,1.0,5.412101745605469e-05,5.4658054019600686e-05,1184
3310,8.326530405611265e-06,1.0,5.340576171875e-05,5.453242531653099e-05,1401
3311,9.333859452453908e-06,1.0,6.198883056640625e-05,5.440695913915134e-05,1625
3312,8.629896001366433e-06,1.0,5.7697296142578125e-05,5.428165556887517e-05,1301
3313,1.0176234354730695e-05,1.0,6.008148193359375e-05,5.415651468701068e-05,1983
3314,8.54450718179578e-06,1.0,5.2928924560546875e-05,5.403153657476047e-05,1298
3315,8.358479135495145e-06,1.0,5.6743621826171875e-05,5.390672131322148e-05,1260
3316,8.110286216833629e-06,1.0,6.151199340820312e-05,5.378206898338492e-05,1067
3317,1.0250739251205232e-05,1.0,6.198883056640625e-05,5.365757966613632e-05,2017
3318,7.849423127481714e-06,1.0,7.724761962890625e-05,5.3533253442255596e-05,475
3319,9.366571248392574e-06,1.0,6.437301635742188e-05,5.340909039241639e-05,1688
3320,9.965414392354432e-06,1.0,6.341934204101562e-05,5.3285090597187144e-05,1571
3321,8.164462997228839e-06,1.0,5.459785461425781e-05,5.316125413702976e-05,1196
3322,1.0676287274691276e-05,1.0,6.246566772460938e-05,5.303758109230024e-05,2050
3323,8.321168024849612e-06,1.0,6.198883056640625e-05,5.291407154324898e-05,1336
3324,8.646840797155164e-06,1.0,5.2928924560546875e-05,5.2790725570019744e-05,1484
3325,8.25973620521836e-06,1.0,5.5789947509765625e-05,5.2667543252650536e-05,1096
3326,8.243363481597044e-06,1.0,6.103515625e-05,5.254452467107302e-05,1337
3327,8.471138244203757e-06,1.0,5.53131103515625e-05,5.242166990511251e-05,1231
3328,1.0168252629227936e-05,1.0,5.936622619628906e-05,5.2298979034488164e-05,1942
3329,7.75554417487001e-06,1.0,4.863739013671875e-05,5.217645213881284e-05,1225
3330,8.867625183484051e-06,1.0,5.888938903808594e-05,5.205408929759291e-05,1400
3331,8.458205229544546e-06,1.0,5.412101745605469e-05,5.1931890590228146e-05,1455
3332,8.175007678801194e-06,1.0,5.459785461425781e-05,5.180985609601209e-05,1096
3333,8.099434126052074e-06,1.0,5.1021575927734375e-05,5.168798589413165e-05,1401
3334,1.053864889399847e-05,1.0,6.103515625e-05,5.156628006366681e-05,2050
3335,8.096789315459318e-06,1.0,5.7220458984375e-05,5.144473868359148e-05,1337
3336,7.929937055450864e-06,1.0,5.221366882324219e-05,5.132336183277237e-05,1196
3337,8.109374903142452e-06,1.0,5.435943603515625e-05,5.120214958996961e-05,1260
3338,7.881634701334406e-06,1.0,5.221366882324219e-05,5.108110203383665e-05,1184
3339,7.950911822263151e-06,1.0,5.435943603515625e-05,5.096021924291973e-05,1406
3340,9.754416169016622e-06,1.0,5.626678466796875e-05,5.0839501295658466e-05,2018
3341,7.710807039984502e-06,1.0,4.9114227294921875e-05,5.071894827038544e-05,1248
3342,8.156900548783597e-06,1.0,5.435943603515625e-05,5.059856024532627e-05,1494
3343,1.0074738383991644e-05,1.0,6.0558319091796875e-05,5.047833729859927e-05,2017
3344,9.234419849235564e-06,1.0,5.5789947509765625e-05,5.0358279508215904e-05,1820
3345,9.99648000288289e-06,1.0,5.793571472167969e-05,5.023838695208042e-05,2038
3346,7.751084012852516e-06,1.0,5.0067901611328125e-05,5.01186597079897e-05,1124
3347,8.642409738968126e-06,1.0,5.650520324707031e-05,4.999909785363344e-05,1400
3348,7.74305772210937e-06,1.0,5.745887756347656e-05,4.987970146659417e-05,1067
3349,8.37236348161241e-06,1.0,5.4836273193359375e-05,4.976047062434677e-05,1231
3350,7.873724825913087e-06,1.0,4.887580871582031e-05,4.964140540425883e-05,1415
3351,9.510321433481295e-06,1.0,5.936622619628906e-05,4.952250588359057e-05,1826
3352,9.522814252704848e-06,1.0,5.888938903808594e-05,4.9403772139494644e-05,1571
3353,9.791730917640962e-06,1.0,5.5789947509765625e-05,4.928520424901593e-05,1942
3354,8.44563328428194e-06,1.0,5.6743621826171875e-05,4.916680228909191e-05,1301
3355,1.3125234545441344e-05,1.0,0.00010919570922851562,4.904856633655243e-05,1220
3356,9.041224075190257e-06,1.0,6.198883056640625e-05,4.893049646811928e-05,1688
3357,9.407996003574226e-06,1.0,5.7220458984375e-05,4.881259276040702e-05,1708
3358,1.0878005923586898e-05,1.0,7.915496826171875e-05,4.869485528992184e-05,1530
3359,9.108604899665806e-06,1.0,5.745887756347656e-05,4.85772841330624e-05,1329
3360,1.0155597919947468e-05,1.0,5.8650970458984375e-05,4.84598793661194e-05,2099
3361,8.922690540202893e-06,1.0,5.91278076171875e-05,4.834264106527545e-05,1625
3362,7.557804565294646e-06,1.0,7.343292236328125e-05,4.8225569306605174e-05,475
3363,8.324966984218918e-06,1.0,5.054473876953125e-05,4.810866416607522e-05,1484
3364,7.987561730260495e-06,1.0,4.935264587402344e-05,4.799192571954413e-05,1365
3365,8.038420673983637e-06,1.0,5.221366882324219e-05,4.787535404276209e-05,1202
3366,9.794450306799263e-06,1.0,5.7697296142578125e-05,4.775894921137125e-05,1983
3367,7.558389825135237e-06,1.0,4.7206878662109375e-05,4.764271130090547e-05,1225
3368,7.962928975757677e-06,1.0,5.7220458984375e-05,4.752664038679019e-05,1336
3369,8.171900844899938e-06,1.0,5.078315734863281e-05,4.7410736544342656e-05,1262
3370,9.973088708647992e-06,1.0,7.200241088867188e-05,4.729499984877162e-05,2006
3371,8.959028491517529e-06,1.0,5.602836608886719e-05,4.717943037517722e-05,1701
3372,8.218295079132076e-06,1.0,5.030632019042969e-05,4.7064028198551365e-05,1298
3373,7.981147973623592e-06,1.0,5.269050598144531e-05,4.6948793393777216e-05,1439
3374,6.982712420722237e-06,1.0,5.3882598876953125e-05,4.68337260356295e-05,740
3375,8.155661816999782e-06,1.0,5.316734313964844e-05,4.6718826198773996e-05,1257
3376,7.84523035690654e-06,1.0,5.1975250244140625e-05,4.660409395776808e-05,1096
3377,8.347715265699662e-06,1.0,5.364418029785156e-05,4.6489529387060286e-05,1400
3378,7.712413207627833e-06,1.0,5.245208740234375e-05,4.6375132560990135e-05,1406
3379,9.884429346129764e-06,1.0,7.05718994140625e-05,4.626090355378872e-05,2006
3380,1.0466171261214186e-05,1.0,7.343292236328125e-05,4.614684243957791e-05,1530
3381,9.518943443254102e-06,1.0,5.412101745605469e-05,4.603294929237061e-05,1942
3382,6.889441010571318e-06,1.0,5.269050598144531e-05,4.5919224186071066e-05,740
3383,7.76732213125797e-06,1.0,4.863739013671875e-05,4.580566719447408e-05,1415
3384,7.864067811169662e-06,1.0,5.5789947509765625e-05,4.569227839126565e-05,1336
3385,9.159050932794344e-06,1.0,5.5789947509765625e-05,4.557905785002247e-05,1571
3386,9.680834409664385e-06,1.0,5.698204040527344e-05,4.546600564421226e-05,1983
3387,7.88273428042885e-06,1.0,5.1975250244140625e-05,4.5353121847193154e-05,1439
3388,7.566603471786948e-06,1.0,4.982948303222656e-05,4.5240406532214366e-05,1184
3389,9.994199899665546e-06,1.0,5.7220458984375e-05,4.512785977241567e-05,2050
3390,9.921956007019617e-06,1.0,5.698204040527344e-05,4.501548164082729e-05,2099
3391,8.910334145184606e-06,1.0,5.340576171875e-05,4.490327221037028e-05,1820
3392,7.778907274769153e-06,1.0,5.173683166503906e-05,4.4791231553856186e-05,1260
3393,9.689460057416e-06,1.0,5.793571472167969e-05,4.46793597439868e-05,2017
3394,7.769408512103837e-06,1.0,4.792213439941406e-05,4.4567656853354635e-05,1365
3395,7.817759978934191e-06,1.0,5.0067901611328125e-05,4.445612295444246e-05,1202
3396,7.802871550666168e-06,1.0,5.125999450683594e-05,4.434475811962345e-05,1494
3397,9.131159458775073e-06,1.0,5.626678466796875e-05,4.423356242116098e-05,1826
3398,8.68391271069413e-06,1.0,5.602836608886719e-05,4.412253593120872e-05,1625
3399,7.6721262303181e-06,1.0,4.8160552978515625e-05,4.401167872181067e-05,1401
3400,7.974244908837136e-06,1.0,5.125999450683594e-05,4.390099086490065e-05,1257
3401,7.914312845969107e-06,1.0,4.887580871582031e-05,4.3790472432303116e-05,1262
3402,8.105582310236059e-06,1.0,5.1975250244140625e-05,4.368012349573202e-05,1455
3403,7.995666237547994e-06,1.0,5.14984130859375e-05,4.3569944126791635e-05,1231
3404,7.409063528029947e-06,1.0,4.696846008300781e-05,4.345993439697632e-05,1248
3405,7.47756484997808e-06,1.0,4.8160552978515625e-05,4.335009437766996e-05,1124
3406,9.404780030308757e-06,1.0,5.340576171875e-05,4.324042414014674e-05,2038
3407,8.068496754276566e-06,1.0,5.364418029785156e-05,4.3130923755570343e-05,1301
3408,7.981442649906967e-06,1.0,4.863739013671875e-05,4.302159329499453e-05,1298
3409,8.169691682269331e-06,1.0,4.982948303222656e-05,4.29124328293625e-05,1484
3410,8.648440598335583e-06,1.0,5.745887756347656e-05,4.2803442429507394e-05,1688
3411,7.617566097906092e-06,1.0,5.030632019042969e-05,4.269462216615191e-05,1196
3412,7.648047358088661e-06,1.0,5.3882598876953125e-05,4.258597210990824e-05,1337
3413,8.64837238623295e-06,1.0,5.3882598876953125e-05,4.247749233127827e-05,1329
3414,1.247293494088808e-05,1.0,0.0001049041748046875,4.2369182900653445e-05,1220
3415,9.010454959934577e-06,1.0,5.459785461425781e-05,4.22610438883144e-05,1708
3416,7.4588378993212245e-06,1.0,5.555152893066406e-05,4.21530753644315e-05,1067
3417,8.576602340326644e-06,1.0,5.245208740234375e-05,4.204527739906428e-05,1701
3418,7.257307970576221e-06,1.0,4.482269287109375e-05,4.1937650062161756e-05,1225
3419,9.204579328070395e-06,1.0,5.221366882324219e-05,4.183019342356202e-05,2018
3420,7.270201876963256e-06,1.0,7.009506225585938e-05,4.172290755299257e-05,475
3421,1.0161224054172635e-05,1.0,7.104873657226562e-05,4.161579252007011e-05,1530
3422,7.580730198242236e-06,1.0,5.316734313964844e-05,4.1508848394300284e-05,1337
3423,7.75807802710915e-06,1.0,4.744529724121094e-05,4.140207524507815e-05,1262
3424,8.454229828203097e-06,1.0,5.435943603515625e-05,4.129547314168754e-05,1625
3425,7.834042662580032e-06,1.0,4.7206878662109375e-05,4.11890421533013e-05,1298
3426,6.690332611469785e-06,1.0,5.1021575927734375e-05,4.108278234898155e-05,740
3427,9.642540135246236e-06,1.0,5.53131103515625e-05,4.097669379767899e-05,2099
3428,7.54228358346154e-06,1.0,4.696846008300781e-05,4.087077656823334e-05,1401
3429,7.937653208500706e-06,1.0,5.221366882324219e-05,4.076503072937318e-05,1301
3430,7.864366125431843e-06,1.0,4.696846008300781e-05,4.065945634971589e-05,1484
3431,7.526206900365651e-06,1.0,4.9591064453125e-05,4.055405349776737e-05,1260
3432,7.806766916473862e-06,1.0,5.030632019042969e-05,4.044882224192254e-05,1257
3433,7.518855909438571e-06,1.0,4.57763671875e-05,4.0343762650464784e-05,1365
3434,8.725498446437996e-06,1.0,5.221366882324219e-05,4.0238874791566066e-05,1820
3435,8.351387805305421e-06,1.0,5.1021575927734375e-05,4.0134158733287045e-05,1329
3436,9.547075933369342e-06,1.0,6.67572021484375e-05,4.0029614543576874e-05,2006
3437,7.920750249468256e-06,1.0,5.078315734863281e-05,3.992524229027301e-05,1455
3438,9.7562515293248e-06,1.0,5.602836608886719e-05,3.982104204110155e-05,2050
3439,8.437002179562114e-06,1.0,5.173683166503906e-05,3.97170138636769e-05,1701
3440,8.911455552151892e-06,1.0,5.4836273193359375e-05,3.961315782550188e-05,1571
3441,7.26263715478126e-06,1.0,4.673004150390625e-05,3.9509473993967446e-05,1196
3442,7.190842552518006e-06,1.0,4.458427429199219e-05,3.9405962436352903e-05,1225
3443,9.209939889842644e-06,1.0,5.269050598144531e-05,3.930262321982592e-05,1942
3444,1.1999927664874122e-05,1.0,9.870529174804688e-05,3.919945641144194e-05,1220
3445,8.950651135819498e-06,1.0,5.53131103515625e-05,3.909646207814511e-05,1826
3446,8.719418474356644e-06,1.0,5.1975250244140625e-05,3.899364028676709e-05,1708
3447,9.23158586374484e-06,1.0,5.245208740234375e-05,3.8890991104027856e-05,2038
3448,8.563907613279298e-06,1.0,5.7697296142578125e-05,3.878851459653546e-05,1688
3449,7.454533715645084e-06,1.0,4.8160552978515625e-05,3.8686210830785666e-05,1439
3450,7.618315066793002e-06,1.0,5.0067901611328125e-05,3.858407987316239e-05,1494
3451,7.4315216807008255e-06,1.0,5.078315734863281e-05,3.848212178993727e-05,1406
3452,9.342420526081696e-06,1.0,5.53131103515625e-05,3.838033664726973e-05,2017
3453,6.997907803452108e-06,1.0,6.580352783203125e-05,3.827872451120706e-05,475
3454,7.513791388191748e-06,1.0,4.792213439941406e-05,3.8177285447684326e-05,1202
3455,7.549544079665793e-06,1.0,5.316734313964844e-05,3.807601952252427e-05,1336
3456,7.383664524240885e-06,1.0,4.9591064453125e-05,3.7974926801437136e-05,1184
3457,7.69585767557146e-06,1.0,4.935264587402344e-05,3.787400735002094e-05,1231
3458,7.53535823605489e-06,1.0,4.982948303222656e-05,3.7773261233761306e-05,1096
3459,8.971128409029916e-06,1.0,5.078315734863281e-05,3.767268851803108e-05,2018
3460,7.188033578131581e-06,1.0,4.553794860839844e-05,3.757228926809108e-05,1248
3461,9.240077815775294e-06,1.0,5.412101745605469e-05,3.74720635490891e-05,1983
3462,7.38678591005737e-06,1.0,4.553794860839844e-05,3.737201142606056e-05,1415
3463,7.884256774559617e-06,1.0,5.030632019042969e-05,3.727213296392827e-05,1400
3464,7.277648819581373e-06,1.0,4.696846008300781e-05,3.717242822750214e-05,1124
3465,7.1288118306256365e-06,1.0,5.2928924560546875e-05,3.707289728147957e-05,1067
3466,9.09079608391039e-06,1.0,5.125999450683594e-05,3.697354019044515e-05,2038
3467,8.301766683871392e-06,1.0,5.435943603515625e-05,3.687435701887066e-05,1688
3468,8.165638973878231e-06,1.0,5.221366882324219e-05,3.677534783111479e-05,1625
3469,7.354156423389213e-06,1.0,4.553794860839844e-05,3.667651269142364e-05,1401
3470,6.911576747370418e-06,1.0,6.4849853515625e-05,3.657785166393032e-05,475
3471,8.934024663176388e-06,1.0,5.0067901611328125e-05,3.647936481265479e-05,1942
3472,7.3338001129741315e-06,1.0,4.4345855712890625e-05,3.638105220150415e-05,1365
3473,7.347964583459543e-06,1.0,4.792213439941406e-05,3.6282913894272436e-05,1260
3474,7.389329311990878e-06,1.0,4.6253204345703125e-05,3.618494995464042e-05,1202
3475,7.3517358032404445e-06,1.0,4.7206878662109375e-05,3.608716044617591e-05,1494
3476,9.140472684521228e-06,1.0,5.364418029785156e-05,3.5989545432333424e-05,2017
3477,7.361422376561677e-06,1.0,4.744529724121094e-05,3.589210497645435e-05,1439
3478,9.175732884614263e-06,1.0,6.151199340820312e-05,3.579483914176659e-05,2006
3479,7.286415439011762e-06,1.0,4.982948303222656e-05,3.5697747991385106e-05,1337
3480,9.389621482114308e-06,1.0,5.2928924560546875e-05,3.560083158831118e-05,2050
3481,7.04602734913351e-06,1.0,5.054473876953125e-05,3.5504089995432714e-05,1067
3482,6.964884050830733e-06,1.0,4.2438507080078125e-05,3.540752327552448e-05,1225
3483,7.5420803113956936e-06,1.0,4.792213439941406e-05,3.53111314912474e-05,1231
3484,8.352094482688699e-06,1.0,4.887580871582031e-05,3.5214914705149134e-05,1820
3485,7.155578259698814e-06,1.0,4.57763671875e-05,3.5118872979663735e-05,1124
3486,8.536491804989055e-06,1.0,5.054473876953125e-05,3.502300637711156e-05,1708
3487,8.807324775261804e-06,1.0,4.9591064453125e-05,3.492731495969945e-05,2018
3488,7.550428563263267e-06,1.0,4.839897155761719e-05,3.483179878952056e-05,1257
3489,7.72145540395286e-06,1.0,4.863739013671875e-05,3.473645792855428e-05,1400
3490,9.06454624782782e-06,1.0,5.245208740234375e-05,3.464129243866617e-05,1983
3491,7.4074491749343e-06,1.0,4.839897155761719e-05,3.454630238160818e-05,1096
3492,7.178575287980493e-06,1.0,4.744529724121094e-05,3.4451487819018354e-05,1184
3493,9.815918019739911e-06,1.0,6.866455078125e-05,3.43568488124207e-05,1530
3494,8.129771231324412e-06,1.0,4.863739013671875e-05,3.426238542322557e-05,1701
3495,7.597949206683552e-06,1.0,4.76837158203125e-05,3.416809771272919e-05,1455
3496,7.514846402045805e-06,1.0,4.57763671875e-05,3.407398574211379e-05,1262
3497,7.557192020613002e-06,1.0,4.506111145019531e-05,3.398004957244763e-05,1484
3498,7.348874532908667e-06,1.0,5.1021575927734375e-05,3.3886289264684905e-05,1336
3499,7.233796168293338e-06,1.0,4.4345855712890625e-05,3.3792704879665654e-05,1415
3500,7.5772832133225165e-06,1.0,4.935264587402344e-05,3.369929647811577e-05,1301
3501,8.50755168357864e-06,1.0,5.125999450683594e-05,3.360606412064686e-05,1571
3502,1.1792688383138739e-05,1.0,9.72747802734375e-05,3.351300786775654e-05,1220
3503,7.076849215081893e-06,1.0,4.553794860839844e-05,3.34201277798278e-05,1196
3504,6.923447472217958e-06,1.0,4.291534423828125e-05,3.332742391712977e-05,1248
3505,9.200018212141003e-06,1.0,5.1975250244140625e-05,3.3234896339816796e-05,2099
3506,6.376688816089882e-06,1.0,4.792213439941406e-05,3.314254510792905e-05,740
3507,8.565941243432462e-06,1.0,5.245208740234375e-05,3.305037028139237e-05,1826
3508,8.173428795998916e-06,1.0,5.030632019042969e-05,3.29583719200178e-05,1329
3509,7.555584488727618e-06,1.0,4.553794860839844e-05,3.28665500835022e-05,1298
3510,7.14503448762116e-06,1.0,4.839897155761719e-05,3.277490483142776e-05,1406
3511,7.49144101064303e-06,1.0,4.673004150390625e-05,3.2683436223262094e-05,1455
3512,7.202980668807868e-06,1.0,4.506111145019531e-05,3.2592144318358115e-05,1202
3513,7.3971759775304236e-06,1.0,4.696846008300781e-05,3.250102917595421e-05,1257
3514,6.742930509062717e-06,1.0,6.246566772460938e-05,3.241009085517404e-05,475
3515,7.413962975988397e-06,1.0,4.696846008300781e-05,3.2319329415026385e-05,1231
3516,7.595607257826487e-06,1.0,4.76837158203125e-05,3.2228744914405425e-05,1400
3517,8.9235145424027e-06,1.0,5.1975250244140625e-05,3.213833741209051e-05,2017
3518,8.868934855854604e-06,1.0,5.078315734863281e-05,3.2048106966745976e-05,1983
3519,1.1540312698343769e-05,1.0,9.202957153320312e-05,3.1958053636921464e-05,1220
3520,8.58184830576647e-06,1.0,4.76837158203125e-05,3.186817748105156e-05,2018
3521,7.235959856188856e-06,1.0,4.649162292480469e-05,3.177847855745598e-05,1494
3522,7.111978902685223e-06,1.0,4.267692565917969e-05,3.168895692433926e-05,1365
3523,7.470678156096255e-06,1.0,4.4345855712890625e-05,3.159961263979114e-05,1484
3524,8.744349543121643e-06,1.0,4.9114227294921875e-05,3.151044576178614e-05,1942
3525,9.252272320736665e-06,1.0,5.221366882324219e-05,3.142145634818358e-05,2050
3526,7.157054824347142e-06,1.0,4.553794860839844e-05,3.133264445672784e-05,1439
3527,8.826473276712932e-06,1.0,4.9591064453125e-05,3.124401014504795e-05,2038
3528,6.781743650208227e-06,1.0,4.100799560546875e-05,3.115555347065777e-05,1225
3529,7.897368959675077e-06,1.0,5.030632019042969e-05,3.106727449095585e-05,1625
3530,6.959435722819762e-06,1.0,4.458427429199219e-05,3.0979173263225445e-05,1196
3531,7.336224371101707e-06,1.0,4.458427429199219e-05,3.0891249844634517e-05,1262
3532,9.472251804254483e-06,1.0,6.4849853515625e-05,3.080350429223556e-05,1530
3533,7.034600457700435e-06,1.0,4.6253204345703125e-05,3.071593666296584e-05,1184
3534,7.186619313870324e-06,1.0,4.4345855712890625e-05,3.062854701364692e-05,1401
3535,7.3914688982767984e-06,1.0,4.410743713378906e-05,3.0541335400985025e-05,1298
3536,7.0438873081002384e-06,1.0,4.7206878662109375e-05,3.045430188157091e-05,1406
3537,7.121848739188863e-06,1.0,4.649162292480469e-05,3.0367446511879502e-05,1260
3538,7.931652362458408e-06,1.0,4.744529724121094e-05,3.028076934827045e-05,1701
3539,7.3631508712423965e-06,1.0,4.7206878662109375e-05,3.0194270446987632e-05,1301
3540,6.2563531173509546e-06,1.0,4.649162292480469e-05,3.0107949864159155e-05,740
3541,8.19813612906728e-06,1.0,4.792213439941406e-05,3.0021807655797536e-05,1708
3542,8.981540304375812e-06,1.0,5.030632019042969e-05,2.9935843877799505e-05,2099
3543,7.169468972278992e-06,1.0,4.673004150390625e-05,2.9850058585946137e-05,1096
3544,8.880096174834762e-06,1.0,5.698204040527344e-05,2.9764451835902435e-05,2006
3545,7.167121111706365e-06,1.0,4.887580871582031e-05,2.967902368321774e-05,1336
3546,7.113662832125556e-06,1.0,4.363059997558594e-05,2.9593774183325502e-05,1415
3547,7.084289336489746e-06,1.0,4.76837158203125e-05,2.950870339154311e-05,1337
3548,6.919496627233457e-06,1.0,4.38690185546875e-05,2.942381136307217e-05,1124
3549,8.0137779150391e-06,1.0,5.269050598144531e-05,2.933909815299815e-05,1688
3550,8.090431037999224e-06,1.0,4.696846008300781e-05,2.9254563816290454e-05,1820
3551,8.377599442610517e-06,1.0,5.054473876953125e-05,2.9170208407802663e-05,1826
3552,7.888374057074543e-06,1.0,4.744529724121094e-05,2.908603198227193e-05,1329
3553,6.793255579395918e-06,1.0,4.1961669921875e-05,2.900203459431949e-05,1248
3554,8.296530722873285e-06,1.0,4.982948303222656e-05,2.891821629845035e-05,1571
3555,6.822918749094242e-06,1.0,4.887580871582031e-05,2.8834577149053296e-05,1067
3556,6.9034126681799535e-06,1.0,4.4345855712890625e-05,2.8751117200400853e-05,1184
3557,6.8739173002541065e-06,1.0,4.363059997558594e-05,2.8667836506649232e-05,1196
3558,9.034096365212463e-06,1.0,5.054473876953125e-05,2.8584735121838476e-05,2050
3559,8.130646165227517e-06,1.0,4.7206878662109375e-05,2.8501813099892013e-05,1708
3560,7.011723027972039e-06,1.0,4.1961669921875e-05,2.841907049461717e-05,1365
3561,9.319310265709646e-06,1.0,6.341934204101562e-05,2.833650735970473e-05,1530
3562,6.994327122811228e-06,1.0,4.696846008300781e-05,2.8254123748728906e-05,1337
3563,7.253342573676491e-06,1.0,4.291534423828125e-05,2.8171919715147606e-05,1298
3564,6.7707446760323364e-06,1.0,4.839897155761719e-05,2.8089895312302125e-05,1067
3565,7.153446404117858e-06,1.0,4.267692565917969e-05,2.8008050593417253e-05,1262
3566,6.982998911553295e-06,1.0,4.220008850097656e-05,2.792638561160101e-05,1415
3567,7.003342489042552e-06,1.0,4.267692565917969e-05,2.784490041984504e-05,1401
3568,8.746806088311132e-06,1.0,5.626678466796875e-05,2.776359507102418e-05,2006
3569,7.063693828968098e-06,1.0,4.482269287109375e-05,2.7682469617896498e-05,1439
3570,8.270731086668093e-06,1.0,4.9591064453125e-05,2.760152411310358e-05,1826
3571,7.070880656101508e-06,1.0,4.38690185546875e-05,2.7520758609169945e-05,1202
3572,8.628358045825735e-06,1.0,4.887580871582031e-05,2.7440173158503474e-05,1983
3573,6.7255323301651515e-06,1.0,4.124641418457031e-05,2.735976781339527e-05,1248
3574,7.2980042205017526e-06,1.0,4.649162292480469e-05,2.7279542626019436e-05,1301
3575,7.0269488787744194e-06,1.0,4.673004150390625e-05,2.7199497648433155e-05,1336
3576,6.794138244003989e-06,1.0,4.2438507080078125e-05,2.7119632932576852e-05,1124
3577,7.269857633218635e-06,1.0,4.267692565917969e-05,2.703994853027387e-05,1484
3578,7.0693567977286875e-06,1.0,4.506111145019531e-05,2.696044449323048e-05,1494
3579,6.657864560111193e-06,1.0,4.00543212890625e-05,2.6881120873036022e-05,1225
3580,7.19569197826786e-06,1.0,4.506111145019531e-05,2.6801977721162783e-05,1231
3581,8.68137794896029e-06,1.0,5.030632019042969e-05,2.672301508896575e-05,2017
3582,8.288259778055362e-06,1.0,5.0067901611328125e-05,2.6644233027683105e-05,1571
3583,6.154704351502005e-06,1.0,4.553794860839844e-05,2.6565631588435588e-05,740
3584,8.85052122612251e-06,1.0,4.935264587402344e-05,2.6487210822226768e-05,2099
3585,7.766565431666095e-06,1.0,4.673004150390625e-05,2.6408970779943105e-05,1329
3586,1.1162082955706865e-05,1.0,8.916854858398438e-05,2.6330911512353657e-05,1220
3587,8.301200068672188e-06,1.0,4.57763671875e-05,2.6253033070110273e-05,2018
3588,7.4508552643237635e-06,1.0,4.673004150390625e-05,2.6175335503747464e-05,1400
3589,7.986746823007707e-06,1.0,4.601478576660156e-05,2.6097818863682195e-05,1820
3590,7.767875104036648e-06,1.0,4.6253204345703125e-05,2.6020483200214336e-05,1701
3591,6.9463494583033025e-06,1.0,4.506111145019531e-05,2.594332856352608e-05,1260
3592,7.824021849955898e-06,1.0,5.078315734863281e-05,2.586635500368224e-05,1688
3593,7.701650247327052e-06,1.0,4.9114227294921875e-05,2.5789562570630095e-05,1625
3594,6.961292001506081e-06,1.0,4.458427429199219e-05,2.571295131419949e-05,1096
3595,6.829468020441709e-06,1.0,4.482269287109375e-05,2.5636521284102628e-05,1406
3596,6.53638699077419e-06,1.0,6.031990051269531e-05,2.5560272529934034e-05,475
3597,7.166158866311889e-06,1.0,4.5299530029296875e-05,2.548420510117083e-05,1257
3598,8.510418410878628e-06,1.0,4.744529724121094e-05,2.5408319047172265e-05,1942
3599,8.603910828242078e-06,1.0,4.792213439941406e-05,2.533261441717992e-05,2038
3600,7.28243867342826e-06,1.0,4.5299530029296875e-05,2.5257091260317797e-05,1455
3601,8.011230420379434e-06,1.0,4.649162292480469e-05,2.5181749625592064e-05,1708
3602,6.87699184709345e-06,1.0,4.57763671875e-05,2.5106589561891077e-05,1337
3603,8.624094334663823e-06,1.0,5.340576171875e-05,2.5031611117985262e-05,2006
3604,6.875676717754686e-06,1.0,4.410743713378906e-05,2.49568143425275e-05,1260
3605,8.535301276424434e-06,1.0,4.744529724121094e-05,2.488219928405256e-05,2038
3606,1.0980153092532419e-05,1.0,8.678436279296875e-05,2.4807765990977226e-05,1220
3607,7.124903731892118e-06,1.0,4.458427429199219e-05,2.4733514511600617e-05,1231
3608,6.921125986991683e-06,1.0,4.601478576660156e-05,2.465944489410353e-05,1336
3609,6.8485878728097305e-06,1.0,4.0531158447265625e-05,2.458555718654909e-05,1365
3610,6.928771654202137e-06,1.0,4.410743713378906e-05,2.4511851436882234e-05,1096
3611,9.077238246391062e-06,1.0,6.103515625e-05,2.4438327692929716e-05,1530
3612,7.1889667196956e-06,1.0,4.1961669921875e-05,2.4364986002400332e-05,1484
3613,7.0390565269917715e-06,1.0,4.1961669921875e-05,2.4291826412884687e-05,1262
3614,8.726487976673525e-06,1.0,4.8160552978515625e-05,2.4218848971855365e-05,2099
3615,7.276812993950443e-06,1.0,4.482269287109375e-05,2.4146053726666493e-05,1400
3616,7.053874924167758e-06,1.0,4.410743713378906e-05,2.407344072455415e-05,1257
3617,6.842186849098653e-06,1.0,4.172325134277344e-05,2.4001010012636214e-05,1401
3618,8.060545951593667e-06,1.0,4.792213439941406e-05,2.3928761637912087e-05,1571
3619,8.120385246002115e-06,1.0,4.839897155761719e-05,2.385669564726297e-05,1826
3620,6.907244369358523e-06,1.0,4.2438507080078125e-05,2.3784812087451753e-05,1202
3621,7.653188731637783e-06,1.0,4.57763671875e-05,2.37131110051228e-05,1329
3622,6.713005404890282e-06,1.0,4.172325134277344e-05,2.364159244680225e-05,1124
3623,7.15671512807603e-06,1.0,4.5299530029296875e-05,2.3570256458897684e-05,1301
3624,6.4854416450543795e-06,1.0,5.9604644775390625e-05,2.3499103087698344e-05,475
3625,6.066104106139392e-06,1.0,4.482269287109375e-05,2.3428132379374698e-05,740
3626,8.756317583902273e-06,1.0,4.8160552978515625e-05,2.3357344379979036e-05,2050
3627,7.600930075568613e-06,1.0,4.792213439941406e-05,2.3286739135444887e-05,1625
3628,7.661072231712751e-06,1.0,4.506111145019531e-05,2.3216316691587067e-05,1701
3629,6.907291208335664e-06,1.0,4.363059997558594e-05,2.3146077094102188e-05,1439
3630,8.507147867931053e-06,1.0,4.863739013671875e-05,2.3076020388567795e-05,2017
3631,7.731368896202184e-06,1.0,4.982948303222656e-05,2.3006146620442922e-05,1688
3632,6.693312570860144e-06,1.0,4.220008850097656e-05,2.2936455835068e-05,1196
3633,7.059837571432581e-06,1.0,4.1484832763671875e-05,2.286694807766456e-05,1298
3634,6.608235253224848e-06,1.0,4.029273986816406e-05,2.279762339333542e-05,1248
3635,6.59042552797473e-06,1.0,4.649162292480469e-05,2.2728481827064626e-05,1067
3636,6.534180556627689e-06,1.0,3.910064697265625e-05,2.2659523423717463e-05,1225
3637,8.261325092462357e-06,1.0,4.5299530029296875e-05,2.2590748228040167e-05,1942
3638,8.409061592828948e-06,1.0,4.744529724121094e-05,2.2522156284660274e-05,1983
3639,6.717212272633333e-06,1.0,4.363059997558594e-05,2.2453747638086382e-05,1406
3640,7.806233043083921e-06,1.0,4.482269287109375e-05,2.238552233270805e-05,1820
3641,6.912966910022078e-06,1.0,4.363059997558594e-05,2.2317480412795964e-05,1494
3642,8.148676897690166e-06,1.0,4.458427429199219e-05,2.2249621922501837e-05,2018
3643,6.748291070834966e-06,1.0,4.029273986816406e-05,2.218194690585825e-05,1415
3644,6.681309059786145e-06,1.0,4.267692565917969e-05,2.2114455406778808e-05,1184
3645,7.165608167269966e-06,1.0,4.4345855712890625e-05,2.204714746905798e-05,1455
3646,7.011022262304323e-06,1.0,4.3392181396484375e-05,2.1980023136371226e-05,1231
3647,6.834806299593765e-06,1.0,4.291534423828125e-05,2.1913082452274743e-05,1439
3648,7.079931492626201e-06,1.0,4.458427429199219e-05,2.1846325460205617e-05,1301
3649,7.585525963804685e-06,1.0,4.458427429199219e-05,2.1779752203481793e-05,1701
3650,8.355800673598424e-06,1.0,4.696846008300781e-05,2.1713362725301787e-05,1983
3651,8.668454029248096e-06,1.0,4.76837158203125e-05,2.1647157068745168e-05,2050
3652,6.6717448135023005e-06,1.0,4.220008850097656e-05,2.158113527677201e-05,1184
3653,6.857991593278712e-06,1.0,4.291534423828125e-05,2.1515297392223142e-05,1494
3654,6.5424974309280515e-06,1.0,4.57763671875e-05,2.1449643457820054e-05,1067
3655,6.545957603520947e-06,1.0,3.981590270996094e-05,2.1384173516164806e-05,1248
3656,6.803904852858977e-06,1.0,4.1484832763671875e-05,2.1318887609740243e-05,1202
3657,6.630220923398156e-06,1.0,4.172325134277344e-05,2.1253785780909617e-05,1196
3658,8.327479008585215e-06,1.0,4.57763671875e-05,2.118886807191683e-05,2038
3659,6.666935405519325e-06,1.0,4.315376281738281e-05,2.1124134524886225e-05,1406
3660,7.958564310683869e-06,1.0,4.7206878662109375e-05,2.1059585181822737e-05,1571
3661,6.936285444680834e-06,1.0,4.124641418457031e-05,2.0995220084611754e-05,1262
3662,7.009142336755758e-06,1.0,4.100799560546875e-05,2.0931039275019035e-05,1298
3663,6.598570507776458e-06,1.0,4.076957702636719e-05,2.086704279469087e-05,1124
3664,6.799152743042214e-06,1.0,4.482269287109375e-05,2.0803230685153838e-05,1336
3665,1.0783463949337602e-05,1.0,8.535385131835938e-05,2.0739602987814884e-05,1220
3666,6.757428764103679e-06,1.0,4.458427429199219e-05,2.067615974396142e-05,1337
3667,6.745357495674398e-06,1.0,4.0531158447265625e-05,2.0612900994761006e-05,1401
3668,6.760064025002066e-06,1.0,4.315376281738281e-05,2.0549826781261647e-05,1260
3669,8.172502930392511e-06,1.0,4.458427429199219e-05,2.0486937144391436e-05,1942
3670,7.975848347996362e-06,1.0,4.7206878662109375e-05,2.0424232124958794e-05,1826
3671,6.4356031543866266e-06,1.0,3.814697265625e-05,2.0361711763652344e-05,1225
3672,6.6826592046709266e-06,1.0,3.910064697265625e-05,2.0299376101040797e-05,1365
3673,8.910037649911828e-06,1.0,5.984306335449219e-05,2.0237225177573236e-05,1530
3674,7.715518222539686e-06,1.0,4.38690185546875e-05,2.0175259033578596e-05,1820
3675,8.371098374482244e-06,1.0,4.76837158203125e-05,2.0113477709266047e-05,2017
3676,8.55934831633931e-06,1.0,4.696846008300781e-05,2.0051881244724886e-05,2099
3677,6.659327482338995e-06,1.0,3.9577484130859375e-05,1.9990469679924314e-05,1415
3678,7.544206255261088e-06,1.0,4.482269287109375e-05,1.992924305471365e-05,1329
3679,7.150794317567488e-06,1.0,4.38690185546875e-05,1.9868201408822214e-05,1400
3680,7.500502761104144e-06,1.0,4.696846008300781e-05,1.9807344781859257e-05,1625
3681,8.071114280028269e-06,1.0,4.410743713378906e-05,1.9746673213314024e-05,2018
3682,7.0689566200599074e-06,1.0,4.124641418457031e-05,1.9686186742555522e-05,1484
3683,6.728860171278939e-06,1.0,4.2438507080078125e-05,1.9625885408832887e-05,1096
3684,5.96832205701503e-06,1.0,4.3392181396484375e-05,1.956576925127492e-05,740
3685,6.3514276007481385e-06,1.0,5.745887756347656e-05,1.9505838308890354e-05,475
3686,7.548322628281312e-06,1.0,4.76837158203125e-05,1.9446092620567777e-05,1688
3687,7.022641966614174e-06,1.0,4.315376281738281e-05,1.9386532225075447e-05,1455
3688,6.920063242432661e-06,1.0,4.291534423828125e-05,1.932715716106151e-05,1257
3689,7.80624759499915e-06,1.0,4.482269287109375e-05,1.9267967467053824e-05,1708
3690,8.373973287234548e-06,1.0,5.2928924560546875e-05,1.920896318145989e-05,2006
3691,8.559074558434077e-06,1.0,4.673004150390625e-05,1.915014434256692e-05,2050
3692,6.44876308797393e-06,1.0,4.4345855712890625e-05,1.909151098854188e-05,1067
3693,7.647859092685394e-06,1.0,4.3392181396484375e-05,1.9033063157431307e-05,1820
3694,8.817400157568045e-06,1.0,5.8650970458984375e-05,1.8974800887161323e-05,1530
3695,8.356979378731921e-06,1.0,5.221366882324219e-05,1.891672421553776e-05,2006
3696,7.876748895796482e-06,1.0,4.6253204345703125e-05,1.8858833180245836e-05,1826
3697,6.705732175760204e-06,1.0,4.38690185546875e-05,1.880112781885047e-05,1336
3698,1.056420569511829e-05,1.0,8.20159912109375e-05,1.874360816879611e-05,1220
3699,6.982041668379679e-06,1.0,4.0531158447265625e-05,1.8686274267406533e-05,1484
3700,7.448141786881024e-06,1.0,4.410743713378906e-05,1.862912615188511e-05,1329
3701,8.240081115218345e-06,1.0,4.601478576660156e-05,1.8572163859314647e-05,1983
3702,6.882982233946677e-06,1.0,4.2438507080078125e-05,1.851538742665738e-05,1257
3703,6.9412990342243575e-06,1.0,4.3392181396484375e-05,1.8458796890754836e-05,1301
3704,6.9557058850477915e-06,1.0,4.2438507080078125e-05,1.8402392288328104e-05,1455
3705,8.453602276858874e-06,1.0,4.6253204345703125e-05,1.834617365597748e-05,2099
3706,6.550695616169833e-06,1.0,4.1961669921875e-05,1.8290141030182547e-05,1406
3707,6.742136065440718e-06,1.0,4.1961669921875e-05,1.8234294447302422e-05,1494
3708,6.8822205321339425e-06,1.0,4.00543212890625e-05,1.8178633943575248e-05,1298
3709,6.560087513207691e-06,1.0,4.124641418457031e-05,1.8123159555118472e-05,1184
3710,7.384885975625366e-06,1.0,4.267692565917969e-05,1.806787131792893e-05,1701
3711,7.949959581310395e-06,1.0,4.291534423828125e-05,1.8012769267882487e-05,2018
3712,5.902113116462715e-06,1.0,4.267692565917969e-05,1.7957853440734283e-05,740
3713,6.645890152867651e-06,1.0,3.981590270996094e-05,1.7903123872118642e-05,1401
3714,6.4053392634377815e-06,1.0,3.814697265625e-05,1.7848580597548956e-05,1225
3715,6.740928256476764e-06,1.0,4.100799560546875e-05,1.7794223652417715e-05,1202
3716,7.469369847967755e-06,1.0,4.673004150390625e-05,1.7740053071996606e-05,1688
3717,6.620988642680459e-06,1.0,4.1961669921875e-05,1.768606889143638e-05,1260
3718,7.069903858791804e-06,1.0,4.315376281738281e-05,1.7632271145766674e-05,1400
3719,6.603627298318315e-06,1.0,4.267692565917969e-05,1.7578659869896338e-05,1337
3720,6.487590326287318e-06,1.0,4.029273986816406e-05,1.7525235098613143e-05,1196
3721,6.5284666561638005e-06,1.0,4.029273986816406e-05,1.7471996866583793e-05,1124
3722,7.81940070737619e-06,1.0,4.601478576660156e-05,1.7418945208354018e-05,1571
3723,6.645599569310434e-06,1.0,4.100799560546875e-05,1.7366080158348484e-05,1439
3724,6.6402153606759384e-06,1.0,3.886222839355469e-05,1.7313401750870783e-05,1365
3725,6.8616973294410855e-06,1.0,4.220008850097656e-05,1.726091002010327e-05,1231
3726,6.407167802535696e-06,1.0,3.8623809814453125e-05,1.72086050001073e-05,1248
3727,7.698837180214468e-06,1.0,4.38690185546875e-05,1.715648672482306e-05,1708
3728,7.341465334320674e-06,1.0,4.482269287109375e-05,1.7104555228069495e-05,1625
3729,8.173996320692822e-06,1.0,4.458427429199219e-05,1.705281054354445e-05,2038
3730,6.5586546043050475e-06,1.0,3.886222839355469e-05,1.700125270482443e-05,1415
3731,6.6633829192142e-06,1.0,4.1961669921875e-05,1.6949881745364714e-05,1096
3732,8.06870411906857e-06,1.0,4.38690185546875e-05,1.6898697698499496e-05,1942
3733,8.186289960576687e-06,1.0,4.6253204345703125e-05,1.6847700597441416e-05,2017
3734,6.795823992433725e-06,1.0,4.00543212890625e-05,1.6796890475282033e-05,1262
3735,6.273377948673442e-06,1.0,5.626678466796875e-05,1.674626736499144e-05,475
3736,8.440391866315622e-06,1.0,4.57763671875e-05,1.6695831299418393e-05,2050
3737,7.37907566872309e-06,1.0,4.3392181396484375e-05,1.664558231129035e-05,1329
3738,7.903291589173023e-06,1.0,4.267692565917969e-05,1.6595520433213326e-05,2018
3739,8.192673703888431e-06,1.0,4.6253204345703125e-05,1.654564569767197e-05,2017
3740,6.452306479332037e-06,1.0,3.981590270996094e-05,1.6495958137029396e-05,1196
3741,6.5493709371367e-06,1.0,4.100799560546875e-05,1.644645778352731e-05,1260
3742,6.666095487162238e-06,1.0,4.124641418457031e-05,1.6397144669286054e-05,1494
3743,6.893931185913971e-06,1.0,4.172325134277344e-05,1.6348018826304265e-05,1455
3744,6.843556093372172e-06,1.0,3.9577484130859375e-05,1.629908028645921e-05,1298
3745,7.744615686533507e-06,1.0,4.506111145019531e-05,1.6250329081506584e-05,1826
3746,6.786250651202863e-06,1.0,4.172325134277344e-05,1.6201765243080487e-05,1257
3747,7.331974302360322e-06,1.0,4.220008850097656e-05,1.615338880269351e-05,1701
3748,5.851852620253339e-06,1.0,4.1961669921875e-05,1.6105199791736577e-05,740
3749,6.350559033307945e-06,1.0,4.3392181396484375e-05,1.6057198241479007e-05,1067
3750,7.726752301095985e-06,1.0,4.5299530029296875e-05,1.600938418306845e-05,1571
3751,6.362943622661987e-06,1.0,3.814697265625e-05,1.5961757647531026e-05,1248
3752,8.108251677185763e-06,1.0,4.410743713378906e-05,1.591431866577104e-05,2038
3753,6.745288828824414e-06,1.0,3.9577484130859375e-05,1.586706726857101e-05,1262
3754,7.490466941817431e-06,1.0,4.1961669921875e-05,1.582000348659207e-05,1820
3755,1.0418423698865809e-05,1.0,8.058547973632812e-05,1.5773127350373227e-05,1220
3756,6.42792565486161e-06,1.0,3.933906555175781e-05,1.5726438890331984e-05,1124
3757,8.304295988637023e-06,1.0,4.506111145019531e-05,1.5679938136763904e-05,2099
3758,6.6357051764498465e-06,1.0,3.981590270996094e-05,1.5633625119842918e-05,1202
3759,6.5274853113805875e-06,1.0,4.220008850097656e-05,1.5587499869620958e-05,1337
3760,6.303940153884469e-06,1.0,3.719329833984375e-05,1.5541562416028207e-05,1225
3761,6.585903975064866e-06,1.0,3.933906555175781e-05,1.549581278887303e-05,1401
3762,6.8383101279323455e-06,1.0,4.2438507080078125e-05,1.545025101784184e-05,1301
3763,6.5184694904019125e-06,1.0,3.8623809814453125e-05,1.5404877132499127e-05,1415
3764,8.08666845841799e-06,1.0,4.482269287109375e-05,1.5359691162287603e-05,1983
3765,6.786938683944754e-06,1.0,4.1484832763671875e-05,1.5314693136527845e-05,1231
3766,6.554019364557462e-06,1.0,3.814697265625e-05,1.5269883084418666e-05,1365
3767,6.449236934713554e-06,1.0,4.0531158447265625e-05,1.522526103503684e-05,1184
3768,6.495500656455988e-06,1.0,4.172325134277344e-05,1.5180827017337071e-05,1406
3769,7.957907655509189e-06,1.0,4.315376281738281e-05,1.5136581060152097e-05,1942
3770,6.968833531573182e-06,1.0,4.2438507080078125e-05,1.5092523192192719e-05,1400
3771,8.632202479930129e-06,1.0,5.698204040527344e-05,1.5048653442047532e-05,1530
3772,7.634835128556006e-06,1.0,4.3392181396484375e-05,1.5004971838183134e-05,1708
3773,6.157935331430053e-06,1.0,5.459785461425781e-05,1.4961478408944116e-05,475
3774,8.131640242936555e-06,1.0,4.887580871582031e-05,1.4918173182552907e-05,2006
3775,7.364074463112047e-06,1.0,4.601478576660156e-05,1.4875056187109624e-05,1688
3776,6.570931418536929e-06,1.0,4.076957702636719e-05,1.4832127450592656e-05,1096
3777,6.862432201160118e-06,1.0,3.9577484130859375e-05,1.4789387000857821e-05,1484
3778,6.554226729349466e-06,1.0,4.029273986816406e-05,1.4746834865639e-05,1439
3779,6.589023541891947e-06,1.0,4.291534423828125e-05,1.4704471072547808e-05,1336
3780,7.276615633600159e-06,1.0,4.4345855712890625e-05,1.4662295649073653e-05,1625
3781,7.601753623021068e-06,1.0,4.291534423828125e-05,1.4620308622583677e-05,1708
3782,6.476514499809127e-06,1.0,3.814697265625e-05,1.457851002032282e-05,1415
3783,7.937159352877643e-06,1.0,4.291534423828125e-05,1.4536899869413754e-05,1942
3784,6.84757196722785e-06,1.0,3.933906555175781e-05,1.449547819685688e-05,1484
3785,6.459277301473776e-06,1.0,4.1484832763671875e-05,1.4454245029530199e-05,1337
3786,6.785899131500628e-06,1.0,4.1961669921875e-05,1.4413200394189572e-05,1301
3787,6.577892690984299e-06,1.0,4.076957702636719e-05,1.4372344317468298e-05,1096
3788,6.408259650925174e-06,1.0,3.981590270996094e-05,1.4331676825877537e-05,1184
3789,6.612076504097786e-06,1.0,4.100799560546875e-05,1.429119794580591e-05,1494
3790,7.2627349254617e-06,1.0,4.1484832763671875e-05,1.4250907703519776e-05,1701
3791,7.343806373683037e-06,1.0,4.553794860839844e-05,1.421080612516302e-05,1688
3792,6.488695817097323e-06,1.0,3.743171691894531e-05,1.4170893236757063e-05,1365
3793,6.137857781141065e-06,1.0,5.459785461425781e-05,1.4131169064201053e-05,475
3794,6.251099421206163e-06,1.0,3.6716461181640625e-05,1.409163363327147e-05,1225
3795,6.701140591758303e-06,1.0,4.0531158447265625e-05,1.4052286969622561e-05,1231
3796,6.3599109125789255e-06,1.0,3.910064697265625e-05,1.4013129098785803e-05,1196
3797,7.43092869015527e-06,1.0,4.1484832763671875e-05,1.3974160046170336e-05,1820
3798,6.427333119063405e-06,1.0,4.100799560546875e-05,1.3935379837062866e-05,1406
3799,8.081622581812553e-06,1.0,4.5299530029296875e-05,1.3896788496627365e-05,2017
3800,6.510327693831641e-06,1.0,4.124641418457031e-05,1.3858386049905334e-05,1336
3801,8.01837995823007e-06,1.0,4.4345855712890625e-05,1.382017252181571e-05,1983
3802,6.6726502154779155e-06,1.0,3.886222839355469e-05,1.3782147937154852e-05,1262
3803,7.64100877859164e-06,1.0,4.4345855712890625e-05,1.3744312320596496e-05,1571
3804,5.750526270276168e-06,1.0,4.100799560546875e-05,1.3706665696691699e-05,740
3805,8.311996680276934e-06,1.0,4.482269287109375e-05,1.3669208089869088e-05,2050
3806,6.899864274600986e-06,1.0,4.172325134277344e-05,1.3631939524434387e-05,1400
3807,6.748869964212645e-06,1.0,3.886222839355469e-05,1.3594860024570786e-05,1298
3808,8.580238500144333e-06,1.0,5.602836608886719e-05,1.3557969614338771e-05,1530
3809,8.230011189880315e-06,1.0,4.458427429199219e-05,1.3521268317676127e-05,2099
3810,7.2774491854943335e-06,1.0,4.267692565917969e-05,1.3484756158397936e-05,1329
3811,7.195188572950428e-06,1.0,4.3392181396484375e-05,1.3448433160196548e-05,1625
3812,6.449849479395198e-06,1.0,3.790855407714844e-05,1.3412299346641541e-05,1401
3813,6.531968665512977e-06,1.0,3.886222839355469e-05,1.3376354741179762e-05,1202
3814,6.252142156881746e-06,1.0,3.719329833984375e-05,1.3340599367135285e-05,1248
3815,6.486628535640193e-06,1.0,3.9577484130859375e-05,1.3305033247709384e-05,1439
3816,7.63853131502401e-06,1.0,4.4345855712890625e-05,1.32696564059805e-05,1826
3817,6.316884082480101e-06,1.0,3.838539123535156e-05,1.3234468864904335e-05,1124
3818,6.250009846553439e-06,1.0,4.1961669921875e-05,1.3199470647313658e-05,1067
3819,7.749943506496493e-06,1.0,4.1484832763671875e-05,1.3164661775918439e-05,2018
3820,8.067996532190591e-06,1.0,4.839897155761719e-05,1.3130042273305807e-05,2006
3821,1.0311626283510122e-05,1.0,8.0108642578125e-05,1.3095612161939928e-05,1220
3822,6.644567747571273e-06,1.0,4.0531158447265625e-05,1.3061371464162162e-05,1257
3823,6.4500304688408505e-06,1.0,4.0531158447265625e-05,1.3027320202190938e-05,1260
3824,6.759894404240185e-06,1.0,4.0531158447265625e-05,1.2993458398121715e-05,1455
3825,7.975241715030279e-06,1.0,4.291534423828125e-05,1.2959786073927082e-05,2038
3826,7.5921429925074335e-06,1.0,4.38690185546875e-05,1.2926303251456594e-05,1571
3827,6.241921710170573e-06,1.0,3.719329833984375e-05,1.2893009952436973e-05,1248
3828,6.304581802396569e-06,1.0,3.814697265625e-05,1.2859906198471803e-05,1124
3829,6.409821708075469e-06,1.0,3.981590270996094e-05,1.2826992011041804e-05,1260
3830,8.257918125309516e-06,1.0,4.4345855712890625e-05,1.2794267411504622e-05,2050
3831,6.47809611109551e-06,1.0,3.9577484130859375e-05,1.276173242109484e-05,1439
3832,7.157262643886497e-06,1.0,4.291534423828125e-05,1.2729387060924134e-05,1625
3833,6.6965221776627e-06,1.0,3.838539123535156e-05,1.2697231351981052e-05,1298
3834,8.013124897843227e-06,1.0,4.458427429199219e-05,1.2665265315131001e-05,2017
3835,6.378243597282562e-06,1.0,4.0531158447265625e-05,1.263348897111649e-05,1406
3836,7.606150120409438e-06,1.0,4.38690185546875e-05,1.260190234055679e-05,1826
3837,6.45768386675627e-06,1.0,4.076957702636719e-05,1.2570505443948175e-05,1336
3838,7.94431889517e-06,1.0,4.363059997558594e-05,1.253929830166368e-05,1983
3839,5.736349976359634e-06,1.0,4.076957702636719e-05,1.2508280933953341e-05,740
3840,7.343619927269174e-06,1.0,4.076957702636719e-05,1.2477453360943924e-05,1820
3841,7.184174592111958e-06,1.0,4.100799560546875e-05,1.2446815602639194e-05,1701
3842,6.220292107173009e-06,1.0,4.172325134277344e-05,1.2416367678919614e-05,1067
3843,6.381654657161562e-06,1.0,3.719329833984375e-05,1.2386109609542483e-05,1415
3844,7.94008701632265e-06,1.0,4.291534423828125e-05,1.2356041414141993e-05,2038
3845,6.652722277067369e-06,1.0,4.00543212890625e-05,1.232616311222907e-05,1231
3846,6.495274192275247e-06,1.0,3.8623809814453125e-05,1.2296474723191308e-05,1202
3847,1.0219781870546285e-05,1.0,7.82012939453125e-05,1.2266976266293327e-05,1220
3848,6.438617674575653e-06,1.0,3.814697265625e-05,1.2237667760676218e-05,1401
3849,6.475435384345474e-06,1.0,4.00543212890625e-05,1.22085492253581e-05,1096
3850,6.41463884676341e-06,1.0,3.6716461181640625e-05,1.2179620679233593e-05,1365
3851,7.989613550307695e-06,1.0,4.76837158203125e-05,1.2150882141074081e-05,2006
3852,6.1931013988214545e-06,1.0,3.62396240234375e-05,1.2122333629527747e-05,1225
3853,7.691402970522176e-06,1.0,4.100799560546875e-05,1.2093975163119374e-05,2018
3854,6.711146397719858e-06,1.0,4.00543212890625e-05,1.2065806760250541e-05,1455
3855,7.4869435593427625e-06,1.0,4.220008850097656e-05,1.2037828439199292e-05,1708
3856,6.319743079075124e-06,1.0,3.886222839355469e-05,1.2010040218120543e-05,1196
3857,6.830382517364342e-06,1.0,4.124641418457031e-05,1.1982442115045765e-05,1400
3858,8.468277883366682e-06,1.0,5.459785461425781e-05,1.1955034147883036e-05,1530
3859,7.247480425576214e-06,1.0,4.482269287109375e-05,1.1927816334417129e-05,1688
3860,6.702819973725127e-06,1.0,3.814697265625e-05,1.1900788692309383e-05,1484
3861,7.192596058303025e-06,1.0,4.172325134277344e-05,1.1873951239097668e-05,1329
3862,7.823722626199014e-06,1.0,4.1961669921875e-05,1.1847303992196589e-05,1942
3863,6.3054626480152365e-06,1.0,3.9577484130859375e-05,1.1820846968897213e-05,1184
3864,6.590847988263704e-06,1.0,3.838539123535156e-05,1.1794580186367309e-05,1262
3865,6.6833681557909586e-06,1.0,4.100799560546875e-05,1.1768503661650975e-05,1301
3866,6.484651294158539e-06,1.0,3.9577484130859375e-05,1.1742617411669074e-05,1494
3867,8.113588592095766e-06,1.0,4.363059997558594e-05,1.1716921453218875e-05,2099
3868,6.5898479988391045e-06,1.0,4.00543212890625e-05,1.1691415802974202e-05,1257
3869,6.035465048626065e-06,1.0,5.2928924560546875e-05,1.1666100477485418e-05,475
3870,6.349253908410901e-06,1.0,4.0531158447265625e-05,1.1640975493179383e-05,1337
3871,7.550529062427813e-06,1.0,4.363059997558594e-05,1.1616040866359388e-05,1826
3872,6.338140337902587e-06,1.0,4.00543212890625e-05,1.1591296613205192e-05,1406
3873,6.241796199901728e-06,1.0,3.7670135498046875e-05,1.1566742749773184e-05,1124
3874,7.309428838198073e-06,1.0,4.0531158447265625e-05,1.154237929199605e-05,1820
3875,6.451397894124966e-06,1.0,3.981590270996094e-05,1.1518206255682949e-05,1096
3876,6.13987140241079e-06,1.0,3.5762786865234375e-05,1.1494223656519563e-05,1225
3877,5.684639290848281e-06,1.0,4.029273986816406e-05,1.1470431510067878e-05,740
3878,6.465181286330335e-06,1.0,3.9577484130859375e-05,1.1446829831766313e-05,1494
3879,7.095494311215589e-06,1.0,4.267692565917969e-05,1.1423418636929881e-05,1625
3880,8.10188885225216e-06,1.0,4.363059997558594e-05,1.1400197940749767e-05,2099
3881,6.684109848720254e-06,1.0,4.00543212890625e-05,1.1377167758293649e-05,1455
3882,1.011464701150544e-05,1.0,7.724761962890625e-05,1.1354328104505538e-05,1220
3883,7.881440069468226e-06,1.0,4.315376281738281e-05,1.133167899420585e-05,1983
3884,7.637116141268052e-06,1.0,4.0531158447265625e-05,1.1309220442091393e-05,2018
3885,8.175753464456648e-06,1.0,4.38690185546875e-05,1.128695246273521e-05,2050
3886,6.665226010227343e-06,1.0,4.0531158447265625e-05,1.1264875070586809e-05,1301
3887,6.5651915974740405e-06,1.0,3.9577484130859375e-05,1.1242988279971865e-05,1257
3888,6.349271643557586e-06,1.0,3.9577484130859375e-05,1.1221292105092616e-05,1260
3889,6.405196472769603e-06,1.0,3.886222839355469e-05,1.1199786560027369e-05,1439
3890,7.405495580314891e-06,1.0,4.124641418457031e-05,1.1178471658730891e-05,1708
3891,7.867733074817806e-06,1.0,4.220008850097656e-05,1.115734741503419e-05,2038
3892,7.190631094999844e-06,1.0,4.4345855712890625e-05,1.1136413842644566e-05,1688
3893,6.165994818729814e-06,1.0,4.100799560546875e-05,1.111567095514555e-05,1067
3894,7.075058874761453e-06,1.0,4.00543212890625e-05,1.1095118765996979e-05,1701
3895,6.263277100515552e-06,1.0,3.910064697265625e-05,1.1074757288534952e-05,1184
3896,7.874591574363876e-06,1.0,4.363059997558594e-05,1.1054586535971865e-05,2017
3897,7.157972959248582e-06,1.0,4.1484832763671875e-05,1.1034606521396217e-05,1329
3898,7.931972504593432e-06,1.0,4.696846008300781e-05,1.1014817257772868e-05,2006
3899,7.492360509786522e-06,1.0,4.315376281738281e-05,1.0995218757942881e-05,1571
3900,6.6455504565965384e-06,1.0,3.790855407714844e-05,1.097581103462345e-05,1298
3901,6.590164957742672e-06,1.0,3.9577484130859375e-05,1.0956594100408068e-05,1231
3902,6.542107257700991e-06,1.0,3.790855407714844e-05,1.0937567967766393e-05,1262
3903,6.1468799685826525e-06,1.0,3.647804260253906e-05,1.0918732649044248e-05,1248
3904,6.399329322448466e-06,1.0,4.0531158447265625e-05,1.0900088156463694e-05,1336
3905,6.315942755463766e-06,1.0,3.6716461181640625e-05,1.0881634502122982e-05,1415
3906,6.3234865592676215e-06,1.0,4.029273986816406e-05,1.0863371697996403e-05,1337
3907,6.442116955440724e-06,1.0,3.814697265625e-05,1.0845299755934545e-05,1202
3908,8.392001291213091e-06,1.0,5.412101745605469e-05,1.0827418687664125e-05,1530
3909,7.757674211461563e-06,1.0,4.172325134277344e-05,1.0809728504787895e-05,1942
3910,5.990542376821395e-06,1.0,5.245208740234375e-05,1.0792229218784842e-05,475
3911,6.780996955058072e-06,1.0,4.076957702636719e-05,1.0774920841010149e-05,1400
3912,6.650607247138396e-06,1.0,3.7670135498046875e-05,1.0757803382694897e-05,1484
3913,6.2525641624233685e-06,1.0,3.838539123535156e-05,1.07408768549465e-05,1196
3914,6.350212061079219e-06,1.0,3.743171691894531e-05,1.072414126874841e-05,1401
3915,6.356212907121517e-06,1.0,3.62396240234375e-05,1.0707596634960136e-05,1365
3916,7.228342383314157e-06,1.0,3.981590270996094e-05,1.0691242964317293e-05,1820
3917,7.590036602778127e-06,1.0,4.00543212890625e-05,1.0675080267431657e-05,2018
3918,7.839250429242384e-06,1.0,4.3392181396484375e-05,1.0659108554790974e-05,2017
3919,7.056207778077805e-06,1.0,3.981590270996094e-05,1.0643327836759152e-05,1701
3920,7.024778369668638e-06,1.0,4.1484832763671875e-05,1.0627738123576102e-05,1625
3921,6.317199677141616e-06,1.0,3.910064697265625e-05,1.0612339425357862e-05,1260
3922,6.358061000355519e-06,1.0,3.838539123535156e-05,1.059713175209641e-05,1439
3923,7.456849289155798e-06,1.0,4.291534423828125e-05,1.0582115113659884e-05,1571
3924,6.228643542272039e-06,1.0,3.790855407714844e-05,1.0567289519792422e-05,1196
3925,6.59917168377433e-06,1.0,3.7670135498046875e-05,1.0552654980114162e-05,1298
3926,6.127202595962444e-06,1.0,3.62396240234375e-05,1.053821150412134e-05,1248
3927,7.147481937863631e-06,1.0,4.38690185546875e-05,1.0523959101186164e-05,1688
3928,6.726332230755361e-06,1.0,4.00543212890625e-05,1.0509897780556798e-05,1400
3929,6.269097866606899e-06,1.0,3.9577484130859375e-05,1.0496027551357545e-05,1337
3930,8.092483767541125e-06,1.0,4.291534423828125e-05,1.0482348422588672e-05,2050
3931,6.103087798692286e-06,1.0,3.552436828613281e-05,1.0468860403126344e-05,1225
3932,7.804736924299505e-06,1.0,4.172325134277344e-05,1.0455563501722796e-05,2038
3933,6.3888574004522525e-06,1.0,3.933906555175781e-05,1.0442457727006293e-05,1096
3934,5.614886958937859e-06,1.0,3.9577484130859375e-05,1.0429543087480995e-05,740
3935,7.120030659280019e-06,1.0,4.124641418457031e-05,1.0416819591527104e-05,1329
3936,6.609717729588738e-06,1.0,3.9577484130859375e-05,1.0404287247400711e-05,1455
3937,6.239315098355291e-06,1.0,3.886222839355469e-05,1.0391946063233947e-05,1184
3938,6.593298621737631e-06,1.0,3.981590270996094e-05,1.0379796047034905e-05,1301
3939,6.476900125562679e-06,1.0,3.886222839355469e-05,1.0367837206687512e-05,1257
3940,7.456717412424041e-06,1.0,4.267692565917969e-05,1.0356069549951795e-05,1826
3941,7.865000043238979e-06,1.0,4.649162292480469e-05,1.0344493084463645e-05,2006
3942,6.3672964643046726e-06,1.0,4.00543212890625e-05,1.033310781773492e-05,1336
3943,6.404700343409786e-06,1.0,3.886222839355469e-05,1.0321913757153377e-05,1494
3944,6.544747975567589e-06,1.0,3.910064697265625e-05,1.0310910909982705e-05,1231
3945,6.185268375702435e-06,1.0,3.719329833984375e-05,1.0300099283362562e-05,1124
3946,6.597028004762251e-06,1.0,3.719329833984375e-05,1.0289478884308499e-05,1484
3947,6.272304290177999e-06,1.0,3.62396240234375e-05,1.027904971971194e-05,1415
3948,1.0025342817243654e-05,1.0,7.534027099609375e-05,1.026881179634027e-05,1220
3949,7.332979748753132e-06,1.0,4.076957702636719e-05,1.0258765120836777e-05,1708
3950,6.483353445219109e-06,1.0,3.743171691894531e-05,1.0248909699720676e-05,1262
3951,7.799022569088265e-06,1.0,4.2438507080078125e-05,1.0239245539386954e-05,1983
3952,7.69168673286913e-06,1.0,4.100799560546875e-05,1.022977264610666e-05,1942
3953,7.989156983967405e-06,1.0,4.267692565917969e-05,1.0220491026026578e-05,2099
3954,5.9609292293316685e-06,1.0,5.173683166503906e-05,1.0211400685169557e-05,475
3955,6.375273187586572e-06,1.0,3.7670135498046875e-05,1.0202501629434112e-05,1202
3956,6.331067197606899e-06,1.0,3.695487976074219e-05,1.0193793864594823e-05,1401
3957,6.232244231796358e-06,1.0,3.910064697265625e-05,1.0185277396302006e-05,1406
3958,8.324451300723013e-06,1.0,5.340576171875e-05,1.0176952230081936e-05,1530
3959,6.095945082051912e-06,1.0,4.029273986816406e-05,1.016881837133673e-05,1067
3960,6.316477993095759e-06,1.0,3.600120544433594e-05,1.0160875825344328e-05,1365
3961,7.649148756172508e-06,1.0,4.076957702636719e-05,1.0153124597258611e-05,1942
3962,7.823819032637402e-06,1.0,4.57763671875e-05,1.0145564692109188e-05,2006
3963,6.229779046407202e-06,1.0,3.910064697265625e-05,1.0138196114801667e-05,1337
3964,6.299098913586931e-06,1.0,3.5762786865234375e-05,1.0131018870117425e-05,1365
3965,6.370810297084972e-06,1.0,3.743171691894531e-05,1.012403296271367e-05,1202
3966,6.090470833441941e-06,1.0,4.029273986816406e-05,1.011723839712354e-05,1067
3967,9.93887078948319e-06,1.0,7.43865966796875e-05,1.011063517775591e-05,1220
3968,7.00645023243851e-06,1.0,3.933906555175781e-05,1.010422330889552e-05,1701
3969,7.757183084322605e-06,1.0,4.220008850097656e-05,1.0098002794703009e-05,1983
3970,6.3364313973579556e-06,1.0,3.886222839355469e-05,1.009197363921478e-05,1096
3971,7.782453394611366e-06,1.0,4.291534423828125e-05,1.0086135846343068e-05,2017
3972,6.0575453062483575e-06,1.0,3.504753112792969e-05,1.0080489419875981e-05,1225
3973,6.2197809711506125e-06,1.0,3.886222839355469e-05,1.0075034363477419e-05,1406
3974,6.307247076620115e-06,1.0,3.9577484130859375e-05,1.0069770680687084e-05,1336
3975,7.743261448922567e-06,1.0,4.124641418457031e-05,1.0064698374920577e-05,2038
3976,7.395765805995325e-06,1.0,4.220008850097656e-05,1.0059817449469199e-05,1571
3977,5.919268460274907e-06,1.0,5.125999450683594e-05,1.0055127907500182e-05,475
3978,7.392740826617228e-06,1.0,4.220008850097656e-05,1.0050629752056494e-05,1826
3979,7.523934982600622e-06,1.0,3.981590270996094e-05,1.0046322986056932e-05,2018
3980,8.258615707745776e-06,1.0,5.245208740234375e-05,1.0042207612296093e-05,1530
3981,6.567627679032739e-06,1.0,3.695487976074219e-05,1.0038283633444477e-05,1484
3982,5.541751761484193e-06,1.0,3.8623809814453125e-05,1.0034551052048213e-05,740
3983,7.151972113206284e-06,1.0,3.933906555175781e-05,1.003100987052936e-05,1820
3984,6.483739980467362e-06,1.0,3.8623809814453125e-05,1.0027660091185852e-05,1231
3985,6.241984920052346e-06,1.0,3.8623809814453125e-05,1.002450171619118e-05,1260
3986,6.96249708198593e-06,1.0,4.100799560546875e-05,1.0021534747594839e-05,1625
3987,6.143906375655206e-06,1.0,3.695487976074219e-05,1.001875918732209e-05,1124
3988,7.291522706509568e-06,1.0,4.029273986816406e-05,1.0016175037173924e-05,1708
3989,6.450914952438325e-06,1.0,3.8623809814453125e-05,1.0013782298827167e-05,1257
3990,6.528087851620512e-06,1.0,3.695487976074219e-05,1.0011580973834509e-05,1298
3991,6.656170626229141e-06,1.0,3.9577484130859375e-05,1.0009571063624245e-05,1400
3992,6.450482032960281e-06,1.0,3.695487976074219e-05,1.0007752569500693e-05,1262
3993,8.005433301150333e-06,1.0,4.220008850097656e-05,1.0006125492643846e-05,2050
3994,6.535481134051224e-06,1.0,3.933906555175781e-05,1.0004689834109424e-05,1301
3995,7.0697292358090635e-06,1.0,4.315376281738281e-05,1.0003445594829019e-05,1688
3996,6.26189103059005e-06,1.0,3.647804260253906e-05,1.000239277561008e-05,1401
3997,6.196399226610083e-06,1.0,3.5762786865234375e-05,1.000153137713573e-05,1415
3998,6.340867912513204e-06,1.0,3.838539123535156e-05,1.0000861399964888e-05,1494
3999,6.040185780875618e-06,1.0,3.528594970703125e-05,1.0000382844532339e-05,1248
4000,6.138639037089888e-06,1.0,3.719329833984375e-05,1.0000095711148604e-05,1196
