step,loss,acc,eos_acc,gnorm,lr,n_tok,noise_p
1,7.346249103546143,0.00040053404518403113,0.0,506.0,5.999999999999999e-06,7490,0.0
2,7.079652309417725,0.027414219453930855,0.0,508.0,8.969999999999999e-06,11308,0.0003
3,6.649250030517578,0.1159069836139679,0.0,496.0,1.194e-05,19438,0.0006
4,6.33913516998291,0.12107433378696442,0.0,392.0,1.4909999999999996e-05,9457,0.0009
5,6.1260786056518555,0.1095530241727829,0.0,290.0,1.7879999999999998e-05,14833,0.0012
6,5.75131368637085,0.12808381021022797,0.0,370.0,2.085e-05,14795,0.0015
7,5.4524827003479,0.14522160589694977,0.0,217.0,2.382e-05,16313,0.0018
8,5.312625408172607,0.16184628009796143,0.0,218.0,2.679e-05,18567,0.0021
9,5.6879096031188965,0.1245013102889061,0.0,170.0,2.9759999999999996e-05,14538,0.0024
10,5.262880325317383,0.1508820801973343,0.0,135.0,3.273e-05,21540,0.0026999999999999997
11,5.477303981781006,0.11922094970941544,0.0,89.0,3.57e-05,10577,0.003
12,5.214468955993652,0.14471428096294403,0.0,161.0,3.867e-05,14000,0.0032999999999999995
13,4.946001052856445,0.15712250769138336,0.0,145.0,4.163999999999999e-05,14040,0.0036
14,5.398622512817383,0.13316559791564941,0.0,206.0,4.460999999999999e-05,11129,0.0039
15,5.10304594039917,0.13644501566886902,0.0,74.0,4.7579999999999995e-05,24017,0.0042
16,5.012486934661865,0.13677532970905304,0.0,64.5,5.054999999999999e-05,23959,0.0045
17,5.243220329284668,0.13777640461921692,0.0,49.75,5.351999999999999e-05,12934,0.0048
18,5.468941688537598,0.12584269046783447,0.0,56.75,5.648999999999998e-05,10235,0.0051
19,5.355101585388184,0.13687631487846375,0.0,67.0,5.945999999999999e-05,5231,0.005399999999999999
20,4.981880187988281,0.20008233189582825,0.0,72.5,6.242999999999998e-05,4858,0.005699999999999999
21,5.439517021179199,0.1354605108499527,0.0,84.5,6.539999999999999e-05,10217,0.006
22,5.044399261474609,0.1572464555501938,0.0,43.25,6.837e-05,8687,0.0063
23,4.980893611907959,0.1626400649547577,0.0,57.0,7.133999999999999e-05,15439,0.006599999999999999
24,5.0200958251953125,0.1579047590494156,0.0,45.5,7.430999999999998e-05,10500,0.0069
25,4.980517387390137,0.14747360348701477,0.0,39.25,7.727999999999999e-05,12409,0.0072
26,4.896448135375977,0.14289967715740204,0.0,35.0,8.025e-05,10077,0.0075
27,4.989198207855225,0.1416354924440384,0.4375,47.5,8.321999999999999e-05,9355,0.0078
28,5.386525630950928,0.11812123656272888,0.1875,44.5,8.618999999999999e-05,9304,0.0081
29,5.223745822906494,0.11366681754589081,0.25,30.5,8.916e-05,8956,0.0084
30,5.081228256225586,0.12780247628688812,0.8125,33.75,9.213e-05,10571,0.0087
31,4.970796585083008,0.14947815239429474,0.3125,37.0,9.51e-05,11306,0.009
32,4.7000555992126465,0.1413308084011078,0.0625,33.5,9.807e-05,14788,0.0093
33,4.917819976806641,0.15719304978847504,0.125,27.375,0.00010103999999999998,9676,0.0096
34,4.954824924468994,0.18813395500183105,0.0,25.5,0.00010400999999999999,12422,0.0099
35,5.220468521118164,0.17634539306163788,0.1875,34.25,0.00010697999999999998,9867,0.0102
36,4.77911376953125,0.17766346037387848,0.25,27.5,0.00010994999999999999,13413,0.0105
37,4.909724235534668,0.1472146213054657,0.0,26.25,0.00011292,11704,0.010799999999999999
38,5.0084686279296875,0.13005217909812927,0.3125,27.875,0.00011589,9773,0.011099999999999999
39,4.88051176071167,0.13336651027202606,0.0,29.125,0.00011885999999999998,12057,0.011399999999999999
40,4.643834590911865,0.2044532597064972,0.0,17.375,0.00012182999999999999,11587,0.0117
41,4.530733585357666,0.14231383800506592,0.0625,22.5,0.0001248,13147,0.012
42,4.817944526672363,0.13591738045215607,0.4375,22.75,0.00012776999999999998,15686,0.0123
43,4.742887496948242,0.13521772623062134,0.3125,12.875,0.00013073999999999998,5236,0.0126
44,4.704291343688965,0.13048075139522552,0.125,12.1875,0.00013371,16079,0.012899999999999998
45,4.5836663246154785,0.15396445989608765,0.0,16.125,0.00013668,11704,0.013199999999999998
46,4.765690803527832,0.11861495673656464,0.0625,11.0625,0.00013964999999999998,11061,0.0135
47,4.540372848510742,0.13568055629730225,0.375,18.0,0.00014261999999999999,11645,0.0138
48,4.509191036224365,0.12566065788269043,0.8125,17.125,0.00014559,9271,0.0141
49,4.568366527557373,0.138999342918396,0.3125,12.875,0.00014855999999999997,6036,0.0144
50,4.736996650695801,0.15024437010288239,0.125,16.875,0.00015152999999999998,6343,0.0147
51,4.348524570465088,0.17455345392227173,0.125,9.6875,0.0001545,11813,0.015
52,4.717038154602051,0.14319123327732086,0.25,11.0,0.00015747,9407,0.015299999999999998
53,4.164915561676025,0.19956548511981964,0.0,13.5625,0.00016043999999999997,12888,0.0156
54,4.43837833404541,0.14326274394989014,0.125,18.125,0.00016340999999999998,8453,0.015899999999999997
55,4.091752052307129,0.1791938990354538,0.0,14.75,0.00016638,5508,0.0162
56,4.5072245597839355,0.15735310316085815,0.0625,8.625,0.00016935,9037,0.0165
57,4.302483558654785,0.15815316140651703,0.0,8.9375,0.00017232,12627,0.0168
58,4.107032775878906,0.17854352295398712,0.0,9.75,0.00017528999999999998,11521,0.0171
59,4.277149677276611,0.15790870785713196,0.1875,11.1875,0.00017826,7536,0.0174
60,4.22693395614624,0.1572532057762146,0.25,17.0,0.00018122999999999997,19936,0.017699999999999997
61,4.291345119476318,0.14308901131153107,0.25,11.25,0.00018419999999999998,11706,0.018
62,4.023778915405273,0.15045084059238434,0.3125,8.1875,0.00018716999999999999,11645,0.0183
63,4.609583854675293,0.131429985165596,0.6875,8.875,0.00019014,12189,0.0186
64,4.066893577575684,0.1975940614938736,0.1875,6.3125,0.00019310999999999997,7814,0.0189
65,4.30830192565918,0.1351199746131897,0.0625,13.9375,0.00019607999999999998,17836,0.0192
66,4.244107723236084,0.15596716105937958,0.1875,8.125,0.00019905,14253,0.0195
67,4.121097087860107,0.16721788048744202,0.0,7.0625,0.00020202,15118,0.0198
68,4.266929626464844,0.14196129143238068,0.0625,8.125,0.00020499,9249,0.0201
69,3.9635684490203857,0.19297511875629425,0.625,8.875,0.00020795999999999995,14349,0.0204
70,4.041492938995361,0.18204262852668762,0.0,9.3125,0.00021093,12151,0.0207
71,4.039592742919922,0.1704433560371399,0.0,15.75,0.00021389999999999997,10150,0.021
72,4.2230000495910645,0.15947049856185913,0.0,5.21875,0.00021687,16166,0.021299999999999996
73,4.01825475692749,0.1800553947687149,0.0,6.40625,0.00021983999999999998,9747,0.021599999999999998
74,4.165948390960693,0.15373623371124268,0.0625,5.4375,0.00022281,16795,0.0219
75,4.02459192276001,0.16873089969158173,0.0,5.84375,0.00022578,6217,0.022199999999999998
76,4.395431041717529,0.1610623002052307,0.0,18.0,0.00022875,9903,0.0225
77,4.051413536071777,0.16224564611911774,0.25,3.828125,0.00023171999999999998,16512,0.022799999999999997
78,3.907649517059326,0.15283043682575226,0.4375,6.71875,0.00023469000000000002,7649,0.0231
79,3.972938299179077,0.1829172670841217,0.5625,6.6875,0.00023765999999999997,15302,0.0234
80,4.184460163116455,0.14039337635040283,0.625,4.65625,0.00024062999999999995,10321,0.0237
81,4.158775806427002,0.1871289312839508,0.75,8.75,0.00024359999999999999,13643,0.024
82,3.831599473953247,0.2297423928976059,0.8125,6.0,0.00024657,8540,0.0243
83,4.307677745819092,0.14137554168701172,0.9375,6.3125,0.00024953999999999997,7328,0.0246
84,3.7793128490448,0.1719798594713211,0.9375,6.0,0.00025250999999999995,5960,0.024900000000000002
85,4.098969459533691,0.14027149975299835,0.875,6.25,0.00025548,12155,0.0252
86,3.6477625370025635,0.19703423976898193,0.8125,5.4375,0.00025844999999999997,6339,0.025500000000000002
87,4.016721725463867,0.15204186737537384,0.9375,5.59375,0.00026142,10701,0.025799999999999997
88,3.7999958992004395,0.1897222399711609,1.0,4.0,0.00026439,11053,0.026099999999999998
89,3.7153375148773193,0.2242182344198227,0.5625,5.5625,0.00026736,6012,0.026399999999999996
90,3.866410732269287,0.18406428396701813,1.0,6.03125,0.00027033,11697,0.026699999999999998
91,3.8603789806365967,0.24741999804973602,0.9375,7.15625,0.0002733,11531,0.027
92,3.9847826957702637,0.20145508646965027,0.8125,7.6875,0.00027627,11958,0.027299999999999998
93,4.095954895019531,0.16124534606933594,0.5625,7.40625,0.00027924,19368,0.0276
94,3.8597140312194824,0.2151867002248764,0.375,7.125,0.00028220999999999997,11971,0.027899999999999998
95,3.9531853199005127,0.18464542925357819,0.1875,6.375,0.00028517999999999995,19968,0.0282
96,3.771602153778076,0.24550002813339233,0.125,5.5,0.00028815,21389,0.028499999999999998
97,3.8695626258850098,0.19779767096042633,0.0,6.1875,0.00029111999999999996,9717,0.0288
98,3.454702377319336,0.26477912068367004,0.0,5.21875,0.00029409,7629,0.0291
99,3.703148126602173,0.1998443603515625,0.0,4.625,0.00029706,20561,0.0294
100,3.910344362258911,0.17149324715137482,0.0,7.40625,0.00030002999999999996,12811,0.0297
101,3.7420706748962402,0.20748959481716156,0.0,5.46875,0.000303,7210,0.03
102,3.7138867378234863,0.20403805375099182,0.0625,4.46875,0.0003059699999999999,10302,0.0303
103,3.742062568664551,0.20449799299240112,0.125,5.9375,0.00030894,6225,0.030599999999999995
104,3.699498414993286,0.17708580195903778,0.125,6.625,0.00031191,4207,0.030899999999999997
105,3.7133169174194336,0.23205463588237762,0.375,4.6875,0.0003148799999999999,13764,0.0312
106,3.9713175296783447,0.15673528611660004,0.625,4.0625,0.00031785,8307,0.0315
107,3.7520592212677,0.23580442368984222,0.625,5.125,0.0003208199999999999,13948,0.031799999999999995
108,3.5647826194763184,0.24057552218437195,0.75,5.3125,0.00032378999999999996,12441,0.0321
109,4.160317897796631,0.1581340730190277,0.8125,7.34375,0.00032675999999999994,6817,0.0324
110,3.8636271953582764,0.1759105920791626,0.625,5.46875,0.00032973,4832,0.0327
111,3.738295316696167,0.21698349714279175,0.75,6.5,0.00033269999999999996,11941,0.033
112,3.7106099128723145,0.20150133967399597,1.0,3.90625,0.00033567,9325,0.033299999999999996
113,3.688446044921875,0.18855397403240204,0.9375,6.25,0.00033863999999999997,7531,0.0336
114,3.3787240982055664,0.25057148933410645,1.0,8.6875,0.00034161,19248,0.0339
115,3.616713762283325,0.219561368227005,0.875,6.125,0.00034458,20336,0.0342
116,3.5837666988372803,0.2408372163772583,0.75,4.625,0.0003475499999999999,10750,0.0345
117,3.6230340003967285,0.1907334327697754,0.8125,5.03125,0.00035052,14439,0.0348
118,3.686236619949341,0.16914620995521545,1.0,5.84375,0.0003534899999999999,10553,0.0351
119,3.325524091720581,0.29099053144454956,0.4375,5.0,0.00035645999999999996,11832,0.035399999999999994
120,3.3231167793273926,0.2737584412097931,0.3125,4.3125,0.00035942999999999994,6524,0.035699999999999996
121,3.361793041229248,0.3184741735458374,0.125,7.875,0.00036239999999999997,4509,0.036
122,3.5637831687927246,0.2095884531736374,0.75,4.3125,0.00036536999999999995,9428,0.0363
123,3.4454636573791504,0.22312331199645996,0.75,4.3125,0.00036834,9618,0.0366
124,3.3631958961486816,0.23958146572113037,1.0,5.3125,0.00037130999999999997,11182,0.036899999999999995
125,3.202026128768921,0.29300397634506226,0.4375,8.875,0.00037428,5546,0.0372
126,3.3296594619750977,0.2718854546546936,0.625,5.0625,0.00037725,12851,0.0375
127,3.1345534324645996,0.4256366193294525,0.5,7.1875,0.0003802199999999999,16258,0.0378
128,3.495014190673828,0.23433656990528107,0.75,7.53125,0.00038319,13822,0.0381
129,3.3322346210479736,0.23182278871536255,0.5,4.6875,0.0003861599999999999,5914,0.0384
130,3.6136603355407715,0.1888638138771057,0.6875,4.5,0.00038912999999999996,6645,0.0387
131,4.023674964904785,0.20951814949512482,0.4375,6.9375,0.00039209999999999994,8405,0.039
132,3.883965015411377,0.22708411514759064,0.5,6.1875,0.00039506999999999997,7953,0.0393
133,3.224665403366089,0.23836959898471832,0.9375,5.4375,0.00039803999999999995,11629,0.0396
134,3.6966118812561035,0.2215384542942047,0.75,7.21875,0.00040101,5850,0.0399
135,3.0673794746398926,0.3511415123939514,0.625,6.875,0.00040397999999999996,8629,0.0402
136,3.170362710952759,0.2761271297931671,0.875,3.859375,0.00040695,13530,0.0405
137,3.235018730163574,0.26231274008750916,0.75,6.28125,0.0004099199999999999,21360,0.0408
138,3.143449544906616,0.27629315853118896,0.25,6.625,0.00041289,12798,0.041100000000000005
139,3.2564139366149902,0.25995805859565735,0.625,4.9375,0.00041586,6201,0.0414
140,2.910288095474243,0.3339976370334625,0.4375,4.59375,0.0004188299999999999,13548,0.0417
141,2.9798994064331055,0.3150162994861603,0.3125,4.15625,0.00042179999999999995,19945,0.042
142,2.796442747116089,0.40126746892929077,0.5625,4.34375,0.00042477,9941,0.0423
143,2.8955609798431396,0.4194128215312958,0.125,5.03125,0.00042774,10014,0.04259999999999999
144,2.462327480316162,0.4661872386932373,0.5625,6.5,0.00043070999999999995,23778,0.042899999999999994
145,2.995453357696533,0.35856419801712036,0.4375,4.6875,0.00043368,31258,0.043199999999999995
146,3.090402364730835,0.29122501611709595,0.5,5.4375,0.00043665,9151,0.0435
147,3.0160815715789795,0.26867324113845825,0.5625,4.46875,0.00043962,9037,0.0438
148,2.971472978591919,0.33930137753486633,0.125,5.25,0.00044259,7987,0.04409999999999999
149,2.8764736652374268,0.31735020875930786,0.375,3.90625,0.00044556,9948,0.044399999999999995
150,2.4443840980529785,0.42308810353279114,0.375,6.3125,0.00044852999999999994,20660,0.0447
151,2.6252825260162354,0.39840006828308105,0.4375,3.296875,0.00045149999999999997,22751,0.045
152,2.9085893630981445,0.31900283694267273,0.25,3.6875,0.00045447,6699,0.0453
153,2.6396937370300293,0.3783237636089325,0.0,4.4375,0.00045743999999999993,12373,0.045599999999999995
154,2.868711471557617,0.32511210441589355,0.25,3.203125,0.00046040999999999996,7136,0.045899999999999996
155,3.070021390914917,0.33573174476623535,0.3125,4.53125,0.00046338,14732,0.0462
156,2.8953800201416016,0.2854185700416565,0.25,5.75,0.00046635,13044,0.0465
157,3.3980135917663574,0.26901641488075256,0.1875,3.25,0.00046931999999999996,6639,0.0468
158,2.698380708694458,0.32460200786590576,0.25,4.125,0.00047229,10804,0.047099999999999996
159,2.5897598266601562,0.37260982394218445,0.5,3.234375,0.0004752599999999999,13545,0.0474
160,2.569929361343384,0.3853893578052521,0.625,3.34375,0.00047822999999999995,11827,0.0477
161,2.7508187294006348,0.3861140012741089,0.4375,4.1875,0.0004812,12473,0.048
162,2.6554415225982666,0.327369749546051,0.375,2.984375,0.0004841699999999999,9558,0.0483
163,2.3717455863952637,0.48999834060668945,0.3125,4.625,0.00048713999999999995,11998,0.0486
164,2.767832040786743,0.34538349509239197,0.1875,3.625,0.00049011,6141,0.0489
165,2.309705972671509,0.424609512090683,0.375,4.03125,0.0004930799999999999,9411,0.0492
166,2.2542455196380615,0.4608404338359833,0.5,3.640625,0.0004960499999999999,19395,0.0495
167,2.5843636989593506,0.3722565174102783,0.4375,6.4375,0.00049902,16357,0.049800000000000004
168,2.774315118789673,0.33555909991264343,0.0625,4.90625,0.00050199,9435,0.0501
169,2.853523015975952,0.2981117367744446,0.25,4.09375,0.0005049599999999999,7732,0.0504
170,2.7865383625030518,0.30102473497390747,0.5,6.625,0.00050793,20005,0.0507
171,2.8085973262786865,0.3273475468158722,0.5,4.59375,0.0005109,10692,0.051000000000000004
172,2.613621473312378,0.3359052538871765,0.4375,4.96875,0.0005138699999999999,14775,0.051300000000000005
173,2.3586463928222656,0.3940565586090088,0.375,3.796875,0.00051684,13965,0.05159999999999999
174,2.5339860916137695,0.3400857746601105,0.375,2.953125,0.00051981,13526,0.051899999999999995
175,2.3991920948028564,0.42841780185699463,0.3125,3.984375,0.0005227799999999999,21388,0.052199999999999996
176,2.68220591545105,0.3258766233921051,0.625,3.65625,0.00052575,11265,0.0525
177,2.537524700164795,0.35639986395835876,0.125,3.71875,0.00052872,11344,0.05279999999999999
178,2.5273430347442627,0.3113690912723541,0.3125,2.9375,0.0005316899999999999,9561,0.053099999999999994
179,2.2869813442230225,0.4332107901573181,0.125,3.734375,0.00053466,9792,0.053399999999999996
180,2.6386332511901855,0.3450612425804138,0.0625,2.875,0.00053763,7674,0.0537
181,2.414158344268799,0.3346363604068756,0.0625,3.140625,0.0005405999999999999,12279,0.054
182,2.497713088989258,0.3659822642803192,0.0,3.28125,0.00054357,8913,0.054299999999999994
183,2.9148457050323486,0.2641434073448181,0.0,2.640625,0.00054654,12497,0.054599999999999996
184,2.3193490505218506,0.38087305426597595,0.0,2.703125,0.0005495099999999999,12004,0.0549
185,2.2726643085479736,0.4142216145992279,0.125,3.015625,0.0005524799999999999,20279,0.0552
186,2.4608192443847656,0.36184510588645935,0.0625,3.015625,0.00055545,8780,0.0555
187,2.1078126430511475,0.45544862747192383,0.0,3.046875,0.0005584199999999999,19326,0.055799999999999995
188,2.8391830921173096,0.32931002974510193,0.0,2.359375,0.0005613899999999999,5551,0.0561
189,2.3958780765533447,0.41789180040359497,0.0625,3.09375,0.00056436,24011,0.0564
190,2.737677574157715,0.3636569380760193,0.0,5.40625,0.0005673299999999999,4419,0.0567
191,2.7476844787597656,0.29314902424812317,0.5625,2.859375,0.0005702999999999999,9838,0.056999999999999995
192,2.6043860912323,0.34450531005859375,0.3125,2.78125,0.00057327,6206,0.0573
193,2.39986252784729,0.3624083995819092,0.4375,3.921875,0.0005762399999999999,6959,0.0576
194,2.7476000785827637,0.3329397737979889,0.75,2.796875,0.0005792099999999999,10164,0.0579
195,2.138777256011963,0.39104777574539185,0.4375,2.953125,0.00058218,8981,0.0582
196,2.790980577468872,0.31601059436798096,0.4375,3.3125,0.00058515,6427,0.058499999999999996
197,2.159876585006714,0.4590001106262207,0.125,2.984375,0.0005881199999999999,17122,0.0588
198,2.374431610107422,0.4475850462913513,0.0,3.046875,0.00059109,10083,0.0591
199,2.4268040657043457,0.4073241353034973,0.25,4.0625,0.00059406,9339,0.0594
200,2.4000792503356934,0.39721405506134033,0.25,3.21875,0.0005970299999999999,11558,0.0597
201,3.0679192543029785,0.2392057329416275,0.125,3.265625,0.0006,8662,0.06
202,2.3440113067626953,0.39387986063957214,0.25,2.828125,0.0005999999368156857,9673,0.0603
203,2.500059127807617,0.388865202665329,0.375,2.796875,0.0005999997472627706,25793,0.0606
204,2.1513888835906982,0.45794472098350525,0.125,2.265625,0.0005999994313413353,11901,0.0609
205,2.5538692474365234,0.35707488656044006,0.5,2.3125,0.0005999989890515154,7357,0.06119999999999999
206,2.550072193145752,0.4186474680900574,0.1875,2.96875,0.0005999984203935003,5974,0.06149999999999999
207,2.3094089031219482,0.4461214542388916,0.3125,2.90625,0.0005999977253675337,5698,0.061799999999999994
208,2.0947980880737305,0.4557326138019562,0.5625,2.703125,0.0005999969039739133,13554,0.062099999999999995
209,2.2714781761169434,0.3962899148464203,0.4375,2.25,0.0005999959562129908,13369,0.0624
210,2.5701711177825928,0.3198055624961853,0.4375,3.09375,0.0005999948820851724,8846,0.06269999999999999
211,2.3366615772247314,0.3793768882751465,0.375,2.6875,0.000599993681590918,21248,0.063
212,1.8728710412979126,0.5215502977371216,0.3125,2.53125,0.0005999923547307421,18422,0.0633
213,2.335036039352417,0.3751234710216522,0.5625,1.8984375,0.0005999909015052129,11135,0.06359999999999999
214,2.5894083976745605,0.3665473759174347,0.25,2.375,0.000599989321914953,10618,0.0639
215,2.432140350341797,0.32649776339530945,0.3125,2.53125,0.000599987615960639,11801,0.0642
216,2.785299301147461,0.3585977554321289,0.0625,2.390625,0.0005999857836430017,9328,0.0645
217,2.3815643787384033,0.3770945072174072,0.1875,3.765625,0.000599983824962826,6147,0.0648
218,2.281883716583252,0.39740198850631714,0.0,3.171875,0.000599981739920951,8699,0.06509999999999999
219,2.4137842655181885,0.3664827048778534,0.0,1.9765625,0.0005999795285182698,9422,0.0654
220,2.176496744155884,0.45005545020103455,0.0625,2.140625,0.0005999771907557296,9921,0.0657
221,2.223658323287964,0.43792659044265747,0.0625,3.421875,0.000599974726634332,15530,0.066
222,2.3314244747161865,0.41479912400245667,0.375,2.8125,0.0005999721361551325,9906,0.0663
223,2.309269666671753,0.4229249060153961,0.1875,4.0625,0.0005999694193192407,10120,0.06659999999999999
224,2.7087316513061523,0.3257082998752594,0.375,3.21875,0.0005999665761278205,17224,0.0669
225,2.1112639904022217,0.4690368175506592,0.0625,2.59375,0.0005999636065820898,8607,0.0672
226,2.4275214672088623,0.3813469409942627,0.3125,2.59375,0.0005999605106833207,4707,0.0675
227,2.8241524696350098,0.27401745319366455,0.6875,2.46875,0.0005999572884328392,10076,0.0678
228,2.22426176071167,0.3798394799232483,0.4375,2.296875,0.0005999539398320259,19811,0.0681
229,2.324655532836914,0.4062080681324005,0.5625,2.625,0.000599950464882315,11920,0.0684
230,2.1822848320007324,0.408084511756897,0.375,1.984375,0.0005999468635851952,10885,0.0687
231,2.106003999710083,0.4571540057659149,0.625,2.703125,0.000599943135942209,20492,0.069
232,2.094137191772461,0.45151564478874207,0.4375,1.765625,0.0005999392819549535,11942,0.0693
233,2.6622538566589355,0.2778666615486145,0.375,2.671875,0.0005999353016250794,9375,0.0696
234,2.2994115352630615,0.3699691593647003,0.1875,2.65625,0.0005999311949542917,13939,0.0699
235,2.3583931922912598,0.35453978180885315,0.125,2.03125,0.0005999269619443498,11223,0.0702
236,2.1277620792388916,0.45695751905441284,0.125,2.0625,0.0005999226025970668,13719,0.0705
237,2.0446853637695312,0.5099210739135742,0.0625,2.453125,0.00059991811691431,8870,0.07079999999999999
238,1.8429282903671265,0.5502107739448547,0.0,2.015625,0.0005999135048980013,9251,0.0711
239,2.4435276985168457,0.3797881007194519,0.0,2.28125,0.000599908766550116,6135,0.07139999999999999
240,2.4209015369415283,0.32922908663749695,0.0,3.84375,0.0005999039018726841,12751,0.0717
241,2.1230034828186035,0.38952818512916565,0.125,2.109375,0.0005998989108677893,13904,0.072
242,2.376192808151245,0.42454954981803894,0.125,2.4375,0.0005998937935375696,8880,0.07229999999999999
243,2.291717767715454,0.4051680564880371,0.3125,2.328125,0.0005998885498842173,11842,0.0726
244,1.9876750707626343,0.5354090332984924,0.125,2.15625,0.0005998831799099782,6552,0.07289999999999999
245,1.8145935535430908,0.5428268909454346,0.25,2.65625,0.0005998776836171531,16987,0.0732
246,2.5963995456695557,0.3785485625267029,0.1875,2.5,0.0005998720610080962,9370,0.0735
247,2.250415086746216,0.41639095544815063,0.625,1.9140625,0.000599866312085216,17229,0.07379999999999999
248,2.279031991958618,0.38756251335144043,0.5625,2.515625,0.0005998604368509753,12398,0.0741
249,1.801175594329834,0.5269954204559326,0.0625,3.625,0.0005998544353078907,23930,0.0744
250,2.38608980178833,0.34529581665992737,0.5625,2.421875,0.0005998483074585332,11341,0.0747
251,2.188138008117676,0.3974865972995758,0.4375,1.625,0.0005998420533055278,14164,0.075
252,2.32047963142395,0.4210153818130493,0.375,2.265625,0.0005998356728515535,11306,0.07529999999999999
253,2.4717490673065186,0.36591851711273193,0.375,3.828125,0.0005998291660993433,9401,0.0756
254,2.7333765029907227,0.34661999344825745,0.9375,2.890625,0.0005998225330516849,7426,0.0759
255,2.04648756980896,0.5230204463005066,0.0625,2.84375,0.0005998157737114194,11164,0.0762
256,2.1200852394104004,0.38733094930648804,0.0625,2.640625,0.0005998088880814425,13087,0.0765
257,2.247411012649536,0.38957902789115906,0.0,3.921875,0.0005998018761647035,25679,0.0768
258,2.189762830734253,0.4069582223892212,0.0,2.265625,0.0005997947379642063,11296,0.0771
259,2.4274706840515137,0.36655837297439575,0.0,3.34375,0.0005997874734830085,8618,0.0774
260,2.191129684448242,0.4563763439655304,0.0,2.296875,0.0005997800827242222,13307,0.0777
261,2.1274688243865967,0.4046637713909149,0.0,2.8125,0.0005997725656910132,9220,0.078
262,2.187056541442871,0.4531729817390442,0.0,2.65625,0.0005997649223866016,11724,0.0783
263,2.09145188331604,0.4047156274318695,0.0,2.875,0.0005997571528142615,23157,0.0786
264,2.304753541946411,0.39100056886672974,0.0625,2.015625,0.0005997492569773214,12023,0.0789
265,2.1807610988616943,0.4130364656448364,0.125,1.7109375,0.0005997412348791632,15495,0.0792
266,2.2666380405426025,0.3886796832084656,0.0,2.0625,0.0005997330865232236,8498,0.0795
267,1.9673563241958618,0.5088362693786621,0.0625,2.09375,0.0005997248119129929,5998,0.0798
268,2.4521777629852295,0.37826594710350037,0.1875,1.8046875,0.000599716411052016,15386,0.0801
269,2.3779072761535645,0.3495495617389679,0.1875,2.0,0.0005997078839438913,16095,0.0804
270,2.075420618057251,0.41581007838249207,0.0625,1.515625,0.0005996992305922715,19165,0.08070000000000001
271,2.443157911300659,0.34069961309432983,0.25,1.7265625,0.0005996904510008637,9005,0.081
272,2.6111414432525635,0.3464486598968506,0.5625,2.015625,0.0005996815451734286,9785,0.0813
273,2.0952703952789307,0.45943647623062134,0.25,1.9609375,0.000599672513113781,24702,0.0816
274,2.3202743530273438,0.3671802580356598,0.25,2.890625,0.0005996633548257903,10774,0.0819
275,2.2060837745666504,0.42129191756248474,0.0625,1.28125,0.0005996540703133795,16936,0.08220000000000001
276,2.686145782470703,0.34639254212379456,0.0625,2.015625,0.0005996446595805258,5156,0.0825
277,2.1236491203308105,0.4695962965488434,0.375,1.8046875,0.0005996351226312603,13995,0.0828
278,1.7040843963623047,0.5742168426513672,0.125,1.90625,0.0005996254594696685,16600,0.08310000000000001
279,2.1165711879730225,0.42903774976730347,0.0625,1.890625,0.0005996156700998897,14092,0.0834
280,2.145724058151245,0.4156123101711273,0.3125,1.7890625,0.0005996057545261175,20945,0.08370000000000001
281,2.2329604625701904,0.35464367270469666,0.1875,2.984375,0.0005995957127525992,14719,0.084
282,2.11851167678833,0.4032517969608307,0.25,1.9375,0.0005995855447836365,13039,0.0843
283,2.2729926109313965,0.4311509132385254,0.375,1.8671875,0.000599575250623585,14067,0.0846
284,2.1443161964416504,0.4625122547149658,0.25,1.6171875,0.0005995648302768545,13271,0.08489999999999999
285,2.275653839111328,0.3851153552532196,0.1875,1.9609375,0.0005995542837479086,10924,0.08519999999999998
286,2.6618146896362305,0.30468234419822693,0.375,2.90625,0.0005995436110412652,9098,0.08549999999999999
287,2.2212917804718018,0.42236587405204773,0.125,1.8203125,0.000599532812161496,7735,0.08579999999999999
288,2.5267767906188965,0.3162984549999237,0.4375,1.8984375,0.0005995218871132271,11995,0.0861
289,2.3659040927886963,0.45661628246307373,0.1875,5.125,0.0005995108359011383,9658,0.08639999999999999
290,2.4208877086639404,0.33593085408210754,0.25,1.953125,0.0005994996585299636,8213,0.08669999999999999
291,2.212263345718384,0.3724749982357025,0.5,1.6171875,0.0005994883550044911,10594,0.087
292,2.0125467777252197,0.5094600319862366,0.25,1.9140625,0.0005994769253295628,7241,0.08729999999999999
293,1.898074746131897,0.4551565647125244,0.6875,1.578125,0.0005994653695100749,23058,0.0876
294,2.284884452819824,0.3625098168849945,0.375,1.984375,0.0005994536875509774,6375,0.08789999999999999
295,2.319066286087036,0.4006197452545166,0.0,3.140625,0.0005994418794572747,4518,0.08819999999999999
296,2.7692618370056152,0.2601179778575897,0.1875,2.125,0.0005994299452340248,7289,0.0885
297,2.0910286903381348,0.3892194628715515,0.1875,1.7734375,0.0005994178848863401,17142,0.08879999999999999
298,2.3885838985443115,0.3110472559928894,0.5625,1.890625,0.0005994056984193867,11487,0.0891
299,2.08091139793396,0.4477749764919281,0.125,1.578125,0.0005993933858383849,7573,0.0894
300,2.170872449874878,0.41705483198165894,0.3125,2.8125,0.0005993809471486093,5582,0.08969999999999999
301,2.3619961738586426,0.3897089958190918,0.75,2.34375,0.000599368382355388,23710,0.09
302,1.8660211563110352,0.5346823930740356,0.0,2.40625,0.0005993556914641033,8549,0.09029999999999999
303,2.1875827312469482,0.3814432919025421,0.6875,2.6875,0.0005993428744801917,10282,0.0906
304,2.742588758468628,0.30636879801750183,0.4375,2.15625,0.0005993299314091437,7207,0.0909
305,2.348865270614624,0.3873279094696045,0.3125,1.5546875,0.0005993168622565034,7118,0.09119999999999999
306,1.7897677421569824,0.5497568845748901,0.0,2.09375,0.0005993036670278695,13164,0.0915
307,1.7873090505599976,0.5604664087295532,0.0625,1.8671875,0.0005992903457288942,9005,0.09179999999999999
308,2.1307265758514404,0.397258460521698,0.125,1.6328125,0.0005992768983652841,7587,0.0921
309,2.5929183959960938,0.3773490786552429,0.125,2.59375,0.0005992633249427996,6013,0.0924
310,2.4048476219177246,0.3985477089881897,0.1875,2.109375,0.000599249625467255,9640,0.09269999999999999
311,1.9176669120788574,0.4663187861442566,0.625,1.953125,0.0005992357999445188,8432,0.093
312,1.88472318649292,0.5488706231117249,0.5625,1.5625,0.0005992218483805132,9607,0.0933
313,1.9354982376098633,0.4653869569301605,0.875,2.140625,0.000599207770781215,19588,0.0936
314,2.3850231170654297,0.3071528673171997,0.4375,2.21875,0.0005991935671526544,4278,0.0939
315,2.084991455078125,0.44738098978996277,1.0,1.8828125,0.0005991792375009158,14643,0.09419999999999999
316,2.0410897731781006,0.506220281124115,0.3125,3.90625,0.0005991647818321375,9887,0.0945
317,2.146106004714966,0.4130258560180664,0.375,1.953125,0.0005991502001525119,11101,0.0948
318,2.003556251525879,0.4572336971759796,0.25,2.203125,0.0005991354924682853,12580,0.0951
319,1.9513425827026367,0.41716983914375305,0.4375,1.6171875,0.000599120658785758,12918,0.0954
320,2.089837074279785,0.46290966868400574,0.0625,1.890625,0.0005991056991112844,12510,0.0957
321,2.1001815795898438,0.40547218918800354,0.3125,2.328125,0.0005990906134512727,11330,0.096
322,2.208000659942627,0.34999600052833557,0.125,1.7890625,0.000599075401812185,12503,0.0963
323,2.02462100982666,0.4676065742969513,0.25,2.0625,0.0005990600642005376,11916,0.0966
324,2.104818344116211,0.47341588139533997,0.0,2.0,0.0005990446006229006,9611,0.0969
325,2.1455631256103516,0.4043945372104645,0.125,2.203125,0.0005990290110858981,14518,0.0972
326,2.1028170585632324,0.4879046082496643,0.0625,1.5078125,0.0005990132955962081,8805,0.0975
327,2.0730156898498535,0.4228135943412781,0.1875,1.9765625,0.0005989974541605628,14167,0.0978
328,2.0416979789733887,0.43355387449264526,0.0,1.6328125,0.000598981486785748,12243,0.0981
329,2.082681179046631,0.3878384828567505,0.0,1.765625,0.0005989653934786037,14439,0.0984
330,2.4821808338165283,0.3290495276451111,0.125,2.15625,0.0005989491742460237,7470,0.0987
331,2.00866436958313,0.4688488245010376,0.375,2.546875,0.0005989328290949559,6324,0.099
332,1.9472718238830566,0.4829931855201721,0.25,2.34375,0.0005989163580324019,21021,0.0993
333,2.4904749393463135,0.3698939383029938,0.375,1.8046875,0.0005988997610654176,13293,0.09960000000000001
334,1.8667383193969727,0.5084260106086731,0.5,1.703125,0.0005988830382011123,8723,0.0999
335,1.9516479969024658,0.46901121735572815,0.625,1.9609375,0.00059886618944665,16151,0.1002
336,2.067253351211548,0.4560525119304657,0.5,2.296875,0.0005988492148092476,21173,0.1005
337,2.2854104042053223,0.42726266384124756,0.4375,2.0,0.0005988321142961769,9933,0.1008
338,1.8971927165985107,0.5126211643218994,0.1875,2.140625,0.0005988148879147631,9389,0.10110000000000001
339,2.0729925632476807,0.4096304178237915,0.6875,2.515625,0.0005987975356723856,25191,0.1014
340,1.8362901210784912,0.5065140128135681,0.0625,1.328125,0.0005987800575764772,10132,0.1017
341,2.346027374267578,0.3858093023300171,0.3125,1.4453125,0.0005987624536345251,8118,0.10200000000000001
342,2.2757184505462646,0.41038593649864197,0.3125,1.7421875,0.0005987447238540704,9898,0.1023
343,2.3094899654388428,0.35085874795913696,0.4375,1.78125,0.0005987268682427079,11412,0.10260000000000001
344,2.0240318775177,0.4762842655181885,0.375,2.078125,0.0005987088868080865,6093,0.1029
345,2.0461978912353516,0.48421260714530945,0.125,2.53125,0.0005986907795579085,10103,0.10319999999999999
346,2.028964042663574,0.4422558546066284,0.4375,1.3359375,0.0005986725464999308,18175,0.1035
347,1.9891676902770996,0.4636092185974121,0.1875,2.421875,0.0005986541876419639,16419,0.10379999999999999
348,1.6898036003112793,0.5301637649536133,0.125,1.4375,0.0005986357029918719,9465,0.10409999999999998
349,1.95835542678833,0.5229077339172363,0.25,1.578125,0.0005986170925575731,6548,0.10439999999999999
350,1.9089550971984863,0.49719151854515076,0.1875,1.859375,0.00059859835634704,11038,0.10469999999999999
351,2.4469285011291504,0.33613693714141846,0.25,1.75,0.0005985794943682979,13554,0.105
352,2.231593132019043,0.4022912085056305,0.25,1.8125,0.0005985605066294274,13530,0.10529999999999999
353,2.1167099475860596,0.40955790877342224,0.25,2.171875,0.0005985413931385617,10609,0.10559999999999999
354,2.0960052013397217,0.4449135661125183,0.0,2.578125,0.0005985221539038885,7579,0.1059
355,2.544928550720215,0.33460453152656555,0.1875,1.6171875,0.0005985027889336496,7080,0.10619999999999999
356,2.284088611602783,0.3960682153701782,0.3125,3.140625,0.0005984832982361401,10377,0.1065
357,1.9685345888137817,0.4347923696041107,0.0,2.9375,0.0005984636818197092,17843,0.10679999999999999
358,1.6478303670883179,0.5004077553749084,0.125,2.265625,0.0005984439396927601,9810,0.10709999999999999
359,2.462434768676758,0.36538100242614746,0.3125,1.71875,0.0005984240718637493,15945,0.1074
360,1.884400486946106,0.46166378259658813,0.25,1.65625,0.000598404078341188,9821,0.10769999999999999
361,2.195465087890625,0.41680198907852173,0.25,1.2890625,0.0005983839591336405,11701,0.108
362,1.8724509477615356,0.46803519129753113,0.25,1.8828125,0.0005983637142497254,13640,0.1083
363,2.4772329330444336,0.34208136796951294,0.25,1.78125,0.0005983433436981149,9907,0.10859999999999999
364,2.112658739089966,0.43282049894332886,0.1875,1.75,0.0005983228474875352,14625,0.1089
365,2.1891655921936035,0.4406616985797882,0.0625,1.6328125,0.000598302225626766,9370,0.10919999999999999
366,2.1321606636047363,0.42188596725463867,0.0625,1.7265625,0.0005982814781246412,9979,0.1095
367,2.2696876525878906,0.4044165015220642,0.375,1.296875,0.0005982606049900484,6204,0.1098
368,1.7978500127792358,0.49263525009155273,0.3125,1.5390625,0.0005982396062319289,13714,0.11009999999999999
369,1.9772469997406006,0.4355383813381195,0.1875,1.0703125,0.0005982184818592779,10355,0.1104
370,2.1102294921875,0.43004611134529114,0.0625,2.875,0.0005981972318811446,4553,0.11069999999999999
371,2.5288491249084473,0.3308948576450348,0.3125,1.671875,0.0005981758563066314,5878,0.111
372,2.1287953853607178,0.4041733741760254,0.4375,1.46875,0.0005981543551448953,14281,0.1113
373,2.0782506465911865,0.4100852310657501,0.1875,1.4375,0.0005981327284051467,9737,0.11159999999999999
374,1.9409676790237427,0.4572482705116272,0.5625,1.34375,0.0005981109760966496,13824,0.1119
375,1.8525359630584717,0.4591836631298065,0.375,1.7734375,0.0005980890982287221,14896,0.1122
376,2.0895562171936035,0.4013759195804596,0.4375,1.3203125,0.000598067094810736,9739,0.11249999999999999
377,1.742434024810791,0.5228973031044006,0.25,1.78125,0.0005980449658521169,8822,0.1128
378,2.086491346359253,0.37998875975608826,0.125,1.5703125,0.0005980227113623441,8895,0.11309999999999999
379,2.1495094299316406,0.3910098373889923,0.6875,1.6015625,0.0005980003313509506,12992,0.1134
380,1.96547269821167,0.4929892122745514,0.125,1.3828125,0.0005979778258275234,8059,0.1137
381,2.004981517791748,0.4152512848377228,0.5,1.0546875,0.0005979551948017031,14307,0.11399999999999999
382,2.0243537425994873,0.39730125665664673,0.375,1.1015625,0.0005979324382831843,14377,0.1143
383,2.085451602935791,0.4116537272930145,0.125,1.8125,0.000597909556281715,9010,0.1146
384,1.733475685119629,0.48043298721313477,0.0,2.234375,0.0005978865488070972,3603,0.1149
385,1.959818959236145,0.4701331853866577,0.0,1.71875,0.0005978634158691863,14866,0.1152
386,1.9849684238433838,0.4403107762336731,0.0,2.15625,0.0005978401574778921,10940,0.11549999999999999
387,1.999078631401062,0.4232558012008667,0.0,1.5390625,0.0005978167736431776,12040,0.1158
388,1.9713668823242188,0.4999123215675354,0.125,1.578125,0.0005977932643750596,5703,0.1161
389,2.052910804748535,0.4514021575450897,0.125,2.109375,0.0005977696296836089,9949,0.1164
390,2.4514148235321045,0.398792028427124,0.125,3.734375,0.0005977458695789498,12583,0.1167
391,2.478776693344116,0.38423213362693787,0.0625,2.609375,0.0005977219840712602,6824,0.11699999999999999
392,2.344597816467285,0.33857524394989014,0.1875,1.546875,0.0005976979731707721,12718,0.1173
393,2.0342540740966797,0.4370023012161255,0.125,1.90625,0.0005976738368877708,11302,0.1176
394,2.530852794647217,0.3838857412338257,0.0625,1.90625,0.0005976495752325958,8961,0.1179
395,1.812145709991455,0.4968115985393524,0.0,2.875,0.0005976251882156399,15525,0.1182
396,2.0633060932159424,0.4465612769126892,0.0625,2.265625,0.0005976006758473497,7401,0.1185
397,2.3434152603149414,0.3567010164260864,0.125,1.6875,0.0005975760381382253,7275,0.1188
398,1.8476009368896484,0.4828166663646698,0.3125,1.9375,0.0005975512750988211,7129,0.1191
399,2.189368963241577,0.3839263617992401,0.1875,1.484375,0.0005975263867397446,8038,0.1194
400,2.1849308013916016,0.39626845717430115,0.125,1.84375,0.0005975013730716572,12113,0.1197
401,1.8117085695266724,0.5302668809890747,0.875,1.9375,0.000597476234105274,4609,0.12
402,1.8096287250518799,0.49148112535476685,0.5,1.3671875,0.0005974509698513636,20660,0.1203
403,2.1129891872406006,0.38352757692337036,0.625,1.0546875,0.0005974255803207487,12870,0.1206
404,2.1245169639587402,0.4204430878162384,0.5,1.2578125,0.000597400065524305,9930,0.12090000000000001
405,2.2186777591705322,0.39774879813194275,0.5625,1.2578125,0.0005973744254729625,9506,0.1212
406,2.024641990661621,0.4110089838504791,0.5625,1.140625,0.0005973486601777044,9029,0.1215
407,2.2062809467315674,0.4137272238731384,0.5625,1.3515625,0.0005973227696495679,6804,0.1218
408,2.0059587955474854,0.4300282895565033,0.625,1.4375,0.0005972967538996436,21573,0.12209999999999999
409,3.238642692565918,0.34375,0.0,7.625,0.0005972706129390758,192,0.12239999999999998
410,1.9060180187225342,0.4710509479045868,0.1875,1.6796875,0.0005972443467790625,7755,0.12269999999999999
411,2.0391781330108643,0.4275258779525757,0.1875,1.2421875,0.0005972179554308552,11204,0.12299999999999998
412,2.057920455932617,0.3994627296924591,0.1875,1.1328125,0.0005971914389057592,19729,0.12329999999999999
413,1.6257480382919312,0.5739396810531616,0.0625,1.9453125,0.0005971647972151334,8818,0.12359999999999999
414,1.888013482093811,0.5473296046257019,0.0,2.09375,0.00059713803037039,16533,0.12389999999999998
415,1.8334296941757202,0.4876697361469269,0.0,1.1953125,0.0005971111383829955,12814,0.12419999999999999
416,1.799789547920227,0.45279884338378906,0.0625,1.3671875,0.0005970841212644692,13845,0.12449999999999999
417,2.0760345458984375,0.4411524534225464,0.125,1.6953125,0.0005970569790263844,17146,0.1248
418,1.9009581804275513,0.4480052888393402,0.0625,1.5703125,0.0005970297116803682,12107,0.1251
419,2.274151563644409,0.3848215937614441,0.4375,2.078125,0.0005970023192381008,10818,0.12539999999999998
420,1.9576817750930786,0.4645952880382538,0.1875,1.59375,0.0005969748017113164,14998,0.12569999999999998
421,1.8850916624069214,0.4798237979412079,0.625,1.546875,0.0005969471591118026,11350,0.126
422,1.80194091796875,0.490199476480484,0.25,1.796875,0.0005969193914514006,11530,0.1263
423,2.126657724380493,0.38758978247642517,0.4375,1.4921875,0.0005968914987420054,11974,0.1266
424,2.0519962310791016,0.4241221845149994,0.5625,1.5859375,0.000596863480995565,10082,0.12689999999999999
425,2.0443520545959473,0.4231334328651428,0.75,1.75,0.0005968353382240814,7487,0.12719999999999998
426,1.9423829317092896,0.4794900715351105,0.3125,1.3046875,0.0005968070704396104,11531,0.1275
427,2.2199344635009766,0.4197954833507538,0.875,1.78125,0.0005967786776542605,12518,0.1278
428,1.736245036125183,0.5321706533432007,0.125,2.40625,0.0005967501598801946,4243,0.1281
429,1.8285900354385376,0.4416041970252991,0.125,1.8359375,0.0005967215171296288,11071,0.1284
430,1.80754816532135,0.47407761216163635,0.1875,1.5,0.0005966927494148326,10435,0.12869999999999998
431,1.8978997468948364,0.5261489748954773,0.1875,1.828125,0.0005966638567481294,6941,0.129
432,2.1446385383605957,0.3981751501560211,0.25,1.796875,0.0005966348391418956,10631,0.1293
433,1.6677088737487793,0.5557924509048462,0.125,1.859375,0.0005966056966085616,11256,0.1296
434,2.001415729522705,0.45331871509552,0.0625,1.3046875,0.000596576429160611,14599,0.1299
435,1.9247230291366577,0.4392379820346832,0.0625,1.5859375,0.0005965470368105814,11076,0.13019999999999998
436,1.9957717657089233,0.4288748800754547,0.0,1.53125,0.0005965175195710631,14123,0.1305
437,1.9972501993179321,0.4232310950756073,0.25,1.6953125,0.0005964878774547007,11476,0.1308
438,1.8392764329910278,0.5083000063896179,0.125,1.46875,0.0005964581104741918,11747,0.1311
439,2.0828959941864014,0.46989187598228455,0.125,1.578125,0.0005964282186422875,14614,0.1314
440,2.1249237060546875,0.43232834339141846,0.0,1.421875,0.0005963982019717926,7529,0.13169999999999998
441,2.098834753036499,0.4060707092285156,0.125,1.6328125,0.0005963680604755655,9587,0.132
442,2.2664361000061035,0.39520755410194397,0.25,1.5390625,0.0005963377941665177,5926,0.1323
443,1.9786375761032104,0.45326265692710876,0.1875,1.4453125,0.0005963074030576141,12827,0.1326
444,1.9607319831848145,0.43986910581588745,0.5625,1.9921875,0.0005962768871618737,7334,0.1329
445,2.1603825092315674,0.44328081607818604,0.875,1.6796875,0.0005962462464923682,22726,0.13319999999999999
446,1.8528105020523071,0.49208247661590576,0.0,2.671875,0.0005962154810622232,3347,0.1335
447,2.095475196838379,0.3946356177330017,0.375,1.1953125,0.0005961845908846177,9619,0.1338
448,1.964224934577942,0.443359375,0.8125,1.8984375,0.0005961535759727841,13312,0.1341
449,1.8342798948287964,0.4744907319545746,0.9375,1.7421875,0.000596122436340008,16249,0.1344
450,1.6042455434799194,0.5860127210617065,0.25,1.9140625,0.0005960911719996288,16515,0.1347
451,1.8545215129852295,0.46706423163414,0.4375,1.703125,0.0005960597829650392,14756,0.135
452,2.5273325443267822,0.39405855536460876,0.375,1.6875,0.0005960282692496851,4578,0.1353
453,1.7910670042037964,0.4612394869327545,0.375,1.4140625,0.0005959966308670661,14151,0.1356
454,2.0161755084991455,0.41594111919403076,0.75,1.84375,0.0005959648678307349,22282,0.1359
455,2.0939767360687256,0.4051746726036072,0.6875,1.421875,0.0005959329801542981,11479,0.1362
456,2.018085241317749,0.4274163544178009,0.4375,1.4453125,0.000595900967851415,10760,0.1365
457,2.0373075008392334,0.4734693765640259,0.1875,1.625,0.0005958688309357988,5635,0.1368
458,1.6066906452178955,0.5672197341918945,0.4375,1.8828125,0.0005958365694212161,16394,0.1371
459,2.1744656562805176,0.39217081665992737,0.6875,1.8828125,0.0005958041833214865,9835,0.1374
460,2.4314491748809814,0.3223716914653778,0.5,1.7734375,0.0005957716726504832,8028,0.1377
461,2.279231309890747,0.38641345500946045,0.3125,1.6171875,0.0005957390374221329,8214,0.138
462,1.8289058208465576,0.48578646779060364,0.25,1.3359375,0.0005957062776504152,11081,0.1383
463,2.0079102516174316,0.46291717886924744,0.1875,1.296875,0.0005956733933493636,8090,0.1386
464,1.900719404220581,0.486596941947937,0.25,1.0078125,0.0005956403845330646,8319,0.1389
465,2.1231377124786377,0.4375,0.125,1.1640625,0.0005956072512156583,9792,0.1392
466,2.1474781036376953,0.4158405661582947,0.1875,1.71875,0.0005955739934113376,9785,0.1395
467,2.2396128177642822,0.3696230947971344,0.1875,1.21875,0.0005955406111343493,7137,0.1398
468,2.54917049407959,0.2882068455219269,0.0625,2.859375,0.0005955071043989934,4757,0.1401
469,2.2663304805755615,0.3639287054538727,0.4375,1.578125,0.0005954734732196229,7463,0.1404
470,1.9571410417556763,0.4497525095939636,0.875,1.6875,0.0005954397176106445,22021,0.1407
471,1.9223781824111938,0.475309282541275,0.1875,1.921875,0.000595405837586518,9619,0.141
472,1.7637189626693726,0.4820537567138672,0.5,1.359375,0.0005953718331617564,14432,0.14129999999999998
473,2.0107364654541016,0.429696649312973,0.6875,1.4296875,0.0005953377043509263,12823,0.14159999999999998
474,2.1400046348571777,0.4066961407661438,0.4375,1.2890625,0.0005953034511686473,7915,0.1419
475,2.001681327819824,0.45591965317726135,0.625,1.1953125,0.0005952690736295924,19317,0.1422
476,1.7149418592453003,0.5643094778060913,0.4375,1.46875,0.0005952345717484878,9913,0.1425
477,1.8867483139038086,0.4811817705631256,0.5625,1.25,0.000595199945540113,7785,0.14279999999999998
478,1.8462188243865967,0.5017328262329102,0.25,1.265625,0.0005951651950193008,12696,0.14309999999999998
479,1.7467702627182007,0.4966323673725128,0.1875,1.3359375,0.0005951303202009374,13511,0.1434
480,1.934195876121521,0.425674706697464,0.1875,1.5,0.0005950953210999617,13858,0.1437
481,1.8228704929351807,0.5278295874595642,0.375,1.140625,0.0005950601977313666,7510,0.144
482,1.2631384134292603,0.6747841835021973,0.0625,1.8984375,0.0005950249501101974,16795,0.14429999999999998
483,2.196549892425537,0.3983302116394043,0.125,1.40625,0.0005949895782515535,9103,0.14459999999999998
484,1.159499168395996,0.7172694802284241,0.0,1.2421875,0.0005949540821705867,17667,0.1449
485,1.9868680238723755,0.4699626564979553,0.375,1.5625,0.0005949184618825027,15797,0.1452
486,1.7143535614013672,0.5180788636207581,0.1875,1.0625,0.0005948827174025599,20217,0.1455
487,1.6461782455444336,0.4925161898136139,0.125,1.8359375,0.0005948468487460701,14832,0.14579999999999999
488,1.7329844236373901,0.5283349752426147,0.125,1.453125,0.0005948108559283984,20540,0.14609999999999998
489,2.4219558238983154,0.35367271304130554,0.3125,1.828125,0.0005947747389649631,8604,0.1464
490,2.476247549057007,0.3920194208621979,0.1875,1.5859375,0.0005947384978712353,14836,0.1467
491,1.865415096282959,0.49564847350120544,0.1875,1.796875,0.0005947021326627396,4711,0.147
492,1.9272316694259644,0.4960920810699463,0.25,1.828125,0.0005946656433550537,11643,0.1473
493,2.3296170234680176,0.41275131702423096,0.4375,2.125,0.0005946290299638086,9003,0.14759999999999998
494,1.991896152496338,0.43942517042160034,0.9375,1.9765625,0.000594592292504688,16492,0.1479
495,2.0431454181671143,0.3864034116268158,0.0,1.5,0.0005945554309934295,12003,0.1482
496,1.7569252252578735,0.49452897906303406,0.0,1.40625,0.0005945184454458231,7951,0.1485
497,2.0185067653656006,0.38846826553344727,0.125,2.375,0.0005944813358777123,12019,0.1488
498,2.0395758152008057,0.4255848824977875,0.4375,1.640625,0.0005944441023049936,20090,0.14909999999999998
499,1.712622046470642,0.5545415282249451,0.25,1.1796875,0.0005944067447436167,11505,0.1494
500,1.7505066394805908,0.4714670181274414,0.125,1.40625,0.0005943692632095845,14124,0.1497
501,1.9744306802749634,0.44351834058761597,0.125,1.9921875,0.0005943316577189529,11278,0.15
502,2.0961625576019287,0.41344985365867615,0.125,1.109375,0.0005942939282878307,9041,0.15
503,1.678373098373413,0.48885586857795715,0.3125,1.8046875,0.0005942560749323802,13460,0.15
504,1.9701217412948608,0.42383596301078796,0.0,1.1484375,0.0005942180976688166,19458,0.15
505,1.8684686422348022,0.43162891268730164,0.0625,1.75,0.0005941799965134078,11167,0.15
506,1.7466723918914795,0.48403775691986084,0.0,1.8515625,0.0005941417714824755,19922,0.15
507,2.443593740463257,0.3819536566734314,0.0625,1.421875,0.0005941034225923939,9797,0.15
508,1.9595855474472046,0.4250938594341278,0.0,1.203125,0.0005940649498595907,8791,0.15
509,1.962567925453186,0.4767056405544281,0.6875,2.0,0.000594026353300546,10260,0.15
510,1.729238748550415,0.5538796186447144,0.25,1.4296875,0.0005939876329317936,6431,0.15
511,1.7173070907592773,0.5273224115371704,0.1875,1.5390625,0.00059394878876992,7686,0.15
512,1.8744126558303833,0.5040376782417297,0.0,1.859375,0.0005939098208315649,10402,0.15
513,2.021761655807495,0.48625147342681885,0.125,1.8359375,0.0005938707291334208,8510,0.15
514,2.5644571781158447,0.3431818187236786,0.1875,1.5703125,0.0005938315136922335,4400,0.15
515,1.8422815799713135,0.45909711718559265,0.4375,1.78125,0.0005937921745248013,7310,0.15
516,1.6801023483276367,0.514625072479248,0.1875,1.359375,0.0005937527116479762,20376,0.15
517,1.889768362045288,0.478829026222229,0.1875,1.5546875,0.0005937131250786629,13698,0.15
518,1.9929641485214233,0.4330809414386749,0.0625,1.578125,0.0005936734148338186,17170,0.15
519,1.6725198030471802,0.5110427737236023,0.0,1.984375,0.0005936335809304543,3577,0.15
520,1.9151800870895386,0.45032304525375366,0.4375,1.3515625,0.0005935936233856335,11454,0.15
521,1.8850611448287964,0.4903104901313782,0.625,1.4140625,0.0005935535422164726,4799,0.15
522,2.1704461574554443,0.35198459029197693,0.3125,1.4140625,0.0005935133374401412,9347,0.15
523,1.6025824546813965,0.5825471878051758,0.3125,1.46875,0.0005934730090738617,8480,0.15
524,2.283860206604004,0.366088330745697,0.125,1.5859375,0.0005934325571349097,6340,0.15
525,1.7421398162841797,0.4917936623096466,0.6875,1.7578125,0.0005933919816406132,8530,0.15
526,2.3163039684295654,0.40399739146232605,0.375,1.4453125,0.0005933512826083536,16911,0.15
527,1.7511961460113525,0.49560147523880005,0.4375,1.2890625,0.0005933104600555651,10117,0.15
528,1.997395634651184,0.41959482431411743,0.375,1.46875,0.0005932695139997348,11156,0.15
529,1.954208493232727,0.4412305951118469,0.0625,1.390625,0.0005932284444584027,11409,0.15
530,1.735451102256775,0.4967530071735382,0.4375,1.2578125,0.0005931872514491615,13705,0.15
531,1.9601902961730957,0.45351266860961914,0.1875,1.0390625,0.0005931459349896572,11971,0.15
532,1.8570668697357178,0.4954512417316437,0.25,1.3671875,0.0005931044950975885,10992,0.15
533,1.8834670782089233,0.48903971910476685,0.25,1.484375,0.0005930629317907067,12819,0.15
534,1.9621256589889526,0.4386136531829834,0.25,1.0625,0.0005930212450868162,9204,0.15
535,1.3855947256088257,0.6229996085166931,0.0,1.140625,0.0005929794350037745,8061,0.15
536,1.6812679767608643,0.4975576102733612,0.5625,1.671875,0.0005929375015594916,14535,0.15
537,1.882448673248291,0.43437594175338745,0.5625,1.5703125,0.0005928954447719304,19886,0.15
538,2.314302444458008,0.3853914439678192,0.375,1.28125,0.0005928532646591068,4956,0.15
539,2.0055174827575684,0.39841216802597046,0.25,1.9140625,0.0005928109612390892,8943,0.15
540,1.976302981376648,0.4179665148258209,0.5625,1.21875,0.0005927685345299993,8783,0.15
541,1.913348913192749,0.44161903858184814,0.875,1.359375,0.0005927259845500111,19073,0.15
542,2.5113744735717773,0.31981849670410156,0.625,1.515625,0.000592683311317352,10137,0.15
543,1.9860954284667969,0.4038638472557068,0.25,1.3828125,0.0005926405148503016,13044,0.15
544,1.7939696311950684,0.5235903263092041,0.1875,1.5078125,0.0005925975951671926,10428,0.15
545,1.6998525857925415,0.4867073595523834,0.6875,1.6015625,0.0005925545522864103,19334,0.15
546,1.9210556745529175,0.41000473499298096,0.5625,1.4453125,0.0005925113862263932,8456,0.15
547,1.6846671104431152,0.5559828281402588,0.5,1.1796875,0.0005924680970056321,6761,0.15
548,2.2419185638427734,0.38837680220603943,0.1875,1.3125,0.0005924246846426707,11391,0.15
549,2.054696798324585,0.4134749472141266,0.25,1.109375,0.0005923811491561054,9321,0.15
550,1.7212103605270386,0.5471676588058472,0.3125,2.0,0.0005923374905645858,8862,0.15
551,1.7569993734359741,0.4638445973396301,0.125,1.4609375,0.0005922937088868133,8906,0.15
552,1.6060081720352173,0.4972607493400574,0.375,1.1015625,0.0005922498041415431,14055,0.15
553,1.6453958749771118,0.5028273463249207,0.3125,0.95703125,0.0005922057763475822,11318,0.15
554,2.1852657794952393,0.4116550087928772,0.3125,1.09375,0.0005921616255237909,10725,0.15
555,1.7361952066421509,0.463668555021286,0.5625,1.3984375,0.000592117351689082,9317,0.15
556,1.7131456136703491,0.51045161485672,0.0625,1.7265625,0.0005920729548624209,7750,0.15
557,2.5612306594848633,0.3301900625228882,0.3125,1.5234375,0.0005920284350628261,6893,0.15
558,2.0734822750091553,0.5239077210426331,0.25,2.75,0.0005919837923093682,7759,0.15
559,1.5206924676895142,0.5117948055267334,0.375,1.0859375,0.0005919390266211706,14074,0.15
560,2.394615650177002,0.370505154132843,0.25,1.375,0.0005918941380174098,6869,0.15
561,2.0653302669525146,0.46313920617103577,0.4375,1.609375,0.0005918491265173145,6199,0.15
562,2.416179656982422,0.32468003034591675,0.5,1.3984375,0.0005918039921401663,8282,0.15
563,2.005870819091797,0.44135361909866333,0.25,1.203125,0.0005917587349052991,16105,0.15
564,1.9997895956039429,0.4350924789905548,0.3125,1.6640625,0.0005917133548321,11085,0.15
565,2.12153697013855,0.3925779461860657,0.625,1.421875,0.0005916678519400082,10617,0.15
566,1.9129034280776978,0.43835270404815674,0.25,1.1328125,0.0005916222262485156,19790,0.15
567,1.320665717124939,0.6403161883354187,0.4375,1.546875,0.0005915764777771669,8855,0.15
568,1.7403485774993896,0.5209386944770813,0.125,1.203125,0.0005915306065455593,12059,0.15
569,2.023409366607666,0.445237398147583,0.5625,1.65625,0.0005914846125733426,24241,0.15
570,1.6486778259277344,0.548114538192749,0.25,1.046875,0.0005914384958802191,6391,0.15
571,1.515437364578247,0.5893886685371399,0.3125,0.890625,0.0005913922564859437,6069,0.15
572,2.0909674167633057,0.40247106552124023,0.3125,1.3984375,0.000591345894410324,10279,0.15
573,2.0155789852142334,0.4267941415309906,0.375,1.3671875,0.00059129940967322,8681,0.15
574,1.8257676362991333,0.48920413851737976,0.375,1.671875,0.0005912528022945442,12829,0.15
575,1.9267853498458862,0.44848930835723877,0.3125,1.4140625,0.0005912060722942618,13570,0.15
576,2.1245834827423096,0.37435537576675415,0.5625,2.015625,0.0005911592196923904,8532,0.15
577,2.089271068572998,0.4183255732059479,0.9375,1.75,0.0005911122445090002,10750,0.15
578,2.267918348312378,0.34625986218452454,0.875,1.1015625,0.0005910651467642138,10521,0.15
579,1.6011710166931152,0.5337655544281006,0.625,1.7109375,0.0005910179264782066,7404,0.15
580,1.8821327686309814,0.4575487971305847,0.3125,1.3515625,0.0005909705836712061,8657,0.15
581,1.939775824546814,0.4519640803337097,0.5,1.5703125,0.0005909231183634925,11023,0.15
582,1.8472191095352173,0.4647391438484192,0.25,1.15625,0.0005908755305753983,9373,0.15
583,2.065530776977539,0.39788731932640076,0.0,1.140625,0.0005908278203273087,7384,0.15
584,2.14811372756958,0.4223182499408722,0.125,1.5,0.0005907799876396614,9024,0.15
585,1.8405009508132935,0.46786317229270935,0.0,1.078125,0.000590732032532946,10642,0.15
586,1.556483268737793,0.6108585596084595,0.1875,1.2578125,0.0005906839550277054,11659,0.15
587,2.0187392234802246,0.44378843903541565,0.1875,1.1328125,0.0005906357551445343,12195,0.15
588,1.802524209022522,0.4600520133972168,0.0625,1.15625,0.0005905874329040799,13455,0.15
589,1.60504150390625,0.5232904553413391,0.5625,1.34375,0.000590538988327042,14770,0.15
590,2.314831256866455,0.3895534574985504,0.375,1.375,0.0005904904214341728,15967,0.15
591,2.006588935852051,0.40477409958839417,0.5,1.4609375,0.0005904417322462766,9761,0.15
592,1.5828864574432373,0.5686674118041992,0.0625,1.5390625,0.0005903929207842104,15211,0.15
593,2.051093816757202,0.39502301812171936,0.0625,1.296875,0.0005903439870688836,10207,0.15
594,2.361882209777832,0.4117589592933655,0.125,1.6328125,0.0005902949311212578,10239,0.15
595,2.1142613887786865,0.40803128480911255,0.25,1.7109375,0.0005902457529623468,13298,0.15
596,1.7111520767211914,0.5174042582511902,0.375,1.0703125,0.0005901964526132171,11434,0.15
597,1.837632656097412,0.45131149888038635,0.375,1.1875,0.0005901470300949876,8883,0.15
598,1.0754636526107788,0.7394978404045105,0.0,1.625,0.0005900974854288291,20591,0.15
599,1.7632942199707031,0.47781065106391907,0.25,1.5234375,0.0005900478186359649,11492,0.15
600,2.2483654022216797,0.37701794505119324,0.6875,1.4921875,0.000589998029737671,9973,0.15
601,2.0409092903137207,0.44436579942703247,0.25,1.1953125,0.000589948118755275,12717,0.15
602,1.924980640411377,0.443686306476593,0.3125,1.359375,0.0005898980857101574,11285,0.15
603,1.9478086233139038,0.46177563071250916,0.875,1.6484375,0.0005898479306237509,11027,0.15
604,1.5300512313842773,0.5332006812095642,0.5625,1.4609375,0.0005897976535175401,15075,0.15
605,2.065518617630005,0.39952176809310913,0.375,1.140625,0.0005897472544130622,10037,0.15
606,1.852427363395691,0.4352594316005707,0.1875,0.98046875,0.0005896967333319064,8480,0.15
607,2.046602487564087,0.44887226819992065,0.1875,1.6015625,0.0005896460902957146,8557,0.15
608,1.812746286392212,0.47671395540237427,0.25,1.2578125,0.0005895953253261805,18466,0.15
609,1.8565568923950195,0.48231005668640137,0.0,0.97265625,0.0005895444384450503,12069,0.15
610,1.8053662776947021,0.4662241041660309,0.5625,0.97265625,0.0005894934296741223,19733,0.15
611,1.961641550064087,0.43821749091148376,0.0,1.1640625,0.000589442299035247,9582,0.15
612,2.2403182983398438,0.37602370977401733,0.1875,1.0703125,0.0005893910465503273,7082,0.15
613,2.153653621673584,0.3934165835380554,0.125,2.375,0.0005893396722413178,9448,0.15
614,1.804107427597046,0.47479739785194397,0.0,1.203125,0.0005892881761302258,12340,0.15
615,1.8404642343521118,0.49309560656547546,0.1875,1.25,0.0005892365582391109,13180,0.15
616,1.7585980892181396,0.5156487226486206,0.1875,1.1953125,0.0005891848185900839,9873,0.15
617,1.9688347578048706,0.4682890772819519,0.0,1.1484375,0.0005891329572053091,9492,0.15
618,1.8608872890472412,0.4322411119937897,0.5625,1.0859375,0.0005890809741070018,14832,0.15
619,1.652240514755249,0.49778398871421814,0.0625,1.1875,0.0005890288693174302,17148,0.15
620,2.1796092987060547,0.39784419536590576,0.375,1.2890625,0.0005889766428589142,6123,0.15
621,2.4246480464935303,0.31834888458251953,0.125,2.125,0.0005889242947538258,3537,0.15
622,1.7458937168121338,0.47020870447158813,0.1875,1.734375,0.0005888718250245896,12554,0.15
623,1.8350365161895752,0.44405877590179443,0.0,1.234375,0.0005888192336936819,8643,0.15
624,1.868527889251709,0.49527958035469055,0.25,1.5390625,0.0005887665207836309,4131,0.15
625,1.9593617916107178,0.4074031710624695,0.1875,1.3515625,0.0005887136863170173,8726,0.15
626,1.9579687118530273,0.4428292214870453,0.5625,1.5703125,0.0005886607303164737,24558,0.15
627,1.5756659507751465,0.5199924111366272,0.1875,1.5625,0.0005886076528046848,15856,0.15
628,1.8057564496994019,0.455517053604126,0.125,1.1328125,0.0005885544538043872,17029,0.15
629,2.378378391265869,0.31495970487594604,0.4375,1.2109375,0.0005885011333383699,8436,0.15
630,1.5489412546157837,0.590988278388977,0.25,1.21875,0.0005884476914294734,8034,0.15
631,1.7704274654388428,0.4734925925731659,0.4375,2.03125,0.0005883941281005908,13185,0.15
632,1.4369313716888428,0.6039919257164001,0.375,0.97265625,0.0005883404433746668,9419,0.15
633,1.6272730827331543,0.5152847170829773,0.4375,1.5078125,0.0005882866372746981,10010,0.15
634,1.9634424448013306,0.4071495532989502,0.3125,1.1484375,0.0005882327098237337,18099,0.15
635,2.0176236629486084,0.43540218472480774,0.3125,1.2578125,0.0005881786610448743,8491,0.15
636,1.973677635192871,0.45533287525177,0.75,1.671875,0.0005881244909612728,11776,0.15
637,2.1113333702087402,0.3902001976966858,0.8125,1.265625,0.0005880701995961339,9490,0.15
638,2.1396689414978027,0.41591688990592957,0.4375,1.703125,0.0005880157869727142,9336,0.15
639,2.1820878982543945,0.37700533866882324,0.1875,1.4296875,0.0005879612531143225,6358,0.15
640,1.6678555011749268,0.5089671611785889,0.5,1.28125,0.0005879065980443192,14107,0.15
641,1.6799062490463257,0.5330954194068909,0.4375,1.0546875,0.0005878518217861168,11769,0.15
642,2.190526247024536,0.3905678391456604,0.5,1.1328125,0.0005877969243631799,7379,0.15
643,1.4570404291152954,0.5753929018974304,0.5,1.296875,0.0005877419057990247,14126,0.15
644,1.7943953275680542,0.42873454093933105,0.625,1.859375,0.0005876867661172194,24521,0.15
645,1.6040093898773193,0.5854710936546326,0.4375,1.8125,0.0005876315053413841,8576,0.15
646,1.747981309890747,0.5209022760391235,0.0625,1.828125,0.0005875761234951907,8157,0.15
647,1.6365190744400024,0.5806406736373901,0.5,1.3203125,0.0005875206206023631,7149,0.15
648,2.020899772644043,0.4200538992881775,0.25,1.4609375,0.000587464996686677,8906,0.15
649,1.75974702835083,0.4662606716156006,0.25,1.0078125,0.0005874092517719597,18391,0.15
650,1.7340755462646484,0.4962719976902008,0.1875,1.375,0.0005873533858820909,13412,0.15
651,1.662268042564392,0.5126029849052429,0.0625,1.5859375,0.0005872973990410015,20392,0.15
652,1.940732717514038,0.4288474917411804,0.875,3.40625,0.0005872412912726747,11384,0.15
653,1.5329352617263794,0.5211086869239807,0.6875,1.5,0.000587185062601145,14828,0.15
654,1.514519453048706,0.5449777841567993,0.75,1.1171875,0.0005871287130504993,18687,0.15
655,1.5616952180862427,0.5626528263092041,0.5,1.2265625,0.0005870722426448757,6544,0.15
656,1.6362625360488892,0.5521066188812256,0.25,1.671875,0.0005870156514084644,10728,0.15
657,1.5720698833465576,0.5347259640693665,0.0,1.9140625,0.0005869589393655073,3686,0.15
658,2.2141740322113037,0.3754185140132904,0.5,1.21875,0.0005869021065402981,7168,0.15
659,2.3256492614746094,0.3608168065547943,0.6875,1.25,0.0005868451529571821,5191,0.15
660,1.9527791738510132,0.43298012018203735,0.5625,1.0078125,0.0005867880786405565,15100,0.15
661,2.15903639793396,0.352883517742157,0.1875,2.78125,0.0005867308836148699,13265,0.15
662,1.8506155014038086,0.49323248863220215,0.25,2.078125,0.0005866735679046232,5024,0.15
663,1.832998275756836,0.44639718532562256,0.375,1.421875,0.0005866161315343682,13656,0.15
664,1.4424400329589844,0.5991091132164001,0.75,1.84375,0.0005865585745287093,6286,0.15
665,1.524496078491211,0.543931245803833,0.1875,2.0,0.0005865008969123016,20828,0.15
666,1.6637170314788818,0.5101332664489746,0.125,1.3125,0.0005864430987098527,18158,0.15
667,1.473403811454773,0.6064553260803223,0.3125,1.5234375,0.0005863851799461213,6909,0.15
668,2.104126453399658,0.40225252509117126,0.25,1.625,0.0005863271406459182,8435,0.15
669,1.3593353033065796,0.6133354306221008,0.5625,0.98828125,0.0005862689808341053,6344,0.15
670,1.7386298179626465,0.5033057332038879,0.375,1.296875,0.0005862107005355966,22839,0.15
671,2.268010139465332,0.3587454557418823,0.1875,1.5,0.0005861522997753576,8513,0.15
672,1.806200385093689,0.46578723192214966,0.1875,0.984375,0.0005860937785784051,19861,0.15
673,1.7700833082199097,0.49524375796318054,0.375,1.7421875,0.0005860351369698078,8410,0.15
674,1.8620188236236572,0.4360538423061371,0.875,1.1171875,0.0005859763749746861,14262,0.15
675,1.6637976169586182,0.532903254032135,0.3125,1.390625,0.0005859174926182116,7750,0.15
676,1.90492844581604,0.4386691153049469,0.25,1.734375,0.0005858584899256075,13044,0.15
677,2.168747901916504,0.36835747957229614,0.0625,1.3125,0.0005857993669221489,8280,0.15
678,1.5723133087158203,0.5328638553619385,0.125,1.21875,0.0005857401236331623,14058,0.15
679,1.381691336631775,0.5680601596832275,0.5625,1.203125,0.0005856807600840253,18491,0.15
680,1.9421135187149048,0.4749999940395355,0.8125,1.8125,0.0005856212763001678,11640,0.15
681,1.6936254501342773,0.5409342646598816,0.0625,1.140625,0.0005855616723070702,10297,0.15
682,1.5051013231277466,0.5652716755867004,0.4375,1.15625,0.0005855019481302655,4803,0.15
683,2.1227173805236816,0.41266873478889465,0.1875,1.3515625,0.0005854421037953373,14445,0.15
684,1.635864496231079,0.5495945811271667,0.4375,1.203125,0.000585382139327921,13197,0.15
685,1.3299988508224487,0.640484094619751,0.3125,1.1328125,0.0005853220547537038,8759,0.15
686,1.858204960823059,0.482045978307724,0.4375,1.46875,0.0005852618500984237,15484,0.15
687,1.2596639394760132,0.6103909611701965,0.625,1.21875,0.0005852015253878706,19132,0.15
688,1.6017003059387207,0.5172175765037537,0.1875,1.140625,0.0005851410806478857,14491,0.15
689,2.0282561779022217,0.4113693833351135,0.0625,1.203125,0.0005850805159043615,12648,0.15
690,2.0680971145629883,0.42408186197280884,0.1875,1.203125,0.0005850198311832422,5473,0.15
691,1.2105244398117065,0.654292643070221,0.3125,1.3125,0.0005849590265105231,8270,0.15
692,1.844228982925415,0.44587352871894836,0.0625,0.953125,0.0005848981019122508,18660,0.15
693,1.7976738214492798,0.4588744640350342,0.25,1.34375,0.0005848370574145238,14322,0.15
694,1.9229011535644531,0.4596100151538849,0.5625,0.99609375,0.0005847758930434914,18668,0.15
695,1.7976069450378418,0.5179088115692139,0.625,1.6640625,0.0005847146088253546,10023,0.15
696,1.6518381834030151,0.5388900637626648,0.9375,1.8359375,0.0005846532047863655,4847,0.15
697,1.9589048624038696,0.416236937046051,0.375,1.6328125,0.0005845916809528277,13574,0.15
698,1.458504319190979,0.6033950448036194,0.5625,1.25,0.0005845300373510961,7128,0.15
699,1.9073728322982788,0.4917893409729004,0.4375,1.640625,0.0005844682740075767,14128,0.15
700,1.7580680847167969,0.44711387157440186,0.1875,1.9140625,0.0005844063909487272,9615,0.15
701,1.729927659034729,0.4897332489490509,0.0,1.09375,0.000584344388201056,11396,0.15
702,2.043059825897217,0.4202529191970825,0.125,1.375,0.0005842822657911235,10201,0.15
703,1.6104280948638916,0.500298023223877,0.125,0.92578125,0.0005842200237455408,13422,0.15
704,1.552658200263977,0.5921064019203186,0.125,0.91796875,0.0005841576620909702,11275,0.15
705,2.213726758956909,0.379597008228302,0.1875,1.3359375,0.0005840951808541257,7097,0.15
706,2.139566659927368,0.3854232430458069,0.3125,1.7578125,0.0005840325800617723,9522,0.15
707,1.3034577369689941,0.6479014158248901,0.0625,1.7890625,0.0005839698597407261,24016,0.15
708,1.7188197374343872,0.5029014945030212,0.3125,1.40625,0.0005839070199178545,15337,0.15
709,1.5247660875320435,0.5597142577171326,0.3125,1.453125,0.000583844060620076,7000,0.15
710,1.7233208417892456,0.5032649040222168,0.125,0.7265625,0.0005837809818743606,19143,0.15
711,2.1187031269073486,0.3862448036670685,0.6875,1.5859375,0.000583717783707729,7459,0.15
712,2.379573345184326,0.32771483063697815,0.3125,1.9453125,0.0005836544661472534,3619,0.15
713,2.3497226238250732,0.33594784140586853,0.3125,1.3828125,0.0005835910292200568,10582,0.15
714,1.875265121459961,0.42450591921806335,0.625,1.1875,0.0005835274729533139,8855,0.15
715,2.1520397663116455,0.42073169350624084,0.4375,1.1484375,0.0005834637973742501,10332,0.15
716,1.5819957256317139,0.5331722497940063,0.4375,1.3203125,0.0005834000025101419,13656,0.15
717,1.5136373043060303,0.5885393023490906,0.5,1.171875,0.000583336088388317,11029,0.15
718,1.6163748502731323,0.531599223613739,0.4375,1.2890625,0.0005832720550361543,10918,0.15
719,1.677836298942566,0.5195785164833069,0.25,1.0546875,0.0005832079024810834,7687,0.15
720,1.6036286354064941,0.5440257787704468,0.25,1.5,0.0005831436307505856,15843,0.15
721,2.1720025539398193,0.367443323135376,0.375,1.1171875,0.0005830792398721925,15880,0.15
722,1.987344741821289,0.4437137246131897,0.1875,1.0859375,0.0005830147298734874,10340,0.15
723,1.8123880624771118,0.428497850894928,0.5625,2.09375,0.0005829501007821041,11650,0.15
724,1.8805906772613525,0.4904754161834717,0.5,1.5703125,0.0005828853526257277,6037,0.15
725,1.9022517204284668,0.4559378921985626,0.5,1.1640625,0.0005828204854320943,9532,0.15
726,2.1369869709014893,0.39977455139160156,0.5,1.5625,0.0005827554992289911,9758,0.15
727,2.0276222229003906,0.41655853390693665,0.375,1.2734375,0.0005826903940442558,7706,0.15
728,1.8597173690795898,0.45054614543914795,0.3125,1.203125,0.0005826251699057776,13275,0.15
729,1.7519845962524414,0.4809747040271759,0.6875,1.375,0.0005825598268414965,10670,0.15
730,2.0101561546325684,0.4263063669204712,0.625,0.8671875,0.0005824943648794031,7253,0.15
731,1.9158848524093628,0.44152048230171204,0.1875,1.015625,0.0005824287840475396,11286,0.15
732,2.0131959915161133,0.4022734761238098,0.0625,1.0546875,0.0005823630843739985,12228,0.15
733,2.001616954803467,0.4036678671836853,0.5625,1.296875,0.0005822972658869235,9924,0.15
734,1.8418400287628174,0.4253291189670563,0.4375,0.98046875,0.0005822313286145093,18990,0.15
735,1.8377939462661743,0.44215938448905945,0.0,0.9453125,0.0005821652725850011,8558,0.15
736,1.6387354135513306,0.5197862982749939,0.125,1.1953125,0.0005820990978266953,11978,0.15
737,2.0143167972564697,0.40070998668670654,0.25,1.0703125,0.000582032804367939,9296,0.15
738,1.4708744287490845,0.5906416773796082,0.25,1.0234375,0.0005819663922371305,7309,0.15
739,2.107384204864502,0.40294840931892395,0.375,1.125,0.0005818998614627183,6105,0.15
740,1.9672574996948242,0.4269218444824219,0.3125,1.4375,0.0005818332120732022,9353,0.15
741,1.5334573984146118,0.4987568259239197,0.3125,0.99609375,0.0005817664440971327,14077,0.15
742,1.8842355012893677,0.4293580651283264,0.8125,1.7421875,0.0005816995575631111,13802,0.15
743,1.732078194618225,0.5042396187782288,0.125,1.6328125,0.0005816325524997894,14624,0.15
744,2.1577017307281494,0.3658536672592163,0.1875,1.390625,0.0005815654289358705,14924,0.15
745,1.7753947973251343,0.4603855311870575,0.0,1.0703125,0.0005814981869001079,20283,0.15
746,2.141906261444092,0.3884921669960022,0.4375,1.1015625,0.0005814308264213061,7282,0.15
747,1.8733543157577515,0.45134925842285156,0.6875,1.328125,0.00058136334752832,7708,0.15
748,1.8193789720535278,0.437143474817276,0.6875,1.390625,0.0005812957502500557,13849,0.15
749,1.5894780158996582,0.5537382960319519,0.5625,1.15625,0.0005812280346154694,4280,0.15
750,1.5751696825027466,0.5182284712791443,0.25,1.046875,0.0005811602006535686,7406,0.15
751,1.7813224792480469,0.46527135372161865,0.375,1.2578125,0.000581092248393411,10798,0.15
752,1.9607590436935425,0.39039215445518494,0.6875,1.6640625,0.0005810241778641054,10200,0.15
753,1.4088653326034546,0.5995633602142334,0.375,1.2890625,0.0005809559890948108,15573,0.15
754,1.477915644645691,0.5979141592979431,0.125,1.2265625,0.0005808876821147373,16780,0.15
755,1.618105411529541,0.5702211260795593,0.25,1.3046875,0.0005808192569531454,10175,0.15
756,1.7661757469177246,0.46223512291908264,0.125,1.1640625,0.0005807507136393462,17225,0.15
757,2.1174323558807373,0.38679707050323486,0.125,1.3671875,0.0005806820522027015,6135,0.15
758,1.6450695991516113,0.5195767283439636,0.1875,1.2265625,0.0005806132726726237,7560,0.15
759,1.9206773042678833,0.4772956669330597,0.5,1.53125,0.000580544375078576,12883,0.15
760,1.724433183670044,0.4784190058708191,0.0625,1.8984375,0.0005804753594500714,8248,0.15
761,1.7319340705871582,0.5264385938644409,1.0,1.1953125,0.0005804062258166745,11574,0.15
762,1.4503841400146484,0.5320290923118591,0.3125,1.046875,0.0005803369742079996,14159,0.15
763,1.6940284967422485,0.5089340806007385,0.3125,1.171875,0.0005802676046537122,11361,0.15
764,1.7986106872558594,0.47499799728393555,0.25,1.1328125,0.0005801981171835278,24878,0.15
765,1.55722177028656,0.5767135620117188,0.25,1.1484375,0.0005801285118272126,8812,0.15
766,1.5554107427597046,0.5785268545150757,0.875,1.71875,0.0005800587886145836,4005,0.15
767,1.9466063976287842,0.47019070386886597,0.1875,1.1796875,0.0005799889475755078,10802,0.15
768,1.885764241218567,0.4649880528450012,0.1875,1.203125,0.0005799189887399028,10882,0.15
769,2.078381299972534,0.3982691466808319,0.4375,1.265625,0.0005798489121377369,5893,0.15
770,1.8882627487182617,0.4340880215167999,0.6875,1.8671875,0.0005797787177990285,10203,0.15
771,1.5159876346588135,0.535561740398407,0.375,0.94921875,0.0005797084057538469,14749,0.15
772,2.418046712875366,0.4077990651130676,0.6875,2.390625,0.0005796379760323114,7565,0.15
773,1.7701202630996704,0.45848548412323,0.5625,1.203125,0.0005795674286645919,10406,0.15
774,1.7063629627227783,0.5166947841644287,0.1875,1.7734375,0.0005794967636809085,13627,0.15
775,1.904076337814331,0.4402312636375427,0.5,1.3359375,0.0005794259811115321,5881,0.15
776,1.724924921989441,0.5078276991844177,0.25,1.625,0.0005793550809867835,9773,0.15
777,1.891042709350586,0.4664555788040161,0.125,1.484375,0.0005792840633370342,23372,0.15
778,1.6868536472320557,0.5204278826713562,0.1875,0.9140625,0.0005792129281927056,8787,0.15
779,1.5556224584579468,0.5299736857414246,0.3125,1.0234375,0.0005791416755842701,13295,0.15
780,1.7432472705841064,0.4777514934539795,0.5,1.2578125,0.0005790703055422498,18181,0.15
781,1.5119044780731201,0.5385486483573914,0.125,1.0,0.0005789988180972175,14125,0.15
782,1.6488864421844482,0.5294927954673767,0.1875,1.3125,0.0005789272132797962,20327,0.15
783,1.861066460609436,0.43661972880363464,0.375,1.359375,0.0005788554911206591,13419,0.15
784,1.3229937553405762,0.5936420559883118,0.25,0.95703125,0.0005787836516505295,15634,0.15
785,1.7600194215774536,0.4650689363479614,0.1875,1.1484375,0.0005787116949001813,15230,0.15
786,1.7655984163284302,0.480683833360672,0.625,1.5859375,0.0005786396209004385,22520,0.15
787,1.487637996673584,0.5919316411018372,0.75,1.6015625,0.0005785674296821754,7957,0.15
788,1.7819548845291138,0.47324681282043457,0.75,1.671875,0.0005784951212763161,10709,0.15
789,1.975785255432129,0.4145869016647339,0.4375,2.03125,0.0005784226957138356,8775,0.15
790,2.105530261993408,0.4360252022743225,0.75,1.0390625,0.0005783501530257585,6823,0.15
791,1.4212956428527832,0.5291754603385925,0.4375,0.88671875,0.0005782774932431597,14190,0.15
792,1.5537546873092651,0.5465154051780701,0.3125,0.859375,0.0005782047163971646,21423,0.15
793,1.5612107515335083,0.5342907309532166,0.3125,1.109375,0.0005781318225189483,10236,0.15
794,1.8567246198654175,0.4316536486148834,0.1875,1.0625,0.0005780588116397363,14090,0.15
795,1.5415018796920776,0.524385392665863,0.5,1.3125,0.0005779856837908043,12569,0.15
796,1.7238000631332397,0.5101572871208191,0.25,0.9921875,0.0005779124390034775,15703,0.15
797,1.7856972217559814,0.4737835228443146,0.125,1.140625,0.000577839077309132,10070,0.15
798,1.6888290643692017,0.456582635641098,0.625,1.1328125,0.0005777655987391936,16779,0.15
799,1.7369747161865234,0.5261576771736145,0.25,1.34375,0.000577692003325138,5658,0.15
800,1.79472017288208,0.4422604441642761,0.5625,0.95703125,0.0005776182910984914,13838,0.15
801,1.8502079248428345,0.4797428250312805,0.25,1.2265625,0.0005775444620908295,9799,0.15
802,1.7049671411514282,0.47698041796684265,0.3125,1.0703125,0.0005774705163337785,10730,0.15
803,1.8683222532272339,0.4112827181816101,0.4375,0.96484375,0.0005773964538590143,10618,0.15
804,1.735931634902954,0.46271470189094543,0.4375,1.78125,0.000577322274698263,4774,0.15
805,1.7954765558242798,0.486189067363739,0.75,1.59375,0.0005772479788833005,27442,0.15
806,1.9674302339553833,0.4230183959007263,0.5625,1.046875,0.0005771735664459528,7229,0.15
807,1.78410804271698,0.4957367479801178,0.125,1.1953125,0.0005770990374180958,8327,0.15
808,1.8497675657272339,0.42520439624786377,0.625,0.875,0.0005770243918316555,11498,0.15
809,1.6882816553115845,0.4613020718097687,0.375,1.546875,0.0005769496297186075,13993,0.15
810,1.8342994451522827,0.43824636936187744,0.375,0.6640625,0.0005768747511109778,12226,0.15
811,1.846834421157837,0.4149814546108246,0.125,1.1328125,0.0005767997560408417,11868,0.15
812,1.7247227430343628,0.4921165406703949,0.1875,1.6640625,0.0005767246445403249,9577,0.15
813,1.4383267164230347,0.5869366526603699,0.0,1.3359375,0.0005766494166416027,14223,0.15
814,1.564261794090271,0.5130797028541565,0.0625,1.4296875,0.0005765740723769003,9595,0.15
815,1.6446959972381592,0.5184040665626526,0.25,0.890625,0.0005764986117784929,29450,0.15
816,1.5998058319091797,0.5208324790000916,0.25,0.97265625,0.0005764230348787055,24313,0.15
817,1.648764729499817,0.5157367587089539,0.0625,1.2109375,0.0005763473417099126,4194,0.15
818,1.6883200407028198,0.5083688497543335,0.1875,1.296875,0.0005762715323045388,9619,0.15
819,1.8131953477859497,0.45589491724967957,0.375,1.4375,0.0005761956066950586,9364,0.15
820,1.436922550201416,0.5563849210739136,0.625,0.95703125,0.000576119564913996,19961,0.15
821,2.079425096511841,0.3913874924182892,0.5,1.234375,0.0005760434069939249,14119,0.15
822,1.8186548948287964,0.4783553183078766,0.4375,1.15625,0.000575967132967469,12890,0.15
823,2.217806816101074,0.38370242714881897,0.5625,1.0234375,0.0005758907428673015,15082,0.15
824,1.8473676443099976,0.42282310128211975,0.625,0.9375,0.0005758142367261458,10910,0.15
825,1.4095183610916138,0.558541476726532,0.5,1.0390625,0.0005757376145767743,10010,0.15
826,1.4240219593048096,0.6050779819488525,0.5625,1.0078125,0.0005756608764520099,6538,0.15
827,1.451082706451416,0.5504606366157532,0.5625,1.4140625,0.0005755840223847245,14110,0.15
828,1.302491307258606,0.6116199493408203,0.5625,1.0390625,0.00057550705240784,14957,0.15
829,1.3437038660049438,0.5760741233825684,0.3125,1.0546875,0.0005754299665543278,11009,0.15
830,2.0612621307373047,0.44356390833854675,0.3125,1.4921875,0.0005753527648572093,8833,0.15
831,1.8754750490188599,0.4333362579345703,0.6875,1.234375,0.0005752754473495551,11363,0.15
832,2.2280163764953613,0.33676400780677795,0.375,1.4609375,0.0005751980140644854,4178,0.15
833,1.7405109405517578,0.474171906709671,0.375,1.359375,0.0005751204650351705,9389,0.15
834,1.4948253631591797,0.6048348546028137,0.5,1.1796875,0.0005750428002948295,14561,0.15
835,1.915371060371399,0.4183812439441681,0.5625,0.94140625,0.0005749650198767321,13949,0.15
836,1.7444907426834106,0.4560410976409912,0.4375,0.96875,0.0005748871238141965,11488,0.15
837,1.8412963151931763,0.4867683947086334,0.3125,1.8046875,0.0005748091121405909,11601,0.15
838,1.8381913900375366,0.4441027343273163,0.5,1.53125,0.0005747309848893333,12031,0.15
839,1.932951807975769,0.43376854062080383,0.4375,1.1640625,0.0005746527420938907,8961,0.15
840,1.6188554763793945,0.496772438287735,0.625,0.984375,0.0005745743837877799,10999,0.15
841,1.9069150686264038,0.4848404824733734,0.25,1.0625,0.0005744959100045672,7586,0.15
842,1.4921945333480835,0.5981451272964478,0.25,1.2109375,0.0005744173207778682,11106,0.15
843,1.4511593580245972,0.5251752138137817,0.5625,1.09375,0.0005743386161413479,13982,0.15
844,1.2568488121032715,0.6078245043754578,0.375,1.0546875,0.000574259796128721,11579,0.15
845,1.787162184715271,0.49289512634277344,0.5,1.7265625,0.0005741808607737516,10345,0.15
846,2.4680721759796143,0.3786872625350952,0.75,1.4296875,0.0005741018101102529,6475,0.15
847,1.7338427305221558,0.4777526259422302,0.3125,1.1328125,0.0005740226441720877,13687,0.15
848,2.0256435871124268,0.45727747678756714,0.625,0.9765625,0.0005739433629931683,9550,0.15
849,1.7440625429153442,0.5023787021636963,0.3125,1.5234375,0.0005738639666074563,11561,0.15
850,1.6735196113586426,0.4859039783477783,0.375,1.4453125,0.0005737844550489623,9790,0.15
851,1.4439350366592407,0.5904884338378906,0.1875,1.765625,0.0005737048283517468,18693,0.15
852,1.4857988357543945,0.5790977478027344,0.3125,1.2578125,0.0005736250865499192,9798,0.15
853,2.0607237815856934,0.4256550967693329,0.25,1.0390625,0.0005735452296776384,9846,0.15
854,1.6981263160705566,0.5129020810127258,0.1875,1.328125,0.0005734652577691125,22942,0.15
855,1.829922080039978,0.47230732440948486,0.0625,1.234375,0.000573385170858599,12729,0.15
856,1.5818287134170532,0.5317212343215942,0.125,0.953125,0.0005733049689804046,22414,0.15
857,1.6746127605438232,0.4841059148311615,0.0625,1.0859375,0.0005732246521688852,16201,0.15
858,1.7320185899734497,0.46555158495903015,0.1875,1.0390625,0.0005731442204584459,20088,0.15
859,1.7423694133758545,0.51704341173172,0.375,1.453125,0.0005730636738835412,13935,0.15
860,1.4864790439605713,0.53125,0.125,1.4375,0.0005729830124786746,10912,0.15
861,1.7043282985687256,0.5145514011383057,0.8125,1.6171875,0.0005729022362783989,10755,0.15
862,1.670920491218567,0.509695291519165,0.5,1.296875,0.0005728213453173161,11191,0.15
863,1.6702224016189575,0.5075694918632507,0.0,1.2578125,0.0005727403396300774,15787,0.15
864,1.319438099861145,0.627659022808075,0.1875,1.390625,0.000572659219251383,19885,0.15
865,1.8565821647644043,0.43544644117355347,0.25,1.171875,0.000572577984215982,8187,0.15
866,1.982338547706604,0.4138374924659729,0.125,1.2890625,0.0005724966345586734,6215,0.15
867,1.879667043685913,0.4443384110927582,0.3125,1.296875,0.0005724151703143046,14669,0.15
868,1.5969380140304565,0.5172696709632874,0.0625,1.328125,0.0005723335915177721,24378,0.15
869,2.256898880004883,0.38967639207839966,0.0625,1.8828125,0.000572251898204022,7478,0.15
870,1.3601927757263184,0.6081568002700806,0.1875,1.1640625,0.0005721700904080489,11941,0.15
871,1.5124067068099976,0.5178765058517456,0.375,1.203125,0.0005720881681648967,24921,0.15
872,1.7655797004699707,0.47805097699165344,0.3125,1.25,0.0005720061315096583,20092,0.15
873,1.5463546514511108,0.5051866173744202,0.375,1.109375,0.0005719239804774757,18702,0.15
874,1.585961937904358,0.5552574992179871,0.25,1.6953125,0.0005718417151035396,7456,0.15
875,1.459386944770813,0.5587090253829956,0.3125,1.1796875,0.00057175933542309,23114,0.15
876,1.8956254720687866,0.44158610701560974,0.375,1.203125,0.0005716768414714157,6103,0.15
877,1.6007295846939087,0.5281803607940674,0.5,1.109375,0.0005715942332838545,10557,0.15
878,1.9465750455856323,0.44000741839408875,0.25,1.4296875,0.0005715115108957931,16202,0.15
879,1.5642009973526,0.5434678792953491,0.375,0.94921875,0.0005714286743426672,16794,0.15
880,1.8885618448257446,0.4121510684490204,0.25,1.8515625,0.0005713457236599613,6699,0.15
881,1.973137378692627,0.4540358781814575,0.625,1.1640625,0.0005712626588832087,6244,0.15
882,1.681506872177124,0.4944419264793396,0.5625,1.359375,0.000571179480047992,8816,0.15
883,1.6975120306015015,0.49817562103271484,0.5625,0.9609375,0.0005710961871899423,12881,0.15
884,1.9026837348937988,0.44425103068351746,0.375,1.3359375,0.0005710127803447394,10915,0.15
885,1.7495678663253784,0.4516887962818146,0.4375,1.0546875,0.0005709292595481124,19126,0.15
886,1.707543134689331,0.45869049429893494,0.5,0.84765625,0.0005708456248358388,19015,0.15
887,1.4890822172164917,0.5450523495674133,0.5,0.91796875,0.000570761876243745,13562,0.15
888,1.8903495073318481,0.42806777358055115,0.1875,0.87109375,0.0005706780138077065,10211,0.15
889,1.9114205837249756,0.47025904059410095,0.4375,0.9609375,0.000570594037563647,6254,0.15
890,2.272909164428711,0.3472241163253784,0.25,1.7109375,0.0005705099475475394,7367,0.15
891,1.967109203338623,0.43155115842819214,0.6875,1.53125,0.0005704257437954053,7575,0.15
892,1.6637924909591675,0.5157710909843445,0.125,1.25,0.0005703414263433146,11445,0.15
893,1.7047306299209595,0.4615384638309479,0.375,1.625,0.0005702569952273866,8684,0.15
894,2.1046392917633057,0.372287780046463,0.25,0.96875,0.0005701724504837887,10508,0.15
895,1.5367012023925781,0.5397396683692932,0.375,1.359375,0.0005700877921487371,20282,0.15
896,2.1643660068511963,0.38700905442237854,0.4375,1.2421875,0.0005700030202584968,6620,0.15
897,1.7609435319900513,0.4874834418296814,0.375,0.921875,0.0005699181348493815,16618,0.15
898,1.5493693351745605,0.5261202454566956,0.25,1.1796875,0.0005698331359577534,22875,0.15
899,1.6272237300872803,0.5270233750343323,0.0625,1.828125,0.0005697480236200232,7364,0.15
900,1.9959015846252441,0.40207639336586,0.375,1.28125,0.0005696627978726504,9921,0.15
901,1.5251460075378418,0.5336326360702515,0.4375,1.234375,0.000569577458752143,12027,0.15
902,1.9474165439605713,0.44001197814941406,0.4375,1.2890625,0.0005694920062950575,10027,0.15
903,2.0602033138275146,0.42425891757011414,0.5,2.921875,0.0005694064405379991,7354,0.15
904,1.6454412937164307,0.4586930274963379,0.5625,1.0546875,0.0005693207615176215,19113,0.15
905,1.6797566413879395,0.46746736764907837,0.375,1.234375,0.0005692349692706267,11573,0.15
906,1.7850852012634277,0.446524053812027,0.375,1.0234375,0.0005691490638337656,14586,0.15
907,1.3955028057098389,0.5857111215591431,0.3125,1.640625,0.0005690630452438371,8972,0.15
908,1.598075032234192,0.5073601603507996,0.4375,1.875,0.000568976913537689,16304,0.15
909,2.1741724014282227,0.4318310618400574,1.0,1.9453125,0.0005688906687522173,7056,0.15
910,1.784777283668518,0.4638387858867645,0.3125,1.5625,0.0005688043109243666,15583,0.15
911,1.8607254028320312,0.44480228424072266,0.0625,1.6953125,0.00056871784009113,13352,0.15
912,1.6678643226623535,0.48084959387779236,0.125,1.1015625,0.0005686312562895484,14360,0.15
913,2.1113648414611816,0.4398968815803528,0.1875,1.2109375,0.000568544559556712,9309,0.15
914,1.4751131534576416,0.5455970168113708,0.0,1.4921875,0.0005684577499297588,24245,0.15
915,1.9253746271133423,0.4475157558917999,0.0,1.4609375,0.0005683708274458752,11432,0.15
916,1.6482113599777222,0.5693581700325012,0.3125,1.1640625,0.0005682837921422959,5796,0.15
917,2.2568862438201904,0.348829984664917,0.1875,1.3984375,0.0005681966440563044,9658,0.15
918,1.611665964126587,0.5172616839408875,0.0625,1.328125,0.0005681093832252321,11876,0.15
919,1.7652279138565063,0.5035325884819031,0.125,1.4140625,0.0005680220096864585,8917,0.15
920,1.8022488355636597,0.47197699546813965,0.1875,1.6015625,0.0005679345234774118,14613,0.15
921,1.7021716833114624,0.46799543499946594,0.0,1.140625,0.0005678469246355684,19216,0.15
922,1.7056056261062622,0.49004125595092773,0.3125,1.328125,0.0005677592131984529,11146,0.15
923,1.6666574478149414,0.47497862577438354,0.25,1.328125,0.0005676713892036378,15207,0.15
924,1.8814259767532349,0.45941853523254395,0.625,2.0,0.0005675834526887444,6604,0.15
925,1.8733079433441162,0.42802366614341736,0.5625,1.5,0.0005674954036914418,9128,0.15
926,1.5207797288894653,0.5311830639839172,0.5,1.8359375,0.0005674072422494474,8867,0.15
927,1.7067264318466187,0.4928325414657593,0.5625,1.078125,0.0005673189684005268,12487,0.15
928,1.3972300291061401,0.5665377974510193,0.5625,1.2265625,0.0005672305821824937,16036,0.15
929,2.2347805500030518,0.3919999897480011,0.6875,1.1640625,0.0005671420836332098,4750,0.15
930,1.876598834991455,0.4328073263168335,0.5,1.046875,0.0005670534727905853,9949,0.15
931,1.81696355342865,0.44454383850097656,0.5,1.4140625,0.0005669647496925781,13416,0.15
932,1.7912583351135254,0.43958526849746704,0.5,1.2734375,0.0005668759143771944,7523,0.15
933,1.4401460886001587,0.5626269578933716,0.375,1.21875,0.0005667869668824886,11816,0.15
934,1.8588638305664062,0.46652495861053467,0.625,1.140625,0.0005666979072465625,6587,0.15
935,1.7995299100875854,0.45007893443107605,0.375,0.96484375,0.000566608735507567,10136,0.15
936,1.7794135808944702,0.47094985842704773,0.4375,1.0234375,0.0005665194517037001,11549,0.15
937,1.9404010772705078,0.4016166627407074,0.4375,1.28125,0.0005664300558732083,4701,0.15
938,1.600050449371338,0.5360965132713318,0.375,0.92578125,0.0005663405480543858,11774,0.15
939,1.6410619020462036,0.49185168743133545,0.6875,0.85546875,0.000566250928285575,18961,0.15
940,1.6641725301742554,0.5005261898040771,0.4375,1.0078125,0.0005661611966051661,19955,0.15
941,1.8033000230789185,0.48722043633461,0.375,1.3046875,0.0005660713530515973,10016,0.15
942,2.156930446624756,0.4003731608390808,0.3125,1.3203125,0.0005659813976633547,10183,0.15
943,1.471983551979065,0.5641003847122192,0.5,0.89453125,0.0005658913304789725,11677,0.15
944,1.5513380765914917,0.5600072145462036,0.125,1.4609375,0.0005658011515370325,11132,0.15
945,1.6437240839004517,0.5139029026031494,0.3125,1.3203125,0.0005657108608761645,9926,0.15
946,1.5525803565979004,0.545336127281189,0.25,1.03125,0.0005656204585350461,15352,0.15
947,1.3081923723220825,0.5845687985420227,0.25,1.2421875,0.0005655299445524029,15851,0.15
948,1.677316427230835,0.4994284212589264,0.6875,1.171875,0.0005654393189670081,13996,0.15
949,1.8868682384490967,0.46402838826179504,0.375,1.515625,0.0005653485818176829,9577,0.15
950,1.4609777927398682,0.5726129412651062,0.3125,1.078125,0.0005652577331432962,13992,0.15
951,1.5954324007034302,0.5000439286231995,0.5,1.3203125,0.0005651667729827647,11379,0.15
952,2.007814407348633,0.4327937066555023,0.25,1.1171875,0.0005650757013750527,13466,0.15
953,1.9936026334762573,0.4265294373035431,0.4375,1.09375,0.0005649845183591726,6996,0.15
954,1.5887866020202637,0.5300071239471436,0.8125,1.015625,0.0005648932239741843,11264,0.15
955,1.4429020881652832,0.5392948985099792,0.1875,1.2421875,0.0005648018182591952,15969,0.15
956,1.2655147314071655,0.6084663271903992,0.375,1.625,0.0005647103012533608,15166,0.15
957,1.777784824371338,0.43707239627838135,0.5,1.125,0.0005646186729958839,6285,0.15
958,1.3608125448226929,0.5654975175857544,0.4375,1.0,0.0005645269335260152,9779,0.15
959,2.0381669998168945,0.4122791290283203,0.1875,1.109375,0.0005644350828830532,5603,0.15
960,1.2941006422042847,0.6415424942970276,0.3125,0.953125,0.0005643431211063434,10269,0.15
961,1.7844600677490234,0.43343329429626465,0.1875,0.75390625,0.0005642510482352797,14339,0.15
962,1.912277340888977,0.43858879804611206,0.5,1.09375,0.000564158864309303,9127,0.15
963,1.521947979927063,0.5346731543540955,0.5625,1.1953125,0.0005640665693679019,12589,0.15
964,2.061288833618164,0.4026961624622345,0.25,1.1015625,0.0005639741634506127,14465,0.15
965,1.3526766300201416,0.6205679774284363,0.1875,1.3125,0.0005638816465970192,18417,0.15
966,1.352033019065857,0.6236155033111572,0.25,1.1484375,0.0005637890188467526,15168,0.15
967,1.6627516746520996,0.521994948387146,0.5,1.453125,0.0005636962802394917,7138,0.15
968,1.470907211303711,0.5164111256599426,0.5625,1.421875,0.0005636034308149628,24130,0.15
969,1.4386639595031738,0.5576496720314026,0.5,1.6015625,0.0005635104706129397,11726,0.15
970,1.2490370273590088,0.6024062037467957,0.1875,1.2578125,0.0005634173996732435,14130,0.15
971,1.281272292137146,0.6291998624801636,0.25,1.09375,0.0005633242180357428,19822,0.15
972,1.5844820737838745,0.5231313705444336,0.6875,1.8359375,0.0005632309257403538,11305,0.15
973,1.9259581565856934,0.44504591822624207,0.1875,1.6171875,0.0005631375228270399,12192,0.15
974,1.461385726928711,0.5239813327789307,0.5,1.5,0.0005630440093358119,14136,0.15
975,1.439371109008789,0.5946683883666992,0.5,1.40625,0.0005629503853067279,6227,0.15
976,1.6469042301177979,0.49279794096946716,0.25,1.21875,0.0005628566507798938,17009,0.15
977,1.6082957983016968,0.5264375805854797,0.375,1.3125,0.0005627628057954621,14260,0.15
978,2.122889280319214,0.41597476601600647,0.375,1.546875,0.0005626688503936333,6022,0.15
979,1.6640782356262207,0.5124139785766602,0.5,1.203125,0.0005625747846146548,10029,0.15
980,1.7029744386672974,0.4571513533592224,0.625,1.1484375,0.0005624806084988214,13466,0.15
981,2.1140613555908203,0.41904130578041077,0.4375,1.328125,0.0005623863220864751,4527,0.15
982,1.6604617834091187,0.5357358455657959,0.3125,1.3046875,0.0005622919254180052,9934,0.15
983,1.4848120212554932,0.547838568687439,0.5,0.83984375,0.0005621974185338484,20935,0.15
984,1.4373583793640137,0.6057215332984924,0.5,1.6796875,0.0005621028014744882,10277,0.15
985,1.6439704895019531,0.5296365022659302,0.375,1.484375,0.0005620080742804558,9161,0.15
986,2.157470941543579,0.3846626877784729,0.5,1.2109375,0.0005619132369923292,4877,0.15
987,1.7035975456237793,0.5112943649291992,0.1875,0.91796875,0.0005618182896507336,17221,0.15
988,1.453826665878296,0.601883053779602,0.25,1.5390625,0.0005617232322963415,8603,0.15
989,1.6637756824493408,0.4809616208076477,0.375,1.0546875,0.0005616280649698725,12895,0.15
990,1.4695844650268555,0.549893856048584,0.1875,1.28125,0.0005615327877120931,14601,0.15
991,1.7661285400390625,0.48422595858573914,0.1875,0.91015625,0.0005614374005638173,9541,0.15
992,1.9144259691238403,0.4426497220993042,0.625,1.0546875,0.0005613419035659058,11020,0.15
993,1.7858233451843262,0.4957996904850006,0.875,2.953125,0.0005612462967592663,12261,0.15
994,1.7644999027252197,0.48513156175613403,0.8125,1.25,0.0005611505801848541,14023,0.15
995,1.6509878635406494,0.5091267228126526,0.4375,1.2890625,0.0005610547538836707,19284,0.15
996,1.481276512145996,0.5477557182312012,0.25,0.90234375,0.0005609588178967655,24217,0.15
997,1.9288374185562134,0.4386235177516937,0.25,0.91015625,0.0005608627722652339,13629,0.15
998,1.717738389968872,0.5207369923591614,0.125,1.21875,0.0005607666170302193,14274,0.15
999,1.2755813598632812,0.6265486478805542,0.4375,1.359375,0.0005606703522329113,10170,0.15
1000,1.5975366830825806,0.5122597813606262,0.25,0.8203125,0.0005605739779145468,15090,0.15
1001,1.9425204992294312,0.45146188139915466,0.1875,0.8671875,0.0005604774941164093,9611,0.15
1002,1.8530899286270142,0.4507652521133423,0.125,0.9921875,0.0005603809008798296,10846,0.15
1003,1.9240740537643433,0.4385802745819092,0.5,0.9140625,0.0005602841982461851,7579,0.15
1004,1.434835433959961,0.566530704498291,0.125,1.0859375,0.0005601873862569,7846,0.15
1005,1.2466224431991577,0.6102245450019836,0.4375,0.9921875,0.0005600904649534456,10778,0.15
1006,1.5445126295089722,0.5381872653961182,0.1875,1.0703125,0.00055999343437734,14023,0.15
1007,1.7336729764938354,0.46417656540870667,0.5625,1.578125,0.0005598962945701479,8835,0.15
1008,1.8087815046310425,0.4679645001888275,0.125,1.0078125,0.000559799045573481,12174,0.15
1009,1.6853841543197632,0.5271009206771851,0.375,1.0546875,0.0005597016874289976,6033,0.15
1010,1.5601797103881836,0.5357206463813782,0.8125,1.15625,0.0005596042201784027,11282,0.15
1011,1.4425361156463623,0.6054378151893616,0.0625,1.5859375,0.0005595066438634484,4671,0.15
1012,1.9747148752212524,0.42412281036376953,0.625,1.1484375,0.0005594089585259334,6840,0.15
1013,1.5157023668289185,0.5528537034988403,0.5625,0.8515625,0.0005593111642077026,9952,0.15
1014,1.856814980506897,0.45713716745376587,0.4375,1.375,0.0005592132609506483,15083,0.15
1015,1.2140201330184937,0.6656323671340942,0.5625,1.2734375,0.000559115248796709,9346,0.15
1016,1.276598334312439,0.6460643410682678,0.25,0.96875,0.00055901712778787,16325,0.15
1017,2.0056917667388916,0.411410927772522,0.625,1.421875,0.0005589188979661633,6152,0.15
1018,1.1952192783355713,0.6574113965034485,0.5625,1.2578125,0.0005588205593736673,20745,0.15
1019,1.1290667057037354,0.6517372131347656,0.875,1.1796875,0.0005587221120525073,13441,0.15
1020,1.6605632305145264,0.46305957436561584,0.5,0.71875,0.000558623556044855,19166,0.15
1021,1.4514474868774414,0.5646975040435791,0.9375,0.796875,0.0005585248913929285,15472,0.15
1022,1.673242211341858,0.5207740068435669,0.375,1.0859375,0.0005584261181389926,10181,0.15
1023,1.4021459817886353,0.5591045022010803,0.5625,0.87109375,0.0005583272363253588,24076,0.15
1024,1.8002581596374512,0.4350639581680298,0.5625,1.0390625,0.0005582282459943849,13290,0.15
1025,1.9804956912994385,0.40929827094078064,0.3125,1.203125,0.0005581291471884751,9206,0.15
1026,1.8907074928283691,0.4159921109676361,0.625,1.203125,0.0005580299399500803,10130,0.15
1027,1.7434452772140503,0.4882919192314148,0.625,1.359375,0.0005579306243216974,8413,0.15
1028,1.9227811098098755,0.47523006796836853,0.9375,1.5703125,0.0005578312003458706,13040,0.15
1029,1.5009169578552246,0.5385637283325195,0.5625,1.3984375,0.0005577316680651895,21082,0.15
1030,1.4633538722991943,0.5942103266716003,0.25,1.390625,0.0005576320275222908,13645,0.15
1031,1.8605856895446777,0.46162617206573486,0.375,1.2265625,0.0005575322787598576,8769,0.15
1032,1.8894387483596802,0.47463592886924744,0.6875,0.94140625,0.0005574324218206185,6249,0.15
1033,2.1403958797454834,0.3877819776535034,0.4375,1.2890625,0.0005573324567473494,6073,0.15
1034,1.1394304037094116,0.681107223033905,0.25,1.125,0.0005572323835828721,8887,0.15
1035,1.4248405694961548,0.5603948831558228,0.3125,0.9453125,0.0005571322023700549,10332,0.15
1036,1.7772663831710815,0.4488479197025299,0.125,1.2109375,0.0005570319131518119,8680,0.15
1037,1.6490695476531982,0.528128981590271,0.3125,1.8203125,0.0005569315159711043,5457,0.15
1038,1.9788117408752441,0.43960848450660706,0.3125,1.2109375,0.0005568310108709385,9604,0.15
1039,1.2354047298431396,0.6208862662315369,0.4375,1.9375,0.0005567303978943681,3859,0.15
1040,1.7656193971633911,0.4723109304904938,0.75,1.3515625,0.0005566296770844924,12839,0.15
1041,1.5882636308670044,0.5040337443351746,1.0,1.0859375,0.0005565288484844571,10908,0.15
1042,1.4226408004760742,0.5645161271095276,0.5,1.2890625,0.0005564279121374539,11284,0.15
1043,1.7780132293701172,0.4451156258583069,0.1875,1.171875,0.0005563268680867206,11588,0.15
1044,1.2997047901153564,0.5985149145126343,0.375,1.1796875,0.0005562257163755412,15622,0.15
1045,1.7215721607208252,0.492091566324234,0.4375,1.0234375,0.000556124457047246,9610,0.15
1046,1.2664906978607178,0.6383928656578064,0.5,1.546875,0.0005560230901452116,10080,0.15
1047,1.5472265481948853,0.5368241667747498,0.5625,1.3984375,0.0005559216157128598,16443,0.15
1048,2.3969883918762207,0.33037105202674866,0.375,1.59375,0.0005558200337936594,6414,0.15
1049,1.34115731716156,0.6062077283859253,0.0625,0.94921875,0.0005557183444311249,10503,0.15
1050,1.6308985948562622,0.5224534273147583,0.25,1.0234375,0.0005556165476688164,10956,0.15
1051,1.6653790473937988,0.48283007740974426,0.0625,0.91796875,0.0005555146435503407,10134,0.15
1052,2.050713062286377,0.4408233165740967,0.125,1.3515625,0.0005554126321193503,9328,0.15
1053,1.6451241970062256,0.4960414171218872,0.25,1.1796875,0.0005553105134195436,9852,0.15
1054,1.5532845258712769,0.5390539169311523,0.5,0.93359375,0.0005552082874946649,12726,0.15
1055,1.6209477186203003,0.495742529630661,0.125,0.859375,0.0005551059543885046,18673,0.15
1056,1.491350531578064,0.5586766600608826,0.125,0.984375,0.0005550035141448991,6408,0.15
1057,2.0277256965637207,0.41015690565109253,0.5625,1.234375,0.0005549009668077304,5927,0.15
1058,1.5036208629608154,0.5410614609718323,0.625,1.0859375,0.0005547983124209265,10740,0.15
1059,1.783990502357483,0.5073778033256531,0.5625,0.9296875,0.0005546955510284615,7387,0.15
1060,1.700922966003418,0.4652648866176605,0.6875,0.69140625,0.0005545926826743548,13459,0.15
1061,1.9116599559783936,0.43887636065483093,0.4375,0.89453125,0.000554489707402672,5767,0.15
1062,1.6021729707717896,0.539733350276947,0.4375,1.109375,0.0005543866252575246,15000,0.15
1063,0.9527310132980347,0.763719916343689,0.0,1.4296875,0.0005542834362830697,19151,0.15
1064,1.9621914625167847,0.4145275950431824,0.625,0.82421875,0.0005541801405235101,7324,0.15
1065,1.6115238666534424,0.5334542989730835,0.1875,0.80859375,0.0005540767380230944,8818,0.15
1066,1.5890215635299683,0.5083205699920654,0.25,0.96484375,0.0005539732288261169,16946,0.15
1067,1.7556523084640503,0.476296067237854,0.3125,1.25,0.0005538696129769178,15335,0.15
1068,1.6659213304519653,0.49932265281677246,0.9375,1.3046875,0.0005537658905198828,14025,0.15
1069,1.4953978061676025,0.5923502445220947,0.5625,1.4453125,0.0005536620614994432,8863,0.15
1070,1.301800012588501,0.6482653617858887,0.125,1.7578125,0.0005535581259600762,3949,0.15
1071,1.6890995502471924,0.48212140798568726,0.1875,1.03125,0.0005534540839463044,13312,0.15
1072,1.7460815906524658,0.486400842666626,0.25,1.2421875,0.0005533499355026961,11361,0.15
1073,1.6321660280227661,0.511086642742157,0.4375,1.1328125,0.0005532456806738652,14522,0.15
1074,1.6275441646575928,0.5005617737770081,0.5,1.3515625,0.0005531413195044712,21360,0.15
1075,1.5645616054534912,0.5244715213775635,0.6875,0.984375,0.0005530368520392189,10502,0.15
1076,1.8584725856781006,0.5946704149246216,0.375,2.453125,0.0005529322783228591,7130,0.15
1077,1.6887681484222412,0.5255977511405945,0.75,1.4609375,0.0005528275984001878,14220,0.15
1078,1.5855218172073364,0.5195887088775635,0.5,0.90234375,0.0005527228123160464,19450,0.15
1079,1.8353173732757568,0.4292792081832886,0.375,1.1875,0.0005526179201153222,6257,0.15
1080,1.9115290641784668,0.44202369451522827,0.625,1.078125,0.0005525129218429474,6839,0.15
1081,1.9284298419952393,0.4286503493785858,0.5,1.328125,0.0005524078175439001,5431,0.15
1082,1.5198768377304077,0.5731503367424011,0.3125,0.8515625,0.0005523026072632034,11948,0.15
1083,1.4043121337890625,0.5583053827285767,0.375,1.3125,0.0005521972910459264,9536,0.15
1084,1.6431715488433838,0.5100540518760681,0.4375,1.0,0.0005520918689371832,21086,0.15
1085,2.06805157661438,0.42338573932647705,0.3125,1.2265625,0.0005519863409821329,14821,0.15
1086,1.9245502948760986,0.41170579195022583,0.6875,0.9765625,0.0005518807072259806,6988,0.15
1087,1.5378211736679077,0.5507169365882874,0.3125,1.3515625,0.0005517749677139765,7532,0.15
1088,1.898352861404419,0.4383498430252075,0.3125,1.3203125,0.000551669122491416,8678,0.15
1089,1.6293336153030396,0.5083949565887451,0.6875,2.125,0.0005515631716036396,11495,0.15
1090,1.869304895401001,0.46564045548439026,0.5625,1.25,0.0005514571150960336,9095,0.15
1091,1.4872112274169922,0.5704042315483093,0.375,1.40625,0.0005513509530140292,8089,0.15
1092,1.8702335357666016,0.41792991757392883,0.3125,1.4453125,0.0005512446854031025,6135,0.15
1093,1.6847466230392456,0.466196745634079,0.125,1.109375,0.0005511383123087758,9363,0.15
1094,1.943513035774231,0.407529354095459,0.3125,1.2890625,0.0005510318337766155,6986,0.15
1095,1.5966503620147705,0.505302906036377,0.5,1.375,0.0005509252498522336,20932,0.15
1096,1.6631547212600708,0.5026407837867737,0.5625,1.296875,0.0005508185605812875,11171,0.15
1097,1.5213671922683716,0.5583792924880981,0.5625,1.7421875,0.0005507117660094792,13772,0.15
1098,1.2501204013824463,0.5995440483093262,0.5,1.3125,0.0005506048661825565,6580,0.15
1099,1.2023608684539795,0.6180633306503296,0.375,0.9765625,0.0005504978611463116,14272,0.15
1100,1.9119598865509033,0.43338143825531006,0.625,1.0859375,0.0005503907509465823,6237,0.15
1101,1.912490725517273,0.4577609598636627,0.5625,0.84765625,0.0005502835356292508,9245,0.15
1102,2.1676459312438965,0.38636693358421326,0.75,1.3828125,0.000550176215240245,6895,0.15
1103,1.8120132684707642,0.4396739602088928,0.875,0.8515625,0.0005500687898255376,12391,0.15
1104,1.9079660177230835,0.44975200295448303,0.125,1.1328125,0.0005499612594311461,9274,0.15
1105,1.4929150342941284,0.5423298478126526,0.75,1.125,0.0005498536241031333,13005,0.15
1106,1.9785099029541016,0.4315572679042816,0.25,0.828125,0.0005497458838876066,6794,0.15
1107,1.5083502531051636,0.5870996713638306,0.0625,1.1484375,0.0005496380388307183,11085,0.15
1108,1.6366115808486938,0.49456077814102173,0.0625,1.1953125,0.0005495300889786662,8549,0.15
1109,1.4532190561294556,0.5538774132728577,0.1875,1.0703125,0.0005494220343776925,24101,0.15
1110,1.3093048334121704,0.5864661931991577,0.3125,1.0625,0.000549313875074084,9975,0.15
1111,1.718448519706726,0.5070106983184814,0.25,1.6953125,0.000549205611114173,10270,0.15
1112,1.8750680685043335,0.46846991777420044,0.1875,0.921875,0.0005490972425443363,12385,0.15
1113,1.6849771738052368,0.4612361490726471,0.25,0.9296875,0.0005489887694109957,19593,0.15
1114,1.5927956104278564,0.5348052382469177,0.3125,1.1640625,0.0005488801917606173,10372,0.15
1115,1.3467968702316284,0.5809372067451477,0.5,0.9296875,0.0005487715096397127,19441,0.15
1116,1.848494052886963,0.4524379074573517,0.4375,1.0703125,0.0005486627230948375,5435,0.15
1117,1.4232202768325806,0.5731697082519531,0.25,1.1171875,0.0005485538321725927,24368,0.15
1118,1.8390069007873535,0.4196217358112335,0.625,1.15625,0.0005484448369196235,5076,0.15
1119,1.5553635358810425,0.529347836971283,0.9375,1.578125,0.0005483357373826201,11960,0.15
1120,2.2463467121124268,0.33643409609794617,0.4375,1.328125,0.0005482265336083173,8385,0.15
1121,1.6629821062088013,0.4612104296684265,0.5625,1.234375,0.0005481172256434944,13367,0.15
1122,1.6252177953720093,0.54828280210495,0.6875,1.546875,0.0005480078135349758,4950,0.15
1123,1.5323296785354614,0.5273376703262329,0.375,1.1171875,0.0005478982973296298,8962,0.15
1124,1.929347038269043,0.42250651121139526,0.375,1.078125,0.0005477886770743698,8833,0.15
1125,1.594361424446106,0.5052850842475891,0.0625,1.265625,0.0005476789528161536,18732,0.15
1126,1.5769600868225098,0.5140357613563538,0.125,0.90625,0.0005475691246019836,17491,0.15
1127,1.8067959547042847,0.4308367967605591,0.4375,1.5546875,0.0005474591924789068,8198,0.15
1128,1.315394639968872,0.6127691268920898,0.125,1.6796875,0.0005473491564940144,12029,0.15
1129,1.50399649143219,0.5220292210578918,0.1875,1.265625,0.0005472390166944426,18884,0.15
1130,1.6616170406341553,0.49434247612953186,0.5,1.3515625,0.0005471287731273717,14494,0.15
1131,1.7656452655792236,0.4330047369003296,0.1875,1.2265625,0.0005470184258400265,13695,0.15
1132,1.4589163064956665,0.553952157497406,0.875,1.3515625,0.0005469079748796761,12335,0.15
1133,1.7736656665802002,0.45371636748313904,0.25,1.0,0.0005467974202936347,8772,0.15
1134,1.4073731899261475,0.5214159488677979,0.3125,1.0625,0.0005466867621292598,14125,0.15
1135,1.6390196084976196,0.510691225528717,0.25,1.203125,0.0005465760004339542,25722,0.15
1136,1.0685598850250244,0.6830803155899048,0.0,0.9765625,0.0005464651352551644,22725,0.15
1137,1.7541176080703735,0.4737531840801239,0.0,1.3046875,0.0005463541666403818,13735,0.15
1138,1.7005165815353394,0.4921926259994507,0.125,1.0703125,0.0005462430946371417,15242,0.15
1139,1.7993577718734741,0.47057831287384033,0.0625,1.109375,0.0005461319192930239,11845,0.15
1140,1.7226694822311401,0.4928085505962372,0.5,1.4921875,0.0005460206406556524,8969,0.15
1141,1.3727095127105713,0.5648990869522095,0.0625,1.0625,0.0005459092587726952,24176,0.15
1142,1.9384329319000244,0.41361555457115173,0.3125,1.1015625,0.000545797773691865,6992,0.15
1143,1.2035300731658936,0.6527546048164368,0.3125,1.1875,0.0005456861854609183,10183,0.15
1144,1.6451505422592163,0.5255199670791626,0.125,1.1328125,0.0005455744941276562,18319,0.15
1145,1.8294869661331177,0.4272975027561188,0.6875,1.03125,0.0005454626997399235,8074,0.15
1146,1.2089173793792725,0.6126205325126648,0.75,1.1328125,0.0005453508023456093,18256,0.15
1147,1.58307683467865,0.4959809482097626,0.625,1.046875,0.0005452388019926471,13436,0.15
1148,1.757075309753418,0.4746255874633789,0.25,1.5546875,0.0005451266987290143,18897,0.15
1149,1.7670930624008179,0.4861375093460083,0.375,1.1796875,0.0005450144926027321,12624,0.15
1150,1.3871780633926392,0.6183563470840454,0.1875,1.34375,0.0005449021836618663,8542,0.15
1151,1.7550798654556274,0.4984166622161865,0.125,1.125,0.0005447897719545264,8842,0.15
1152,1.499618411064148,0.5560958981513977,0.3125,1.015625,0.000544677257528866,20768,0.15
1153,1.2705020904541016,0.629685640335083,0.4375,0.8984375,0.0005445646404330827,18514,0.15
1154,1.8117094039916992,0.48757293820381165,0.625,1.3203125,0.0005444519207154182,9254,0.15
1155,1.6712411642074585,0.5265442132949829,0.3125,1.0703125,0.0005443390984241578,6913,0.15
1156,1.5532926321029663,0.5086299180984497,0.25,1.234375,0.0005442261736076313,16802,0.15
1157,1.4619020223617554,0.5828821063041687,0.9375,1.046875,0.0005441131463142119,4802,0.15
1158,1.622449278831482,0.5027773380279541,0.8125,1.140625,0.0005440000165923168,12602,0.15
1159,1.327394723892212,0.5877606868743896,0.875,0.9453125,0.0005438867844904075,14625,0.15
1160,1.4314817190170288,0.5567337274551392,0.5,1.5390625,0.0005437734500569886,9148,0.15
1161,1.8127139806747437,0.4503311216831207,0.375,1.6328125,0.0005436600133406095,9966,0.15
1162,1.7378484010696411,0.4584503471851349,0.4375,1.3125,0.0005435464743898624,9615,0.15
1163,1.9572449922561646,0.42567673325538635,0.4375,1.28125,0.000543432833253384,12930,0.15
1164,1.7322946786880493,0.45036935806274414,0.375,1.1796875,0.0005433190899798546,11777,0.15
1165,1.1757838726043701,0.6264913082122803,0.125,1.1640625,0.0005432052446179982,16345,0.15
1166,1.3203630447387695,0.5936229825019836,0.25,1.0625,0.0005430912972165824,7872,0.15
1167,1.8296282291412354,0.4302442967891693,0.4375,1.2578125,0.0005429772478244188,9906,0.15
1168,1.5040702819824219,0.5323959589004517,0.3125,1.4296875,0.0005428630964903623,10526,0.15
1169,1.4581575393676758,0.5975627303123474,0.5,1.0625,0.0005427488432633121,7057,0.15
1170,2.089073657989502,0.3762355148792267,0.625,1.1328125,0.0005426344881922102,14164,0.15
1171,1.7378851175308228,0.47598353028297424,0.625,2.140625,0.0005425200313260431,8744,0.15
1172,1.5531665086746216,0.511547327041626,0.8125,1.25,0.0005424054727138402,13856,0.15
1173,1.6645045280456543,0.4987756013870239,0.625,1.2109375,0.0005422908124046749,8984,0.15
1174,1.7301067113876343,0.48176804184913635,0.3125,0.90625,0.000542176050447664,12149,0.15
1175,1.679924726486206,0.4987078309059143,0.6875,1.140625,0.0005420611868919678,14704,0.15
1176,1.8289304971694946,0.45392274856567383,0.5,0.92578125,0.0005419462217867902,14161,0.15
1177,1.501002311706543,0.5437822937965393,0.4375,1.2109375,0.0005418311551813787,19951,0.15
1178,1.7883021831512451,0.46118414402008057,0.25,1.0390625,0.0005417159871250242,10421,0.15
1179,1.6539685726165771,0.5063608884811401,0.3125,2.171875,0.0005416007176670609,5974,0.15
1180,1.5147088766098022,0.5447748303413391,0.625,1.515625,0.0005414853468568668,16985,0.15
1181,1.6440328359603882,0.4757091999053955,0.375,1.421875,0.0005413698747438628,8707,0.15
1182,1.666103720664978,0.4832822382450104,0.1875,1.234375,0.0005412543013775138,13698,0.15
1183,1.4749159812927246,0.5242514610290527,0.3125,1.3828125,0.0005411386268073274,22844,0.15
1184,1.6455564498901367,0.5261788368225098,0.3125,0.9765625,0.0005410228510828552,9607,0.15
1185,1.8301787376403809,0.4527064859867096,0.375,1.21875,0.0005409069742536917,5339,0.15
1186,1.5286121368408203,0.5098700523376465,0.125,1.8828125,0.0005407909963694749,10081,0.15
1187,1.0615302324295044,0.6929272413253784,0.0625,1.0078125,0.000540674917479886,20982,0.15
1188,1.969506859779358,0.4307975769042969,0.4375,1.3515625,0.0005405587376346496,7059,0.15
1189,1.473962426185608,0.5536858439445496,0.125,1.296875,0.0005404424568835333,20443,0.15
1190,1.4323935508728027,0.520233154296875,0.625,2.078125,0.0005403260752763482,23847,0.15
1191,1.692439317703247,0.46977952122688293,0.3125,0.65625,0.0005402095928629486,11565,0.15
1192,1.4705311059951782,0.5398418307304382,0.125,1.4296875,0.0005400930096932315,9864,0.15
1193,1.5607264041900635,0.49704018235206604,0.625,1.2890625,0.0005399763258171378,14359,0.15
1194,1.5593076944351196,0.5264752507209778,0.5,1.125,0.0005398595412846511,6931,0.15
1195,1.8532143831253052,0.4380681812763214,0.375,0.87109375,0.0005397426561457979,12320,0.15
1196,1.8166018724441528,0.4460119307041168,0.375,0.73828125,0.0005396256704506484,12901,0.15
1197,1.44930899143219,0.5271613001823425,0.4375,0.7109375,0.0005395085842493153,13383,0.15
1198,1.586999535560608,0.5489785075187683,0.0625,1.59375,0.000539391397591955,3818,0.15
1199,1.3081748485565186,0.65336012840271,0.0,1.2890625,0.0005392741105287661,8467,0.15
1200,1.4345905780792236,0.5558584928512573,0.5,0.796875,0.0005391567231099909,15405,0.15
1201,1.9575393199920654,0.43896788358688354,0.375,1.1640625,0.0005390392353859143,9495,0.15
1202,1.2931571006774902,0.5926628708839417,0.5,1.0390625,0.0005389216474068644,11067,0.15
1203,1.7001415491104126,0.49153053760528564,0.25,1.1875,0.0005388039592232123,9918,0.15
1204,1.9250956773757935,0.4561308026313782,0.9375,1.5546875,0.0005386861708853715,7340,0.15
1205,1.5242000818252563,0.5537225008010864,0.625,1.125,0.0005385682824437992,14184,0.15
1206,1.852478265762329,0.46940043568611145,0.6875,2.125,0.0005384502939489947,3219,0.15
1207,1.822707176208496,0.4609082043170929,0.3125,0.703125,0.0005383322054515007,10130,0.15
1208,1.8433881998062134,0.4148542284965515,0.625,1.796875,0.0005382140170019026,8644,0.15
1209,1.7601747512817383,0.46023449301719666,0.3125,0.9453125,0.0005380957286508285,14158,0.15
1210,1.9037888050079346,0.48247575759887695,0.25,1.6484375,0.0005379773404489496,9387,0.15
1211,1.6393245458602905,0.47888192534446716,0.0625,0.8046875,0.0005378588524469792,19462,0.15
1212,1.7126184701919556,0.4798872768878937,0.1875,1.03125,0.0005377402646956741,10292,0.15
1213,1.8144203424453735,0.4634126126766205,0.4375,0.96875,0.0005376215772458334,12108,0.15
1214,1.8484070301055908,0.4529847502708435,0.3125,0.9921875,0.0005375027901482993,8912,0.15
1215,1.2479175329208374,0.6855288743972778,0.0625,1.96875,0.000537383903453956,9861,0.15
1216,1.9006601572036743,0.4166666567325592,0.25,1.1875,0.0005372649172137312,10704,0.15
1217,1.6367390155792236,0.5002663135528564,0.0625,1.296875,0.0005371458314785945,9387,0.15
1218,1.4157679080963135,0.538657009601593,0.4375,1.4609375,0.0005370266462995585,23217,0.15
1219,1.4618492126464844,0.5159614086151123,0.25,1.09375,0.0005369073617276785,13470,0.15
1220,2.020984172821045,0.4173121154308319,0.4375,0.953125,0.0005367879778140521,16139,0.15
1221,1.7090318202972412,0.5061502456665039,0.1875,1.265625,0.0005366684946098197,9837,0.15
1222,1.492122769355774,0.5319682955741882,0.5625,1.015625,0.000536548912166164,15140,0.15
1223,1.126858115196228,0.7205408811569214,0.1875,2.125,0.0005364292305343102,9318,0.15
1224,1.2965781688690186,0.6301765441894531,0.5,1.046875,0.0005363094497655264,9007,0.15
1225,1.6599079370498657,0.5239696502685547,0.4375,1.171875,0.0005361895699111227,12787,0.15
1226,1.363878607749939,0.5788986086845398,0.5625,1.2265625,0.0005360695910224518,14037,0.15
1227,1.865132212638855,0.4324673116207123,0.5,1.265625,0.0005359495131509089,6197,0.15
1228,1.5515533685684204,0.5136823058128357,0.5,1.0078125,0.0005358293363479315,10890,0.15
1229,1.3821967840194702,0.590668797492981,0.4375,0.84375,0.0005357090606649996,7566,0.15
1230,1.7690551280975342,0.4939524233341217,0.375,1.046875,0.0005355886861536355,24638,0.15
1231,1.7267276048660278,0.49677419662475586,0.625,0.9453125,0.0005354682128654038,6045,0.15
1232,1.5944870710372925,0.5127041935920715,0.6875,0.9453125,0.0005353476408519112,14326,0.15
1233,1.4703556299209595,0.5404802560806274,0.4375,1.15625,0.0005352269701648072,15242,0.15
1234,1.5175855159759521,0.5472437143325806,0.625,1.34375,0.0005351062008557831,9705,0.15
1235,1.9153034687042236,0.43077605962753296,0.3125,1.4453125,0.0005349853329765729,11275,0.15
1236,1.4613449573516846,0.5443593263626099,0.6875,0.88671875,0.0005348643665789523,13447,0.15
1237,1.358352541923523,0.6021578311920166,0.625,1.65625,0.0005347433017147396,10288,0.15
1238,1.5896095037460327,0.5759408473968506,0.375,1.296875,0.0005346221384357951,5952,0.15
1239,1.781982660293579,0.4994973838329315,0.25,0.91015625,0.0005345008767940212,9948,0.15
1240,1.7160570621490479,0.47765007615089417,0.3125,1.0546875,0.0005343795168413628,9396,0.15
1241,1.8768627643585205,0.4588263928890228,0.3125,1.1640625,0.0005342580586298063,16394,0.15
1242,1.7090446949005127,0.48647549748420715,0.1875,0.9375,0.0005341365022113808,9834,0.15
1243,1.817768931388855,0.4379432499408722,0.625,1.1171875,0.0005340148476381571,4512,0.15
1244,1.5544073581695557,0.5756186842918396,0.5625,1.0625,0.0005338930949622482,4364,0.15
1245,1.4776742458343506,0.5833226442337036,0.75,1.4140625,0.0005337712442358091,7783,0.15
1246,1.7361464500427246,0.49378451704978943,0.8125,1.390625,0.0005336492955110367,8688,0.15
1247,1.313863754272461,0.6033894419670105,0.5,0.81640625,0.0005335272488401699,17879,0.15
1248,0.9606950879096985,0.7244408130645752,0.1875,0.91796875,0.0005334051042754899,20834,0.15
1249,1.373248815536499,0.5746356248855591,0.0625,0.67578125,0.0005332828618693192,23876,0.15
1250,1.9140747785568237,0.4383617639541626,0.625,1.0703125,0.0005331605216740229,7325,0.15
1251,1.299271821975708,0.6017733216285706,0.4375,0.81640625,0.0005330380837420074,7782,0.15
1252,1.6594619750976562,0.506733238697052,0.125,0.87890625,0.0005329155481257212,11213,0.15
1253,1.50029456615448,0.5614378452301025,0.375,1.03125,0.0005327929148776549,14828,0.15
1254,1.6535205841064453,0.49935200810432434,0.125,0.828125,0.0005326701840503405,10031,0.15
1255,1.5147993564605713,0.5236130952835083,0.125,1.1328125,0.0005325473556963521,14060,0.15
1256,1.339115023612976,0.6303021311759949,0.0625,0.8984375,0.0005324244298683052,13273,0.15
1257,1.5951589345932007,0.5008981227874756,0.125,1.2421875,0.0005323014066188577,11134,0.15
1258,1.2102934122085571,0.6294968724250793,0.25,0.8359375,0.0005321782860007087,7811,0.15
1259,1.2512240409851074,0.6526657938957214,0.5,1.3359375,0.0005320550680665992,8928,0.15
1260,1.2516357898712158,0.6095743775367737,0.625,1.1328125,0.0005319317528693116,14497,0.15
1261,1.5853993892669678,0.4781655967235565,0.5,0.796875,0.0005318083404616705,19167,0.15
1262,1.4632604122161865,0.5462067127227783,0.1875,1.0703125,0.0005316848308965417,13537,0.15
1263,1.1881858110427856,0.6577699184417725,0.25,0.9140625,0.0005315612242268329,19820,0.15
1264,1.4519827365875244,0.5502221584320068,0.625,0.90234375,0.0005314375205054931,15979,0.15
1265,1.9104282855987549,0.4588530361652374,0.375,1.0078125,0.0005313137197855134,13950,0.15
1266,1.4016332626342773,0.5636009573936462,0.4375,0.96875,0.0005311898221199256,12830,0.15
1267,1.3460512161254883,0.5577279925346375,0.6875,1.109375,0.0005310658275618038,25880,0.15
1268,1.7756977081298828,0.49183526635169983,0.6875,1.21875,0.0005309417361642633,9737,0.15
1269,1.6141570806503296,0.5358334183692932,0.375,0.86328125,0.000530817547980461,7493,0.15
1270,1.409694790840149,0.5694862604141235,0.375,1.3359375,0.0005306932630635949,12283,0.15
1271,1.2833195924758911,0.5978002548217773,0.375,1.1875,0.000530568881466905,10092,0.15
1272,0.9247152805328369,0.7760125994682312,0.125,1.34375,0.0005304444032436723,15233,0.15
1273,1.3445335626602173,0.5787344574928284,0.25,0.73046875,0.0005303198284472194,24227,0.15
1274,1.731351375579834,0.46483922004699707,0.4375,1.1484375,0.0005301951571309101,8646,0.15
1275,1.736579179763794,0.47152766585350037,0.6875,1.015625,0.0005300703893481495,6199,0.15
1276,1.6341935396194458,0.5062508583068848,0.3125,1.1171875,0.0005299455251523845,15038,0.15
1277,1.7760018110275269,0.42627230286598206,0.5,1.046875,0.0005298205645971027,11495,0.15
1278,1.7254126071929932,0.43237724900245667,0.4375,1.0078125,0.0005296955077358331,10285,0.15
1279,1.4129198789596558,0.5632057785987854,0.4375,1.328125,0.0005295703546221465,12752,0.15
1280,1.8193066120147705,0.46585050225257874,0.4375,0.9453125,0.0005294451053096541,7760,0.15
1281,1.6211093664169312,0.5125306844711304,0.375,0.85546875,0.0005293197598520091,20789,0.15
1282,1.486279845237732,0.5351707935333252,0.5,1.3359375,0.0005291943183029052,12880,0.15
1283,1.7282791137695312,0.5118798613548279,0.25,0.99609375,0.0005290687807160778,12921,0.15
1284,1.502296805381775,0.5479405522346497,0.3125,1.0078125,0.000528943147145303,20734,0.15
1285,1.7099982500076294,0.4847707152366638,0.4375,1.078125,0.0005288174176443986,11688,0.15
1286,2.07234787940979,0.40539461374282837,0.25,1.0703125,0.0005286915922672226,5005,0.15
1287,1.2406014204025269,0.6484028100967407,0.125,1.3984375,0.000528565671067675,4727,0.15
1288,1.1619412899017334,0.6666666865348816,0.25,1.25,0.0005284396540996963,4044,0.15
1289,1.5003585815429688,0.5138582587242126,0.75,1.046875,0.000528313541417268,12700,0.15
1290,1.9670379161834717,0.4107864499092102,0.625,1.3984375,0.0005281873330744132,6434,0.15
1291,1.7258710861206055,0.4997091293334961,0.5625,1.296875,0.0005280610291251951,12033,0.15
1292,1.762520670890808,0.434857040643692,0.6875,1.2578125,0.0005279346296237186,9932,0.15
1293,1.6892943382263184,0.5091436505317688,0.5,1.015625,0.0005278081346241291,8968,0.15
1294,1.646254539489746,0.5278569459915161,0.5,1.34375,0.000527681544180613,7718,0.15
1295,2.018836498260498,0.4055648446083069,0.3125,1.046875,0.0005275548583473977,8985,0.15
1296,1.4694963693618774,0.5723469257354736,0.875,1.3984375,0.0005274280771787514,9800,0.15
1297,1.6633994579315186,0.4662122428417206,0.0,0.890625,0.0005273012007289831,11883,0.15
1298,1.272643804550171,0.6483485102653503,0.125,0.9453125,0.0005271742290524426,17560,0.15
1299,1.5804831981658936,0.5416367053985596,0.25,0.84375,0.0005270471622035205,11120,0.15
1300,1.7655730247497559,0.4783428907394409,0.375,3.265625,0.0005269200002366484,13252,0.15
1301,1.319124698638916,0.5770557522773743,0.25,0.78515625,0.0005267927432062983,24346,0.15
1302,1.6203694343566895,0.4973900020122528,0.5,0.84375,0.000526665391166983,17433,0.15
1303,1.653041958808899,0.46193426847457886,0.3125,1.0390625,0.0005265379441732562,8551,0.15
1304,1.8775702714920044,0.47936680912971497,0.375,0.953125,0.000526410402279712,7391,0.15
1305,1.400014042854309,0.5764859318733215,0.5,1.203125,0.0005262827655409855,19971,0.15
1306,1.2449556589126587,0.5994477272033691,0.3125,0.60546875,0.0005261550340117521,23540,0.15
1307,1.9009511470794678,0.4385640621185303,0.875,1.1953125,0.0005260272077467278,7577,0.15
1308,1.478790283203125,0.5535220503807068,0.9375,1.2890625,0.0005258992868006696,14097,0.15
1309,1.3936936855316162,0.5649462342262268,0.75,1.1328125,0.0005257712712283747,15713,0.15
1310,1.2265456914901733,0.6586074829101562,0.4375,0.83984375,0.0005256431610846805,15138,0.15
1311,1.9607547521591187,0.41818422079086304,0.1875,0.875,0.000525514956424466,7523,0.15
1312,1.3302421569824219,0.5757275819778442,0.1875,1.609375,0.0005253866573026495,8075,0.15
1313,1.9023135900497437,0.42063403129577637,0.4375,1.453125,0.0005252582637741904,8801,0.15
1314,1.1669468879699707,0.6460939645767212,0.375,0.9921875,0.0005251297758940884,14388,0.15
1315,1.759149193763733,0.44423484802246094,0.3125,1.0625,0.0005250011937173837,8482,0.15
1316,1.6226115226745605,0.5234478116035461,0.625,0.921875,0.0005248725172991568,9084,0.15
1317,1.5972226858139038,0.4787549376487732,0.25,0.82421875,0.0005247437466945284,8096,0.15
1318,1.5150290727615356,0.4953714609146118,0.625,2.25,0.00052461488195866,17068,0.15
1319,1.5266252756118774,0.5520601272583008,0.1875,1.5546875,0.000524485923146753,8519,0.15
1320,1.2766622304916382,0.6389628052711487,0.375,2.359375,0.0005243568703140495,10143,0.15
1321,1.2674189805984497,0.5959218740463257,0.0625,0.9140625,0.0005242277235158312,24374,0.15
1322,1.254316806793213,0.6000415086746216,0.25,0.58203125,0.0005240984828074209,24075,0.15
1323,1.6884006261825562,0.4857833683490753,0.25,1.1484375,0.0005239691482441809,10340,0.15
1324,1.5019716024398804,0.5518207550048828,0.3125,0.984375,0.0005238397198815143,15351,0.15
1325,1.300655722618103,0.6060954332351685,0.3125,0.9140625,0.0005237101977748638,13059,0.15
1326,1.7841516733169556,0.44812798500061035,0.375,1.3203125,0.0005235805819797128,8627,0.15
1327,1.407411813735962,0.5710138082504272,0.1875,1.3203125,0.0005234508725515845,20320,0.15
1328,1.1445841789245605,0.6573944091796875,0.1875,1.0078125,0.0005233210695460424,20671,0.15
1329,1.756736397743225,0.46883469820022583,0.375,0.9921875,0.0005231911730186898,13653,0.15
1330,1.3905826807022095,0.5777718424797058,0.25,1.0390625,0.0005230611830251703,7477,0.15
1331,1.1508779525756836,0.6723842024803162,0.375,0.765625,0.0005229310996211676,17490,0.15
1332,1.237359642982483,0.6120732426643372,0.5,1.1015625,0.0005228009228624051,10105,0.15
1333,1.4126783609390259,0.556894063949585,0.25,1.1328125,0.0005226706528046466,13780,0.15
1334,1.8265925645828247,0.45525336265563965,0.5,1.0546875,0.0005225402895036955,8604,0.15
1335,1.9138412475585938,0.41743698716163635,0.25,1.1484375,0.0005224098330153954,10277,0.15
1336,1.5319546461105347,0.5243684649467468,0.5,0.94921875,0.0005222792833956296,10649,0.15
1337,1.6135755777359009,0.5188766121864319,0.4375,1.0078125,0.0005221486407003216,8688,0.15
1338,1.6294615268707275,0.5075129866600037,0.375,1.6015625,0.0005220179049854343,10981,0.15
1339,1.498535394668579,0.5522363781929016,0.75,1.03125,0.000521887076306971,12319,0.15
1340,1.5973405838012695,0.5251914262771606,0.75,0.921875,0.0005217561547209744,8098,0.15
1341,1.2840183973312378,0.5924463272094727,0.4375,0.82421875,0.0005216251402835272,13927,0.15
1342,1.47813880443573,0.5417776703834534,0.5625,0.9765625,0.0005214940330507518,8258,0.15
1343,1.8461960554122925,0.4639981985092163,0.3125,1.765625,0.0005213628330788103,8819,0.15
1344,1.2480539083480835,0.645168662071228,0.8125,1.78125,0.0005212315404239048,4388,0.15
1345,1.247356653213501,0.6390361189842224,0.4375,1.375,0.0005211001551422767,10001,0.15
1346,2.2607030868530273,0.3482937812805176,0.25,1.4296875,0.0005209686772902073,8088,0.15
1347,1.303908109664917,0.6299300789833069,0.5625,0.91796875,0.0005208371069240177,7150,0.15
1348,1.5906670093536377,0.5078740119934082,0.3125,1.3828125,0.0005207054441000683,8636,0.15
1349,1.6560447216033936,0.5045521855354309,0.0625,0.87890625,0.0005205736888747594,9446,0.15
1350,1.7704088687896729,0.485659658908844,0.5,1.09375,0.0005204418413045307,7845,0.15
1351,1.2277723550796509,0.6162905693054199,0.4375,1.1875,0.0005203099014458615,10104,0.15
1352,1.4372470378875732,0.531722903251648,0.6875,1.09375,0.0005201778693552705,14075,0.15
1353,1.7016617059707642,0.4562261700630188,0.1875,1.171875,0.0005200457450893164,13901,0.15
1354,1.8840745687484741,0.44086316227912903,0.5625,0.9375,0.0005199135287045966,7322,0.15
1355,1.8497180938720703,0.4425305426120758,0.3125,0.875,0.0005197812202577489,15965,0.15
1356,1.4439510107040405,0.556052029132843,0.3125,1.8984375,0.0005196488198054495,20365,0.15
1357,1.578957200050354,0.5285714268684387,0.25,0.953125,0.0005195163274044149,8190,0.15
1358,1.8698649406433105,0.43163445591926575,0.4375,1.1953125,0.0005193837431114006,5690,0.15
1359,1.5006743669509888,0.5467538237571716,0.8125,0.83984375,0.0005192510669832014,9026,0.15
1360,1.2171227931976318,0.6254108548164368,0.4375,0.95703125,0.0005191182990766516,7910,0.15
1361,0.949403703212738,0.7195357084274292,0.625,0.8515625,0.0005189854394486249,21796,0.15
1362,1.3717153072357178,0.5587599277496338,0.3125,1.0234375,0.0005188524881560337,9709,0.15
1363,1.9775341749191284,0.43455415964126587,0.375,1.71875,0.0005187194452558305,6471,0.15
1364,1.3436834812164307,0.5684685707092285,0.25,1.453125,0.0005185863108050066,23938,0.15
1365,1.8181899785995483,0.4718458354473114,0.3125,1.3515625,0.0005184530848605925,6642,0.15
1366,1.656889796257019,0.5282514095306396,0.3125,1.0546875,0.000518319767479658,11964,0.15
1367,1.545243740081787,0.575957715511322,0.5625,1.1953125,0.000518186358719312,4542,0.15
1368,1.7338658571243286,0.4415646493434906,0.5625,0.8984375,0.0005180528586367024,10456,0.15
1369,1.814605712890625,0.485399454832077,0.9375,1.84375,0.0005179192672890167,7260,0.15
1370,1.6451612710952759,0.5241941809654236,0.625,1.2265625,0.0005177855847334812,12379,0.15
1371,2.014155864715576,0.3937171399593353,0.625,1.1171875,0.000517651811027361,16362,0.15
1372,1.7117350101470947,0.5040995478630066,0.0,1.2734375,0.0005175179462279606,13660,0.15
1373,1.1491307020187378,0.6300778388977051,0.5,1.0703125,0.0005173839903926235,14130,0.15
1374,1.5567429065704346,0.49847275018692017,0.5,1.234375,0.0005172499435787322,17024,0.15
1375,1.163604497909546,0.6573042869567871,0.625,1.171875,0.0005171158058437078,18407,0.15
1376,1.4779560565948486,0.5589134693145752,0.5625,0.81640625,0.0005169815772450109,11118,0.15
1377,1.7070317268371582,0.4557322561740875,0.625,0.81640625,0.0005168472578401407,8426,0.15
1378,2.090402603149414,0.34596604108810425,0.3125,1.3515625,0.0005167128476866353,4301,0.15
1379,1.3449558019638062,0.5831546187400818,0.4375,0.96484375,0.0005165783468420718,12122,0.15
1380,1.3430349826812744,0.6010343432426453,0.5,0.8671875,0.0005164437553640661,10828,0.15
1381,1.620337963104248,0.5255154967308044,0.25,0.921875,0.000516309073310273,8681,0.15
1382,1.870499610900879,0.4756295382976532,0.3125,1.2734375,0.0005161743007383858,11715,0.15
1383,1.0897639989852905,0.6791431307792664,0.5625,0.86328125,0.0005160394377061369,17366,0.15
1384,1.1690212488174438,0.6610704660415649,0.125,0.79296875,0.0005159044842712974,17095,0.15
1385,1.7556347846984863,0.44420289993286133,0.5,1.53125,0.000515769440491677,9660,0.15
1386,1.7340327501296997,0.4631979763507843,0.3125,1.3984375,0.000515634306425124,8668,0.15
1387,1.841209888458252,0.45701590180397034,0.25,1.15625,0.0005154990821295259,5851,0.15
1388,1.5729912519454956,0.5013203620910645,0.5,1.09375,0.0005153637676628082,7195,0.15
1389,1.3236212730407715,0.6271111369132996,0.75,1.8203125,0.0005152283630829354,9059,0.15
1390,1.8779491186141968,0.46203938126564026,0.8125,1.3359375,0.0005150928684479107,6296,0.15
1391,1.5964833498001099,0.4809390902519226,0.6875,1.265625,0.0005149572838157755,8604,0.15
1392,1.5196051597595215,0.546797513961792,0.5625,1.015625,0.0005148216092446099,9071,0.15
1393,1.1458722352981567,0.6803012490272522,0.125,1.125,0.0005146858447925328,8630,0.15
1394,1.6382431983947754,0.522645890712738,0.3125,1.0703125,0.0005145499905177011,9494,0.15
1395,1.2732644081115723,0.5959294438362122,0.3125,0.859375,0.0005144140464783105,14396,0.15
1396,1.2460846900939941,0.6114910244941711,0.4375,0.65234375,0.0005142780127325954,13454,0.15
1397,1.7921839952468872,0.45793238282203674,0.25,1.90625,0.000514141889338828,11327,0.15
1398,1.4626524448394775,0.5243026614189148,0.3125,1.1015625,0.0005140056763553195,11974,0.15
1399,1.572795033454895,0.5223397612571716,0.75,0.89453125,0.000513869373840419,13899,0.15
1400,1.5107358694076538,0.5342416167259216,0.625,0.7265625,0.0005137329818525145,13872,0.15
1401,1.585216999053955,0.499865859746933,0.3125,1.0390625,0.0005135965004500315,18639,0.15
1402,1.650586485862732,0.5198314785957336,0.5,0.859375,0.0005134599296914345,10917,0.15
1403,1.4089330434799194,0.5511741638183594,0.5625,0.70703125,0.0005133232696352262,12477,0.15
1404,1.6805074214935303,0.5107584595680237,0.25,1.6484375,0.0005131865203399475,6553,0.15
1405,1.4010586738586426,0.577908992767334,0.125,1.296875,0.0005130496818641771,19818,0.15
1406,1.5190579891204834,0.5356536507606506,0.25,1.015625,0.0005129127542665326,9424,0.15
1407,1.4536638259887695,0.5333643555641174,0.5625,0.953125,0.0005127757376056693,8602,0.15
1408,1.3002663850784302,0.594144880771637,0.4375,1.0859375,0.0005126386319402806,18992,0.15
1409,1.918660283088684,0.4270007014274597,0.4375,1.3203125,0.0005125014373290986,7185,0.15
1410,1.3431075811386108,0.599737286567688,0.5625,1.3203125,0.0005123641538308928,15225,0.15
1411,1.3873928785324097,0.5497485399246216,0.0625,1.453125,0.0005122267815044712,13719,0.15
1412,1.524357557296753,0.5370952486991882,0.5,1.8984375,0.0005120893204086797,6362,0.15
1413,1.745642066001892,0.4842754304409027,0.125,1.625,0.0005119517706024024,9730,0.15
1414,1.4153931140899658,0.5496172308921814,0.0,1.5,0.0005118141321445611,14239,0.15
1415,1.7723462581634521,0.467621386051178,0.4375,1.3671875,0.0005116764050941158,14315,0.15
1416,1.5780891180038452,0.505595862865448,0.75,2.0,0.0005115385895100644,19836,0.15
1417,1.564600944519043,0.5393106937408447,0.375,1.375,0.0005114006854514427,14856,0.15
1418,1.7575377225875854,0.4330121576786041,0.25,1.1015625,0.0005112626929773245,8718,0.15
1419,1.6125608682632446,0.4949709475040436,0.375,1.4453125,0.0005111246121468213,14118,0.15
1420,1.6934747695922852,0.4797478914260864,0.1875,0.859375,0.0005109864430190825,9678,0.15
1421,1.3876748085021973,0.556682825088501,0.3125,1.4375,0.0005108481856532955,4534,0.15
1422,1.603455662727356,0.5231481194496155,0.5,1.15625,0.0005107098401086855,15768,0.15
1423,1.4958568811416626,0.5396495461463928,0.3125,1.3828125,0.0005105714064445149,6734,0.15
1424,1.438077449798584,0.5800719261169434,0.625,0.8203125,0.0005104328847200844,9454,0.15
1425,0.8187514543533325,0.7615196704864502,0.375,0.89453125,0.0005102942749947326,23742,0.15
1426,1.5113694667816162,0.5825859308242798,0.5,1.1328125,0.0005101555773278354,5352,0.15
1427,1.6185482740402222,0.47572073340415955,0.3125,0.8046875,0.0005100167917788062,13077,0.15
1428,2.0483667850494385,0.42452648282051086,0.4375,1.3359375,0.0005098779184070967,10348,0.15
1429,1.573578119277954,0.5266046524047852,0.75,1.6484375,0.0005097389572721956,10750,0.15
1430,1.505591869354248,0.58060622215271,0.4375,1.328125,0.0005095999084336295,7456,0.15
1431,1.5236728191375732,0.5078046321868896,0.5,0.91015625,0.0005094607719509626,8905,0.15
1432,1.624219298362732,0.4867071509361267,0.375,1.0390625,0.0005093215478837962,14331,0.15
1433,1.8172324895858765,0.5004374384880066,0.25,1.265625,0.00050918223629177,6858,0.15
1434,1.4044324159622192,0.5693407654762268,0.3125,1.203125,0.0005090428372345602,9511,0.15
1435,1.6046044826507568,0.5178001523017883,0.0,1.109375,0.0005089033507718812,11910,0.15
1436,1.598206639289856,0.48688262701034546,0.4375,1.1875,0.0005087637769634844,8119,0.15
1437,1.5326659679412842,0.5103646516799927,0.5625,1.2890625,0.0005086241158691588,18428,0.15
1438,1.448814868927002,0.5652531981468201,0.625,0.85546875,0.000508484367548731,7287,0.15
1439,2.1165876388549805,0.36613184213638306,0.4375,1.125,0.0005083445320620645,10346,0.15
1440,1.4285553693771362,0.5654028654098511,0.4375,1.4453125,0.0005082046094690606,8440,0.15
1441,1.3916939496994019,0.5610531568527222,0.4375,2.4375,0.0005080645998296574,14471,0.15
1442,1.491686224937439,0.5467787384986877,0.9375,1.0234375,0.0005079245032038307,15584,0.15
1443,1.2095762491226196,0.6474215388298035,0.125,1.28125,0.0005077843196515936,16056,0.15
1444,1.7135968208312988,0.525086522102356,0.625,1.640625,0.0005076440492329961,3468,0.15
1445,1.3365885019302368,0.5668365955352783,0.6875,0.92578125,0.0005075036920081257,9022,0.15
1446,1.6136093139648438,0.5209982991218567,0.375,1.03125,0.0005073632480371067,9977,0.15
1447,1.634243369102478,0.5040228962898254,0.5,1.1953125,0.0005072227173801013,12926,0.15
1448,1.4394794702529907,0.550408124923706,0.4375,0.9765625,0.0005070821000973081,14333,0.15
1449,1.5891449451446533,0.5523824691772461,0.25,1.0390625,0.000506941396248963,6233,0.15
1450,1.341360330581665,0.5636898875236511,0.25,1.3203125,0.0005068006058953393,9507,0.15
1451,1.3881593942642212,0.5888713598251343,0.4375,0.95703125,0.000506659729096747,13964,0.15
1452,1.9571627378463745,0.41264405846595764,0.25,1.0859375,0.0005065187659135331,8763,0.15
1453,1.8799546957015991,0.47038793563842773,0.25,1.15625,0.0005063777164060819,9692,0.15
1454,1.2921080589294434,0.6130862236022949,0.75,0.9453125,0.0005062365806348146,13220,0.15
1455,1.956736445426941,0.45598405599594116,0.5,1.796875,0.0005060953586601891,7520,0.15
1456,1.7451820373535156,0.4515964984893799,0.875,0.98828125,0.0005059540505427004,15722,0.15
1457,1.6280426979064941,0.5316773056983948,0.375,1.5078125,0.0005058126563428808,9581,0.15
1458,1.4202606678009033,0.5761431455612183,0.375,0.71875,0.0005056711761212984,20120,0.15
1459,1.599947214126587,0.515109658241272,0.6875,1.1015625,0.0005055296099385595,12310,0.15
1460,1.3624078035354614,0.6123257279396057,0.4375,1.0078125,0.0005053879578553062,11618,0.15
1461,1.3693087100982666,0.5739444494247437,0.75,1.359375,0.0005052462199322177,13571,0.15
1462,1.2309978008270264,0.6557654738426208,0.3125,0.640625,0.0005051043962300103,11222,0.15
1463,1.390182614326477,0.5776368379592896,0.625,0.98046875,0.0005049624868094366,10723,0.15
1464,1.2190169095993042,0.613149106502533,0.625,1.1484375,0.000504820491731286,16138,0.15
1465,1.5434080362319946,0.5157315135002136,0.4375,1.8984375,0.0005046784110563848,18339,0.15
1466,1.592079997062683,0.519242525100708,0.375,1.53125,0.0005045362448455959,21281,0.15
1467,2.0783536434173584,0.38543379306793213,0.1875,1.4453125,0.0005043939931598187,10339,0.15
1468,1.519659161567688,0.5400652885437012,0.3125,1.0234375,0.0005042516560599894,9497,0.15
1469,1.0836607217788696,0.6617996096611023,0.3125,0.9296875,0.0005041092336070805,13903,0.15
1470,1.6108771562576294,0.48319458961486816,0.25,0.87890625,0.0005039667258621013,19220,0.15
1471,1.5468889474868774,0.5050213932991028,0.3125,1.2109375,0.0005038241328860978,12845,0.15
1472,1.9433401823043823,0.42533811926841736,0.3125,1.21875,0.0005036814547401521,7246,0.15
1473,1.4074457883834839,0.5406917333602905,0.0,1.171875,0.000503538691485383,13762,0.15
1474,2.2070467472076416,0.33775946497917175,0.625,1.59375,0.0005033958431829459,6552,0.15
1475,1.2233966588974,0.6134220957756042,0.4375,1.53125,0.0005032529098940323,15169,0.15
1476,1.2163492441177368,0.6807446479797363,0.3125,1.359375,0.0005031098916798704,8595,0.15
1477,1.966795563697815,0.4449194371700287,0.375,1.390625,0.0005029667886017246,6082,0.15
1478,1.5577489137649536,0.535136342048645,0.4375,0.84375,0.0005028236007208956,9022,0.15
1479,1.371110200881958,0.5746700763702393,0.625,1.1328125,0.0005026803280987208,15381,0.15
1480,1.1506048440933228,0.6697689890861511,0.4375,0.84375,0.0005025369707965733,11819,0.15
1481,1.6797620058059692,0.5044885873794556,0.625,1.1640625,0.0005023935288758631,28851,0.15
1482,1.4062808752059937,0.5521384477615356,0.5625,1.421875,0.0005022500023980362,11153,0.15
1483,1.8070018291473389,0.4523219168186188,0.5,1.1015625,0.0005021063914245745,12102,0.15
1484,1.841732144355774,0.4394075870513916,0.4375,1.40625,0.0005019626960169965,9993,0.15
1485,2.034775972366333,0.39204680919647217,0.5,1.09375,0.0005018189162368568,12473,0.15
1486,1.7621407508850098,0.45245856046676636,0.625,1.3046875,0.0005016750521457462,7362,0.15
1487,1.145330548286438,0.6257051825523376,0.4375,1.4765625,0.0005015311038052912,14713,0.15
1488,1.7494655847549438,0.4442843496799469,0.4375,1.09375,0.000501387071277155,6246,0.15
1489,1.4305347204208374,0.5654266476631165,0.4375,1.0859375,0.0005012429546230364,14543,0.15
1490,1.4470741748809814,0.556014358997345,0.375,0.91796875,0.0005010987539046703,9203,0.15
1491,1.4245078563690186,0.5550510287284851,0.625,1.640625,0.000500954469183828,15195,0.15
1492,1.7746516466140747,0.4808109998703003,0.6875,1.0859375,0.0005008101005223162,5524,0.15
1493,1.7997511625289917,0.4712550640106201,0.4375,1.4375,0.0005006656479819782,11115,0.15
1494,1.474971055984497,0.5692983269691467,0.875,1.2265625,0.0005005211116246924,8651,0.15
1495,1.8320354223251343,0.46994832158088684,0.6875,0.9296875,0.000500376491512374,7354,0.15
1496,1.3516595363616943,0.5947638154029846,1.0,0.8671875,0.0005002317877069735,14056,0.15
1497,1.588671088218689,0.5322256088256836,0.0,1.5625,0.0005000870002704772,13421,0.15
1498,1.4455804824829102,0.5544043779373169,0.4375,1.1484375,0.0004999421292649078,22489,0.15
1499,1.355386734008789,0.5812865495681763,0.75,1.3671875,0.0004997971747523232,11115,0.15
1500,1.72554612159729,0.48119065165519714,0.3125,0.828125,0.0004996521367948176,10952,0.15
1501,1.520591139793396,0.5331708788871765,0.25,0.875,0.0004995070154545203,20108,0.15
1502,1.4955451488494873,0.5360443592071533,0.25,0.84765625,0.0004993618107935968,10820,0.15
1503,1.91825532913208,0.45043349266052246,0.125,0.96484375,0.0004992165228742482,14879,0.15
1504,1.5894758701324463,0.5401382446289062,0.1875,0.9453125,0.0004990711517587112,7524,0.15
1505,1.7944077253341675,0.4761177599430084,0.1875,1.421875,0.0004989256975092581,7202,0.15
1506,1.3739416599273682,0.533200740814209,0.25,0.99609375,0.0004987801601881971,14081,0.15
1507,1.5334115028381348,0.517998993396759,0.1875,1.21875,0.0004986345398578716,13973,0.15
1508,1.1692442893981934,0.6546449065208435,0.1875,0.70703125,0.0004984888365806607,11701,0.15
1509,1.671930193901062,0.4896981418132782,0.625,1.046875,0.0004983430504189792,6261,0.15
1510,1.5117040872573853,0.535755455493927,0.4375,1.1796875,0.000498197181435277,13872,0.15
1511,1.798624038696289,0.4606850743293762,0.4375,0.6796875,0.00049805122969204,14422,0.15
1512,1.311161756515503,0.6003979444503784,0.375,0.7734375,0.0004979051952517892,16584,0.15
1513,1.808048129081726,0.4928816854953766,0.5625,0.9765625,0.0004977590781770811,6111,0.15
1514,1.3683381080627441,0.603823184967041,0.5625,1.171875,0.0004976128785305075,4185,0.15
1515,0.9401784539222717,0.7224564552307129,0.625,0.63671875,0.000497466596374696,19687,0.15
1516,1.1351102590560913,0.6981909275054932,0.25,0.87109375,0.0004973202317723088,13598,0.15
1517,1.344468116760254,0.5955842733383179,0.375,0.79296875,0.0004971737847860442,20291,0.15
1518,0.9678170680999756,0.6936267018318176,0.6875,0.7578125,0.0004970272554786354,13588,0.15
1519,1.626731276512146,0.49941498041152954,0.375,1.28125,0.0004968806439128507,10256,0.15
1520,1.7651362419128418,0.4886179566383362,0.375,0.99609375,0.000496733950151494,10499,0.15
1521,1.9927804470062256,0.40345337986946106,0.5625,1.40625,0.000496587174257404,10135,0.15
1522,1.4685115814208984,0.5497716069221497,0.75,0.77734375,0.0004964403162934553,9413,0.15
1523,1.500454068183899,0.53575599193573,0.6875,0.81640625,0.0004962933763225569,21409,0.15
1524,1.3514130115509033,0.6289181113243103,0.625,1.0703125,0.0004961463544076531,6923,0.15
1525,1.3303227424621582,0.5805773138999939,0.9375,1.125,0.0004959992506117235,15209,0.15
1526,1.3560181856155396,0.5886194705963135,0.5,1.109375,0.0004958520649977828,11177,0.15
1527,0.9602986574172974,0.7423287630081177,0.5625,0.83984375,0.0004957047976288807,14437,0.15
1528,1.5488866567611694,0.5461916923522949,1.0,1.2109375,0.0004955574485681016,6906,0.15
1529,0.8894343972206116,0.7627211809158325,0.25,0.578125,0.0004954100178785653,14523,0.15
1530,1.318932056427002,0.5724388957023621,0.5625,1.3515625,0.0004952625056234265,4666,0.15
1531,1.7547653913497925,0.47480839490890503,0.25,0.96875,0.0004951149118658746,9785,0.15
1532,1.839861512184143,0.4548162817955017,0.3125,1.09375,0.0004949672366691343,6042,0.15
1533,1.9277971982955933,0.4063803553581238,0.25,1.0390625,0.0004948194800964646,8150,0.15
1534,1.1386147737503052,0.6687685251235962,0.3125,1.1015625,0.0004946716422111602,16176,0.15
1535,1.6095911264419556,0.5169082283973694,0.1875,0.97265625,0.0004945237230765499,14904,0.15
1536,1.4728052616119385,0.5481239557266235,0.1875,1.09375,0.0004943757227559973,14099,0.15
1537,1.7062240839004517,0.47346049547195435,0.375,0.89453125,0.0004942276413129015,9175,0.15
1538,1.4039052724838257,0.5793576836585999,0.375,0.8671875,0.0004940794788106955,10774,0.15
1539,1.9855904579162598,0.40572792291641235,0.5625,1.4453125,0.0004939312353128478,3352,0.15
1540,1.733404278755188,0.4721737504005432,0.375,1.2265625,0.0004937829108828609,10314,0.15
1541,1.6533726453781128,0.500257134437561,0.25,0.90625,0.0004936345055842724,9723,0.15
1542,1.3215850591659546,0.5850360989570618,0.5,1.0234375,0.0004934860194806544,12871,0.15
1543,2.1371521949768066,0.35346078872680664,0.5,1.375,0.0004933374526356135,7585,0.15
1544,1.2561945915222168,0.6072096824645996,0.5625,0.8046875,0.0004931888051127913,12289,0.15
1545,1.4864102602005005,0.553637683391571,0.375,1.109375,0.0004930400769758633,11587,0.15
1546,1.1740425825119019,0.6556082963943481,0.6875,1.71875,0.0004928912682885403,14318,0.15
1547,1.3659754991531372,0.6091426014900208,0.6875,1.453125,0.000492742379114567,9144,0.15
1548,1.235513687133789,0.6517093777656555,0.5,1.4375,0.0004925934095177228,4212,0.15
1549,1.17745840549469,0.642078161239624,0.875,1.0,0.0004924443595618215,13204,0.15
1550,1.6720553636550903,0.4569518268108368,0.5625,0.9453125,0.0004922952293107115,10918,0.15
1551,1.808919906616211,0.47037273645401,0.6875,1.0859375,0.0004921460188282754,15560,0.15
1552,1.8031318187713623,0.48311641812324524,0.5,1.359375,0.0004919967281784302,5686,0.15
1553,1.707842230796814,0.44086262583732605,0.625,0.90234375,0.0004918473574251273,13308,0.15
1554,1.5805809497833252,0.5407069325447083,0.5625,0.85546875,0.0004916979066323522,13806,0.15
1555,1.2991472482681274,0.6424840688705444,0.5,1.296875,0.0004915483758641253,6892,0.15
1556,1.6541882753372192,0.4802224338054657,0.625,0.66796875,0.0004913987651845005,9531,0.15
1557,1.5695194005966187,0.517113983631134,0.3125,0.92578125,0.0004912490746575664,10284,0.15
1558,1.8029751777648926,0.4393986165523529,0.1875,1.1953125,0.0004910993043474455,9711,0.15
1559,1.1732758283615112,0.6247220635414124,0.4375,1.1484375,0.0004909494543182949,14392,0.15
1560,1.5008277893066406,0.5294503569602966,0.4375,0.9921875,0.0004907995246343053,13718,0.15
1561,1.534970998764038,0.5222042798995972,0.625,0.66796875,0.000490649515359702,11777,0.15
1562,1.541157841682434,0.5390231013298035,0.1875,0.67578125,0.0004904994265587441,23012,0.15
1563,1.1142302751541138,0.6714058518409729,0.3125,0.73046875,0.0004903492582957251,11324,0.15
1564,1.660753846168518,0.49834734201431274,0.625,0.94140625,0.000490199010634972,10589,0.15
1565,1.4670252799987793,0.5664229989051819,0.625,1.3125,0.0004900486836408465,8619,0.15
1566,0.8666789531707764,0.8000687956809998,0.125,1.0625,0.0004898982773777435,14540,0.15
1567,1.3540157079696655,0.5718146562576294,0.5,1.1484375,0.0004897477919100924,15171,0.15
1568,1.3146222829818726,0.6316622495651245,0.4375,0.82421875,0.0004895972273023567,5685,0.15
1569,1.621445894241333,0.48537135124206543,0.375,1.015625,0.000489446583619033,10664,0.15
1570,1.3800266981124878,0.5695216655731201,0.75,1.1953125,0.0004892958609246525,10788,0.15
1571,1.0435234308242798,0.7019059062004089,0.3125,1.3671875,0.0004891450592837802,3358,0.15
1572,1.227172613143921,0.6054879426956177,0.75,1.6640625,0.0004889941787610144,15452,0.15
1573,1.994571328163147,0.38393110036849976,0.5,0.83984375,0.0004888432194209878,10567,0.15
1574,1.320228099822998,0.6182795763015747,0.5625,1.0625,0.0004886921813283664,5766,0.15
1575,1.4869036674499512,0.528041422367096,0.375,3.0,0.0004885410645478501,9272,0.15
1576,1.630014181137085,0.4802991449832916,0.625,2.15625,0.0004883898691441727,8959,0.15
1577,1.494083046913147,0.5271751880645752,0.6875,1.5546875,0.00048823859518210146,12861,0.15
1578,1.0912526845932007,0.6838694214820862,0.5625,1.1015625,0.0004880872427264373,4166,0.15
1579,1.2356674671173096,0.6159666776657104,0.5625,1.140625,0.00048793581184201467,14405,0.15
1580,1.6749389171600342,0.48413345217704773,0.6875,1.15625,0.00048778430259370205,6145,0.15
1581,1.234564185142517,0.6114632487297058,0.625,1.1328125,0.000487632715046401,11201,0.15
1582,1.3289049863815308,0.5818477869033813,0.875,1.0390625,0.0004874810492650467,11668,0.15
1583,1.5049324035644531,0.5395827889442444,0.9375,1.5703125,0.0004873293053146082,7478,0.15
1584,1.351775050163269,0.5746347904205322,0.8125,1.046875,0.00048717748326008764,14169,0.15
1585,1.7425916194915771,0.4766118824481964,0.6875,0.83984375,0.00048702558316652086,5537,0.15
1586,1.5279459953308105,0.5434420704841614,0.5625,0.76953125,0.0004868736050989769,27013,0.15
1587,1.7031276226043701,0.4806378185749054,0.4375,1.046875,0.0004867215491225583,11853,0.15
1588,1.0438114404678345,0.7085702419281006,0.8125,1.4375,0.00048656941530240126,4749,0.15
1589,1.5404582023620605,0.5285740494728088,0.3125,1.4921875,0.0004864172037036749,11024,0.15
1590,1.7563914060592651,0.4867871105670929,0.3125,0.80078125,0.0004862649143915819,16272,0.15
1591,1.6020987033843994,0.4888949692249298,0.25,0.81640625,0.000486112547431358,10941,0.15
1592,1.5399844646453857,0.559062659740448,0.4375,1.125,0.0004859601028882726,10455,0.15
1593,1.6184784173965454,0.5175352096557617,0.1875,0.80078125,0.00048580758082762807,11149,0.15
1594,1.220981478691101,0.6556169390678406,0.3125,0.84375,0.0004856549813147598,6516,0.15
1595,1.834436297416687,0.43951529264450073,0.1875,0.89453125,0.0004855023044150367,9738,0.15
1596,1.1206799745559692,0.6851402521133423,0.375,0.91015625,0.0004853495501938608,10303,0.15
1597,1.3160743713378906,0.6584832072257996,0.4375,2.203125,0.00048519671871666704,8228,0.15
1598,1.7005265951156616,0.49658963084220886,0.125,0.8515625,0.00048504381004892366,20379,0.15
1599,1.1994426250457764,0.6553228497505188,0.6875,0.7578125,0.00048489082425613164,6876,0.15
1600,1.4379606246948242,0.5614691376686096,0.8125,1.2265625,0.00048473776140382557,7215,0.15
1601,1.2135341167449951,0.6513437032699585,0.5,0.76953125,0.00048458462155757254,5656,0.15
1602,1.7930896282196045,0.4857446253299713,0.6875,0.98828125,0.0004844314047829727,6594,0.15
1603,1.6032990217208862,0.5221796035766602,0.125,0.7890625,0.0004842781111456595,16682,0.15
1604,1.1689547300338745,0.6293658018112183,0.75,1.21875,0.00048412474071129883,10107,0.15
1605,1.18631911277771,0.6566689610481262,0.9375,0.95703125,0.00048397129354558983,10069,0.15
1606,1.3998092412948608,0.5826446413993835,0.625,0.90234375,0.0004838177697142644,13552,0.15
1607,1.369779109954834,0.6128755211830139,0.625,0.90234375,0.00048366416928308714,4660,0.15
1608,1.4405356645584106,0.5609771609306335,0.3125,0.984375,0.00048351049231785574,15432,0.15
1609,1.4716490507125854,0.5694836974143982,0.375,1.046875,0.0004833567388844006,9549,0.15
1610,1.6128036975860596,0.5355211496353149,0.8125,2.875,0.00048320290904858447,10909,0.15
1611,0.9621378779411316,0.7246777415275574,0.5625,0.9296875,0.0004830490028763035,4344,0.15
1612,1.9508541822433472,0.4179931581020355,0.375,0.8984375,0.00048289502043348607,15517,0.15
1613,1.26737642288208,0.6431312561035156,0.25,0.859375,0.00048274096178609337,11727,0.15
1614,1.9807703495025635,0.425741046667099,0.3125,1.234375,0.00048258682700011934,6511,0.15
1615,1.0716661214828491,0.6958814263343811,0.75,0.76953125,0.0004824326161415902,7017,0.15
1616,1.545678973197937,0.546393632888794,0.125,0.8125,0.00048227832927656515,11036,0.15
1617,1.2966105937957764,0.5890470147132874,0.3125,0.73046875,0.00048212396647113575,13841,0.15
1618,1.1070441007614136,0.6731360554695129,0.3125,0.828125,0.00048196952779142613,19837,0.15
1619,1.644167423248291,0.4781755208969116,0.0,0.8046875,0.00048181501330359284,8660,0.15
1620,1.8622149229049683,0.433414489030838,0.625,0.73046875,0.0004816604230738251,16430,0.15
1621,1.6994935274124146,0.4546803832054138,0.5625,1.0390625,0.0004815057571683443,10106,0.15
1622,1.5775768756866455,0.5258459448814392,0.9375,1.765625,0.0004813510156534046,6945,0.15
1623,1.1741834878921509,0.6586548686027527,0.8125,1.203125,0.00048119619859529215,4743,0.15
1624,1.499594807624817,0.5343035459518433,0.5,1.1171875,0.0004810413060603259,11063,0.15
1625,0.9810122847557068,0.7341712713241577,0.25,0.8359375,0.00048088633811485656,12730,0.15
1626,1.5647125244140625,0.5362192988395691,0.4375,0.83203125,0.0004807312948252678,11527,0.15
1627,1.7241647243499756,0.4560588002204895,0.25,0.6640625,0.00048057617625797504,11834,0.15
1628,1.5307352542877197,0.5429948568344116,0.6875,0.69140625,0.00048042098247942617,11827,0.15
1629,1.503741979598999,0.553825855255127,0.4375,1.3125,0.0004802657135561013,11370,0.15
1630,1.239958643913269,0.6222162246704102,0.375,0.96875,0.0004801103695545127,7409,0.15
1631,1.3455113172531128,0.5890922546386719,0.8125,1.40625,0.0004799549505412049,10708,0.15
1632,1.8103145360946655,0.44862502813339233,0.75,0.921875,0.0004797994565827543,9382,0.15
1633,1.5574737787246704,0.492154061794281,0.5,0.78125,0.0004796438877457697,8412,0.15
1634,1.7594391107559204,0.44252127408981323,0.1875,1.0703125,0.0004794882440968918,10804,0.15
1635,1.3374279737472534,0.5825614333152771,0.5,0.6484375,0.0004793325257027934,22995,0.15
1636,1.6253288984298706,0.49487990140914917,0.5625,0.9609375,0.00047917673263017923,10742,0.15
1637,1.4083218574523926,0.5519230961799622,0.625,0.91796875,0.0004790208649457863,10920,0.15
1638,1.28939950466156,0.614847719669342,0.75,0.97265625,0.0004788649227163832,4728,0.15
1639,1.6435807943344116,0.49895229935646057,0.3125,1.1875,0.0004787089060087706,11931,0.15
1640,1.1755870580673218,0.6360363960266113,0.5,1.125,0.00047855281488978123,10001,0.15
1641,1.541085124015808,0.49809885025024414,0.4375,0.98828125,0.00047839664942627954,11572,0.15
1642,1.3770264387130737,0.5668971538543701,0.5,1.1015625,0.0004782404096851618,13304,0.15
1643,1.0132683515548706,0.7201322317123413,0.625,0.96484375,0.0004780840957333561,13610,0.15
1644,1.6603482961654663,0.4767673909664154,0.6875,1.15625,0.0004779277076378226,14527,0.15
1645,1.3163989782333374,0.5810145735740662,0.625,1.0546875,0.0004777712454655527,12399,0.15
1646,1.7528785467147827,0.48879367113113403,0.5,1.0,0.0004776147092835701,6068,0.15
1647,1.5847795009613037,0.5050589442253113,0.3125,0.74609375,0.0004774580991589296,9587,0.15
1648,1.4826359748840332,0.5722689628601074,0.5,0.91015625,0.00047730141515871835,11049,0.15
1649,1.4405301809310913,0.5428678393363953,0.5,0.88671875,0.0004771446573500546,13390,0.15
1650,1.791357159614563,0.4413634240627289,0.625,0.83984375,0.0004769878258000884,16048,0.15
1651,1.5035908222198486,0.5188927054405212,0.3125,1.0625,0.0004768309205760016,17520,0.15
1652,1.2663787603378296,0.5962010622024536,0.5,0.828125,0.0004766739417450072,22796,0.15
1653,1.174055576324463,0.6409236788749695,0.5625,1.3828125,0.00047651688937434995,7795,0.15
1654,1.7193716764450073,0.4782400131225586,0.6875,1.296875,0.00047635976353130625,6250,0.15
1655,1.3519002199172974,0.5470417737960815,0.4375,1.1875,0.00047620256428318366,14147,0.15
1656,1.750463604927063,0.47615131735801697,0.3125,1.09375,0.0004760452916973215,6080,0.15
1657,1.5284900665283203,0.5363163352012634,0.25,0.98828125,0.0004758879458410902,9610,0.15
1658,0.9068583250045776,0.7487673759460449,0.8125,1.3125,0.0004757305267818918,4462,0.15
1659,1.5938611030578613,0.5438261032104492,0.5,0.9375,0.00047557303458715966,8374,0.15
1660,2.0916244983673096,0.40846434235572815,0.5,1.0546875,0.0004754154693243584,4135,0.15
1661,1.2884342670440674,0.5944772958755493,0.75,0.984375,0.00047525783106098384,10828,0.15
1662,1.560897946357727,0.50110924243927,0.625,0.99609375,0.0004751001198645635,14424,0.15
1663,1.3899296522140503,0.5797872543334961,0.375,1.609375,0.0004749423358026555,6580,0.15
1664,1.1760528087615967,0.6390076875686646,0.8125,0.828125,0.00047478447894284975,12859,0.15
1665,1.6097899675369263,0.490928590297699,0.375,1.609375,0.00047462654935276707,12126,0.15
1666,1.3704715967178345,0.5929608941078186,0.4375,5.625,0.0004744685471000595,12871,0.15
1667,1.751144289970398,0.48169076442718506,0.4375,1.3046875,0.0004743104722524101,13272,0.15
1668,2.1133124828338623,0.36630332469940186,0.6875,1.265625,0.0004741523248775333,7431,0.15
1669,1.6690672636032104,0.4843844771385193,0.8125,0.83984375,0.0004739941050431741,13192,0.15
1670,1.2660622596740723,0.6674544811248779,0.5625,1.5546875,0.00047383581281710906,8462,0.15
1671,1.2096145153045654,0.7043303847312927,0.25,1.3046875,0.00047367744826714556,6974,0.15
1672,1.8615658283233643,0.4341438114643097,0.5,0.97265625,0.00047351901146112186,7691,0.15
1673,1.2649189233779907,0.6072854995727539,0.4375,0.80859375,0.0004733605024669073,10514,0.15
1674,1.6755322217941284,0.4704292118549347,0.625,1.2421875,0.00047320192135240206,5918,0.15
1675,1.121796727180481,0.6418271660804749,0.25,0.875,0.0004730432681855373,10333,0.15
1676,1.3046082258224487,0.6018890738487244,0.6875,1.5390625,0.0004728845430342749,10693,0.15
1677,1.3095791339874268,0.6263177990913391,0.625,0.85546875,0.00047272574596660783,5312,0.15
1678,1.6180694103240967,0.5060227513313293,0.625,0.91015625,0.00047256687705055957,9132,0.15
1679,1.807615041732788,0.47233039140701294,0.4375,0.80078125,0.0004724079363541845,9758,0.15
1680,1.25689697265625,0.6359005570411682,0.5,1.09375,0.00047224892394556804,4908,0.15
1681,1.1696022748947144,0.6609411835670471,0.5625,0.88671875,0.0004720898398928256,4250,0.15
1682,1.3671623468399048,0.5527245402336121,0.625,1.2265625,0.0004719306842641041,13305,0.15
1683,1.83468759059906,0.45476529002189636,0.8125,1.5078125,0.00047177145712758064,7030,0.15
1684,1.4355201721191406,0.5824160575866699,0.6875,0.83984375,0.0004716121585514631,7086,0.15
1685,1.1521360874176025,0.6569689512252808,1.0,1.1328125,0.0004714527886039898,11171,0.15
1686,1.3114455938339233,0.5825331211090088,0.5,0.875,0.00047129334735342983,9893,0.15
1687,1.7272611856460571,0.4602137804031372,0.625,0.76953125,0.0004711338348680829,11788,0.15
1688,1.8549103736877441,0.46036240458488464,0.625,0.90234375,0.0004709742512162789,5298,0.15
1689,1.582057237625122,0.5160601735115051,0.5,1.0,0.00047081459646637847,9838,0.15
1690,1.9163881540298462,0.4363001883029938,0.625,0.8671875,0.00047065487068677266,16044,0.15
1691,1.0627732276916504,0.6699639558792114,0.9375,1.109375,0.0004704950739458828,14153,0.15
1692,1.7185966968536377,0.47189903259277344,0.375,1.1484375,0.000470335206312161,10142,0.15
1693,1.9632008075714111,0.4453875422477722,0.3125,1.015625,0.00047017526785408915,4477,0.15
1694,1.3422061204910278,0.5914506912231445,0.3125,1.1015625,0.0004700152586401801,20563,0.15
1695,1.3367732763290405,0.6113207340240479,0.5,1.015625,0.00046985517873897634,8745,0.15
1696,1.553187370300293,0.5345696806907654,0.375,0.9296875,0.0004696950282190514,11108,0.15
1697,1.7320952415466309,0.49687573313713074,0.3125,1.6953125,0.0004695348071490085,8642,0.15
1698,1.8877830505371094,0.4515736401081085,0.4375,1.125,0.0004693745155974813,11502,0.15
1699,1.3142099380493164,0.5919358134269714,0.8125,1.0625,0.00046921415363313364,15451,0.15
1700,1.2940887212753296,0.6247272491455078,0.3125,1.2421875,0.0004690537213246593,11000,0.15
1701,1.4387558698654175,0.5347415208816528,0.5625,1.0546875,0.00046889321874078266,12593,0.15
1702,1.4408162832260132,0.5300858020782471,0.125,1.0546875,0.00046873264595025766,17367,0.15
1703,1.84500253200531,0.4700482189655304,0.1875,1.0234375,0.0004685720030218687,10784,0.15
1704,1.768458366394043,0.4834599792957306,0.625,0.9296875,0.0004684112900244302,4474,0.15
1705,1.5890018939971924,0.5041086077690125,0.375,0.72265625,0.0004682505070267864,13995,0.15
1706,1.340863585472107,0.5766644477844238,0.5,0.97265625,0.00046808965409781165,7585,0.15
1707,1.5209814310073853,0.5494933724403381,0.4375,0.9296875,0.00046792873130641034,15396,0.15
1708,1.3447942733764648,0.6150620579719543,0.0625,0.9609375,0.0004677677387215164,11446,0.15
1709,1.803403615951538,0.4421382248401642,0.625,0.76953125,0.00046760667641209427,8624,0.15
1710,1.2827880382537842,0.5668336153030396,0.5,0.9296875,0.0004674455444471376,14177,0.15
1711,1.569767951965332,0.5090745687484741,0.625,0.76953125,0.00046728434289567046,11130,0.15
1712,1.6653040647506714,0.47191980481147766,0.4375,0.921875,0.0004671230718267464,9277,0.15
1713,1.5317611694335938,0.5461962223052979,0.4375,0.765625,0.0004669617313094488,9070,0.15
1714,1.3183472156524658,0.5715345144271851,0.5625,0.875,0.0004668003214128909,13483,0.15
1715,1.4914042949676514,0.5242981910705566,0.125,0.71875,0.00046663884220621537,18417,0.15
1716,1.2973334789276123,0.5902224779129028,0.5625,1.15625,0.0004664772937585949,9798,0.15
1717,1.1995290517807007,0.6406465768814087,0.375,1.2734375,0.0004663156761392318,16641,0.15
1718,1.2664082050323486,0.5703892111778259,0.5,1.453125,0.0004661539894173578,14157,0.15
1719,0.7173483371734619,0.8265953063964844,0.0625,0.83984375,0.0004659922336622344,20184,0.15
1720,1.1674424409866333,0.621086597442627,0.25,1.203125,0.00046583040894315254,7123,0.15
1721,1.4854744672775269,0.5552974939346313,0.25,0.78125,0.00046566851532943296,18943,0.15
1722,1.9337259531021118,0.42801904678344727,0.3125,1.359375,0.0004655065528904256,10086,0.15
1723,1.6467576026916504,0.4753960072994232,0.5625,1.0546875,0.00046534452169551,15404,0.15
1724,1.4639312028884888,0.5259560346603394,0.1875,1.109375,0.00046518242181409534,18435,0.15
1725,1.0249098539352417,0.7084510326385498,0.625,0.97265625,0.00046502025331561996,4603,0.15
1726,1.058952808380127,0.6667543053627014,0.5625,0.98828125,0.0004648580162695517,15211,0.15
1727,1.4319486618041992,0.584939181804657,0.3125,0.8203125,0.0004646957107453877,10690,0.15
1728,1.6594449281692505,0.49159160256385803,0.0,1.078125,0.00046453333681265464,13320,0.15
1729,1.1275068521499634,0.6418511271476746,0.5,0.93359375,0.00046437089454090817,8946,0.15
1730,0.9364752769470215,0.6867824196815491,0.4375,1.0625,0.0004642083839997335,10887,0.15
1731,1.3304773569107056,0.5986787676811218,0.875,0.76953125,0.00046404580525874505,14532,0.15
1732,1.0205433368682861,0.6919558048248291,0.625,0.69140625,0.00046388315838758614,15738,0.15
1733,1.4919936656951904,0.5358166098594666,0.5,0.8203125,0.0004637204434559299,6282,0.15
1734,1.2505275011062622,0.6109397411346436,0.25,0.94140625,0.00046355766053347787,11993,0.15
1735,1.6578348875045776,0.4998171925544739,0.3125,0.8515625,0.00046339480968996135,16410,0.15
1736,0.8616493344306946,0.7116252183914185,0.4375,0.9375,0.00046323189099514023,6873,0.15
1737,1.2076410055160522,0.6502309441566467,0.4375,0.76171875,0.0004630689045188039,7362,0.15
1738,1.5710369348526,0.4983425438404083,0.125,0.7421875,0.0004629058503307706,11765,0.15
1739,1.5452297925949097,0.5261605978012085,0.6875,1.015625,0.00046274272850088736,13226,0.15
1740,1.7354037761688232,0.4474782347679138,0.5625,0.84765625,0.00046257953909903057,11024,0.15
1741,1.6677615642547607,0.5042293071746826,0.25,0.77734375,0.00046241628219510534,8512,0.15
1742,1.298689365386963,0.6001998782157898,0.625,0.828125,0.0004622529578590457,11008,0.15
1743,1.23483145236969,0.6025937795639038,0.3125,1.1484375,0.00046208956616081463,14265,0.15
1744,0.8986515402793884,0.7371695041656494,0.3125,1.515625,0.00046192610717040404,4501,0.15
1745,1.0579968690872192,0.6993417143821716,0.625,1.3125,0.00046176258095783436,9722,0.15
1746,1.5280914306640625,0.5168986320495605,0.625,0.95703125,0.0004615989875931551,11066,0.15
1747,2.0878238677978516,0.36365047097206116,0.6875,1.2265625,0.00046143532714644476,6443,0.15
1748,1.833510398864746,0.46213895082473755,0.5,0.79296875,0.00046127159968780985,7686,0.15
1749,1.1458030939102173,0.6750788688659668,0.25,0.7734375,0.00046110780528738613,18069,0.15
1750,1.5932624340057373,0.48140692710876465,0.4375,0.8515625,0.0004609439440153381,8444,0.15
1751,1.164517879486084,0.6432065367698669,0.625,1.1015625,0.00046078001594185855,7360,0.15
1752,1.53538179397583,0.5431880354881287,0.4375,0.890625,0.00046061602113716906,12434,0.15
1753,1.2011817693710327,0.5867418646812439,0.5625,0.6953125,0.0004604519596715199,14180,0.15
1754,1.3127975463867188,0.5991848111152649,0.6875,1.1640625,0.00046028783161518956,11776,0.15
1755,1.809196949005127,0.478243350982666,0.5,1.0390625,0.0004601236370384856,4964,0.15
1756,1.082102656364441,0.6531502604484558,0.5,1.0078125,0.00045995937601174357,9396,0.15
1757,1.2211458683013916,0.6333149671554565,0.5,0.86328125,0.0004597950486053278,10884,0.15
1758,1.4420135021209717,0.5504142045974731,0.8125,0.72265625,0.0004596306548896307,11951,0.15
1759,1.8156794309616089,0.445824533700943,0.6875,1.5234375,0.00045946619493507357,3784,0.15
1760,1.0670859813690186,0.6922084093093872,0.8125,0.93359375,0.0004593016688121057,6199,0.15
1761,1.5377936363220215,0.5483061671257019,0.4375,0.796875,0.0004591370765912048,8767,0.15
1762,1.5466257333755493,0.502072274684906,0.5,0.9765625,0.00045897241834287714,8686,0.15
1763,1.5268977880477905,0.501582682132721,0.5,0.87890625,0.0004588076941376569,8214,0.15
1764,1.073000192642212,0.6543307304382324,0.5625,0.85546875,0.0004586429040461068,10160,0.15
1765,1.3755563497543335,0.5724901556968689,0.875,1.1015625,0.0004584780481388177,7132,0.15
1766,1.1689376831054688,0.6367733478546143,0.625,0.84765625,0.0004583131264864085,13314,0.15
1767,1.7413105964660645,0.48326054215431213,0.5625,0.9921875,0.0004581481391595265,4809,0.15
1768,0.808627188205719,0.7667462825775146,0.375,1.7265625,0.0004579830862288469,11301,0.15
1769,1.2824242115020752,0.6092090010643005,0.8125,0.9609375,0.00045781796776507333,13552,0.15
1770,1.9814698696136475,0.40201303362846375,0.5,1.140625,0.00045765278383893724,6756,0.15
1771,0.9022228717803955,0.7414640784263611,0.8125,1.5859375,0.0004574875345211981,7117,0.15
1772,1.0695019960403442,0.6655495762825012,0.625,0.82421875,0.0004573222198826435,13129,0.15
1773,1.2632862329483032,0.6226468682289124,0.8125,0.734375,0.00045715683999408895,14130,0.15
1774,1.1618534326553345,0.6068448424339294,0.625,0.95703125,0.0004569913949263781,14142,0.15
1775,1.437633752822876,0.5394847989082336,0.375,1.09375,0.000456825884750382,10675,0.15
1776,1.3631490468978882,0.5795140266418457,0.8125,0.984375,0.0004566603095370003,10124,0.15
1777,1.616091251373291,0.5269726514816284,0.375,1.078125,0.0004564946693571601,7211,0.15
1778,1.693244218826294,0.4899257719516754,0.375,1.078125,0.00045632896428181633,6601,0.15
1779,1.505552887916565,0.5518211126327515,0.3125,0.828125,0.0004561631943819518,7825,0.15
1780,1.8143097162246704,0.42146632075309753,0.6875,1.125,0.000455997359728577,7379,0.15
1781,1.5272536277770996,0.521874189376831,0.6875,0.9140625,0.00045583146039273025,11269,0.15
1782,1.6406675577163696,0.5003193616867065,0.5,1.0234375,0.00045566549644547767,23485,0.15
1783,1.7178829908370972,0.49399054050445557,0.8125,1.015625,0.0004554994679579128,7405,0.15
1784,1.522312879562378,0.5390008091926575,0.6875,1.0390625,0.0004553333750011572,11269,0.15
1785,1.0084112882614136,0.6740227341651917,0.75,0.76953125,0.00045516721764635946,10105,0.15
1786,1.4652711153030396,0.5210164785385132,0.3125,0.97265625,0.0004550009959646964,18771,0.15
1787,1.773727536201477,0.47030091285705566,0.5625,0.8984375,0.00045483471002737196,5118,0.15
1788,1.6792353391647339,0.4911110997200012,0.75,1.234375,0.0004546683599056178,4950,0.15
1789,1.4903888702392578,0.5446738600730896,0.25,1.09375,0.000454501945670693,10364,0.15
1790,1.6975502967834473,0.46807610988616943,0.625,1.0,0.0004543354673938842,9460,0.15
1791,1.1865997314453125,0.6554567217826843,0.375,1.0546875,0.00045416892514650543,6185,0.15
1792,0.9585171937942505,0.6925823092460632,0.8125,0.64453125,0.0004540023189998979,10084,0.15
1793,1.048104166984558,0.674737274646759,0.625,0.9453125,0.00045383564902543066,7517,0.15
1794,1.3625797033309937,0.5868831872940063,0.375,1.0390625,0.0004536689152944996,20752,0.15
1795,1.2145777940750122,0.6156129837036133,0.6875,1.0078125,0.0004535021178785283,13809,0.15
1796,0.9749888777732849,0.7022653818130493,0.875,0.66015625,0.0004533352568489674,7416,0.15
1797,1.7972192764282227,0.448957622051239,0.75,1.296875,0.0004531683322772948,10217,0.15
1798,0.929476261138916,0.6953688859939575,0.875,0.73828125,0.00045300134423501584,9976,0.15
1799,1.1297130584716797,0.6664483547210693,0.75,1.109375,0.00045283429279366284,4581,0.15
1800,1.5147454738616943,0.5285909175872803,0.8125,0.94921875,0.00045266717802479534,6593,0.15
1801,1.5784962177276611,0.5198543071746826,0.3125,1.03125,0.00045249999999999994,16747,0.15
1802,1.043053150177002,0.6677008867263794,0.625,0.8984375,0.00045233275879089037,15471,0.15
1803,1.6444346904754639,0.4580084979534149,0.875,1.0546875,0.00045216545446910756,11288,0.15
1804,2.0498549938201904,0.3879387080669403,0.5,1.0546875,0.00045199808710631934,12337,0.15
1805,1.1267346143722534,0.68133145570755,0.3125,1.0859375,0.0004518306567742206,8592,0.15
1806,1.7900800704956055,0.4542456865310669,0.625,1.2890625,0.000451663163544533,6065,0.15
1807,1.012211799621582,0.7132604122161865,0.375,0.87890625,0.0004514956074890054,8778,0.15
1808,1.183831810951233,0.6430948376655579,0.25,0.92578125,0.0004513279886794137,12020,0.15
1809,1.7000375986099243,0.4993346035480499,0.5625,1.2265625,0.00045116030718756015,13526,0.15
1810,1.810080885887146,0.4803517162799835,0.125,1.1875,0.0004509925630852744,9212,0.15
1811,1.302588939666748,0.5907052159309387,0.5,1.0234375,0.0004508247564444126,13599,0.15
1812,1.2181426286697388,0.6547829508781433,0.3125,1.1484375,0.00045065688733685787,7349,0.15
1813,1.5943211317062378,0.49302366375923157,0.3125,0.83203125,0.00045048895583451985,11754,0.15
1814,1.824536681175232,0.4579433500766754,0.3125,0.9765625,0.00045032096200933513,16347,0.15
1815,1.1091960668563843,0.6736119389533997,0.5625,0.76171875,0.000450152905933267,16462,0.15
1816,1.0929598808288574,0.6772692799568176,0.5,0.609375,0.0004499847876783053,15688,0.15
1817,1.4630860090255737,0.5793476104736328,0.5625,0.9765625,0.00044981660731646656,9994,0.15
1818,1.2107641696929932,0.6558656096458435,0.625,1.03125,0.0004496483649197938,9999,0.15
1819,1.4381399154663086,0.5695522427558899,0.875,1.3203125,0.00044948006056035674,6700,0.15
1820,1.4305003881454468,0.5557133555412292,0.5625,1.203125,0.0004493116943102518,11972,0.15
1821,2.051736831665039,0.3761950433254242,0.25,1.9375,0.0004491432662416016,4184,0.15
1822,1.5817811489105225,0.5079537630081177,0.5,0.80078125,0.00044897477642655547,10121,0.15
1823,1.407782793045044,0.570364773273468,0.4375,0.96875,0.00044880622493728895,13295,0.15
1824,1.4632618427276611,0.5374653935432434,0.375,1.2734375,0.0004486376118460041,11197,0.15
1825,1.1972929239273071,0.6190240979194641,0.1875,0.99609375,0.00044846893722492965,14182,0.15
1826,1.575595736503601,0.5260663628578186,0.375,1.0078125,0.0004483002011463203,12449,0.15
1827,1.091746211051941,0.6562859416007996,0.5,0.8203125,0.0004481314036824572,13037,0.15
1828,1.0001920461654663,0.6846697926521301,0.3125,1.0859375,0.0004479625449056479,13294,0.15
1829,1.7345250844955444,0.464964896440506,0.5,0.9765625,0.000447793624888226,7835,0.15
1830,1.9680743217468262,0.400627076625824,0.25,0.8984375,0.0004476246437025517,11482,0.15
1831,1.23627769947052,0.6056190729141235,0.625,1.5546875,0.00044745560142101095,11461,0.15
1832,1.6605643033981323,0.49113282561302185,0.1875,1.3046875,0.0004472864981160162,13815,0.15
1833,1.7254570722579956,0.48774510622024536,0.4375,0.9453125,0.0004471173338600059,4488,0.15
1834,1.5052756071090698,0.5361253023147583,0.0625,1.203125,0.0004469481087254448,6256,0.15
1835,1.781604528427124,0.47031038999557495,0.4375,0.92578125,0.0004467788227848233,11856,0.15
1836,0.8648577928543091,0.7444764375686646,0.3125,1.109375,0.0004466094761106582,4164,0.15
1837,1.5251275300979614,0.5484596490859985,0.3125,0.96875,0.0004464400687754924,13341,0.15
1838,1.107878565788269,0.6704150438308716,0.75,0.86328125,0.00044627060085189447,8626,0.15
1839,1.6442756652832031,0.4871520400047302,0.5625,0.81640625,0.0004461010724124591,9340,0.15
1840,1.5952740907669067,0.49173930287361145,0.1875,0.85546875,0.00044593148352980696,19732,0.15
1841,1.3584541082382202,0.586473822593689,0.5,0.8984375,0.00044576183427658437,9818,0.15
1842,1.59990394115448,0.4859949052333832,0.1875,0.7734375,0.0004455921247254639,8247,0.15
1843,1.5478004217147827,0.5440208911895752,0.625,1.6875,0.0004454223549491436,9575,0.15
1844,1.8442820310592651,0.434629887342453,0.625,1.015625,0.00044525252502034755,7687,0.15
1845,1.444478154182434,0.5765968561172485,0.625,1.0859375,0.0004450826350118253,5777,0.15
1846,1.1107854843139648,0.6734831929206848,0.6875,0.9921875,0.0004449126849963525,5917,0.15
1847,1.5398313999176025,0.5509544610977173,0.375,0.83203125,0.0004447426750467304,9901,0.15
1848,1.3996965885162354,0.5956720113754272,0.5625,0.953125,0.00044457260523578565,9658,0.15
1849,1.1555370092391968,0.6659226417541504,0.375,0.7578125,0.0004444024756363709,10752,0.15
1850,1.2372320890426636,0.6344798803329468,0.875,1.046875,0.00044423228632136416,4826,0.15
1851,1.3082304000854492,0.6182314157485962,0.625,0.796875,0.00044406203736366935,5134,0.15
1852,1.7478604316711426,0.47294697165489197,0.4375,1.0625,0.0004438917288362154,9352,0.15
1853,1.488924264907837,0.5604234933853149,0.25,0.76953125,0.00044372136081195725,8879,0.15
1854,1.4212714433670044,0.5636650323867798,0.5625,2.34375,0.00044355093336387514,10139,0.15
1855,1.9940204620361328,0.4414238929748535,0.4375,1.4140625,0.00044338044656497467,9748,0.15
1856,0.994986355304718,0.6793700456619263,0.375,0.90234375,0.00044320990048828725,13461,0.15
1857,1.5150524377822876,0.5338690876960754,0.4375,1.28125,0.00044303929520686915,10452,0.15
1858,1.242600679397583,0.6423916220664978,0.75,1.140625,0.0004428686307938022,7058,0.15
1859,1.2289416790008545,0.6089721918106079,0.75,0.89453125,0.00044269790732219387,14935,0.15
1860,1.4072927236557007,0.5773214101791382,0.375,0.83203125,0.0004425271248651765,11491,0.15
1861,1.2088093757629395,0.591269850730896,0.5,0.8828125,0.0004423562834959079,14112,0.15
1862,1.4105945825576782,0.5405681729316711,0.25,1.0,0.00044218538328757095,17600,0.15
1863,1.8222707509994507,0.4391935467720032,0.5625,0.8671875,0.0004420144243133741,13987,0.15
1864,1.0179921388626099,0.6740543842315674,0.375,0.93359375,0.00044184340664655067,10152,0.15
1865,1.5938705205917358,0.5427284836769104,0.25,1.1796875,0.0004416723303603592,9104,0.15
1866,1.3496698141098022,0.5848478674888611,0.375,0.83984375,0.0004415011955280832,19588,0.15
1867,1.0700161457061768,0.6731261014938354,0.75,0.8515625,0.0004413300022230315,19558,0.15
1868,1.469648838043213,0.5363240838050842,0.25,0.7734375,0.000441158750518538,18858,0.15
1869,1.3353006839752197,0.6122933626174927,0.3125,1.2421875,0.00044098744048796137,11795,0.15
1870,0.7966585755348206,0.7702073454856873,0.8125,1.1171875,0.00044081607220468533,4726,0.15
1871,1.622613549232483,0.47766801714897156,0.3125,1.1875,0.00044064464574211865,7187,0.15
1872,1.2967138290405273,0.5875723361968994,0.1875,1.2890625,0.000440473161173695,3283,0.15
1873,2.027526617050171,0.3843492269515991,0.375,1.234375,0.0004403016185728729,3757,0.15
1874,1.1987876892089844,0.6051522493362427,0.3125,1.0234375,0.0004401300180131357,14945,0.15
1875,1.9462627172470093,0.39513856172561646,0.6875,0.8828125,0.00043995835956799176,10285,0.15
1876,1.6117792129516602,0.5131614208221436,0.5625,0.96875,0.000439786643310974,11131,0.15
1877,1.5520848035812378,0.4989253282546997,0.875,1.453125,0.0004396148693156403,14423,0.15
1878,1.23973548412323,0.6102184057235718,0.6875,1.15625,0.00043944303765557313,14562,0.15
1879,1.7256481647491455,0.472941517829895,0.5625,1.171875,0.0004392711484043797,6874,0.15
1880,1.4945935010910034,0.5244179368019104,0.625,0.9453125,0.00043909920163569185,10566,0.15
1881,1.539612889289856,0.5294257998466492,0.5,1.171875,0.00043892719742316623,8377,0.15
1882,1.5796271562576294,0.5081455707550049,0.125,1.0,0.00043875513584048397,13136,0.15
1883,1.1860994100570679,0.6338804364204407,0.1875,1.1875,0.0004385830169613507,7981,0.15
1884,1.436057209968567,0.5709600448608398,0.4375,1.515625,0.0004384108408594967,10062,0.15
1885,1.49923837184906,0.5323951244354248,0.4375,1.03125,0.0004382386076086767,11298,0.15
1886,1.10191011428833,0.7009477019309998,0.5,1.3515625,0.00043806631728267017,8547,0.15
1887,1.7121319770812988,0.4779229760169983,0.625,1.0234375,0.00043789396995528066,14540,0.15
1888,1.3208338022232056,0.5979434847831726,0.625,0.98828125,0.0004377215657003362,11573,0.15
1889,1.4918460845947266,0.562897264957428,0.6875,0.82421875,0.00043754910459168944,7552,0.15
1890,1.9273093938827515,0.4015425741672516,0.75,1.1015625,0.00043737658670321716,6353,0.15
1891,1.3652805089950562,0.594099760055542,0.5,0.9375,0.00043720401210882063,11525,0.15
1892,1.6828365325927734,0.468636691570282,0.625,1.28125,0.0004370313808824252,14619,0.15
1893,1.5331939458847046,0.5353438854217529,0.375,0.734375,0.0004368586930979807,16778,0.15
1894,1.5901455879211426,0.48319071531295776,0.375,0.9296875,0.000436685948829461,18115,0.15
1895,1.4248416423797607,0.5743362903594971,0.6875,0.9140625,0.00043651314815086443,9040,0.15
1896,1.4591470956802368,0.5486274361610413,0.375,0.74609375,0.0004363402911362131,12349,0.15
1897,1.4467977285385132,0.5665547847747803,0.5625,0.96875,0.0004361673778595536,14304,0.15
1898,1.229547381401062,0.6182220578193665,0.75,1.453125,0.0004359944083949564,10844,0.15
1899,1.4505066871643066,0.5608685612678528,0.6875,0.99609375,0.00043582138281651614,8658,0.15
1900,1.2854195833206177,0.6076817512512207,0.6875,0.953125,0.0004356483011983516,14580,0.15
1901,1.5150915384292603,0.5381219387054443,0.1875,0.88671875,0.0004354751636146053,10873,0.15
1902,1.413083791732788,0.5545824766159058,0.5,0.765625,0.00043530197013944396,11533,0.15
1903,1.6369774341583252,0.47443482279777527,0.5,1.5234375,0.00043512872084705816,6591,0.15
1904,1.3966609239578247,0.5562585592269897,0.6875,1.171875,0.00043495541581166234,9483,0.15
1905,1.2185678482055664,0.6162698268890381,0.4375,0.9765625,0.00043478205510749494,13817,0.15
1906,1.4699876308441162,0.5640581250190735,0.25,0.8828125,0.0004346086388088181,15002,0.15
1907,1.3088479042053223,0.6162618398666382,0.5625,0.875,0.0004344351669899179,8769,0.15
1908,1.5317493677139282,0.5008653402328491,0.375,0.8125,0.00043426163972510413,8667,0.15
1909,1.5133308172225952,0.5003042221069336,0.5,1.0546875,0.00043408805708871045,11505,0.15
1910,1.7102878093719482,0.494328111410141,0.625,1.1796875,0.0004339144191550941,4584,0.15
1911,1.5983411073684692,0.5218691825866699,0.4375,0.87109375,0.00043374072599863583,9694,0.15
1912,1.04921293258667,0.6963081955909729,0.5,2.03125,0.00043356697769374056,3115,0.15
1913,1.7875032424926758,0.4473557472229004,0.625,0.92578125,0.00043339317431483656,16602,0.15
1914,0.8366663455963135,0.7618722915649414,0.75,1.1015625,0.0004332193159363755,4401,0.15
1915,1.3929117918014526,0.5778120160102844,0.6875,0.87109375,0.00043304540263283285,7788,0.15
1916,1.2817319631576538,0.6125645041465759,0.75,0.94921875,0.00043287143447870755,11429,0.15
1917,1.1524039506912231,0.6597456336021423,0.3125,1.234375,0.0004326974115485221,11559,0.15
1918,1.1330761909484863,0.6524335741996765,0.875,1.2890625,0.00043252333391682223,7869,0.15
1919,1.3084254264831543,0.609929084777832,0.375,1.171875,0.0004323492016581774,7050,0.15
1920,1.215764045715332,0.6293429732322693,0.5625,0.60546875,0.00043217501484718026,11628,0.15
1921,1.6545162200927734,0.4613267779350281,0.3125,0.9453125,0.00043200077355844705,13446,0.15
1922,0.9406431317329407,0.7017087340354919,0.5625,0.94140625,0.000431826477866617,14221,0.15
1923,0.9154155850410461,0.7131832242012024,0.75,0.81640625,0.00043165212784635295,14124,0.15
1924,1.6503311395645142,0.45799875259399414,0.625,1.0,0.000431477723572341,9714,0.15
1925,1.6886699199676514,0.4610097408294678,0.3125,0.75,0.00043130326511929025,12221,0.15
1926,1.377132773399353,0.5462469458580017,0.625,1.2578125,0.0004311287525619332,12390,0.15
1927,1.3253756761550903,0.600662887096405,0.8125,1.578125,0.0004309541859750255,11767,0.15
1928,1.6355602741241455,0.49089670181274414,0.6875,1.1171875,0.0004307795654333459,5877,0.15
1929,1.4774887561798096,0.5150815844535828,0.5625,0.86328125,0.00043060489101169635,11703,0.15
1930,0.45080527663230896,0.96875,0.9375,39.0,0.00043043016278490186,32,0.15
1931,1.7299087047576904,0.4875611960887909,0.375,1.046875,0.0004302553808278103,10009,0.15
1932,1.7003185749053955,0.45475131273269653,0.5,0.98828125,0.0004300805452152929,12365,0.15
1933,1.7946699857711792,0.46889951825141907,0.8125,0.765625,0.00042990565602224343,16511,0.15
1934,0.6400030255317688,0.875,0.75,83.0,0.00042973071332357915,32,0.15
1935,1.3246585130691528,0.5696119070053101,0.625,1.1328125,0.0004295557171942398,12110,0.15
1936,1.2777711153030396,0.6082317233085632,0.6875,1.1015625,0.0004293806677091881,8528,0.15
1937,1.1443777084350586,0.6310821771621704,0.5,0.71875,0.00042920556494340976,13667,0.15
1938,1.3100746870040894,0.5795928835868835,0.4375,0.98828125,0.00042903040897191336,11986,0.15
1939,1.4150235652923584,0.5550575852394104,0.5,1.109375,0.00042885519986973005,22758,0.15
1940,1.6865735054016113,0.4596622884273529,0.25,1.546875,0.0004286799377119137,10127,0.15
1941,1.2986037731170654,0.5927597284317017,0.5625,0.9609375,0.00042850462257354124,10414,0.15
1942,1.3594589233398438,0.5814349055290222,0.5,0.63671875,0.0004283292545297121,22343,0.15
1943,0.9976057410240173,0.6766436696052551,0.5625,0.765625,0.00042815383365554826,9856,0.15
1944,1.4892891645431519,0.5154275894165039,0.625,0.8515625,0.00042797836002619454,8232,0.15
1945,1.6322271823883057,0.5073280930519104,0.25,0.9140625,0.00042780283371681826,9757,0.15
1946,1.0764186382293701,0.6806714534759521,0.6875,1.1171875,0.00042762725480260933,10187,0.15
1947,1.2984572649002075,0.5925633311271667,0.25,1.015625,0.0004274516233587802,22779,0.15
1948,1.0306286811828613,0.7251280546188354,0.5625,1.109375,0.0004272759394605656,12886,0.15
1949,1.058833360671997,0.6670355796813965,0.6875,1.125,0.0004271002031832232,12650,0.15
1950,0.9565722942352295,0.696692168712616,0.375,1.1171875,0.0004269244146020327,13211,0.15
1951,1.283654808998108,0.576971709728241,0.375,1.0546875,0.0004267485737922964,10283,0.15
1952,1.4080147743225098,0.5695530772209167,0.5,1.0625,0.0004265726808293389,14701,0.15
1953,1.2082898616790771,0.6298232674598694,0.3125,0.8671875,0.00042639673578850706,12051,0.15
1954,1.0323410034179688,0.6992505192756653,0.625,0.828125,0.00042622073874517023,6271,0.15
1955,1.2660746574401855,0.6028875708580017,0.375,1.03125,0.00042604468977471997,7411,0.15
1956,1.1331077814102173,0.6462369561195374,0.875,1.0,0.0004258685889525701,10736,0.15
1957,1.2007051706314087,0.6231549382209778,0.8125,0.83203125,0.00042569243635415645,12127,0.15
1958,1.69806969165802,0.47329825162887573,0.5625,1.140625,0.00042551623205493736,6273,0.15
1959,1.8969670534133911,0.4121040105819702,0.75,1.03125,0.0004253399761303931,11269,0.15
1960,0.9851838946342468,0.6785999536514282,0.4375,1.2265625,0.0004251636686560262,11257,0.15
1961,1.4999884366989136,0.552046537399292,0.5625,0.85546875,0.00042498730970736104,8771,0.15
1962,1.773141622543335,0.46457958221435547,0.4375,0.83984375,0.0004248108993599442,10573,0.15
1963,1.426805853843689,0.5420995950698853,0.6875,0.61328125,0.00042463443768934436,18480,0.15
1964,1.4857962131500244,0.5301763415336609,0.9375,0.74609375,0.000424457924771152,11002,0.15
1965,1.2755581140518188,0.6368685364723206,0.5,1.15625,0.00042428136068097975,11343,0.15
1966,1.2453415393829346,0.6257897615432739,0.625,0.7578125,0.0004241047454944619,10446,0.15
1967,1.3661144971847534,0.5540626049041748,0.5,0.5625,0.000423928079287255,18978,0.15
1968,1.346914529800415,0.5778372883796692,0.5625,1.25,0.00042375136213503706,14556,0.15
1969,1.2537431716918945,0.6078012585639954,0.375,1.3828125,0.00042357459411350825,12639,0.15
1970,1.3108817338943481,0.6212278604507446,0.1875,0.91796875,0.00042339777529839016,11532,0.15
1971,1.4942173957824707,0.5484239459037781,0.1875,0.7265625,0.0004232209057654265,11389,0.15
1972,0.9815099835395813,0.692119836807251,0.25,1.203125,0.0004230439855903826,10647,0.15
1973,1.496363878250122,0.5220773816108704,0.5,0.74609375,0.00042286701484904534,9897,0.15
1974,1.6449389457702637,0.48396381735801697,0.6875,1.1171875,0.0004226899936172234,12160,0.15
1975,1.3976417779922485,0.5711371302604675,0.75,0.8203125,0.0004225129219707471,11274,0.15
1976,1.569198489189148,0.52665114402771,0.4375,0.81640625,0.0004223357999854682,8161,0.15
1977,1.6244055032730103,0.49960705637931824,0.1875,0.88671875,0.0004221586277372602,21631,0.15
1978,1.5216635465621948,0.52173912525177,0.4375,0.6640625,0.0004219814053020181,9016,0.15
1979,1.2305587530136108,0.6340798735618591,0.625,1.203125,0.0004218041327556583,8439,0.15
1980,1.9966073036193848,0.3857620060443878,0.5,0.86328125,0.00042162681017411874,7782,0.15
1981,1.2796152830123901,0.6082724928855896,0.875,0.8515625,0.0004214494376333587,13974,0.15
1982,1.2247740030288696,0.6142881512641907,0.8125,0.8828125,0.00042127201520935926,11856,0.15
1983,1.3988865613937378,0.555232584476471,0.3125,1.1640625,0.0004210945429781221,14448,0.15
1984,1.2352445125579834,0.6150045394897461,0.75,1.171875,0.000420917021015671,7691,0.15
1985,1.5676034688949585,0.5282062292098999,0.25,0.75390625,0.0004207394493980506,9076,0.15
1986,1.2373265027999878,0.6366103887557983,0.6875,1.3359375,0.000420561828201327,8473,0.15
1987,1.3314056396484375,0.5952665209770203,0.1875,1.0234375,0.00042038415750158745,10056,0.15
1988,1.8378584384918213,0.4822334945201874,0.375,0.90234375,0.00042020643737494036,7289,0.15
1989,1.6214669942855835,0.4731799364089966,0.5,1.203125,0.0004200286678975155,13777,0.15
1990,1.4278948307037354,0.5364379286766052,0.625,0.953125,0.0004198508491454636,8933,0.15
1991,1.5669890642166138,0.5272614359855652,0.3125,1.1328125,0.00041967298119495667,9684,0.15
1992,1.4506503343582153,0.552773118019104,0.625,0.96875,0.0004194950641221876,12459,0.15
1993,1.1102756261825562,0.6705014109611511,0.3125,0.76171875,0.00041931709800337034,15038,0.15
1994,1.4934579133987427,0.5483047366142273,0.3125,0.9921875,0.00041913908291474003,25453,0.15
1995,1.4182499647140503,0.5707189440727234,0.5,0.65234375,0.00041896101893255266,11072,0.15
1996,1.878427505493164,0.45264163613319397,0.375,1.21875,0.0004187829061330852,9407,0.15
1997,1.1416863203048706,0.639116108417511,0.875,1.328125,0.00041860474459263553,10635,0.15
1998,1.8054556846618652,0.4668985903263092,0.375,0.8671875,0.00041842653438752225,9199,0.15
1999,1.8560785055160522,0.4239492416381836,0.5,0.83984375,0.0004182482755940851,12610,0.15
2000,1.9146555662155151,0.39056485891342163,0.4375,1.3515625,0.0004180699682886844,8055,0.15
2001,1.3350319862365723,0.5597213506698608,0.1875,0.82421875,0.00041789161254770146,18804,0.15
2002,1.8364226818084717,0.43430227041244507,0.375,1.1328125,0.00041771320844753804,9323,0.15
2003,1.8383976221084595,0.42242687940597534,0.6875,0.859375,0.0004175347560646169,9881,0.15
2004,0.9116614460945129,0.7280952334403992,0.9375,1.453125,0.00041735625547538143,4200,0.15
2005,1.214735984802246,0.6430835127830505,0.4375,1.0546875,0.0004171777067562954,11675,0.15
2006,1.6895619630813599,0.4843907356262207,0.5625,0.9921875,0.00041699910998384363,15888,0.15
2007,1.192939043045044,0.614781379699707,0.3125,0.90234375,0.00041682046523453117,19511,0.15
2008,1.6902737617492676,0.4933200478553772,0.4375,1.109375,0.0004166417725848838,5015,0.15
2009,1.4648759365081787,0.5250540971755981,0.1875,0.67578125,0.0004164630321114478,12014,0.15
2010,1.1996537446975708,0.6365453600883484,0.375,1.2578125,0.0004162842438907898,16511,0.15
2011,1.5873441696166992,0.4800822138786316,0.125,0.91796875,0.00041610540799949714,12652,0.15
2012,1.4202505350112915,0.5786018967628479,0.5,0.88671875,0.0004159265245141773,15693,0.15
2013,1.2305952310562134,0.6450353264808655,0.5,0.9765625,0.0004157475935114584,6657,0.15
2014,1.3277074098587036,0.5728746652603149,0.5625,1.125,0.00041556861506798884,20844,0.15
2015,1.3703333139419556,0.5853983759880066,0.75,0.71875,0.0004153895892604371,7506,0.15
2016,1.3981599807739258,0.5625361800193787,0.375,0.984375,0.0004152105161654923,8643,0.15
2017,2.0347163677215576,0.3902803659439087,0.5625,1.4375,0.00041503139585986356,5350,0.15
2018,1.7903426885604858,0.43313562870025635,0.5625,0.96484375,0.00041485222842028047,10454,0.15
2019,0.9865793585777283,0.6890252232551575,0.4375,1.1796875,0.00041467301392349257,14998,0.15
2020,1.8324204683303833,0.4633515775203705,0.4375,0.98046875,0.0004144937524462696,10055,0.15
2021,1.5339453220367432,0.5070573091506958,0.3125,1.0859375,0.00041431444406540163,13107,0.15
2022,1.5153274536132812,0.5413195490837097,0.3125,0.796875,0.00041413508885769853,8882,0.15
2023,1.7539629936218262,0.47765031456947327,0.4375,1.015625,0.0004139556868999906,5056,0.15
2024,1.63548743724823,0.4712475538253784,0.4375,0.80078125,0.0004137762382691276,12312,0.15
2025,0.9776647090911865,0.7149479985237122,0.3125,0.9765625,0.00041359674304197996,8844,0.15
2026,1.492470622062683,0.542660653591156,0.375,0.8125,0.0004134172012954376,21085,0.15
2027,1.7075908184051514,0.4830874502658844,0.5625,1.0234375,0.0004132376131064103,5558,0.15
2028,1.3346562385559082,0.5597586035728455,0.375,0.8359375,0.00041305797855182826,18558,0.15
2029,1.4607223272323608,0.5636672377586365,0.375,0.7890625,0.000412878297708641,11191,0.15
2030,1.6437954902648926,0.47264769673347473,0.4375,0.99609375,0.0004126985706538181,5484,0.15
2031,1.1981983184814453,0.5901836156845093,0.5625,0.7109375,0.0004125187974643492,14160,0.15
2032,1.9185527563095093,0.4401380717754364,0.75,1.0,0.00041233897821724293,6373,0.15
2033,1.0847657918930054,0.6538119316101074,0.4375,0.87890625,0.00041215911298952854,14599,0.15
2034,1.5311148166656494,0.4960448145866394,0.5625,0.9921875,0.0004119792018582545,6068,0.15
2035,1.3246417045593262,0.5693301558494568,0.6875,1.734375,0.0004117992449004889,22602,0.15
2036,1.665940284729004,0.5200055241584778,0.875,0.84765625,0.0004116192421933197,7273,0.15
2037,1.8471921682357788,0.42254191637039185,0.6875,1.0703125,0.0004114391938138542,10496,0.15
2038,1.5444841384887695,0.5376570820808411,0.125,0.83203125,0.00041125909983921966,13291,0.15
2039,1.2789785861968994,0.6269062161445618,0.6875,0.796875,0.00041107896034656236,9574,0.15
2040,1.1277728080749512,0.633233368396759,0.0,1.328125,0.0004108987754130486,9671,0.15
2041,1.1225831508636475,0.6828057765960693,0.5,1.015625,0.00041071854511586344,9067,0.15
2042,1.703565239906311,0.4911366105079651,0.5,0.83984375,0.0004105382695322123,13426,0.15
2043,1.7562564611434937,0.43880000710487366,0.5625,1.421875,0.00041035794873931934,7500,0.15
2044,1.062668800354004,0.680650532245636,0.6875,0.796875,0.00041017758281442813,10822,0.15
2045,1.6582953929901123,0.49437981843948364,0.375,0.91796875,0.0004099971718348018,15213,0.15
2046,1.0451492071151733,0.6712044477462769,0.4375,0.84765625,0.0004098167158777227,8668,0.15
2047,1.4546092748641968,0.5623208284378052,0.1875,0.70703125,0.00040963621502049247,14650,0.15
2048,0.7733535170555115,0.7727633714675903,0.0,0.7890625,0.0004094556693404318,23909,0.15
2049,1.1854422092437744,0.6366603970527649,0.75,0.859375,0.0004092750789148808,11642,0.15
2050,1.7567503452301025,0.47182443737983704,0.375,0.9453125,0.0004090944438211987,16131,0.15
2051,1.7073181867599487,0.4739498794078827,0.375,0.91796875,0.00040891376413676385,11094,0.15
2052,1.8235431909561157,0.42292916774749756,0.3125,1.375,0.00040873303993897367,8330,0.15
2053,1.2599916458129883,0.6325027346611023,0.5625,0.859375,0.0004085522713052446,4615,0.15
2054,1.5668611526489258,0.49541470408439636,0.75,0.73046875,0.00040837145831301215,14830,0.15
2055,0.792382538318634,0.7887296080589294,0.8125,1.546875,0.000408190601039731,10044,0.15
2056,1.338082194328308,0.5799118280410767,1.0,1.0,0.00040800969956287467,7258,0.15
2057,1.720997929573059,0.4864461421966553,0.5,0.9296875,0.0004078287539599354,8706,0.15
2058,1.379327416419983,0.5758956074714661,0.625,0.58203125,0.0004076477643084248,14487,0.15
2059,1.5695255994796753,0.5220731496810913,0.1875,0.83203125,0.0004074667306858729,10284,0.15
2060,1.1365857124328613,0.6081652641296387,0.5,0.796875,0.0004072856531698288,14182,0.15
2061,1.5177252292633057,0.536385178565979,0.125,0.87890625,0.0004071045318378604,12670,0.15
2062,1.419400691986084,0.530799150466919,0.25,0.89453125,0.00040692336676755427,7971,0.15
2063,1.058197021484375,0.6903135180473328,0.5,0.84765625,0.00040674215803651576,5709,0.15
2064,1.2451051473617554,0.5835379362106323,0.25,1.0859375,0.000406560905722369,14664,0.15
2065,1.7252235412597656,0.4992278814315796,0.4375,0.79296875,0.0004063796099027567,9066,0.15
2066,1.4543100595474243,0.5507184863090515,0.5,0.67578125,0.0004061982706553402,9464,0.15
2067,1.1323515176773071,0.6703072786331177,0.375,0.90234375,0.0004060168880577995,12269,0.15
2068,1.2282347679138184,0.6108167171478271,0.125,0.859375,0.0004058354621878331,20191,0.15
2069,1.4693586826324463,0.519256591796875,0.375,0.73828125,0.00040565399312315816,18617,0.15
2070,1.6605498790740967,0.4944015443325043,0.75,0.92578125,0.0004054724809415102,5180,0.15
2071,1.4959059953689575,0.5378744602203369,0.375,0.8203125,0.00040529092572064325,8779,0.15
2072,1.7974498271942139,0.4359527826309204,0.6875,0.7421875,0.0004051093275383298,7877,0.15
2073,1.4758177995681763,0.5416197180747986,0.25,0.8828125,0.0004049276864723609,9767,0.15
2074,0.8453816175460815,0.738120973110199,0.25,0.890625,0.0004047460026005457,12964,0.15
2075,1.3886059522628784,0.5819002389907837,0.6875,0.7734375,0.0004045642760007116,9304,0.15
2076,1.719616413116455,0.4973576068878174,0.375,1.640625,0.0004043825067507049,6812,0.15
2077,1.390720009803772,0.5846383571624756,0.9375,1.78125,0.0004042006949283894,1341,0.15
2078,1.7120059728622437,0.4868619441986084,0.625,0.65625,0.0004040188406116478,15908,0.15
2079,1.4976487159729004,0.5483458042144775,0.5,0.89453125,0.00040383694387838054,9370,0.15
2080,1.6188539266586304,0.507836639881134,0.75,0.9453125,0.00040365500480650637,8741,0.15
2081,1.280129075050354,0.5917590260505676,0.625,0.84375,0.00040347302347396236,11552,0.15
2082,1.202052354812622,0.6008771657943726,0.75,0.984375,0.00040329099995870356,13680,0.15
2083,1.6910617351531982,0.48673269152641296,0.4375,0.66796875,0.0004031089343387027,16356,0.15
2084,1.0608711242675781,0.666827380657196,0.6875,0.88671875,0.00040292682669195134,14521,0.15
2085,1.439475417137146,0.5442690253257751,0.5,0.765625,0.00040274467709645835,21855,0.15
2086,1.008115291595459,0.6793445944786072,0.5,0.80078125,0.0004025624856302511,10070,0.15
2087,1.7765032052993774,0.4838918149471283,0.3125,0.73046875,0.0004023802523713742,9281,0.15
2088,1.0591422319412231,0.6848124265670776,0.5,0.8203125,0.0004021979773978909,6558,0.15
2089,1.6126092672348022,0.5154189467430115,0.25,0.86328125,0.000402015660787882,9858,0.15
2090,1.187301516532898,0.633481502532959,0.375,1.7265625,0.00040183330261944604,6750,0.15
2091,1.663114309310913,0.49429601430892944,0.8125,1.0078125,0.00040165090297069955,6925,0.15
2092,1.5723766088485718,0.505168616771698,0.6875,0.94140625,0.00040146846191977667,9577,0.15
2093,1.8590654134750366,0.44770845770835876,0.875,1.40625,0.00040128597954482934,9906,0.15
2094,1.4983444213867188,0.5538392066955566,0.0625,1.0078125,0.00040110345592402736,13336,0.15
2095,1.6502810716629028,0.49203744530677795,0.6875,0.93359375,0.00040092089113555785,10361,0.15
2096,1.2388904094696045,0.6086734533309937,0.5625,0.77734375,0.000400738285257626,7840,0.15
2097,0.982360303401947,0.72783362865448,0.625,1.1796875,0.000400555638368454,8752,0.15
2098,1.0432528257369995,0.6853697299957275,0.6875,0.91796875,0.00040037295054628233,19569,0.15
2099,1.415679931640625,0.5509510040283203,0.3125,0.81640625,0.00040019022186936856,14406,0.15
2100,1.3439542055130005,0.5706542134284973,0.4375,0.94140625,0.0004000074524159878,10700,0.15
2101,0.8815464377403259,0.7199714779853821,0.625,1.09375,0.0003998246422644326,14020,0.15
2102,1.170465350151062,0.6346938610076904,0.375,0.84375,0.00039964179149301317,13720,0.15
2103,1.287513256072998,0.6035855412483215,0.4375,1.0625,0.00039945890018005696,20471,0.15
2104,1.1527067422866821,0.6436527371406555,0.75,0.82421875,0.00039927596840390865,11761,0.15
2105,1.4952633380889893,0.5519039630889893,0.875,2.09375,0.00039909299624293063,6329,0.15
2106,1.771200180053711,0.4460716247558594,0.375,1.2265625,0.0003989099837755021,9355,0.15
2107,1.5029875040054321,0.5387440323829651,0.1875,0.99609375,0.00039872693108001996,16338,0.15
2108,1.6684961318969727,0.501232922077179,0.625,1.2109375,0.0003985438382348982,6083,0.15
2109,1.5280327796936035,0.5183833837509155,0.0625,0.9609375,0.0003983607053185679,10417,0.15
2110,1.109541893005371,0.6758837103843689,0.625,0.99609375,0.0003981775324094773,7016,0.15
2111,1.4827580451965332,0.5382277965545654,0.375,1.0546875,0.00039799431958609206,14152,0.15
2112,1.0326647758483887,0.7010213732719421,0.6875,1.1953125,0.00039781106692689456,6462,0.15
2113,1.4362382888793945,0.5340644717216492,0.1875,0.69921875,0.00039762777451038444,19786,0.15
2114,1.790008306503296,0.44636908173561096,0.4375,0.82421875,0.00039744444241507837,7505,0.15
2115,1.6696714162826538,0.489272803068161,0.4375,1.078125,0.00039726107071951004,12445,0.15
2116,1.1345337629318237,0.6728950142860413,0.625,0.984375,0.0003970776595022301,4335,0.15
2117,1.0350635051727295,0.6916437745094299,0.25,0.6640625,0.00039689420884180595,17496,0.15
2118,1.3538846969604492,0.5700670480728149,0.5625,0.98046875,0.0003967107188168222,14165,0.15
2119,1.3964805603027344,0.5304673314094543,0.5,1.1953125,0.0003965271895058798,15492,0.15
2120,0.8006551861763,0.7652516961097717,0.875,0.8515625,0.0003963436209875973,4311,0.15
2121,1.3631622791290283,0.5599871873855591,0.4375,0.7265625,0.00039616001334060943,18729,0.15
2122,1.3312982320785522,0.6082639098167419,0.5625,0.9296875,0.00039597636664356786,6244,0.15
2123,1.2957713603973389,0.6026173233985901,0.75,0.91796875,0.0003957926809751411,9399,0.15
2124,0.9366185665130615,0.7442785501480103,0.625,0.83203125,0.000395608956414014,14332,0.15
2125,1.7475186586380005,0.4834733307361603,0.5625,1.1640625,0.0003954251930388886,10952,0.15
2126,1.0654898881912231,0.6960809230804443,0.6875,1.0078125,0.00039524139092848317,7910,0.15
2127,1.384819746017456,0.5800763964653015,0.375,0.76171875,0.0003950575501615328,8904,0.15
2128,1.0404210090637207,0.6966519951820374,0.5,0.80859375,0.0003948736708167889,5914,0.15
2129,1.304174780845642,0.589356541633606,0.6875,0.84375,0.00039468975297301954,14375,0.15
2130,1.1931333541870117,0.6621520519256592,0.125,0.8671875,0.0003945057967090095,9377,0.15
2131,0.9498805999755859,0.7097386717796326,0.4375,0.90625,0.0003943218021035594,15269,0.15
2132,1.4404464960098267,0.5441034436225891,0.5625,0.8125,0.0003941377692354871,11371,0.15
2133,1.0712138414382935,0.6777452826499939,0.25,0.78515625,0.00039395369818362615,7522,0.15
2134,1.640219807624817,0.4720039665699005,0.6875,1.125,0.0003937695890268269,10055,0.15
2135,1.1928833723068237,0.6234945058822632,0.9375,0.78515625,0.00039358544184395585,5397,0.15
2136,1.824898600578308,0.42927247285842896,0.5,0.7578125,0.0003934012567138957,8151,0.15
2137,1.3891313076019287,0.5701515078544617,0.625,0.7109375,0.0003932170337155455,10627,0.15
2138,1.7230545282363892,0.4566590189933777,0.6875,0.6796875,0.0003930327729278207,6968,0.15
2139,0.8646370768547058,0.7288720011711121,0.8125,0.75390625,0.00039284847442965263,13927,0.15
2140,1.5976850986480713,0.5030236840248108,0.3125,0.94921875,0.00039266413829998895,11906,0.15
2141,1.2827329635620117,0.5891032814979553,0.75,1.3125,0.0003924797646177934,4405,0.15
2142,1.637827754020691,0.482346773147583,0.875,0.7421875,0.0003922953534620458,9545,0.15
2143,1.9327762126922607,0.40931937098503113,0.5,0.87890625,0.00039211090491174204,11739,0.15
2144,1.0352463722229004,0.6987684369087219,1.0,1.09375,0.000391926419045894,4953,0.15
2145,1.5224106311798096,0.5323449969291687,0.75,0.7890625,0.00039174189594352963,6678,0.15
2146,1.1664336919784546,0.6301185488700867,0.625,1.625,0.0003915573356836927,7424,0.15
2147,0.7914433479309082,0.7742466926574707,0.875,1.3671875,0.000391372738345443,4248,0.15
2148,0.8274868726730347,0.7630609273910522,0.875,1.203125,0.00039118810400785603,4613,0.15
2149,1.8491642475128174,0.4423076808452606,0.8125,0.91015625,0.0003910034327500235,8060,0.15
2150,0.8475049734115601,0.7696974873542786,0.5625,0.74609375,0.0003908187246510525,12032,0.15
2151,1.659397840499878,0.4800228774547577,0.3125,0.8203125,0.00039063397979006634,10487,0.15
2152,1.662177562713623,0.48766592144966125,0.375,0.9921875,0.0003904491982462037,14918,0.15
2153,1.3557432889938354,0.5904035568237305,0.3125,0.7734375,0.0003902643800986191,9441,0.15
2154,1.2658921480178833,0.6218674182891846,0.625,0.9375,0.0003900795254264828,9457,0.15
2155,1.7206676006317139,0.45945945382118225,0.4375,1.109375,0.0003898946343089806,9953,0.15
2156,1.1460355520248413,0.6449060440063477,0.1875,1.0625,0.0003897097068253142,13143,0.15
2157,1.5853294134140015,0.5161516070365906,0.5625,0.73046875,0.0003895247430547005,8575,0.15
2158,1.0553762912750244,0.6698150038719177,0.5625,0.83984375,0.000389339743076372,12811,0.15
2159,0.7251923084259033,0.8261533379554749,0.3125,0.828125,0.00038915470696957707,14415,0.15
2160,1.266139268875122,0.5960693955421448,0.25,0.734375,0.00038896963481357906,24373,0.15
2161,1.0140573978424072,0.695197582244873,0.5625,0.7421875,0.0003887845266876572,19990,0.15
2162,0.9605398178100586,0.6907703280448914,0.6875,0.74609375,0.0003885993826711057,9957,0.15
2163,1.0213865041732788,0.6973861455917358,0.375,1.0546875,0.0003884142028432345,10406,0.15
2164,1.1064866781234741,0.6746811866760254,0.4375,0.8359375,0.00038822898728336895,13018,0.15
2165,1.0006656646728516,0.7157989740371704,0.8125,0.953125,0.0003880437360708492,8874,0.15
2166,1.3914985656738281,0.5707885026931763,0.25,0.84375,0.0003878584492850312,8928,0.15
2167,0.9646741151809692,0.7213425636291504,0.6875,0.71875,0.00038767312700528563,8968,0.15
2168,1.042746663093567,0.6856358051300049,0.4375,0.92578125,0.000387487769310999,5096,0.15
2169,0.9941235780715942,0.7064490914344788,0.5625,0.84765625,0.00038730237628157265,6435,0.15
2170,0.9179479479789734,0.7486305832862854,0.5625,1.2265625,0.00038711694799642275,8215,0.15
2171,0.9889818429946899,0.6942257285118103,0.75,0.78515625,0.0003869314845349812,7620,0.15
2172,1.4331390857696533,0.5423464775085449,0.125,0.70703125,0.0003867459859766944,16058,0.15
2173,1.2437005043029785,0.610617995262146,0.5625,1.0078125,0.00038656045240102434,12168,0.15
2174,1.5345827341079712,0.4994972050189972,0.6875,0.859375,0.0003863748838874474,6961,0.15
2175,1.4701032638549805,0.5427901744842529,0.9375,0.91015625,0.0003861892805154555,5971,0.15
2176,1.1495158672332764,0.6719316840171814,0.5625,1.1015625,0.000386003642364555,9370,0.15
2177,1.4853692054748535,0.5419458150863647,0.5,1.0546875,0.00038581796951426753,20002,0.15
2178,1.413224697113037,0.5866320133209229,0.6875,2.65625,0.0003856322620441294,8842,0.15
2179,1.7460975646972656,0.44760721921920776,0.8125,0.859375,0.0003854465200336918,8045,0.15
2180,1.6963123083114624,0.4708617925643921,0.5,0.9609375,0.0003852607435625207,10107,0.15
2181,1.6808066368103027,0.46847784519195557,0.5625,0.90625,0.0003850749327101969,10564,0.15
2182,1.552725076675415,0.5333117842674255,0.3125,0.92578125,0.00038488908755631573,9276,0.15
2183,1.4625235795974731,0.5453747510910034,0.625,1.1171875,0.0003847032081804874,5697,0.15
2184,0.9734915494918823,0.7388927340507507,0.625,0.80078125,0.00038451729466233676,11524,0.15
2185,0.9794472455978394,0.7078878879547119,0.75,0.9921875,0.00038433134708150337,6922,0.15
2186,0.9626677632331848,0.7592883110046387,0.5,1.1875,0.000384145365517641,3822,0.15
2187,1.1771992444992065,0.6525700688362122,0.4375,0.75390625,0.0003839593500504185,8560,0.15
2188,1.4229016304016113,0.5703867077827454,0.3125,1.125,0.00038377330075951876,5896,0.15
2189,1.6579021215438843,0.513357937335968,0.625,1.0859375,0.0003835872177246396,6775,0.15
2190,1.5020524263381958,0.5165374279022217,0.4375,1.2890625,0.00038340110102549294,8768,0.15
2191,1.4878078699111938,0.520320475101471,0.5625,0.77734375,0.0003832149507418053,8612,0.15
2192,1.1425166130065918,0.6268447041511536,0.875,0.9453125,0.0003830287669533176,18499,0.15
2193,1.4878804683685303,0.5504631400108337,0.8125,0.890625,0.00038284254973978494,31310,0.15
2194,0.8226342797279358,0.7696335315704346,1.0,1.5546875,0.00038265629918097697,3629,0.15
2195,0.8957844376564026,0.7289045453071594,0.5,1.0390625,0.00038247001535667756,5961,0.15
2196,1.691074252128601,0.5000960230827332,0.6875,1.0703125,0.0003822836983466845,5207,0.15
2197,0.8601599335670471,0.7233091592788696,0.5,1.09375,0.0003820973482308104,13647,0.15
2198,0.9984126687049866,0.6807583570480347,0.625,0.64453125,0.00038191096508888154,18356,0.15
2199,1.4231603145599365,0.5510748028755188,0.375,0.828125,0.00038172454900073865,12002,0.15
2200,1.7895790338516235,0.4482359290122986,0.5625,0.8828125,0.0003815381000462364,16411,0.15
2201,1.3955949544906616,0.5772621631622314,0.4375,0.79296875,0.00038135161830524353,14179,0.15
2202,1.0067776441574097,0.7079172730445862,0.4375,0.703125,0.00038116510385764307,11216,0.15
2203,1.3628056049346924,0.5743694305419922,0.625,0.7421875,0.0003809785567833318,10784,0.15
2204,1.7629958391189575,0.440796434879303,0.25,1.1171875,0.00038079197716222045,4721,0.15
2205,1.4618867635726929,0.5524319410324097,0.625,0.8828125,0.000380605365074234,4482,0.15
2206,1.6595267057418823,0.490527868270874,0.375,0.97265625,0.0003804187205993109,10874,0.15
2207,1.7055741548538208,0.4835522174835205,0.875,0.70703125,0.00038023204381740396,15990,0.15
2208,0.5723578929901123,0.853852391242981,0.125,0.6171875,0.00038004533480847947,19754,0.15
2209,1.7263721227645874,0.4459191560745239,0.75,1.0078125,0.0003798585936525176,6555,0.15
2210,1.6530604362487793,0.4682512879371643,0.3125,0.85546875,0.00037967182042951246,11906,0.15
2211,1.4298267364501953,0.5407382845878601,0.375,0.75390625,0.0003794850152194715,9021,0.15
2212,1.3933734893798828,0.5505130290985107,0.125,1.0078125,0.0003792981781024164,17055,0.15
2213,1.7016525268554688,0.49980923533439636,0.5625,0.90625,0.0003791113091583822,10484,0.15
2214,1.221248984336853,0.6259739995002747,0.625,0.7421875,0.00037892440846741765,14245,0.15
2215,1.5008726119995117,0.5360087156295776,0.4375,0.8359375,0.0003787374761095849,8248,0.15
2216,1.6854387521743774,0.5098427534103394,0.4375,0.66796875,0.00037855051216495987,8585,0.15
2217,1.4548040628433228,0.5538637042045593,0.25,0.78125,0.00037836351671363216,7881,0.15
2218,1.2650818824768066,0.5975155234336853,0.125,1.6484375,0.0003781764898357045,3220,0.15
2219,1.492530107498169,0.5480988025665283,0.625,4.8125,0.00037798943161129327,11414,0.15
2220,1.686966896057129,0.5123744606971741,0.5,1.0,0.0003778023421205283,11152,0.15
2221,0.8672956824302673,0.7256394028663635,0.875,0.88671875,0.00037761522144355293,14193,0.15
2222,1.6935575008392334,0.46410685777664185,0.6875,1.0703125,0.0003774280696605235,14376,0.15
2223,1.6127885580062866,0.511116623878479,0.75,1.1953125,0.00037724088685160993,8051,0.15
2224,1.4431902170181274,0.5300745368003845,0.1875,0.69921875,0.0003770536730969956,11804,0.15
2225,1.1758091449737549,0.6224993467330933,0.625,1.1328125,0.0003768664284768766,11547,0.15
2226,0.9733863472938538,0.7126448154449463,0.5,0.83203125,0.00037667915307146283,10273,0.15
2227,1.2128715515136719,0.6050963997840881,0.25,0.94921875,0.000376491846960977,15148,0.15
2228,1.4342106580734253,0.568618655204773,0.375,0.87890625,0.0003763045102256551,20082,0.15
2229,1.651079535484314,0.476803719997406,0.375,0.89453125,0.0003761171429457463,12502,0.15
2230,1.272194743156433,0.5883544087409973,0.375,0.9375,0.0003759297452015128,14323,0.15
2231,1.159181833267212,0.6358647346496582,0.75,0.78125,0.00037574231707322985,13484,0.15
2232,1.4550385475158691,0.5616103410720825,0.5625,1.046875,0.0003755548586411856,6955,0.15
2233,0.9358187317848206,0.726011335849762,0.5,0.87890625,0.0003753673699856813,9369,0.15
2234,0.9152752757072449,0.7140476703643799,0.8125,0.81640625,0.00037517985118703124,6001,0.15
2235,1.552559494972229,0.513903796672821,0.3125,0.89453125,0.0003749923023255624,12119,0.15
2236,1.5366275310516357,0.5137239694595337,0.125,0.8515625,0.0003748047234816149,7833,0.15
2237,1.444139838218689,0.5676072835922241,0.3125,0.921875,0.0003746171147355413,12935,0.15
2238,1.7052085399627686,0.49430641531944275,0.8125,1.140625,0.0003744294761677076,5796,0.15
2239,1.4137589931488037,0.560710072517395,0.5625,0.8984375,0.00037424180785849195,23884,0.15
2240,1.8179734945297241,0.45352840423583984,0.625,1.0078125,0.00037405410988828545,8134,0.15
2241,1.4704933166503906,0.5449209213256836,0.625,0.61328125,0.00037386638233749206,12266,0.15
2242,0.9805442690849304,0.6973121762275696,0.625,0.77734375,0.00037367862528652824,6548,0.15
2243,1.6096841096878052,0.490764319896698,0.75,0.86328125,0.00037349083881582326,6280,0.15
2244,1.4496935606002808,0.5489412546157837,0.4375,0.66015625,0.00037330302300581883,11759,0.15
2245,1.2908766269683838,0.6168321371078491,0.9375,1.0703125,0.0003731151779369691,6749,0.15
2246,0.805020809173584,0.7488601803779602,0.875,0.92578125,0.0003729273036897411,13379,0.15
2247,1.1987731456756592,0.6206087470054626,0.75,1.03125,0.00037273940034461425,13635,0.15
2248,1.4064630270004272,0.5667948722839355,0.5,0.578125,0.00037255146798208027,13257,0.15
2249,1.8215469121932983,0.4281211495399475,0.4375,0.83203125,0.0003723635066826434,7297,0.15
2250,1.3500605821609497,0.5913817286491394,0.375,0.80078125,0.0003721755165268203,18658,0.15
2251,1.272294521331787,0.5846843123435974,0.125,0.953125,0.00037198749759514006,12275,0.15
2252,1.414426326751709,0.5445860028266907,0.1875,0.72265625,0.00037179944996814393,18526,0.15
2253,1.0793609619140625,0.6653885245323181,0.4375,0.81640625,0.0003716113737263856,7824,0.15
2254,1.4487597942352295,0.5250780582427979,0.5625,0.6328125,0.0003714232689504308,9610,0.15
2255,1.653743863105774,0.5,0.625,0.80859375,0.0003712351357208578,7866,0.15
2256,1.3151429891586304,0.5744386911392212,0.3125,0.7890625,0.000371046974118257,16658,0.15
2257,1.4541865587234497,0.5389240384101868,0.75,0.9296875,0.00037085878422323063,6320,0.15
2258,1.251397967338562,0.6000248193740845,0.3125,0.70703125,0.0003706705661163933,24164,0.15
2259,1.533652424812317,0.5327003002166748,0.5625,0.86328125,0.0003704823198783717,14954,0.15
2260,1.0967252254486084,0.6690880656242371,0.5625,0.72265625,0.00037029404558980473,10187,0.15
2261,1.1032590866088867,0.6421772837638855,0.375,0.859375,0.00037010574333134284,14183,0.15
2262,1.3199678659439087,0.5780625343322754,0.5,0.89453125,0.00036991741318364874,9755,0.15
2263,1.6824913024902344,0.4778411090373993,0.4375,0.94140625,0.00036972905522739726,17194,0.15
2264,1.5951154232025146,0.48158952593803406,0.8125,0.734375,0.00036954066954327484,9940,0.15
2265,1.5622493028640747,0.4957650899887085,0.5625,0.5703125,0.00036935225621198005,19481,0.15
2266,1.177703857421875,0.634550154209137,0.4375,0.65234375,0.00036916381531422297,10026,0.15
2267,1.3751108646392822,0.5493322014808655,0.6875,0.5546875,0.00036897534693072586,16247,0.15
2268,1.3735692501068115,0.5781398415565491,0.5,0.625,0.0003687868511422226,13687,0.15
2269,1.0270265340805054,0.67298823595047,0.5,0.74609375,0.00036859832802945867,13446,0.15
2270,1.5216537714004517,0.5076997876167297,0.875,0.55859375,0.00036840977767319146,14351,0.15
2271,1.3570431470870972,0.5770665407180786,0.5,0.6796875,0.0003682212001541899,11529,0.15
2272,1.3561570644378662,0.5658436417579651,0.3125,0.78125,0.0003680325955532347,9234,0.15
2273,1.2078722715377808,0.6452523469924927,0.1875,0.62890625,0.00036784396395111806,11690,0.15
2274,1.3712395429611206,0.5660919547080994,0.1875,0.90234375,0.00036765530542864374,30972,0.15
2275,1.452854871749878,0.5559391379356384,0.4375,0.875,0.000367466620066627,9269,0.15
2276,1.1643744707107544,0.6335644125938416,0.5,0.69140625,0.0003672779079458947,11107,0.15
2277,1.4775760173797607,0.552207350730896,0.375,0.8046875,0.00036708916914728507,9491,0.15
2278,1.1928423643112183,0.6278262138366699,0.6875,0.69140625,0.00036690040375164803,15259,0.15
2279,1.2855013608932495,0.6141378879547119,0.3125,0.98828125,0.0003667116118398444,10242,0.15
2280,0.9197714924812317,0.7257399559020996,0.625,0.62890625,0.0003665227934927468,10676,0.15
2281,1.50682532787323,0.5329692959785461,0.3125,0.65625,0.0003663339487912389,9706,0.15
2282,1.425209641456604,0.557555615901947,0.4375,0.78515625,0.000366145077816216,19833,0.15
2283,1.2200335264205933,0.5971983075141907,0.6875,0.83203125,0.0003659561806485841,24985,0.15
2284,1.608169436454773,0.5070278644561768,0.25,0.8828125,0.000365767257369261,16648,0.15
2285,1.3234117031097412,0.5910296440124512,0.5625,0.625,0.0003655783080591753,8294,0.15
2286,0.8467800617218018,0.7477806210517883,0.625,0.74609375,0.00036538933279926697,8223,0.15
2287,0.633155107498169,0.8455703854560852,0.4375,0.703125,0.0003652003316704869,16875,0.15
2288,1.0900976657867432,0.6783825755119324,0.1875,0.74609375,0.0003650113047537972,12860,0.15
2289,0.7762991786003113,0.7728065252304077,0.375,1.2421875,0.0003648222521301711,3442,0.15
2290,1.40294349193573,0.5509330034255981,0.5,0.80859375,0.0003646331738805927,9807,0.15
2291,1.4337793588638306,0.5263388156890869,0.5,1.171875,0.00036444407008605703,11428,0.15
2292,0.9402095079421997,0.7299784421920776,0.75,0.953125,0.00036425494082757015,8803,0.15
2293,1.483821988105774,0.5679706335067749,0.3125,1.140625,0.0003640657861861491,8180,0.15
2294,1.674939513206482,0.5005921721458435,0.4375,1.2421875,0.0003638766062428217,10977,0.15
2295,1.2106798887252808,0.6134840846061707,0.375,1.3125,0.00036368740107862665,24325,0.15
2296,1.5145244598388672,0.5469387769699097,0.375,0.80078125,0.0003634981707746134,9800,0.15
2297,1.2728749513626099,0.6413184404373169,0.8125,1.1796875,0.00036330891541184215,3853,0.15
2298,1.4480944871902466,0.5639123320579529,0.4375,0.74609375,0.00036311963507138395,8895,0.15
2299,0.9956333637237549,0.6988089084625244,0.3125,0.78515625,0.0003629303298343206,19310,0.15
2300,1.2628148794174194,0.6123836040496826,0.25,0.9609375,0.0003627409997817441,20301,0.15
2301,1.4064271450042725,0.5675939917564392,0.9375,0.93359375,0.0003625516449947578,9202,0.15
2302,1.512499213218689,0.4804200530052185,0.375,1.25,0.00036236226555447514,9142,0.15
2303,1.3696393966674805,0.5763978958129883,0.3125,0.671875,0.00036217286154202014,12304,0.15
2304,1.014914870262146,0.703127384185791,0.625,0.98046875,0.00036198343303852764,6619,0.15
2305,1.4981952905654907,0.5246572494506836,0.25,0.78125,0.0003617939801251426,13931,0.15
2306,1.1201919317245483,0.662248969078064,0.75,1.3125,0.0003616045028830209,4980,0.15
2307,1.3959099054336548,0.5384467244148254,0.5,1.4296875,0.00036141500139332835,10391,0.15
2308,1.1024407148361206,0.648626446723938,0.625,0.95703125,0.00036122547573724144,10957,0.15
2309,1.385999321937561,0.5697616934776306,0.25,1.6796875,0.0003610359259959469,20140,0.15
2310,1.5007452964782715,0.5432242751121521,0.375,1.2109375,0.0003608463522506419,7704,0.15
2311,1.0399351119995117,0.6874638795852661,0.0625,0.75390625,0.0003606567545825337,13832,0.15
2312,1.3616487979888916,0.574054479598999,0.25,0.96484375,0.0003604671330728401,26494,0.15
2313,0.7518254518508911,0.7843137383460999,0.8125,1.4921875,0.0003602774878027887,3519,0.15
2314,1.5020923614501953,0.5471739768981934,0.0,1.09375,0.0003600878188536177,13535,0.15
2315,0.961968183517456,0.7080773711204529,0.4375,0.546875,0.0003598981263065751,15302,0.15
2316,1.7188708782196045,0.4586886167526245,0.5,0.8671875,0.00035970841024291926,16654,0.15
2317,1.1504802703857422,0.6487059593200684,0.8125,0.82421875,0.00035951867074391855,14142,0.15
2318,1.3142690658569336,0.5672942996025085,0.125,0.59765625,0.00035932890789085116,15826,0.15
2319,1.4459960460662842,0.5531584024429321,0.375,1.0546875,0.0003591391217650057,9641,0.15
2320,1.421498417854309,0.5555784106254578,0.5,0.78515625,0.0003589493124476803,9734,0.15
2321,1.7186346054077148,0.46390673518180847,0.4375,0.7578125,0.0003587594800201835,7633,0.15
2322,1.297550082206726,0.5906100869178772,0.4375,0.75390625,0.00035856962456383315,31161,0.15
2323,1.3231452703475952,0.5977594256401062,0.4375,0.84375,0.00035837974615995764,8480,0.15
2324,1.4491815567016602,0.5562137365341187,0.25,0.85546875,0.0003581898448898945,7934,0.15
2325,1.4267431497573853,0.5555236339569092,0.5625,0.9765625,0.0003579999208349918,20901,0.15
2326,1.673349380493164,0.5007516145706177,0.3125,0.91796875,0.00035780997407660665,5322,0.15
2327,1.2497056722640991,0.6003737449645996,0.25,0.484375,0.00035762000469610625,29968,0.15
2328,1.2480977773666382,0.6007553339004517,0.5625,1.0390625,0.00035743001277486753,16416,0.15
2329,1.194157600402832,0.6145170331001282,0.5,0.70703125,0.00035723999839427706,22787,0.15
2330,1.4121602773666382,0.5427125692367554,0.8125,0.81640625,0.0003570499616357308,10278,0.15
2331,1.0643372535705566,0.6715354919433594,0.8125,0.93359375,0.0003568599025806346,16568,0.15
2332,1.4363203048706055,0.5595366954803467,0.5,0.7109375,0.0003566698213104035,9238,0.15
2333,1.3440122604370117,0.5863954424858093,0.75,0.91015625,0.0003564797179064626,10423,0.15
2334,1.3566954135894775,0.5676043629646301,0.5625,0.69921875,0.00035628959245024596,12477,0.15
2335,1.3902018070220947,0.5715343356132507,0.5,0.84765625,0.0003560994450231973,9457,0.15
2336,1.600111484527588,0.5205236673355103,0.5625,0.6875,0.00035590927570676976,15811,0.15
2337,1.0805058479309082,0.6790669560432434,0.75,1.1015625,0.00035571908458242575,4973,0.15
2338,1.0309499502182007,0.6772133111953735,0.6875,0.734375,0.00035552887173163726,13306,0.15
2339,1.165934443473816,0.6255420446395874,0.75,1.03125,0.0003553386372358854,14298,0.15
2340,0.9345453381538391,0.717391312122345,0.4375,0.66015625,0.0003551483811766605,17894,0.15
2341,1.339363694190979,0.58356773853302,0.375,1.0078125,0.0003549581036354622,15287,0.15
2342,1.093073844909668,0.6529460549354553,0.6875,0.6875,0.0003547678046937994,12050,0.15
2343,1.4763716459274292,0.5367229580879211,0.4375,0.84765625,0.0003545774844331903,24644,0.15
2344,1.3857182264328003,0.5703831911087036,0.5625,0.73046875,0.0003543871429351617,19678,0.15
2345,1.241289734840393,0.5942079424858093,0.3125,0.62109375,0.00035419678028125013,25794,0.15
2346,1.507628321647644,0.5528531074523926,0.3125,1.3671875,0.00035400639655300075,5345,0.15
2347,1.3057339191436768,0.560387134552002,0.6875,0.84765625,0.000353815991831968,21387,0.15
2348,1.2272944450378418,0.6001041531562805,0.875,0.921875,0.0003536255661997152,11523,0.15
2349,1.3461552858352661,0.5770080089569092,0.3125,0.72265625,0.00035343511973781453,21738,0.15
2350,0.8620671033859253,0.7583436965942383,0.625,0.7265625,0.00035324465252784736,13693,0.15
2351,1.0832979679107666,0.6470530033111572,0.5625,0.79296875,0.0003530541646514037,20258,0.15
2352,1.5906445980072021,0.5193808674812317,0.75,1.015625,0.00035286365619008244,7430,0.15
2353,1.2940746545791626,0.5767847895622253,0.3125,0.9140625,0.00035267312722549155,17523,0.15
2354,1.7622168064117432,0.4400392770767212,0.5,0.8203125,0.0003524825778392473,8147,0.15
2355,1.3618382215499878,0.5642601847648621,0.5625,0.953125,0.0003522920081129754,13990,0.15
2356,1.1305789947509766,0.6625069379806519,0.625,0.890625,0.0003521014181283095,8975,0.15
2357,1.6041630506515503,0.4939389228820801,0.3125,0.8046875,0.00035191080796689243,12704,0.15
2358,0.9886965751647949,0.7102319598197937,0.5625,0.9375,0.00035172017771037547,8493,0.15
2359,1.1983023881912231,0.6593838334083557,0.375,1.1640625,0.0003515295274404187,9932,0.15
2360,1.715213418006897,0.4621182978153229,0.8125,0.90234375,0.00035133885723869054,7827,0.15
2361,1.6958833932876587,0.4532691240310669,0.6875,0.84765625,0.00035114816718686805,9758,0.15
2362,1.3282443284988403,0.589465856552124,0.4375,1.0703125,0.00035095745736663685,9417,0.15
2363,1.3878257274627686,0.5807520747184753,0.5625,1.0078125,0.0003507667278596909,6941,0.15
2364,1.1710840463638306,0.6238423585891724,0.5625,1.0,0.0003505759787477326,13497,0.15
2365,1.4631502628326416,0.5164046883583069,0.4375,0.8046875,0.0003503852101124731,10180,0.15
2366,1.5809110403060913,0.5153825879096985,0.5625,1.03125,0.00035019442203563123,15082,0.15
2367,0.7686011791229248,0.759043276309967,0.75,0.73828125,0.0003500036145989348,13463,0.15
2368,1.3185465335845947,0.5723362565040588,0.6875,1.0078125,0.0003498127878841195,13693,0.15
2369,1.606752634048462,0.48228082060813904,0.6875,0.85546875,0.0003496219419729296,11908,0.15
2370,0.8798873424530029,0.7150360345840454,0.75,1.125,0.00034943107694711733,6664,0.15
2371,0.7845342755317688,0.7743252515792847,0.5625,1.015625,0.00034924019288844324,4409,0.15
2372,1.1830394268035889,0.6374379396438599,0.5,1.2734375,0.00034904928987867595,12693,0.15
2373,1.1492400169372559,0.6364024877548218,0.625,1.015625,0.00034885836799959224,11697,0.15
2374,1.4124658107757568,0.5689130425453186,0.5625,0.97265625,0.00034866742733297704,15106,0.15
2375,1.7865318059921265,0.4539742171764374,0.625,1.015625,0.0003484764679606232,15437,0.15
2376,1.5863007307052612,0.5116899013519287,0.6875,0.9609375,0.00034828548996433163,9752,0.15
2377,1.5592597723007202,0.4984035789966583,0.5,0.8359375,0.00034809449342591137,12528,0.15
2378,1.530280351638794,0.508160412311554,0.75,0.859375,0.00034790347842717916,12193,0.15
2379,1.2906650304794312,0.5961076021194458,0.375,0.8046875,0.0003477124450499598,22865,0.15
2380,1.3730684518814087,0.5640177130699158,0.4375,0.9609375,0.0003475213933760858,19643,0.15
2381,1.6322678327560425,0.495093435049057,0.5625,0.875,0.0003473303234873978,15999,0.15
2382,1.0589792728424072,0.6638698577880859,0.4375,0.953125,0.0003471392354657441,13587,0.15
2383,1.5037190914154053,0.5427142381668091,0.75,0.94921875,0.0003469481293929805,7398,0.15
2384,1.5015935897827148,0.5058069229125977,0.375,0.75,0.0003467570053509709,19029,0.15
2385,1.2640643119812012,0.6020689010620117,0.625,0.90234375,0.00034656586342158684,15274,0.15
2386,1.5991809368133545,0.4809701144695282,0.25,0.953125,0.0003463747036867074,13689,0.15
2387,0.9556162357330322,0.7173638343811035,0.625,1.3359375,0.0003461835262282192,18982,0.15
2388,0.8816167116165161,0.7300238609313965,1.0,0.7421875,0.00034599233112801687,6708,0.15
2389,1.4767489433288574,0.5534300804138184,0.4375,0.87109375,0.0003458011184680021,12128,0.15
2390,1.429202675819397,0.5386331677436829,0.5625,0.8359375,0.0003456098883300844,13447,0.15
2391,1.3011924028396606,0.581484854221344,0.5625,0.96484375,0.0003454186407961806,21820,0.15
2392,1.4192548990249634,0.5578579306602478,0.4375,0.76171875,0.00034522737594821503,11727,0.15
2393,1.7365543842315674,0.47513890266418457,0.625,0.9765625,0.0003450360938681197,14038,0.15
2394,1.790852665901184,0.4459213614463806,0.25,0.9296875,0.00034484479463783375,7147,0.15
2395,1.0663180351257324,0.6879772543907166,0.3125,0.703125,0.0003446534783393035,16893,0.15
2396,1.5114257335662842,0.5624071955680847,0.3125,1.1953125,0.0003444621450544828,8757,0.15
2397,1.3617275953292847,0.5919873714447021,0.375,0.84765625,0.00034427079486533293,13279,0.15
2398,1.0939985513687134,0.6740074157714844,0.4375,0.75,0.0003440794278538221,9445,0.15
2399,1.839216709136963,0.4235832989215851,0.5,0.9296875,0.0003438880441019258,6988,0.15
2400,1.3822660446166992,0.5707539319992065,0.8125,1.03125,0.0003436966436916269,12282,0.15
2401,1.257047414779663,0.6158491969108582,0.5,0.86328125,0.0003435052267049152,9603,0.15
2402,1.3004757165908813,0.5986836552619934,0.625,0.7421875,0.00034331379322378753,11547,0.15
2403,1.1559346914291382,0.6191245913505554,0.3125,0.71875,0.00034312234333024814,14233,0.15
2404,1.5020599365234375,0.519147515296936,0.5,1.234375,0.00034293087710630796,12012,0.15
2405,1.6568421125411987,0.46717703342437744,0.625,0.796875,0.000342739394633985,16589,0.15
2406,1.6639760732650757,0.4974935054779053,0.6875,0.828125,0.00034254789599530433,5785,0.15
2407,1.1652913093566895,0.6209461092948914,0.75,1.3671875,0.0003423563812722979,11563,0.15
2408,1.564953088760376,0.5248748660087585,0.625,0.85546875,0.0003421648505470045,16583,0.15
2409,1.1246707439422607,0.6351146101951599,0.75,0.75,0.00034197330390146966,15139,0.15
2410,1.6206965446472168,0.49290260672569275,0.4375,0.8359375,0.0003417817414177462,14301,0.15
2411,1.0947383642196655,0.6541541218757629,0.625,0.58203125,0.0003415901631778932,11615,0.15
2412,0.7505899667739868,0.7741561532020569,0.6875,0.71875,0.00034139856926397664,23286,0.15
2413,1.690531849861145,0.49058306217193604,0.5,0.8828125,0.00034120695975806934,7752,0.15
2414,1.6603924036026,0.4842434525489807,0.5625,0.87890625,0.00034101533474225075,8314,0.15
2415,0.8763218522071838,0.7210440635681152,0.5625,0.9140625,0.00034082369429860697,7356,0.15
2416,1.3587000370025635,0.5894460082054138,0.75,0.9140625,0.0003406320385092306,9134,0.15
2417,1.5341213941574097,0.5271172523498535,0.25,1.359375,0.0003404403674562209,13331,0.15
2418,1.7510319948196411,0.443020761013031,0.8125,1.1328125,0.00034024868122168364,8819,0.15
2419,1.3575259447097778,0.5746169090270996,0.625,0.85546875,0.00034005697988773116,12725,0.15
2420,1.3608096837997437,0.5634957551956177,0.125,0.69921875,0.00033986526353648225,23789,0.15
2421,1.3923765420913696,0.562303364276886,0.375,0.81640625,0.00033967353225006203,11444,0.15
2422,1.0146995782852173,0.6734693646430969,0.625,0.91796875,0.0003394817861106022,14210,0.15
2423,1.5098257064819336,0.49738144874572754,0.625,0.6796875,0.0003392900252002406,13939,0.15
2424,1.1844799518585205,0.6197263598442078,0.3125,0.66796875,0.0003390982496011215,24556,0.15
2425,1.0329985618591309,0.6900151968002319,0.125,0.65234375,0.00033890645939539557,11207,0.15
2426,1.471791386604309,0.5362318754196167,0.6875,1.0,0.00033871465466521965,4830,0.15
2427,1.250064492225647,0.6175050139427185,0.375,0.6640625,0.0003385228354927567,20497,0.15
2428,1.746699333190918,0.4477413594722748,0.875,0.91796875,0.00033833100196017604,6774,0.15
2429,0.9094127416610718,0.7177770137786865,0.9375,1.0703125,0.00033813915414965294,14485,0.15
2430,1.1539520025253296,0.6390009522438049,0.5,1.2421875,0.0003379472921433691,10410,0.15
2431,1.4087930917739868,0.5440803170204163,0.5625,0.73046875,0.0003377554160235119,8666,0.15
2432,1.506108283996582,0.5092848539352417,0.5,0.7265625,0.0003375635258722751,12655,0.15
2433,1.3024886846542358,0.5898970365524292,0.6875,0.96875,0.0003373716217718583,10195,0.15
2434,1.223510980606079,0.6241263151168823,0.75,0.90234375,0.00033717970380446724,7726,0.15
2435,1.599065899848938,0.4770737886428833,0.4375,0.79296875,0.00033698777205231327,12453,0.15
2436,1.2377814054489136,0.5778577923774719,0.4375,1.0703125,0.00033679582659761395,6666,0.15
2437,1.467240810394287,0.5424150228500366,0.75,0.8984375,0.0003366038675225927,10857,0.15
2438,1.5773080587387085,0.5010381937026978,0.5,0.9140625,0.0003364118949094786,6261,0.15
2439,1.755806565284729,0.48483699560165405,0.5,0.84375,0.0003362199088405066,10552,0.15
2440,1.150788426399231,0.6455479264259338,0.5625,0.93359375,0.00033602790939791757,8176,0.15
2441,1.4112530946731567,0.5514947772026062,0.375,1.140625,0.00033583589666395775,13079,0.15
2442,1.3721084594726562,0.5451331734657288,0.375,0.89453125,0.00033564387072087946,8486,0.15
2443,0.8077640533447266,0.7729544639587402,0.5,0.69140625,0.00033545183165094045,11403,0.15
2444,0.8873075246810913,0.737365186214447,0.8125,1.15625,0.00033525977953640426,4729,0.15
2445,0.9883578419685364,0.6850672960281372,0.8125,1.1171875,0.0003350677144595397,8170,0.15
2446,1.0183206796646118,0.6839742064476013,0.0625,1.125,0.00033487563650262155,15369,0.15
2447,1.2282700538635254,0.6222713589668274,0.25,0.87890625,0.0003346835457479299,20340,0.15
2448,1.3779321908950806,0.5805732607841492,0.375,0.96875,0.00033449144227775014,9420,0.15
2449,1.8531734943389893,0.42690664529800415,0.0625,1.0078125,0.0003342993261743735,15446,0.15
2450,0.7942855358123779,0.7699652314186096,0.5625,0.72265625,0.0003341071975200962,20423,0.15
2451,1.5423898696899414,0.5051911473274231,0.375,0.7890625,0.00033391505639722034,12714,0.15
2452,1.2485796213150024,0.6061105132102966,0.5625,1.171875,0.0003337229028880529,20653,0.15
2453,1.601171851158142,0.5057561993598938,0.4375,1.1796875,0.0003335307370749063,11379,0.15
2454,1.0372544527053833,0.6834166646003723,0.5,0.88671875,0.0003333385590400983,11602,0.15
2455,1.573382019996643,0.5218251943588257,0.5,0.76171875,0.0003331463688659519,8591,0.15
2456,1.1724685430526733,0.6252022385597229,0.625,1.1953125,0.00033295416663479526,16070,0.15
2457,1.532583475112915,0.5167582035064697,0.5625,0.8203125,0.00033276195242896176,14202,0.15
2458,1.1981456279754639,0.6315022110939026,0.5,0.81640625,0.0003325697263307897,13034,0.15
2459,1.4383649826049805,0.5263971090316772,0.375,0.9375,0.00033237748842262273,7122,0.15
2460,1.6640323400497437,0.48599013686180115,0.375,0.65234375,0.0003321852387868096,9529,0.15
2461,1.4470067024230957,0.5330307483673096,0.4375,0.84375,0.0003319929775057037,11898,0.15
2462,1.6256310939788818,0.47096070647239685,0.5625,0.8984375,0.00033180070466166375,13740,0.15
2463,1.2943140268325806,0.5910552144050598,0.5625,0.7421875,0.00033160842033705336,21152,0.15
2464,1.491942286491394,0.5132761597633362,0.5,0.93359375,0.0003314161246142411,14462,0.15
2465,1.3999048471450806,0.5648170113563538,0.625,0.859375,0.0003312238175756002,8470,0.15
2466,1.6195766925811768,0.47608086466789246,0.5625,0.6640625,0.000331031499303509,16075,0.15
2467,1.204768180847168,0.6084104180335999,0.75,1.0234375,0.00033083916988035033,15243,0.15
2468,1.7330880165100098,0.48597025871276855,0.625,1.078125,0.0003306468293885124,10157,0.15
2469,1.2691220045089722,0.6114451885223389,0.6875,0.91015625,0.0003304544779103874,10642,0.15
2470,1.843485713005066,0.42498937249183655,0.6875,0.71484375,0.00033026211552837273,11765,0.15
2471,1.1983731985092163,0.6256446838378906,0.8125,0.8359375,0.0003300697423248703,6980,0.15
2472,1.3666162490844727,0.5592114329338074,0.125,0.84765625,0.00032987735838228664,14710,0.15
2473,1.7834900617599487,0.4244637191295624,0.375,1.4453125,0.00032968496378303305,4382,0.15
2474,1.150405764579773,0.6090248823165894,0.8125,0.8125,0.0003294925586095251,26017,0.15
2475,1.4521784782409668,0.5541374683380127,0.375,0.79296875,0.0003293001429441832,9559,0.15
2476,0.6279519200325012,0.8235507607460022,0.1875,1.484375,0.00032910771686943207,11023,0.15
2477,1.4718146324157715,0.5393581390380859,0.4375,1.0703125,0.0003289152804677009,12183,0.15
2478,1.2937660217285156,0.5849611163139343,0.5,0.671875,0.0003287228338214233,14283,0.15
2479,1.629025936126709,0.4703308045864105,0.375,1.09375,0.0003285303770130373,7769,0.15
2480,1.0634582042694092,0.657978355884552,0.875,0.8046875,0.0003283379101249854,12277,0.15
2481,1.3148404359817505,0.593136727809906,0.5625,0.8671875,0.0003281454332397142,9529,0.15
2482,1.608957290649414,0.516292154788971,0.6875,0.93359375,0.00032795294643967474,5340,0.15
2483,1.1108661890029907,0.63604336977005,0.3125,0.89453125,0.00032776044980732216,14194,0.15
2484,1.538384199142456,0.5033987760543823,0.5625,0.859375,0.0003275679434251159,13240,0.15
2485,1.269383192062378,0.61366206407547,0.625,0.74609375,0.0003273754273755197,12370,0.15
2486,1.5845268964767456,0.47249433398246765,0.5625,0.87890625,0.00032718290174100123,9289,0.15
2487,1.3687623739242554,0.5602592825889587,0.625,1.1015625,0.0003269903666040324,9874,0.15
2488,1.270760416984558,0.6074249148368835,0.75,1.0703125,0.0003267978220470891,12283,0.15
2489,1.7107793092727661,0.4806995689868927,0.625,0.6484375,0.0003266052681526513,16010,0.15
2490,1.0308947563171387,0.6799972057342529,0.75,0.68359375,0.000326412705003203,14278,0.15
2491,0.9439155459403992,0.7089265584945679,0.6875,0.6953125,0.00032622013268123216,19806,0.15
2492,1.5095891952514648,0.518159806728363,0.4375,1.2578125,0.0003260275512692306,13216,0.15
2493,1.6777074337005615,0.4591902196407318,0.6875,0.9453125,0.0003258349608496942,9336,0.15
2494,1.1314177513122559,0.6239877343177795,0.5625,0.80859375,0.0003256423615051223,11731,0.15
2495,1.4200681447982788,0.5574555397033691,0.6875,0.69140625,0.00032544975331801865,10234,0.15
2496,1.7336417436599731,0.4797329604625702,0.625,0.81640625,0.00032525713637089024,6291,0.15
2497,1.645882248878479,0.5165674090385437,0.625,0.69921875,0.0003250645107462482,7726,0.15
2498,1.6465225219726562,0.5051859021186829,0.5,0.9609375,0.0003248718765266071,6267,0.15
2499,1.010985016822815,0.6744694113731384,0.625,0.65234375,0.00032467923379448553,19224,0.15
2500,0.8954097032546997,0.7212896347045898,0.5,0.9375,0.00032448658263240534,7506,0.15
2501,1.1612532138824463,0.6500692963600159,0.75,0.75390625,0.00032429392312289217,10102,0.15
2502,1.439407229423523,0.5262547135353088,0.5,0.73046875,0.0003241012553484753,14645,0.15
2503,1.5587453842163086,0.525696337223053,0.75,1.046875,0.0003239085793916875,5098,0.15
2504,1.5119038820266724,0.5203346014022827,0.5,0.9765625,0.00032371589533506496,10401,0.15
2505,1.6589049100875854,0.4652426838874817,0.25,0.98046875,0.00032352320326114743,10487,0.15
2506,1.341243028640747,0.573175311088562,0.5,0.8984375,0.00032333050325247803,10714,0.15
2507,1.495910406112671,0.5236507654190063,0.5,0.82421875,0.00032313779539160347,6300,0.15
2508,1.4171903133392334,0.5553478002548218,0.4375,0.64453125,0.00032294507976107355,10696,0.15
2509,1.596773624420166,0.5351824164390564,0.625,0.90234375,0.0003227523564434416,10744,0.15
2510,1.5733516216278076,0.5260992646217346,0.625,0.7109375,0.000322559625521264,7050,0.15
2511,1.2813249826431274,0.6063425540924072,0.5625,0.68359375,0.0003223668870771007,10532,0.15
2512,1.028214454650879,0.6895341873168945,0.4375,0.640625,0.0003221741411935148,10262,0.15
2513,1.3391897678375244,0.5681011080741882,0.625,1.5,0.0003219813879530723,9574,0.15
2514,1.3531485795974731,0.5597624182701111,0.6875,0.81640625,0.00032178862743834275,13470,0.15
2515,0.996112048625946,0.6968650221824646,0.5,0.734375,0.00032159585973189856,7528,0.15
2516,1.2490119934082031,0.5963625907897949,0.375,0.68359375,0.0003214030849163152,17045,0.15
2517,1.4357820749282837,0.5553807616233826,0.5625,0.8125,0.00032121030307417155,6356,0.15
2518,1.532100796699524,0.5281540751457214,0.375,0.84375,0.0003210175142880488,10851,0.15
2519,0.6251540780067444,0.8105267882347107,0.9375,0.7734375,0.0003208247186405319,23692,0.15
2520,1.1669533252716064,0.6244405508041382,0.5,0.859375,0.0003206319162142083,14746,0.15
2521,1.2402487993240356,0.6159699559211731,0.75,0.80859375,0.00032043910709166843,10119,0.15
2522,1.7005605697631836,0.4794728457927704,0.5625,1.0703125,0.00032024629135550553,10547,0.15
2523,1.1266977787017822,0.6358582377433777,0.875,0.64453125,0.0003200534690883157,7195,0.15
2524,1.1246049404144287,0.6286709904670715,0.4375,0.95703125,0.000319860640372698,4018,0.15
2525,1.150273323059082,0.6225370764732361,0.75,1.0546875,0.0003196678052912541,16799,0.15
2526,1.5345520973205566,0.5345255136489868,0.6875,1.046875,0.0003194749639265883,5648,0.15
2527,1.306227684020996,0.5865280628204346,0.4375,0.73046875,0.00031928211636130785,24050,0.15
2528,1.2878175973892212,0.5846606492996216,0.625,1.0390625,0.00031908926267802245,9857,0.15
2529,1.1749207973480225,0.6202531456947327,0.1875,0.7109375,0.00031889640295934454,24411,0.15
2530,1.561411738395691,0.526401162147522,0.75,1.171875,0.00031870353728788913,5549,0.15
2531,1.1422289609909058,0.6387917995452881,0.8125,0.8515625,0.00031851066574627363,14302,0.15
2532,1.2648605108261108,0.6028487086296082,0.4375,0.78515625,0.00031831778841711814,15586,0.15
2533,1.4592615365982056,0.5655746459960938,0.5625,0.78125,0.00031812490538304515,9127,0.15
2534,1.425579309463501,0.5518702268600464,0.625,0.640625,0.00031793201672667977,9678,0.15
2535,1.4515284299850464,0.5351646542549133,0.5,0.69921875,0.0003177391225306491,11176,0.15
2536,1.7677109241485596,0.4376770555973053,0.5,1.0078125,0.00031754622287758313,11296,0.15
2537,1.2288984060287476,0.601100742816925,0.6875,0.67578125,0.00031735331785011383,12537,0.15
2538,1.3943601846694946,0.568431556224823,0.5,0.640625,0.0003171604075308757,8008,0.15
2539,0.9159875512123108,0.753802478313446,0.4375,0.73828125,0.00031696749200250523,10914,0.15
2540,1.5861276388168335,0.5135052800178528,0.625,1.2265625,0.00031677457134764137,6553,0.15
2541,0.859261691570282,0.7621355056762695,0.4375,0.578125,0.0003165816456489252,11557,0.15
2542,0.8350151181221008,0.7445046901702881,0.625,0.7734375,0.00031638871498900005,17151,0.15
2543,0.9399127960205078,0.7094930410385132,0.9375,0.796875,0.0003161957794505111,12072,0.15
2544,0.9318332672119141,0.7129450440406799,0.6875,0.68359375,0.00031600283911610604,19606,0.15
2545,1.5572195053100586,0.4869600236415863,0.4375,0.796875,0.00031580989406843405,12385,0.15
2546,1.2924517393112183,0.592929482460022,0.9375,0.73046875,0.000315616944390147,5827,0.15
2547,1.4512920379638672,0.5326643586158752,0.5625,0.83203125,0.00031542399016389825,9766,0.15
2548,0.9211395978927612,0.6999440789222717,0.6875,0.8359375,0.00031523103147234325,10728,0.15
2549,1.8541556596755981,0.3929961025714874,0.25,1.40625,0.0003150380683981393,4112,0.15
2550,0.9326609373092651,0.7212489247322083,0.8125,0.65234375,0.0003148451010239459,7078,0.15
2551,1.3648442029953003,0.562176525592804,0.5625,1.4375,0.00031465212943242393,13526,0.15
2552,0.9313951730728149,0.7245861291885376,0.5625,0.79296875,0.0003144591537062364,6463,0.15
2553,1.503282070159912,0.5090035796165466,0.5625,0.7109375,0.0003142661739280478,14161,0.15
2554,1.225102424621582,0.6215836405754089,0.625,0.86328125,0.0003140731901805247,9257,0.15
2555,1.3286088705062866,0.5726731419563293,0.625,0.82421875,0.0003138802025463352,11249,0.15
2556,1.5216692686080933,0.5407269597053528,0.625,0.73046875,0.00031368721110814913,7538,0.15
2557,1.2479016780853271,0.602633535861969,0.75,0.80859375,0.0003134942159486377,13290,0.15
2558,0.9171724915504456,0.7158960700035095,0.875,0.765625,0.000313301217150474,12242,0.15
2559,1.5880484580993652,0.4697055518627167,0.75,1.015625,0.00031310821479633256,7064,0.15
2560,1.3416489362716675,0.5853718519210815,0.1875,0.77734375,0.00031291520896888965,20399,0.15
2561,1.0137261152267456,0.6803194880485535,0.875,0.68359375,0.0003127221997508226,11768,0.15
2562,1.1919512748718262,0.6197397708892822,0.625,0.7578125,0.00031252918722481045,11145,0.15
2563,1.2010825872421265,0.6321266293525696,0.5,0.70703125,0.0003123361714735337,22679,0.15
2564,1.1414270401000977,0.645937979221344,0.5,0.63671875,0.0003121431525796741,23092,0.15
2565,1.5031040906906128,0.530585765838623,0.4375,0.8359375,0.000311950130625915,6163,0.15
2566,1.3359633684158325,0.5869655013084412,0.1875,0.76953125,0.0003117571056949406,14546,0.15
2567,0.6114566922187805,0.8477327823638916,0.4375,0.7734375,0.0003115640778694369,16077,0.15
2568,0.9102765917778015,0.7381063103675842,0.4375,0.8515625,0.0003113710472320907,8618,0.15
2569,1.6159964799880981,0.4994639754295349,0.5625,0.94921875,0.00031117801386559027,8395,0.15
2570,1.6918398141860962,0.4867023825645447,0.25,0.859375,0.000310984977852625,9889,0.15
2571,1.5025044679641724,0.5327020883560181,0.5625,0.83203125,0.00031079193927588525,5703,0.15
2572,1.5020499229431152,0.49936896562576294,0.625,0.80859375,0.00031059889821806285,11885,0.15
2573,1.315061330795288,0.591549277305603,0.75,1.171875,0.0003104058547618503,12212,0.15
2574,1.4143507480621338,0.5350658297538757,0.5,0.79296875,0.0003102128089899413,12006,0.15
2575,1.403308391571045,0.5475478172302246,0.625,0.94921875,0.0003100197609850305,11031,0.15
2576,0.7490435838699341,0.7745102643966675,0.8125,0.7578125,0.00030982671082981355,20675,0.15
2577,1.2136210203170776,0.6004685163497925,0.3125,0.7890625,0.00030963365860698706,13661,0.15
2578,1.3379415273666382,0.5546023845672607,0.625,0.9140625,0.00030944060439924844,8626,0.15
2579,1.3047735691070557,0.6025931239128113,0.8125,0.78125,0.0003092475482892959,9718,0.15
2580,1.3994711637496948,0.5337682962417603,0.5625,0.671875,0.00030905449035982866,8277,0.15
2581,1.222987174987793,0.6111258864402771,0.375,0.796875,0.00030886143069354654,22524,0.15
2582,1.4578185081481934,0.5573456883430481,0.6875,1.0078125,0.0003086683693731503,7324,0.15
2583,0.7107486724853516,0.7896001935005188,0.8125,1.015625,0.00030847530648134096,4577,0.15
2584,1.0609636306762695,0.6705890893936157,0.6875,0.85546875,0.0003082822421008209,14107,0.15
2585,1.7021523714065552,0.44285041093826294,0.3125,1.109375,0.0003080891763142925,4252,0.15
2586,0.9523137807846069,0.6949750185012817,0.5625,1.0234375,0.00030789610920445916,15602,0.15
2587,1.1873459815979004,0.6005290746688843,0.25,1.0390625,0.0003077030408540246,13230,0.15
2588,1.6135348081588745,0.484861820936203,0.75,0.7890625,0.00030750997134569314,15920,0.15
2589,1.3348904848098755,0.5755887627601624,0.625,0.7578125,0.0003073169007621698,13461,0.15
2590,1.3380858898162842,0.5664427876472473,0.125,0.796875,0.00030712382918615975,14441,0.15
2591,1.7315173149108887,0.46271786093711853,0.4375,0.89453125,0.0003069307567003688,7631,0.15
2592,1.8191237449645996,0.4365299642086029,0.5625,0.8203125,0.0003067376833875029,12242,0.15
2593,1.2582526206970215,0.6090220808982849,0.4375,0.95703125,0.0003065446093302687,15717,0.15
2594,1.2646034955978394,0.6140002608299255,0.875,0.9375,0.000306351534611373,7057,0.15
2595,1.2114344835281372,0.6119953393936157,0.8125,0.7109375,0.00030615845931352277,11121,0.15
2596,0.8528981804847717,0.7329089045524597,0.6875,0.6640625,0.0003059653835194253,13194,0.15
2597,0.824152946472168,0.7332670092582703,0.5,1.0234375,0.0003057723073117883,7037,0.15
2598,0.852567732334137,0.7594397664070129,0.8125,0.84375,0.0003055792307733193,10567,0.15
2599,0.9901497960090637,0.7084648609161377,0.75,0.796875,0.0003053861539867263,10136,0.15
2600,1.3534682989120483,0.5665093660354614,0.25,1.15625,0.00030519307703471714,12081,0.15
2601,1.5997233390808105,0.479642391204834,0.625,1.0625,0.00030499999999999993,9284,0.15
2602,1.919568419456482,0.40701913833618164,0.5625,1.0859375,0.00030480692296528273,6582,0.15
2603,1.0365004539489746,0.7174736261367798,0.625,1.390625,0.00030461384601327367,7394,0.15
2604,1.160115361213684,0.6237727403640747,0.375,0.76171875,0.00030442076922668063,22917,0.15
2605,1.2833566665649414,0.5913332104682922,0.8125,0.74609375,0.00030422769268821165,14146,0.15
2606,1.1422220468521118,0.6277005672454834,0.6875,0.60546875,0.00030403461648057455,15321,0.15
2607,1.4096888303756714,0.5539975762367249,0.625,0.83984375,0.0003038415406864772,10769,0.15
2608,1.584015130996704,0.49246183037757874,0.5,0.69921875,0.000303648465388627,10281,0.15
2609,1.1789029836654663,0.6332781314849854,0.5,1.2421875,0.0003034553906697312,7248,0.15
2610,1.7381032705307007,0.4806511104106903,0.6875,1.296875,0.00030326231661249707,9768,0.15
2611,1.4972223043441772,0.5409806966781616,0.4375,0.72265625,0.00030306924329963114,11298,0.15
2612,1.6728912591934204,0.49585697054862976,0.5625,0.875,0.00030287617081384017,4586,0.15
2613,0.6458786129951477,0.8059253096580505,0.8125,1.3828125,0.0003026830992378302,4658,0.15
2614,1.4427545070648193,0.5355154275894165,0.8125,0.78125,0.0003024900286543068,5927,0.15
2615,1.2083286046981812,0.6060440540313721,0.625,0.76171875,0.00030229695914597534,10986,0.15
2616,1.6109157800674438,0.49269959330558777,0.5625,0.87890625,0.0003021038907955408,9657,0.15
2617,0.9336314797401428,0.720239520072937,0.5625,0.56640625,0.00030191082368570755,17036,0.15
2618,1.1290695667266846,0.6439274549484253,0.5,0.8203125,0.00030171775789917914,7608,0.15
2619,0.571416437625885,0.8271037936210632,0.125,0.6171875,0.00030152469351865896,23517,0.15
2620,1.3681106567382812,0.5529053211212158,0.375,0.83984375,0.0003013316306268497,18363,0.15
2621,0.7504226565361023,0.7810137867927551,0.75,0.9453125,0.00030113856930645344,4498,0.15
2622,1.1023825407028198,0.6378682255744934,0.8125,0.765625,0.0003009455096401712,16193,0.15
2623,1.5323271751403809,0.5238476395606995,0.75,1.03125,0.00030075245171070394,8743,0.15
2624,0.5206731557846069,0.8635754585266113,0.4375,0.64453125,0.00030055939560075153,20898,0.15
2625,1.3792104721069336,0.5988966822624207,0.1875,0.7890625,0.0003003663413930129,8701,0.15
2626,0.7950702905654907,0.7745692133903503,0.6875,0.78515625,0.00030017328917018637,8415,0.15
2627,1.7455387115478516,0.4655908942222595,0.625,1.1796875,0.0002999802390149695,4214,0.15
2628,1.7065309286117554,0.4592411518096924,0.625,1.0859375,0.00029978719101005866,9409,0.15
2629,1.3790135383605957,0.5338847041130066,0.625,1.109375,0.00029959414523814966,8101,0.15
2630,1.6251044273376465,0.5019212961196899,0.8125,0.85546875,0.0002994011017819371,7547,0.15
2631,0.9140813946723938,0.7081925272941589,0.6875,0.78125,0.0002992080607241147,13317,0.15
2632,1.3045581579208374,0.5784916281700134,0.25,0.703125,0.00029901502214737494,24251,0.15
2633,1.0971964597702026,0.6471946239471436,0.6875,0.9375,0.00029882198613440965,14294,0.15
2634,1.7476222515106201,0.44142046570777893,0.625,1.03125,0.0002986289527679092,6871,0.15
2635,1.3677349090576172,0.5633127093315125,0.625,0.8359375,0.0002984359221305631,6460,0.15
2636,1.7393553256988525,0.4696861505508423,0.625,0.953125,0.0002982428943050593,5608,0.15
2637,1.5134539604187012,0.5262002944946289,0.5,0.83203125,0.00029804986937408503,11851,0.15
2638,1.3275268077850342,0.5718749761581421,0.1875,0.75,0.0002978568474203258,8960,0.15
2639,1.309699296951294,0.5861572623252869,0.6875,0.671875,0.0002976638285264663,6256,0.15
2640,1.332803726196289,0.5610125064849854,0.3125,0.66015625,0.0002974708127751895,16513,0.15
2641,0.9091731905937195,0.7238149642944336,0.4375,0.6015625,0.0002972778002491774,15801,0.15
2642,1.6872516870498657,0.4671066105365753,0.5,1.0234375,0.0002970847910311103,9850,0.15
2643,0.722471296787262,0.7961992025375366,0.8125,0.96484375,0.00029689178520366725,4578,0.15
2644,1.6150972843170166,0.5254772901535034,0.75,0.7421875,0.000296698782849526,7281,0.15
2645,0.8768866062164307,0.7445067763328552,0.4375,0.8671875,0.00029650578405136227,8556,0.15
2646,1.2647030353546143,0.6085929274559021,0.5625,0.703125,0.0002963127888918508,9310,0.15
2647,1.1028698682785034,0.6789279580116272,0.3125,0.87890625,0.00029611979745366464,11119,0.15
2648,1.595707654953003,0.5102742910385132,0.625,1.046875,0.0002959268098194752,10755,0.15
2649,0.8351407051086426,0.7360402345657349,0.9375,0.82421875,0.0002957338260719521,13324,0.15
2650,1.4437577724456787,0.5531968474388123,0.3125,0.98046875,0.00029554084629376354,7914,0.15
2651,0.8456063866615295,0.7518612742424011,0.625,0.83203125,0.00029534787056757604,9805,0.15
2652,1.29377281665802,0.5924118757247925,0.4375,0.765625,0.0002951548989760541,21112,0.15
2653,1.7651541233062744,0.44153088331222534,0.1875,0.84375,0.00029496193160186054,16017,0.15
2654,1.1485466957092285,0.6109768152236938,0.75,1.0078125,0.0002947689685276568,23996,0.15
2655,1.4528756141662598,0.5275571346282959,0.375,0.7890625,0.0002945760098361017,8183,0.15
2656,1.4297698736190796,0.543958306312561,0.375,0.9609375,0.000294383055609853,12091,0.15
2657,0.7492899894714355,0.7746849060058594,0.6875,0.65234375,0.0002941901059315658,9125,0.15
2658,1.1278973817825317,0.6434268355369568,0.5625,0.95703125,0.00029399716088389404,11159,0.15
2659,1.0605285167694092,0.6477933526039124,0.8125,0.6796875,0.0002938042205494888,15136,0.15
2660,1.110826849937439,0.6576746702194214,0.9375,1.03125,0.0002936112850109999,7414,0.15
2661,1.0314335823059082,0.6649798154830933,0.5625,0.69921875,0.0002934183543510748,13635,0.15
2662,1.1599928140640259,0.6511262059211731,0.4375,0.61328125,0.0002932254286523586,10167,0.15
2663,0.7742061018943787,0.7759371399879456,0.5625,0.91796875,0.0002930325079974947,11711,0.15
2664,1.2586113214492798,0.6161051392555237,0.6875,0.81640625,0.00029283959246912425,6619,0.15
2665,1.510425329208374,0.5363043546676636,0.3125,0.88671875,0.00029264668214988614,16403,0.15
2666,1.6685354709625244,0.46714136004447937,0.625,0.89453125,0.0002924537771224168,8567,0.15
2667,1.1860102415084839,0.6198561787605286,0.6875,0.73046875,0.0002922608774693508,10012,0.15
2668,1.3371620178222656,0.5775413513183594,0.3125,0.9296875,0.00029206798327332026,8647,0.15
2669,0.8657382726669312,0.7273286581039429,0.875,1.171875,0.0002918750946169548,9748,0.15
2670,1.334322214126587,0.5802405476570129,0.375,0.75,0.00029168221158288183,7733,0.15
2671,1.1534993648529053,0.635595440864563,0.4375,0.66015625,0.0002914893342537264,11479,0.15
2672,1.226327896118164,0.6165751814842224,0.9375,0.99609375,0.0002912964627121109,7107,0.15
2673,1.2843732833862305,0.5987142324447632,0.9375,0.6953125,0.0002911035970406554,5911,0.15
2674,1.8684585094451904,0.40475523471832275,0.6875,1.578125,0.00029091073732197747,3575,0.15
2675,1.4829691648483276,0.5159638524055481,0.375,0.609375,0.0002907178836386922,14063,0.15
2676,1.570998191833496,0.5136842131614685,0.8125,0.9453125,0.00029052503607341165,5700,0.15
2677,1.0574432611465454,0.6540923118591309,0.75,0.671875,0.0002903321947087459,14845,0.15
2678,1.1037744283676147,0.648299515247345,0.625,0.67578125,0.000290139359627302,15172,0.15
2679,1.4900503158569336,0.5391144156455994,0.5,0.8203125,0.00028994653091168426,5420,0.15
2680,1.415210247039795,0.5443859696388245,0.5,0.74609375,0.00028975370864449445,11400,0.15
2681,1.2490909099578857,0.6043314337730408,0.8125,0.70703125,0.00028956089290833154,10620,0.15
2682,1.315330982208252,0.5827326774597168,0.6875,0.7421875,0.0002893680837857917,12486,0.15
2683,1.0505962371826172,0.66889488697052,0.875,0.828125,0.000289175281359468,13763,0.15
2684,1.1609959602355957,0.6235565543174744,0.9375,0.98828125,0.00028898248571195104,16454,0.15
2685,0.7643121480941772,0.7630601525306702,0.8125,0.75,0.00028878969692582853,12653,0.15
2686,1.6516335010528564,0.48737210035324097,0.5625,0.97265625,0.0002885969150836848,7721,0.15
2687,1.0320757627487183,0.6884595155715942,0.6875,0.74609375,0.0002884041402681014,11334,0.15
2688,1.272560477256775,0.5934655666351318,0.625,0.75,0.0002882113725616573,12304,0.15
2689,1.4849669933319092,0.5324744582176208,0.5,0.66796875,0.00028801861204692764,9392,0.15
2690,1.0798009634017944,0.6739408373832703,0.75,0.62109375,0.0002878258588064852,14847,0.15
2691,1.1624878644943237,0.6063081622123718,0.5,0.6875,0.0002876331129228992,14077,0.15
2692,1.3285468816757202,0.5701928734779358,0.1875,0.65234375,0.00028744037447873597,18613,0.15
2693,0.7036800980567932,0.7773784399032593,0.875,0.65625,0.0002872476435565584,14190,0.15
2694,1.2096397876739502,0.6050254106521606,0.5625,0.65234375,0.00028705492023892637,10626,0.15
2695,0.7079677581787109,0.7930522561073303,0.625,0.58984375,0.0002868622046083965,12119,0.15
2696,0.8883163928985596,0.7300950884819031,0.5,0.5390625,0.0002866694967475219,15461,0.15
2697,1.3428016901016235,0.5811070203781128,0.5625,0.7578125,0.0002864767967388525,12502,0.15
2698,1.5340663194656372,0.4959960877895355,0.5,0.875,0.000286284104664935,18357,0.15
2699,1.09165358543396,0.6260266304016113,0.375,0.64453125,0.0002860914206083125,14124,0.15
2700,1.3881832361221313,0.5821546912193298,0.5,0.90234375,0.00028589874465152467,5727,0.15
2701,1.0786851644515991,0.668205201625824,0.8125,0.828125,0.00028570607687710775,7583,0.15
2702,0.6542542576789856,0.8027552962303162,0.8125,0.9765625,0.0002855134173675947,4573,0.15
2703,1.311659336090088,0.5946840047836304,0.1875,0.671875,0.00028532076620551444,9368,0.15
2704,1.050013542175293,0.6763656735420227,0.3125,0.73828125,0.0002851281234733928,12338,0.15
2705,1.2405093908309937,0.6149954199790955,0.6875,1.0625,0.0002849354892537519,9883,0.15
2706,1.5187536478042603,0.4986882209777832,0.75,0.83203125,0.00028474286362910973,9529,0.15
2707,1.3836355209350586,0.5620037913322449,0.75,0.80859375,0.0002845502466819813,10580,0.15
2708,1.307121753692627,0.5850415229797363,0.5625,0.68359375,0.00028435763849487763,9025,0.15
2709,1.48768949508667,0.5758893489837646,0.6875,0.953125,0.00028416503915030584,5060,0.15
2710,1.5061918497085571,0.5278139710426331,0.625,0.734375,0.0002839724487307693,10750,0.15
2711,1.5810431241989136,0.4953536093235016,0.5625,0.65234375,0.0002837798673187677,10223,0.15
2712,1.58653724193573,0.5164188742637634,0.75,0.93359375,0.0002835872949967969,12577,0.15
2713,1.0090346336364746,0.6788287162780762,0.5625,0.8046875,0.00028339473184734864,14992,0.15
2714,0.8383602499961853,0.7684224843978882,0.8125,1.953125,0.00028320217795291085,7233,0.15
2715,1.611596941947937,0.48230695724487305,0.4375,0.7265625,0.0002830096333959675,9467,0.15
2716,0.6761916279792786,0.803231954574585,0.9375,0.9375,0.00028281709825899874,4208,0.15
2717,0.7478808164596558,0.78940349817276,0.8125,0.90234375,0.00028262457262448026,8248,0.15
2718,1.2738453149795532,0.5869019627571106,0.5625,0.95703125,0.000282432056574884,13544,0.15
2719,0.9338911771774292,0.725155770778656,0.8125,0.6640625,0.00028223955019267787,9147,0.15
2720,1.7863777875900269,0.43988898396492004,0.3125,1.3671875,0.00028204705356032523,12610,0.15
2721,1.1909455060958862,0.6246867775917053,0.3125,0.8203125,0.00028185456676028573,12371,0.15
2722,1.2986258268356323,0.5873684287071228,0.25,0.7734375,0.00028166208987501446,9975,0.15
2723,1.2864309549331665,0.6134632229804993,0.8125,0.86328125,0.0002814696229869626,10369,0.15
2724,1.3903813362121582,0.5581167340278625,0.6875,0.83984375,0.00028127716617857657,6117,0.15
2725,1.120133399963379,0.6356428265571594,0.6875,0.6953125,0.00028108471953229905,24089,0.15
2726,1.4980790615081787,0.5136682391166687,0.75,0.73046875,0.0002808922831305679,15547,0.15
2727,1.339148759841919,0.571232795715332,0.75,0.83203125,0.0002806998570558167,14593,0.15
2728,0.8296965956687927,0.7586559057235718,0.75,0.84375,0.0002805074413904747,8809,0.15
2729,1.2753297090530396,0.5992340445518494,0.4375,0.671875,0.00028031503621696693,13317,0.15
2730,1.0546928644180298,0.6381681561470032,0.5,0.7421875,0.00028012264161771333,14106,0.15
2731,0.9166766405105591,0.695784866809845,0.5625,0.80859375,0.00027993025767512967,10486,0.15
2732,1.4713069200515747,0.5215296149253845,0.625,0.5546875,0.0002797378844716272,12657,0.15
2733,1.2877435684204102,0.5864682793617249,0.625,0.69921875,0.0002795455220896126,21638,0.15
2734,1.519603967666626,0.5349462628364563,0.875,0.765625,0.0002793531706114876,5208,0.15
2735,1.2384212017059326,0.5954883694648743,0.6875,0.8125,0.0002791608301196495,9132,0.15
2736,1.0756027698516846,0.680347204208374,0.4375,0.73046875,0.00027896850069649104,8065,0.15
2737,1.097532868385315,0.6412366628646851,0.375,0.59375,0.00027877618242439975,24420,0.15
2738,0.9358717203140259,0.7111879587173462,0.375,0.74609375,0.00027858387538575883,7517,0.15
2739,1.203478217124939,0.6176169514656067,0.8125,0.70703125,0.00027839157966294645,5858,0.15
2740,1.1391246318817139,0.6403980851173401,0.8125,0.74609375,0.0002781992953383362,12258,0.15
2741,1.2871875762939453,0.5924132466316223,0.25,0.68359375,0.00027800702249429623,19824,0.15
2742,1.440207600593567,0.5530086159706116,0.75,0.9296875,0.0002778147612131904,5933,0.15
2743,1.2464394569396973,0.5906507968902588,0.25,0.7421875,0.00027762251157737724,17071,0.15
2744,1.4634491205215454,0.5341544151306152,0.5625,0.7578125,0.0002774302736692103,9662,0.15
2745,1.4085636138916016,0.5221146941184998,0.6875,0.63671875,0.0002772380475710382,9609,0.15
2746,1.2899599075317383,0.6129317879676819,0.375,0.95703125,0.0002770458333652047,9032,0.15
2747,1.484704852104187,0.5576200485229492,0.4375,0.74609375,0.0002768536311340481,9580,0.15
2748,0.9559445381164551,0.7204238772392273,0.6875,0.73046875,0.00027666144095990166,6889,0.15
2749,1.584336519241333,0.4930656850337982,0.5,0.71484375,0.00027646926292509364,8220,0.15
2750,1.5197081565856934,0.5080029368400574,0.5,0.6015625,0.00027627709711194713,10996,0.15
2751,1.2817707061767578,0.5763289332389832,0.25,0.65625,0.0002760849436027795,8804,0.15
2752,1.1960301399230957,0.6199745535850525,0.6875,0.59765625,0.0002758928024799036,13357,0.15
2753,1.117119312286377,0.6472886204719543,0.75,0.7421875,0.0002757006738256265,15103,0.15
2754,1.1937909126281738,0.6012667417526245,0.625,0.59375,0.00027550855772224983,13420,0.15
2755,1.1148515939712524,0.6306631565093994,0.75,0.6875,0.00027531645425207005,6092,0.15
2756,1.6950322389602661,0.46726593375205994,0.625,0.74609375,0.0002751243634973783,11792,0.15
2757,1.6567670106887817,0.49126264452934265,0.375,0.65234375,0.0002749322855404603,15222,0.15
2758,1.5166113376617432,0.5045537352561951,0.4375,0.68359375,0.0002747402204635957,9333,0.15
2759,1.4180307388305664,0.5459775328636169,0.4375,0.796875,0.0002745481683490594,11473,0.15
2760,1.2397546768188477,0.5986053943634033,0.375,0.61328125,0.0002743561292791205,12190,0.15
2761,1.2777223587036133,0.6119343638420105,0.4375,0.80859375,0.0002741641033360422,15116,0.15
2762,1.1713441610336304,0.6238313913345337,0.5,0.75,0.0002739720906020824,5883,0.15
2763,1.1737308502197266,0.6561122536659241,0.5625,0.90625,0.00027378009115949336,4990,0.15
2764,1.223658561706543,0.6517881155014038,0.6875,1.1796875,0.00027358810509052136,3719,0.15
2765,1.0519274473190308,0.676920473575592,0.9375,0.59375,0.00027339613247740727,11703,0.15
2766,0.8961116671562195,0.7303252816200256,0.5,0.69140625,0.00027320417340238596,10483,0.15
2767,1.1824105978012085,0.6117819547653198,0.5,0.765625,0.0002730122279476867,8861,0.15
2768,1.2528003454208374,0.6183950901031494,0.5,1.21875,0.00027282029619553273,10144,0.15
2769,1.2670598030090332,0.6136007308959961,0.75,0.78515625,0.00027262837822814164,8926,0.15
2770,1.0496183633804321,0.6571016311645508,0.75,0.71875,0.00027243647412772496,6238,0.15
2771,1.4304605722427368,0.5460025072097778,0.4375,0.71875,0.0002722445839764881,8793,0.15
2772,1.1177648305892944,0.6559013724327087,0.75,0.765625,0.00027205270785663084,6812,0.15
2773,1.0148121118545532,0.670752227306366,0.75,0.46875,0.000271860845850347,14849,0.15
2774,1.0952285528182983,0.6552416086196899,0.25,0.86328125,0.000271668998039824,12458,0.15
2775,1.0233392715454102,0.6879791617393494,0.875,0.6953125,0.0002714771645072432,13826,0.15
2776,1.0779380798339844,0.6493320465087891,0.1875,0.58203125,0.0002712853453347802,23056,0.15
2777,1.2648637294769287,0.599276065826416,0.5625,0.5703125,0.00027109354060460435,13261,0.15
2778,0.9514389634132385,0.7106263041496277,0.75,0.462890625,0.00027090175039887844,13156,0.15
2779,0.7201584577560425,0.78132164478302,0.4375,0.55859375,0.00027070997479975936,20066,0.15
2780,1.2359451055526733,0.6146520376205444,0.75,0.8359375,0.0002705182138893978,14701,0.15
2781,1.1197651624679565,0.6630696654319763,0.6875,0.8828125,0.0002703264677499379,8711,0.15
2782,1.3311172723770142,0.5822939276695251,0.5,0.734375,0.0002701347364635177,20524,0.15
2783,1.3215090036392212,0.5693342685699463,0.625,0.8671875,0.0002699430201122687,11596,0.15
2784,1.4492748975753784,0.5571889877319336,0.5,0.83203125,0.00026975131877831634,8979,0.15
2785,1.4971747398376465,0.5396613478660583,0.1875,1.015625,0.0002695596325437791,13464,0.15
2786,1.11026930809021,0.6523053646087646,0.8125,1.234375,0.0002693679614907694,10584,0.15
2787,1.6625239849090576,0.4752340614795685,0.4375,0.69140625,0.00026917630570139306,12497,0.15
2788,1.077651023864746,0.6454029679298401,0.5625,0.6796875,0.0002689846652577492,24157,0.15
2789,0.896146297454834,0.7106092572212219,1.0,0.796875,0.0002687930402419306,19040,0.15
2790,1.1082130670547485,0.637982189655304,0.8125,0.83203125,0.00026860143073602333,10447,0.15
2791,1.4724293947219849,0.5138925313949585,0.6875,0.625,0.0002684098368221069,18967,0.15
2792,1.1335850954055786,0.6650349497795105,0.9375,1.09375,0.0002682182585822537,7150,0.15
2793,1.1546183824539185,0.6331840753555298,0.5,0.6953125,0.00026802669609853015,15411,0.15
2794,1.2483668327331543,0.59654700756073,0.5,0.76171875,0.0002678351494529955,8804,0.15
2795,1.5273170471191406,0.5028380155563354,0.6875,0.625,0.00026764361872770213,10747,0.15
2796,1.0356987714767456,0.6958440542221069,0.4375,0.8828125,0.0002674521040046956,16314,0.15
2797,1.0333751440048218,0.6903830170631409,0.9375,0.74609375,0.0002672606053660148,7154,0.15
2798,0.8751294612884521,0.7364411950111389,0.75,0.76953125,0.000267069122893692,6564,0.15
2799,1.4772127866744995,0.5539613962173462,0.25,0.8828125,0.0002668776566697518,9479,0.15
2800,0.54771488904953,0.8614194989204407,0.375,0.64453125,0.0002666862067762123,16034,0.15
2801,1.126702904701233,0.6520687937736511,0.5,0.74609375,0.0002664947732950848,21510,0.15
2802,1.2381384372711182,0.6036554574966431,0.5,0.68359375,0.000266303356308373,13733,0.15
2803,1.3204373121261597,0.6001923084259033,0.8125,0.72265625,0.00026611195589807416,7281,0.15
2804,1.320904016494751,0.5824147462844849,0.3125,0.7578125,0.0002659205721461779,11703,0.15
2805,1.6999709606170654,0.44603288173675537,0.4375,1.3828125,0.00026572920513466704,4197,0.15
2806,0.9775347709655762,0.7160859704017639,0.8125,0.95703125,0.0002655378549455171,4047,0.15
2807,1.389235258102417,0.561348021030426,0.4375,0.734375,0.0002653465216606965,9169,0.15
2808,1.047599196434021,0.6726268529891968,0.6875,0.7734375,0.00026515520536216623,7606,0.15
2809,1.328412413597107,0.5923405885696411,0.3125,0.78515625,0.0002649639061318802,15432,0.15
2810,1.2791037559509277,0.5963767170906067,0.125,0.62890625,0.00026477262405178484,30635,0.15
2811,1.5028254985809326,0.546761155128479,0.5625,0.91796875,0.0002645813592038194,5079,0.15
2812,1.343346118927002,0.5676080584526062,0.5625,1.203125,0.0002643901116699156,8675,0.15
2813,1.5474982261657715,0.5170390605926514,0.75,0.8125,0.0002641988815319979,8011,0.15
2814,1.1435858011245728,0.6619216799736023,0.6875,0.85546875,0.00026400766887198305,7025,0.15
2815,0.9303840398788452,0.714744508266449,0.375,0.76171875,0.0002638164737717807,13700,0.15
2816,1.0589666366577148,0.6923635601997375,0.9375,0.8359375,0.0002636252963132925,8263,0.15
2817,1.3745102882385254,0.5651286840438843,0.75,0.875,0.0002634341365784131,8821,0.15
2818,1.0186527967453003,0.6869357228279114,0.8125,0.6171875,0.00026324299464902906,14620,0.15
2819,1.6472234725952148,0.47867247462272644,0.9375,0.91796875,0.00026305187060701946,9190,0.15
2820,0.9471096992492676,0.6891849637031555,0.5,0.7109375,0.00026286076453425585,19214,0.15
2821,1.3893975019454956,0.546586811542511,0.6875,0.73046875,0.0002626696765126021,8350,0.15
2822,1.301956295967102,0.598128616809845,0.4375,0.74609375,0.00026247860662391415,8336,0.15
2823,1.0908626317977905,0.6691735982894897,0.75,0.6796875,0.0002622875549500401,11435,0.15
2824,0.8617393374443054,0.7161470055580139,0.5,0.72265625,0.0002620965215728207,11129,0.15
2825,0.9309970736503601,0.7220124006271362,0.8125,0.85546875,0.00026190550657408855,6619,0.15
2826,0.9332897663116455,0.693719744682312,0.5,0.5390625,0.0002617145100356683,20047,0.15
2827,1.6050419807434082,0.5093581676483154,0.4375,0.796875,0.00026152353203937674,12449,0.15
2828,1.0878815650939941,0.651178240776062,0.1875,1.2421875,0.00026133257266702293,6026,0.15
2829,1.0425149202346802,0.6610100269317627,0.5625,0.86328125,0.0002611416320004077,7366,0.15
2830,0.6778724789619446,0.787120521068573,0.9375,0.6640625,0.000260950710121324,13867,0.15
2831,1.2692996263504028,0.5988170504570007,0.4375,0.703125,0.0002607598071115566,9806,0.15
2832,1.4635107517242432,0.5221869945526123,0.375,0.671875,0.0002605689230528826,13882,0.15
2833,0.881515383720398,0.725396990776062,0.625,0.71484375,0.00026037805802707026,21034,0.15
2834,1.102812647819519,0.6417235136032104,0.625,0.65234375,0.00026018721211588036,15689,0.15
2835,1.5296502113342285,0.5003741383552551,0.5625,0.68359375,0.0002599963854010652,12027,0.15
2836,1.3946589231491089,0.5902411341667175,0.5,0.95703125,0.00025980557796436874,5308,0.15
2837,1.0702258348464966,0.681104838848114,0.625,0.91015625,0.0002596147898875269,4779,0.15
2838,1.0903583765029907,0.6562544703483582,0.75,0.796875,0.0002594240212522673,6979,0.15
2839,1.2978225946426392,0.5628882050514221,0.625,0.890625,0.00025923327214030914,19320,0.15
2840,1.423133134841919,0.5454042553901672,0.6875,1.0078125,0.00025904254263336307,7235,0.15
2841,0.6646490693092346,0.7910143136978149,0.75,0.78515625,0.0002588518328131318,11752,0.15
2842,1.318540334701538,0.568687379360199,0.375,0.734375,0.00025866114276130943,18657,0.15
2843,1.324143409729004,0.5660346746444702,0.3125,0.70703125,0.00025847047255958127,18513,0.15
2844,1.515640377998352,0.5098123550415039,0.8125,0.8359375,0.00025827982228962445,9274,0.15
2845,1.242388367652893,0.5761592388153076,0.625,1.0234375,0.0002580891920331076,20444,0.15
2846,1.6447179317474365,0.4794566035270691,0.5,0.6328125,0.0002578985818716905,12072,0.15
2847,1.4048229455947876,0.543328046798706,0.375,0.75,0.0002577079918870246,9405,0.15
2848,0.8617714047431946,0.7380039691925049,0.625,0.796875,0.0002575174221607525,7565,0.15
2849,1.7611721754074097,0.4859365224838257,0.3125,0.82421875,0.0002573268727745085,11057,0.15
2850,1.696190357208252,0.45608967542648315,0.6875,1.15625,0.0002571363438099175,5887,0.15
2851,1.6206369400024414,0.4761904776096344,0.3125,0.92578125,0.0002569458353485963,9261,0.15
2852,1.6148163080215454,0.5126836895942688,0.1875,0.89453125,0.00025675534747215267,10683,0.15
2853,1.2682181596755981,0.5815423727035522,0.375,0.8046875,0.00025656488026218544,15029,0.15
2854,1.084839105606079,0.6552153825759888,0.75,1.328125,0.0002563744338002847,11236,0.15
2855,1.064738392829895,0.6588645577430725,0.75,0.7578125,0.00025618400816803196,16064,0.15
2856,0.6234869956970215,0.7990265488624573,0.9375,0.74609375,0.0002559936034469992,14176,0.15
2857,1.428440809249878,0.5457961559295654,0.9375,0.859375,0.0002558032197187498,6387,0.15
2858,1.4383084774017334,0.541766881942749,0.1875,0.921875,0.00025561285706483816,12055,0.15
2859,1.506203532218933,0.5346156358718872,0.625,0.73046875,0.00025542251556680967,15701,0.15
2860,1.0027122497558594,0.7023425102233887,0.25,0.90234375,0.0002552321953062005,9904,0.15
2861,0.7814957499504089,0.7588560581207275,0.625,0.81640625,0.0002550418963645377,9231,0.15
2862,1.0244455337524414,0.6538188457489014,0.5625,0.8515625,0.0002548516188233395,4229,0.15
2863,1.5640743970870972,0.5190306901931763,0.9375,1.03125,0.0002546613627641146,14608,0.15
2864,1.043347954750061,0.669455349445343,0.8125,1.140625,0.00025447112826836266,11475,0.15
2865,1.3529893159866333,0.5693626999855042,0.6875,0.78125,0.0002542809154175741,10027,0.15
2866,1.3317941427230835,0.5656036734580994,0.625,0.9140625,0.00025409072429323027,8780,0.15
2867,1.042456030845642,0.6895330548286438,0.5625,0.78125,0.0002539005549768027,13557,0.15
2868,1.3109822273254395,0.5830974578857422,0.375,1.078125,0.000253710407549754,12365,0.15
2869,1.3178592920303345,0.5947287082672119,0.375,0.79296875,0.00025352028209353736,20754,0.15
2870,1.561598300933838,0.5264195203781128,0.5,0.92578125,0.0002533301786895964,10655,0.15
2871,0.9238045811653137,0.7242695093154907,0.6875,0.90625,0.0002531400974193654,9959,0.15
2872,1.0742908716201782,0.6487485766410828,0.25,0.62109375,0.0002529500383642691,23254,0.15
2873,1.3738831281661987,0.5653059482574463,0.625,1.375,0.0002527600016057229,12273,0.15
2874,1.0832113027572632,0.659856379032135,0.6875,0.66796875,0.0002525699872251324,14341,0.15
2875,0.8212108612060547,0.7417491674423218,1.0,0.75,0.00025237999530389367,7272,0.15
2876,0.923086941242218,0.7148492336273193,0.75,0.58984375,0.0002521900259233934,14196,0.15
2877,1.2736133337020874,0.5819966793060303,0.1875,0.76953125,0.00025200007916500815,18641,0.15
2878,1.2379488945007324,0.6000000238418579,0.5625,0.9140625,0.00025181015511010536,10435,0.15
2879,1.357845664024353,0.5479682087898254,0.5,0.77734375,0.0002516202538400424,6546,0.15
2880,1.1338814496994019,0.6505533456802368,0.625,0.72265625,0.00025143037543616677,11295,0.15
2881,1.1222453117370605,0.6461097598075867,0.4375,0.7265625,0.00025124051997981643,20950,0.15
2882,0.9256437420845032,0.7222733497619629,0.5,0.9609375,0.00025105068755231955,11947,0.15
2883,1.1378034353256226,0.6438836455345154,0.75,0.54296875,0.00025086087823499427,11412,0.15
2884,1.3258763551712036,0.5841022729873657,0.5,0.6171875,0.0002506710921091487,8995,0.15
2885,1.2488428354263306,0.6164529323577881,0.6875,0.73828125,0.0002504813292560814,15049,0.15
2886,1.0794938802719116,0.6457440853118896,0.75,0.765625,0.00025029158975708066,10738,0.15
2887,1.3561959266662598,0.5670428276062012,0.5625,0.77734375,0.00025010187369342487,12052,0.15
2888,1.3058621883392334,0.591521143913269,0.5,0.8046875,0.00024991218114638227,9506,0.15
2889,1.7383489608764648,0.4561136066913605,0.6875,0.86328125,0.00024972251219721115,10493,0.15
2890,1.1721758842468262,0.6380694508552551,0.75,0.6875,0.00024953286692715984,9966,0.15
2891,1.0530678033828735,0.6634060740470886,0.4375,0.7734375,0.0002493432454174662,15437,0.15
2892,1.2979300022125244,0.5954539179801941,0.4375,0.76171875,0.000249153647749358,14122,0.15
2893,1.2630904912948608,0.5906018614768982,0.375,0.6796875,0.00024896407400405306,25005,0.15
2894,1.1885818243026733,0.6090903878211975,0.375,0.75390625,0.0002487745242627585,17183,0.15
2895,1.0196892023086548,0.6845958232879639,0.5,1.0546875,0.0002485849986066716,16528,0.15
2896,1.237260341644287,0.5985596179962158,0.5,0.7421875,0.0002483954971169791,8609,0.15
2897,1.0848695039749146,0.6581403613090515,0.75,0.84375,0.0002482060198748573,14465,0.15
2898,1.1358281373977661,0.6380254030227661,0.625,1.078125,0.00024801656696147234,16631,0.15
2899,0.8852055668830872,0.7213311791419983,0.4375,0.57421875,0.0002478271384579798,19952,0.15
2900,0.10575477033853531,1.0,1.0,10.9375,0.00024763773444552495,32,0.15
2901,1.0470300912857056,0.6492941379547119,0.6875,0.8046875,0.00024744835500524216,10342,0.15
2902,0.9945639967918396,0.7059237360954285,0.4375,0.84765625,0.00024725900021825575,17050,0.15
2903,1.2219698429107666,0.6083888411521912,0.5625,1.03125,0.00024706967016567945,10061,0.15
2904,1.6211990118026733,0.49084311723709106,0.6875,1.078125,0.00024688036492861597,5788,0.15
2905,0.8788497447967529,0.7239514589309692,0.75,0.69140625,0.0002466910845881577,8321,0.15
2906,1.122091293334961,0.6300525069236755,0.875,0.9609375,0.0002465018292253865,10861,0.15
2907,1.2218897342681885,0.6163183450698853,0.375,0.71484375,0.00024631259892137327,12440,0.15
2908,0.6634806394577026,0.7935088276863098,0.75,0.73046875,0.0002461233937571782,9952,0.15
2909,1.5819507837295532,0.50638747215271,0.75,0.7890625,0.0002459342138138508,7593,0.15
2910,1.3820369243621826,0.5588958859443665,0.5,0.74609375,0.0002457450591724298,22353,0.15
2911,0.9931141138076782,0.6785768270492554,0.625,0.82421875,0.00024555592991394294,13238,0.15
2912,1.25838303565979,0.577018678188324,0.6875,0.96875,0.00024536682611940727,16892,0.15
2913,1.2533464431762695,0.6188762784004211,0.75,0.87890625,0.00024517774786982885,10839,0.15
2914,0.9418331384658813,0.7083767652511597,0.6875,0.8515625,0.0002449886952462027,17262,0.15
2915,1.2000997066497803,0.6178780794143677,0.5,0.6015625,0.000244799668329513,9039,0.15
2916,1.0326279401779175,0.6628560423851013,0.5625,0.82421875,0.00024461066720073295,15483,0.15
2917,1.2113929986953735,0.6241470575332642,0.875,0.8125,0.00024442169194082466,5276,0.15
2918,0.9362573027610779,0.7233033180236816,0.4375,0.515625,0.00024423274263073896,14337,0.15
2919,1.1357920169830322,0.6429163217544556,0.9375,0.609375,0.00024404381935141578,6035,0.15
2920,0.9332844018936157,0.7260801196098328,0.6875,1.2265625,0.000243854922183784,11434,0.15
2921,1.0936952829360962,0.6282367706298828,0.625,0.83984375,0.00024366605120876102,14173,0.15
2922,1.4577678442001343,0.5576199889183044,0.6875,0.73046875,0.0002434772065072531,13025,0.15
2923,0.8940616250038147,0.7230302095413208,0.875,0.5390625,0.00024328838816015547,14164,0.15
2924,1.31130051612854,0.5790424346923828,0.75,0.72265625,0.00024309959624835195,12177,0.15
2925,0.8015136122703552,0.7415053248405457,0.6875,0.55078125,0.00024291083085271482,10948,0.15
2926,1.102859377861023,0.63885098695755,0.3125,0.625,0.00024272209205410524,24195,0.15
2927,1.2306599617004395,0.621752917766571,0.375,0.75390625,0.00024253337993337303,20788,0.15
2928,1.2907593250274658,0.5729566216468811,0.3125,0.55078125,0.00024234469457135626,18511,0.15
2929,1.389366626739502,0.5780682563781738,0.5,0.79296875,0.00024215603604888191,11016,0.15
2930,0.7982469201087952,0.7672378420829773,0.625,0.6640625,0.00024196740444676525,9804,0.15
2931,1.342592477798462,0.5938136577606201,0.4375,0.76953125,0.00024177879984581003,7856,0.15
2932,1.087534785270691,0.6452332139015198,0.4375,0.55859375,0.0002415902223268085,21524,0.15
2933,1.4578379392623901,0.5174769759178162,0.6875,0.90234375,0.00024140167197054128,10099,0.15
2934,0.7117780447006226,0.7919169664382935,0.9375,0.97265625,0.0002412131488577774,3662,0.15
2935,1.0650218725204468,0.6517380475997925,0.8125,0.69921875,0.00024102465306927406,15362,0.15
2936,1.2503527402877808,0.6367865204811096,0.5625,0.7890625,0.00024083618468577692,11178,0.15
2937,0.7224729657173157,0.7918636798858643,0.5,0.9296875,0.00024064774378801997,10152,0.15
2938,1.0044517517089844,0.6757649779319763,0.875,0.6875,0.00024045933045672505,16340,0.15
2939,1.6044172048568726,0.4911925792694092,0.875,0.8203125,0.00024027094477260268,8402,0.15
2940,1.617140293121338,0.4584989547729492,0.6875,1.0625,0.00024008258681635115,4277,0.15
2941,1.0804985761642456,0.6567801833152771,0.375,0.6875,0.00023989425666865718,7721,0.15
2942,1.4766165018081665,0.5503698587417603,0.875,0.9765625,0.00023970595441019524,7435,0.15
2943,0.9014348983764648,0.7285782694816589,0.5,0.59765625,0.00023951768012162814,16642,0.15
2944,1.0982176065444946,0.6725512742996216,0.9375,1.1484375,0.00023932943388360668,7024,0.15
2945,1.2020378112792969,0.6189944744110107,0.4375,0.640625,0.00023914121577676934,20606,0.15
2946,1.3986471891403198,0.5758373141288757,0.4375,1.171875,0.0002389530258817429,8360,0.15
2947,1.5903738737106323,0.5360325574874878,0.625,1.125,0.00023876486427914202,5162,0.15
2948,0.6767999529838562,0.7979995608329773,0.6875,0.9765625,0.00023857673104956913,4599,0.15
2949,1.1463804244995117,0.6244164109230042,0.6875,0.80078125,0.0002383886262736144,10067,0.15
2950,1.0425246953964233,0.6577045917510986,0.6875,0.62890625,0.00023820055003185596,22837,0.15
2951,1.5118534564971924,0.5108204483985901,0.5625,1.0546875,0.0002380125024048599,10628,0.15
2952,1.2886664867401123,0.6007282733917236,0.5625,0.64453125,0.00023782448347317963,21146,0.15
2953,1.0550729036331177,0.6699210405349731,0.8125,0.60546875,0.00023763649331735653,11779,0.15
2954,0.9163182377815247,0.7252025008201599,0.125,0.625,0.0002374485320179197,10495,0.15
2955,1.281775951385498,0.5745581984519958,0.4375,0.82421875,0.00023726059965538566,8262,0.15
2956,1.1028491258621216,0.6371832489967346,0.5,0.78125,0.00023707269631025878,8208,0.15
2957,1.2776087522506714,0.5977147817611694,0.4375,0.73828125,0.00023688482206303077,11815,0.15
2958,0.9949501156806946,0.7027603387832642,0.625,0.92578125,0.00023669697699418122,7499,0.15
2959,1.4704599380493164,0.5162467360496521,0.5625,0.625,0.00023650916118417664,14249,0.15
2960,1.4658488035202026,0.5234887003898621,0.625,0.71875,0.00023632137471347165,10686,0.15
2961,1.2532134056091309,0.6136089563369751,0.8125,0.77734375,0.00023613361766250794,6628,0.15
2962,1.5670443773269653,0.488984614610672,0.9375,0.7109375,0.00023594589011171455,8125,0.15
2963,0.7809706926345825,0.7786266207695007,0.6875,0.6484375,0.00023575819214150803,11126,0.15
2964,0.8728047013282776,0.725939154624939,0.9375,0.640625,0.00023557052383229232,13975,0.15
2965,1.080569863319397,0.6631429195404053,0.6875,1.0859375,0.0002353828852644586,11257,0.15
2966,1.3565346002578735,0.5448046922683716,0.625,0.55078125,0.00023519527651838507,11751,0.15
2967,1.5441001653671265,0.5100725293159485,0.375,0.67578125,0.00023500769767443745,9928,0.15
2968,1.2255206108093262,0.5938621759414673,0.25,0.59375,0.0002348201488129687,25351,0.15
2969,0.9002260565757751,0.7233983278274536,0.5,0.55859375,0.00023463263001431865,14407,0.15
2970,1.6535325050354004,0.5054597854614258,0.5,0.7578125,0.00023444514135881437,10440,0.15
2971,1.2553311586380005,0.5849604606628418,0.25,0.494140625,0.00023425768292677015,18591,0.15
2972,0.95051109790802,0.6954076886177063,0.6875,0.64453125,0.0002340702547984871,13871,0.15
2973,1.2178294658660889,0.6097756624221802,0.625,0.80859375,0.00023388285705425358,13728,0.15
2974,0.7108032703399658,0.7937994003295898,0.9375,1.0625,0.00023369548977434477,4806,0.15
2975,1.196802020072937,0.6266531348228455,0.3125,0.69921875,0.00023350815303902297,19735,0.15
2976,1.433228611946106,0.5608471035957336,0.3125,0.89453125,0.00023332084692853714,10058,0.15
2977,0.986630380153656,0.6963993906974792,0.625,0.734375,0.00023313357152312332,11637,0.15
2978,1.6422677040100098,0.45127326250076294,0.375,1.2890625,0.00023294632690300446,4084,0.15
2979,1.0718363523483276,0.6756507754325867,0.8125,0.71875,0.00023275911314838996,7606,0.15
2980,1.3695776462554932,0.5604867339134216,0.9375,0.8203125,0.0002325719303394764,11176,0.15
2981,1.3042739629745483,0.5974065661430359,0.5,0.87109375,0.00023238477855644702,6555,0.15
2982,1.6534082889556885,0.465168833732605,0.4375,0.82421875,0.00023219765787947167,7522,0.15
2983,1.2799171209335327,0.6057379841804504,0.625,0.765625,0.00023201056838870668,8923,0.15
2984,1.4717403650283813,0.5367833971977234,0.8125,0.80078125,0.00023182351016429544,14164,0.15
2985,1.0097798109054565,0.670045018196106,0.5625,0.953125,0.00023163648328636784,3552,0.15
2986,1.1886273622512817,0.6077920198440552,0.625,0.79296875,0.0002314494878350401,13424,0.15
2987,1.2904599905014038,0.5881215929985046,0.6875,0.68359375,0.00023126252389041505,12931,0.15
2988,0.85288405418396,0.7400162816047668,0.6875,0.5,0.0002310755915325824,17178,0.15
2989,1.5053499937057495,0.5185222029685974,0.5,0.7109375,0.0002308886908416177,10069,0.15
2990,1.1775875091552734,0.6218510270118713,0.625,0.7578125,0.00023070182189758348,10956,0.15
2991,1.021279215812683,0.6640796065330505,0.4375,0.515625,0.00023051498478052836,22806,0.15
2992,1.0361673831939697,0.6958836913108826,0.5,0.84765625,0.0002303281795704876,4883,0.15
2993,1.070016860961914,0.6567234992980957,0.5625,0.97265625,0.0002301414063474823,12672,0.15
2994,1.660852313041687,0.4680040776729584,0.8125,1.03125,0.00022995466519152045,7876,0.15
2995,1.6007708311080933,0.4889966547489166,0.625,0.66796875,0.00022976795618259596,16495,0.15
2996,1.2938792705535889,0.596875786781311,0.5,0.546875,0.000229581279400689,20485,0.15
2997,1.1426455974578857,0.6221725940704346,0.875,0.71484375,0.00022939463492576594,13440,0.15
2998,0.8549409508705139,0.7403169274330139,0.5,0.5859375,0.00022920802283777944,13632,0.15
2999,0.7370824813842773,0.7894896864891052,0.75,1.109375,0.0002290214432166682,3292,0.15
3000,1.0872830152511597,0.6806457042694092,0.5625,0.5859375,0.00022883489614235688,11708,0.15
3001,0.8754875659942627,0.7274534106254578,0.5625,0.54296875,0.0002286483816947563,18617,0.15
3002,0.7707691192626953,0.7480133175849915,0.75,0.703125,0.0002284618999537636,10822,0.15
3003,1.1192904710769653,0.6409288644790649,0.5,0.7421875,0.00022827545099926124,10335,0.15
3004,0.5376591086387634,0.8498121500015259,0.8125,0.9453125,0.00022808903491111835,10913,0.15
3005,1.2243592739105225,0.6220963597297668,0.75,0.84765625,0.00022790265176918963,12183,0.15
3006,1.0259380340576172,0.6652145385742188,0.875,0.66015625,0.00022771630165331546,15150,0.15
3007,1.470289707183838,0.5170718431472778,0.375,0.8046875,0.00022752998464332244,14849,0.15
3008,1.4326101541519165,0.5303921699523926,0.3125,0.65625,0.00022734370081902295,14280,0.15
3009,0.8881522417068481,0.7344624400138855,0.6875,0.74609375,0.00022715745026021504,6613,0.15
3010,1.0773380994796753,0.6518610715866089,0.875,0.9765625,0.00022697123304668237,16818,0.15
3011,1.4147580862045288,0.5556740164756775,0.75,0.77734375,0.00022678504925819457,8442,0.15
3012,1.388176679611206,0.5404107570648193,0.1875,0.69921875,0.00022659889897450703,12076,0.15
3013,1.5417418479919434,0.528472363948822,0.625,0.84375,0.0002264127822753604,4759,0.15
3014,0.7660518288612366,0.7584429383277893,0.75,0.71484375,0.00022622669924048114,7373,0.15
3015,1.5821423530578613,0.518362283706665,0.5,0.7578125,0.00022604064994958143,13751,0.15
3016,1.0502285957336426,0.6753509640693665,0.8125,0.69921875,0.00022585463448235893,6909,0.15
3017,1.6522212028503418,0.475993275642395,0.5625,0.8984375,0.00022566865291849663,7727,0.15
3018,1.3374848365783691,0.5542387366294861,0.6875,1.125,0.00022548270533766308,8269,0.15
3019,1.490174651145935,0.5438752770423889,0.5,0.76953125,0.00022529679181951254,15715,0.15
3020,1.0782580375671387,0.6567052602767944,0.6875,0.640625,0.00022511091244368424,22788,0.15
3021,1.0837433338165283,0.6796170473098755,0.875,1.203125,0.00022492506728980308,7207,0.15
3022,1.173535943031311,0.6240419149398804,0.4375,0.6484375,0.0002247392564374792,13177,0.15
3023,1.0252721309661865,0.6986798048019409,0.375,0.69921875,0.00022455347996630816,7726,0.15
3024,0.9457817077636719,0.6930203437805176,0.875,0.875,0.0002243677379558705,14356,0.15
3025,1.404792070388794,0.5812346935272217,0.6875,0.8359375,0.0002241820304857324,6949,0.15
3026,1.4866087436676025,0.5386228561401367,0.125,0.9453125,0.00022399635763544498,14305,0.15
3027,1.3418768644332886,0.5701771378517151,0.8125,0.6875,0.0002238107194845445,10160,0.15
3028,1.2413848638534546,0.6086252331733704,0.5,0.60546875,0.00022362511611255246,13588,0.15
3029,1.14921236038208,0.6321258544921875,0.625,0.5859375,0.00022343954759897569,13665,0.15
3030,1.216766357421875,0.616202712059021,0.5625,0.5625,0.0002232540140233055,10813,0.15
3031,0.869534432888031,0.7216193675994873,0.625,0.85546875,0.00022306851546501877,9584,0.15
3032,0.8134017586708069,0.7598289847373962,0.875,0.55078125,0.00022288305200357714,10759,0.15
3033,0.5988617539405823,0.810927152633667,0.75,0.55859375,0.00022269762371842738,13471,0.15
3034,1.1979964971542358,0.6263518929481506,0.75,0.69140625,0.0002225122306890009,6565,0.15
3035,1.2093437910079956,0.6183105707168579,0.8125,0.68359375,0.00022232687299471424,6073,0.15
3036,1.6638243198394775,0.47775813937187195,0.5,0.6640625,0.00022214155071496885,12454,0.15
3037,1.243877649307251,0.592892587184906,0.375,0.91015625,0.00022195626392915077,11481,0.15
3038,1.3392212390899658,0.578396737575531,0.875,0.8671875,0.00022177101271663103,7073,0.15
3039,1.4232349395751953,0.5350005030632019,0.5,0.8359375,0.00022158579715676532,9957,0.15
3040,1.0952398777008057,0.6520442962646484,0.625,0.6796875,0.00022140061732889424,11740,0.15
3041,1.6923363208770752,0.47392868995666504,0.4375,0.8359375,0.00022121547331234277,6674,0.15
3042,1.2855349779129028,0.5825366377830505,0.375,0.76171875,0.0002210303651864209,12552,0.15
3043,0.8245326280593872,0.7345417737960815,0.75,0.640625,0.000220845293030423,14895,0.15
3044,1.0732896327972412,0.6880189776420593,0.5625,0.88671875,0.00022066025692362793,8430,0.15
3045,1.2821792364120483,0.6031033396720886,0.75,0.6875,0.00022047525694529946,7798,0.15
3046,0.824094295501709,0.7322865128517151,0.625,0.48828125,0.00022029029317468577,15412,0.15
3047,1.130750060081482,0.6175879836082458,0.6875,0.90234375,0.00022010536569101933,13441,0.15
3048,1.3336455821990967,0.5873587131500244,0.4375,0.66015625,0.00021992047457351717,11676,0.15
3049,1.4675912857055664,0.5646343231201172,0.8125,0.85546875,0.00021973561990138083,7233,0.15
3050,1.4790129661560059,0.5153999924659729,0.8125,0.64453125,0.00021955080175379627,15000,0.15
3051,0.6979218125343323,0.7998811602592468,0.5,0.5546875,0.00021936602020993363,11778,0.15
3052,1.598687767982483,0.5363836884498596,0.5625,0.8203125,0.00021918127534894732,7256,0.15
3053,1.2460031509399414,0.597920835018158,0.25,0.640625,0.00021899656724997648,30397,0.15
3054,0.9696980714797974,0.687702476978302,0.8125,0.7265625,0.00021881189599214389,14198,0.15
3055,0.8041189908981323,0.7573122382164001,0.8125,0.6875,0.00021862726165455695,6325,0.15
3056,1.1558316946029663,0.6561994552612305,0.625,0.70703125,0.0002184426643163072,11751,0.15
3057,1.3982962369918823,0.5649377703666687,0.3125,0.73046875,0.00021825810405647035,9640,0.15
3058,1.5609129667282104,0.5200058221817017,0.5,0.6171875,0.00021807358095410592,13796,0.15
3059,0.9983584880828857,0.6734854578971863,0.4375,0.51953125,0.00021788909508825782,22878,0.15
3060,1.5969213247299194,0.48756709694862366,0.375,0.64453125,0.00021770464653795416,14156,0.15
3061,1.114213466644287,0.6683309078216553,0.75,0.486328125,0.0002175202353822066,11617,0.15
3062,1.3336957693099976,0.5978236198425293,0.875,0.8984375,0.00021733586170001097,8822,0.15
3063,1.415977954864502,0.5521042346954346,0.375,0.6015625,0.00021715152557034737,8982,0.15
3064,1.2682054042816162,0.6107877492904663,0.375,1.0078125,0.00021696722707217924,9622,0.15
3065,1.6244829893112183,0.47767502069473267,0.6875,0.71484375,0.00021678296628445441,12542,0.15
3066,1.5755419731140137,0.4957983195781708,0.4375,0.80859375,0.00021659874328610422,7497,0.15
3067,1.1874762773513794,0.6295783519744873,0.875,0.8203125,0.00021641455815604415,9392,0.15
3068,1.2943602800369263,0.6102573275566101,0.625,0.859375,0.00021623041097317298,5596,0.15
3069,1.492138385772705,0.5311154723167419,0.8125,0.65234375,0.00021604630181637377,10220,0.15
3070,1.5206173658370972,0.5030228495597839,0.875,0.7890625,0.0002158622307645129,8105,0.15
3071,0.6836803555488586,0.8016477823257446,0.5625,0.7734375,0.0002156781978964405,9710,0.15
3072,0.7995168566703796,0.7409266829490662,0.75,0.75,0.00021549420329099045,14741,0.15
3073,1.4829308986663818,0.5411997437477112,0.25,1.109375,0.00021531024702698033,13653,0.15
3074,1.4861390590667725,0.5581092834472656,0.75,0.9296875,0.00021512632918321107,4612,0.15
3075,1.4334028959274292,0.5239444375038147,0.6875,0.83203125,0.00021494244983846712,10587,0.15
3076,1.3153713941574097,0.576538622379303,0.625,0.71484375,0.00021475860907151664,12105,0.15
3077,0.9318511486053467,0.7158238291740417,0.6875,0.69140625,0.00021457480696111133,9195,0.15
3078,1.0888655185699463,0.6424174308776855,0.5,0.5078125,0.00021439104358598595,24042,0.15
3079,0.7869290113449097,0.7506077885627747,1.0,0.79296875,0.0002142073190248589,7815,0.15
3080,1.2459735870361328,0.6202327013015747,0.4375,0.8671875,0.0002140236333564321,9885,0.15
3081,1.400932788848877,0.5512058138847351,0.5,0.67578125,0.00021383998665939054,8915,0.15
3082,1.2077629566192627,0.6184229254722595,0.75,0.51953125,0.0002136563790124026,21343,0.15
3083,1.5295723676681519,0.5036818981170654,0.625,0.84375,0.00021347281049412,8827,0.15
3084,1.2568905353546143,0.583900511264801,0.8125,0.6953125,0.00021328928118317787,8522,0.15
3085,1.372855544090271,0.5514950156211853,0.5625,0.70703125,0.00021310579115819394,8729,0.15
3086,0.7782871127128601,0.7547144293785095,0.6875,0.8515625,0.00021292234049776984,14795,0.15
3087,1.1410771608352661,0.6412084102630615,0.6875,0.796875,0.00021273892928048996,9401,0.15
3088,1.08109712600708,0.6700885891914368,0.8125,0.73828125,0.00021255555758492155,9936,0.15
3089,1.479818344116211,0.5077266097068787,0.6875,0.59765625,0.0002123722254896155,19737,0.15
3090,1.2224490642547607,0.5908188223838806,0.5625,0.67578125,0.00021218893307310542,17122,0.15
3091,1.4940067529678345,0.5392507314682007,0.5,0.8671875,0.000212005680413908,10624,0.15
3092,0.8294987678527832,0.7503978610038757,0.6875,0.60546875,0.0002118224675905226,7540,0.15
3093,0.9603803753852844,0.7125662565231323,0.625,0.734375,0.00021163929468143204,6979,0.15
3094,1.3555809259414673,0.5562235116958618,0.75,0.5546875,0.00021145616176510175,11810,0.15
3095,1.2599784135818481,0.5962603092193604,0.6875,0.75390625,0.00021127306891997996,11017,0.15
3096,0.7389929294586182,0.7658345699310303,0.75,0.6328125,0.0002110900162244978,15062,0.15
3097,1.3119356632232666,0.572412371635437,0.625,0.55859375,0.00021090700375706931,9584,0.15
3098,1.404778003692627,0.5722005367279053,0.6875,0.734375,0.00021072403159609125,12029,0.15
3099,0.8376772403717041,0.7571734189987183,0.5625,0.8828125,0.00021054109981994302,4670,0.15
3100,1.2710081338882446,0.576517641544342,0.5,0.51953125,0.00021035820850698672,8253,0.15
3101,1.6077840328216553,0.4814078211784363,0.625,0.765625,0.00021017535773556735,11564,0.15
3102,1.2598166465759277,0.5876171588897705,0.625,0.72265625,0.0002099925475840122,9707,0.15
3103,0.9657620787620544,0.6861798167228699,0.625,0.61328125,0.0002098097781306314,15528,0.15
3104,1.5008925199508667,0.5919151306152344,0.5625,1.0546875,0.0002096270494537176,9895,0.15
3105,1.2628577947616577,0.586181104183197,0.625,0.51953125,0.00020944436163154593,8018,0.15
3106,0.865980327129364,0.7442522644996643,0.875,0.68359375,0.000209261714742374,4567,0.15
3107,1.1990424394607544,0.6267350912094116,0.5625,0.87109375,0.00020907910886444205,8573,0.15
3108,1.5388189554214478,0.504941463470459,0.75,0.671875,0.00020889654407597262,7690,0.15
3109,0.9363137483596802,0.7105374932289124,0.875,1.0390625,0.00020871402045517055,7051,0.15
3110,1.301662802696228,0.5663045644760132,0.4375,0.58203125,0.00020853153808022325,11598,0.15
3111,1.5770127773284912,0.5106845498085022,0.5,0.87109375,0.00020834909702930043,11044,0.15
3112,1.3189756870269775,0.5911738276481628,0.5,0.62109375,0.00020816669738055386,8928,0.15
3113,0.8886315822601318,0.7169127464294434,0.375,0.7421875,0.00020798433921211795,7450,0.15
3114,0.8992045521736145,0.737520158290863,0.6875,0.796875,0.00020780202260210895,8694,0.15
3115,0.8391801118850708,0.7477922439575195,0.6875,0.6875,0.00020761974762862576,6681,0.15
3116,1.1644928455352783,0.6123332977294922,0.375,0.765625,0.0002074375143697489,8773,0.15
3117,0.6403629779815674,0.8130155801773071,0.9375,0.74609375,0.00020725532290354155,4364,0.15
3118,0.6287574172019958,0.8145681619644165,0.75,0.98828125,0.00020707317330804866,9761,0.15
3119,1.291212797164917,0.5882304310798645,0.6875,0.65625,0.00020689106566129718,12167,0.15
3120,0.6985430717468262,0.7871930003166199,0.875,0.5234375,0.00020670900004129644,20723,0.15
3121,1.3359220027923584,0.5667940974235535,0.5,0.74609375,0.00020652697652603758,10203,0.15
3122,1.5568780899047852,0.4968790113925934,0.5625,0.640625,0.00020634499519349357,10093,0.15
3123,0.7569485902786255,0.7712170481681824,0.6875,0.62890625,0.00020616305612161943,5809,0.15
3124,1.4327583312988281,0.535179615020752,0.5,0.6171875,0.00020598115938835206,9352,0.15
3125,1.281357765197754,0.5896944999694824,0.625,0.61328125,0.0002057993050716105,12013,0.15
3126,0.5238922238349915,0.8397455811500549,0.625,0.458984375,0.0002056174932492951,22327,0.15
3127,1.4941596984863281,0.5292773246765137,0.5,0.796875,0.00020543572399928827,9188,0.15
3128,0.9887552261352539,0.6869290471076965,0.5625,0.546875,0.00020525399739945434,14559,0.15
3129,1.0565863847732544,0.6406416296958923,0.4375,0.7109375,0.000205072313527639,13154,0.15
3130,1.2696577310562134,0.6186899542808533,0.5,0.82421875,0.0002048906724616701,17175,0.15
3131,1.5832606554031372,0.5197017192840576,0.3125,0.72265625,0.0002047090742793566,9923,0.15
3132,1.3902368545532227,0.5727272629737854,0.6875,0.86328125,0.00020452751905848977,6050,0.15
3133,1.130866527557373,0.6376664042472839,0.6875,0.71875,0.00020434600687684179,11793,0.15
3134,1.2837016582489014,0.6049115061759949,0.6875,0.73046875,0.0002041645378121668,11076,0.15
3135,1.0683038234710693,0.6838201880455017,0.625,0.80078125,0.00020398311194220052,6607,0.15
3136,1.180081844329834,0.5952303409576416,0.75,0.8046875,0.00020380172934465974,12244,0.15
3137,1.4171183109283447,0.5211957693099976,0.75,0.875,0.00020362039009724322,10002,0.15
3138,1.1291252374649048,0.6513292193412781,0.875,0.9375,0.00020343909427763095,5868,0.15
3139,1.4913814067840576,0.5358814597129822,0.75,0.71875,0.0002032578419634842,7692,0.15
3140,0.997915506362915,0.6836105585098267,0.8125,0.8046875,0.00020307663323244565,13948,0.15
3141,1.2071022987365723,0.6092319488525391,0.625,0.60546875,0.0002028954681621395,25780,0.15
3142,1.2537871599197388,0.5985463261604309,0.625,0.72265625,0.0002027143468301712,14171,0.15
3143,1.2534303665161133,0.6178004741668701,0.5625,1.546875,0.0002025332693141271,9202,0.15
3144,1.310643196105957,0.5673432946205139,0.8125,0.953125,0.00020235223569157516,6749,0.15
3145,1.4883885383605957,0.5277534127235413,0.75,0.8125,0.00020217124604006456,7981,0.15
3146,1.63666832447052,0.48698994517326355,0.6875,0.87109375,0.0002019903004371253,6764,0.15
3147,0.5364757776260376,0.838567852973938,0.75,0.70703125,0.0002018093989602689,4776,0.15
3148,1.0466032028198242,0.6556991338729858,0.3125,0.494140625,0.00020162854168698775,24223,0.15
3149,1.622774600982666,0.5095570683479309,0.625,0.8203125,0.00020144772869475544,8737,0.15
3150,1.1665253639221191,0.6217250227928162,0.4375,0.82421875,0.0002012669600610263,12023,0.15
3151,1.4918023347854614,0.5131902694702148,0.75,0.87109375,0.00020108623586323607,8529,0.15
3152,0.6835823059082031,0.8122923374176025,0.6875,0.6953125,0.00020090555617880129,10234,0.15
3153,1.6279939413070679,0.5296513438224792,0.6875,0.82421875,0.00020072492108511912,6138,0.15
3154,0.7884933948516846,0.7745224237442017,0.6875,0.68359375,0.00020054433065956812,9318,0.15
3155,1.1378635168075562,0.6474112272262573,0.6875,0.6015625,0.0002003637849795076,11183,0.15
3156,1.3167165517807007,0.5932716131210327,0.75,0.98828125,0.00020018328412227732,5618,0.15
3157,1.2324161529541016,0.6084280014038086,0.4375,0.7265625,0.0002000028281651981,8448,0.15
3158,1.1698747873306274,0.6173936724662781,0.5625,0.625,0.00019982241718557179,11027,0.15
3159,0.6341075301170349,0.8266162276268005,0.6875,0.5546875,0.00019964205126068063,10843,0.15
3160,0.9877766370773315,0.6723746061325073,0.5625,0.60546875,0.00019946173046778764,14074,0.15
3161,1.3261181116104126,0.5625367760658264,0.6875,0.62890625,0.00019928145488413637,11889,0.15
3162,1.4496561288833618,0.5214567184448242,0.625,0.55078125,0.00019910122458695147,13702,0.15
3163,0.7064606547355652,0.7808695435523987,0.9375,0.6640625,0.00019892103965343753,7475,0.15
3164,1.1990795135498047,0.6087773442268372,0.3125,0.5546875,0.00019874090016078026,25019,0.15
3165,1.512288212776184,0.5210545659065247,0.3125,0.7109375,0.00019856080618614562,10924,0.15
3166,1.3714708089828491,0.5838103294372559,0.875,0.7890625,0.0001983807578066803,7338,0.15
3167,1.2300785779953003,0.6174208521842957,0.6875,0.76953125,0.00019820075509951101,10011,0.15
3168,1.4519352912902832,0.521051287651062,0.5625,0.5703125,0.00019802079814174546,19595,0.15
3169,1.1914732456207275,0.6235712766647339,0.4375,0.6015625,0.00019784088701047138,10674,0.15
3170,1.3036484718322754,0.5901025533676147,0.5,0.57421875,0.000197661021782757,13357,0.15
3171,0.8692861795425415,0.7253177165985107,0.625,0.63671875,0.0001974812025356508,13299,0.15
3172,0.906955361366272,0.7277610301971436,0.5,0.58203125,0.00019730142934618178,16570,0.15
3173,1.5966554880142212,0.49215951561927795,0.5,0.62890625,0.00019712170229135896,16198,0.15
3174,1.5294179916381836,0.5073964595794678,0.625,0.5859375,0.00019694202144817172,10140,0.15
3175,1.5290437936782837,0.5292761921882629,0.625,0.89453125,0.0001967623868935896,10845,0.15
3176,1.2815049886703491,0.577544629573822,0.625,0.6328125,0.00019658279870456247,11819,0.15
3177,1.0671037435531616,0.6445986032485962,0.625,0.5390625,0.00019640325695801996,14561,0.15
3178,0.9183790683746338,0.7233844995498657,0.625,0.72265625,0.0001962237617308723,14005,0.15
3179,0.8191930651664734,0.7503616809844971,0.625,0.7265625,0.00019604431310000942,7603,0.15
3180,1.3967275619506836,0.5367558002471924,0.3125,0.6875,0.00019586491114230136,14025,0.15
3181,1.2782564163208008,0.5795311331748962,0.375,0.68359375,0.00019568555593459826,7934,0.15
3182,1.0093367099761963,0.6973261833190918,0.6875,0.98046875,0.00019550624755373033,8415,0.15
3183,1.150688886642456,0.6329757571220398,0.625,0.7734375,0.00019532698607650743,14356,0.15
3184,1.0608643293380737,0.6628079414367676,0.625,0.53125,0.0001951477715797195,22287,0.15
3185,1.3567588329315186,0.5388987064361572,0.5,0.83984375,0.0001949686041401363,5103,0.15
3186,1.5106079578399658,0.5179744958877563,0.5,0.65234375,0.0001947894838345077,7761,0.15
3187,1.4456787109375,0.5681195259094238,0.875,0.79296875,0.00019461041073956287,7296,0.15
3188,1.427480697631836,0.5475142598152161,0.6875,0.83203125,0.00019443138493201108,6135,0.15
3189,0.9524475336074829,0.7175500392913818,0.375,0.62109375,0.0001942524064885414,11641,0.15
3190,0.8104981780052185,0.7427492737770081,0.8125,0.5390625,0.0001940734754858226,13240,0.15
3191,0.9147250652313232,0.7070943117141724,0.8125,0.6796875,0.00019389459200050283,13687,0.15
3192,1.579864263534546,0.4997813105583191,0.6875,0.73046875,0.0001937157561092101,6859,0.15
3193,1.0633889436721802,0.659211277961731,0.5625,0.64453125,0.00019353696788855222,11893,0.15
3194,1.3707952499389648,0.5705453753471375,0.1875,0.75,0.00019335822741511612,18116,0.15
3195,0.6695596575737,0.7956739068031311,0.625,0.51171875,0.00019317953476546878,20619,0.15
3196,1.3721253871917725,0.5713883638381958,0.8125,1.0390625,0.00019300089001615642,7109,0.15
3197,1.2892885208129883,0.6069170236587524,0.375,1.6328125,0.00019282229324370457,10120,0.15
3198,0.6295051574707031,0.8156585097312927,0.5,0.96484375,0.00019264374452461852,9043,0.15
3199,1.1353838443756104,0.6243112683296204,0.4375,0.671875,0.000192465243935383,11797,0.15
3200,1.4204185009002686,0.5249199867248535,0.4375,0.625,0.00019228679155246193,14065,0.15
3201,1.4179823398590088,0.5604773759841919,0.3125,0.75390625,0.00019210838745229851,9301,0.15
3202,0.956712543964386,0.6796047687530518,0.5625,0.5625,0.00019193003171131547,14067,0.15
3203,1.3737767934799194,0.5503649711608887,0.6875,0.7109375,0.00019175172440591488,9590,0.15
3204,0.8133700489997864,0.7552531957626343,0.75,0.7734375,0.00019157346561247772,6615,0.15
3205,1.262546420097351,0.6056779623031616,0.625,0.60546875,0.00019139525540736444,12434,0.15
3206,0.8400670886039734,0.7421524524688721,0.6875,0.76953125,0.00019121709386691466,6244,0.15
3207,1.2733043432235718,0.5988408327102661,0.5,0.6953125,0.00019103898106744726,20877,0.15
3208,1.2047364711761475,0.594875156879425,0.5625,1.125,0.00019086091708525995,7610,0.15
3209,0.8389081358909607,0.7566419839859009,0.625,0.74609375,0.00019068290199662956,9184,0.15
3210,0.7727707624435425,0.7794778347015381,0.6875,0.7890625,0.00019050493587781245,8235,0.15
3211,1.4226869344711304,0.5605409741401672,0.3125,0.67578125,0.00019032701880504328,15824,0.15
3212,1.4506237506866455,0.5430735945701599,0.8125,0.703125,0.00019014915085453633,7789,0.15
3213,1.1476409435272217,0.6539879441261292,0.5,1.03125,0.0001899713321024845,10306,0.15
3214,1.5877615213394165,0.4885517358779907,0.875,0.6328125,0.00018979356262505964,10744,0.15
3215,0.5620346069335938,0.8362354040145874,0.875,0.7265625,0.00018961584249841253,4537,0.15
3216,1.25826895236969,0.6035773754119873,0.5,0.609375,0.00018943817179867297,13753,0.15
3217,1.505251407623291,0.5210306644439697,0.8125,0.609375,0.0001892605506019494,7180,0.15
3218,0.836317241191864,0.7382456064224243,0.75,0.59375,0.00018908297898432896,20588,0.15
3219,1.2466152906417847,0.6142389178276062,0.5,1.234375,0.00018890545702187782,9467,0.15
3220,1.1510058641433716,0.6494490504264832,0.4375,1.046875,0.00018872798479064077,8712,0.15
3221,1.2633782625198364,0.5913561582565308,0.625,0.828125,0.00018855056236664119,10574,0.15
3222,1.0404378175735474,0.6456423997879028,0.5,0.92578125,0.00018837318982588118,5565,0.15
3223,1.4712191820144653,0.5129528045654297,0.5,0.72265625,0.00018819586724434158,18027,0.15
3224,1.2549412250518799,0.5988588333129883,0.625,0.6484375,0.00018801859469798183,12093,0.15
3225,1.1876939535140991,0.6337075233459473,0.8125,1.0859375,0.0001878413722627397,6503,0.15
3226,0.972754180431366,0.6956275701522827,0.8125,0.73828125,0.00018766420001453172,10612,0.15
3227,1.0204713344573975,0.6782845258712769,0.5,0.9140625,0.0001874870780292529,7345,0.15
3228,1.2253532409667969,0.5945878028869629,0.625,0.6796875,0.00018731000638277652,7982,0.15
3229,1.4598886966705322,0.5206899642944336,0.75,0.78515625,0.00018713298515095458,11479,0.15
3230,1.5085197687149048,0.5129896998405457,0.8125,0.76171875,0.00018695601440961736,7275,0.15
3231,1.538927674293518,0.5183528065681458,0.5,0.74609375,0.00018677909423457344,8718,0.15
3232,0.7491592168807983,0.7864686250686646,0.6875,0.73046875,0.00018660222470160974,8617,0.15
3233,1.465958595275879,0.5193791389465332,0.6875,0.65234375,0.00018642540588649175,10888,0.15
3234,1.2801117897033691,0.5791959762573242,0.5,0.5859375,0.00018624863786496289,9950,0.15
3235,0.8416807055473328,0.7520555853843689,0.5625,0.640625,0.00018607192071274495,12527,0.15
3236,1.5012484788894653,0.5401846170425415,0.625,0.63671875,0.00018589525450553798,15491,0.15
3237,1.205897569656372,0.6112185716629028,0.6875,0.67578125,0.00018571863931902022,8789,0.15
3238,1.1914020776748657,0.6030134558677673,0.75,0.85546875,0.00018554207522884794,9159,0.15
3239,1.2580288648605347,0.5866294503211975,0.625,0.65625,0.00018536556231065564,11832,0.15
3240,1.1747839450836182,0.6467158198356628,0.625,0.91015625,0.0001851891006400557,5831,0.15
3241,0.7520473599433899,0.7561427354812622,0.6875,0.625,0.00018501269029263896,14570,0.15
3242,1.0802465677261353,0.646984338760376,0.5625,0.69921875,0.0001848363313439737,10263,0.15
3243,1.2319581508636475,0.6281617879867554,0.375,1.890625,0.0001846600238696068,8579,0.15
3244,0.9833969473838806,0.6742269992828369,0.75,0.56640625,0.00018448376794506262,11772,0.15
3245,0.7653007507324219,0.7745992541313171,0.6875,0.703125,0.00018430756364584344,8110,0.15
3246,0.8918546438217163,0.7217177152633667,0.8125,0.73828125,0.00018413141104742985,10572,0.15
3247,1.2416534423828125,0.6217421889305115,0.6875,0.7890625,0.00018395531022527995,8518,0.15
3248,1.5685092210769653,0.5178355574607849,0.625,0.65625,0.00018377926125482974,15727,0.15
3249,0.5589964389801025,0.8576661944389343,0.625,0.6484375,0.0001836032642114929,16651,0.15
3250,0.5805484652519226,0.8282883763313293,0.8125,0.9375,0.00018342731917066104,3634,0.15
3251,1.2920939922332764,0.5845702886581421,0.5625,0.62109375,0.00018325142620770357,10240,0.15
3252,0.8690763115882874,0.720856249332428,0.75,0.5,0.00018307558539796723,15089,0.15
3253,1.4398921728134155,0.524695098400116,0.6875,0.65625,0.00018289979681677672,9840,0.15
3254,0.587395191192627,0.8291096687316895,0.8125,0.765625,0.00018272406053943433,4459,0.15
3255,1.4266273975372314,0.5150198936462402,0.875,0.81640625,0.0001825483766412198,8289,0.15
3256,1.038091778755188,0.6722875237464905,0.8125,0.703125,0.00018237274519739062,11742,0.15
3257,0.8788374662399292,0.7182571887969971,0.375,0.76953125,0.00018219716628318169,13633,0.15
3258,1.3591663837432861,0.5774717926979065,0.5625,0.61328125,0.00018202163997380535,14089,0.15
3259,1.2832882404327393,0.5948590040206909,0.375,0.53515625,0.00018184616634445172,20852,0.15
3260,1.4244729280471802,0.5237108469009399,0.6875,0.80859375,0.00018167074547028786,8688,0.15
3261,1.2000612020492554,0.626839816570282,0.5,0.79296875,0.00018149537742645876,8085,0.15
3262,1.1500564813613892,0.6314202547073364,0.5625,0.609375,0.0001813200622880863,9949,0.15
3263,1.1888610124588013,0.6021029949188232,0.5,0.87890625,0.00018114480013026995,8369,0.15
3264,0.9305257201194763,0.6883796453475952,0.6875,0.546875,0.0001809695910280865,14139,0.15
3265,1.417999267578125,0.5220520496368408,0.625,0.486328125,0.0001807944350565901,19454,0.15
3266,1.4233089685440063,0.5352685451507568,0.625,0.85546875,0.0001806193322908118,10576,0.15
3267,1.527967095375061,0.5066438913345337,0.875,0.6875,0.0001804442828057602,8203,0.15
3268,1.3421388864517212,0.5705032348632812,0.75,0.796875,0.0001802692866764209,6021,0.15
3269,1.3487738370895386,0.5789043307304382,0.625,0.73828125,0.00018009434397775652,7338,0.15
3270,0.8751583099365234,0.7446962594985962,0.625,0.63671875,0.00017991945478470708,11030,0.15
3271,0.8011183142662048,0.746755838394165,0.5625,0.55078125,0.00017974461917218964,20036,0.15
3272,1.5429892539978027,0.5205172300338745,0.75,0.765625,0.0001795698372150981,9821,0.15
3273,1.0034340620040894,0.6908265948295593,0.8125,0.6640625,0.00017939510898830352,7271,0.15
3274,0.7382174134254456,0.7794149518013,0.8125,0.6640625,0.00017922043456665394,9230,0.15
3275,1.3598735332489014,0.5482437610626221,0.5625,0.71484375,0.00017904581402497445,14178,0.15
3276,1.3641667366027832,0.5518903732299805,0.5625,0.5546875,0.00017887124743806685,10580,0.15
3277,1.0924204587936401,0.6458601355552673,0.625,0.63671875,0.00017869673488070975,10894,0.15
3278,0.9408088326454163,0.7030721306800842,0.625,0.7421875,0.00017852227642765905,14192,0.15
3279,1.3544273376464844,0.5769042372703552,0.5,0.578125,0.00017834787215364697,16332,0.15
3280,1.5103745460510254,0.5356149673461914,1.0,0.97265625,0.0001781735221333829,4675,0.15
3281,1.2968401908874512,0.5665279626846313,0.5,0.5,0.00017799922644155287,11777,0.15
3282,1.0766392946243286,0.6511678099632263,0.4375,0.4921875,0.00017782498515281966,23206,0.15
3283,1.5009015798568726,0.5190294981002808,0.5,0.6796875,0.0001776507983418225,12612,0.15
3284,1.2917448282241821,0.5889970660209656,0.6875,0.59765625,0.00017747666608317774,11506,0.15
3285,1.164705514907837,0.63520747423172,0.5625,0.75,0.00017730258845147798,10458,0.15
3286,0.8058496713638306,0.7424092888832092,0.625,0.48828125,0.00017712856552129242,19267,0.15
3287,1.4798977375030518,0.5190874934196472,0.75,0.859375,0.00017695459736716707,8723,0.15
3288,1.347187876701355,0.5863627791404724,0.625,0.66796875,0.0001767806840636245,10618,0.15
3289,1.1272289752960205,0.6419879794120789,0.5625,0.7578125,0.0001766068256851634,5835,0.15
3290,1.1154662370681763,0.6598437428474426,0.625,0.62109375,0.00017643302230625925,11774,0.15
3291,0.9364280700683594,0.7027183175086975,0.5,0.5703125,0.000176259274001364,15561,0.15
3292,1.2906373739242554,0.598986029624939,0.4375,0.875,0.00017608558084490592,16174,0.15
3293,1.4246338605880737,0.5497800707817078,0.5,0.69921875,0.00017591194291128958,11139,0.15
3294,1.5559324026107788,0.4969802498817444,0.625,0.578125,0.0001757383602748958,16061,0.15
3295,0.6994822025299072,0.792127251625061,0.6875,0.60546875,0.0001755648330100821,8866,0.15
3296,0.9787599444389343,0.691069483757019,0.9375,0.65625,0.0001753913611911819,13605,0.15
3297,1.0272315740585327,0.6871547698974609,0.6875,0.63671875,0.00017521794489250503,9957,0.15
3298,1.162767767906189,0.6352822184562683,0.3125,0.51171875,0.00017504458418833756,20764,0.15
3299,1.0075764656066895,0.6675022840499878,0.5625,0.59765625,0.0001748712791529418,15158,0.15
3300,0.9439906477928162,0.7097756862640381,0.8125,0.5546875,0.0001746980298605559,14444,0.15
3301,1.1672359704971313,0.638819694519043,0.4375,0.44140625,0.00017452483638539466,20469,0.15
3302,0.7105339169502258,0.7649070024490356,0.625,0.474609375,0.00017435169880164846,15211,0.15
3303,1.5234020948410034,0.5078765153884888,0.4375,0.5546875,0.0001741786171834838,17203,0.15
3304,0.7935094237327576,0.7696236371994019,0.5625,0.64453125,0.00017400559160504352,11160,0.15
3305,1.3157070875167847,0.5992307662963867,0.375,0.6953125,0.00017383262214044646,9100,0.15
3306,0.9129988551139832,0.7181081175804138,0.5,0.625,0.0001736597088637869,11100,0.15
3307,0.7986781597137451,0.7500799894332886,0.8125,0.6640625,0.00017348685184913554,9379,0.15
3308,1.2926959991455078,0.5887627005577087,0.6875,0.5859375,0.00017331405117053885,10038,0.15
3309,1.2029600143432617,0.6091489791870117,0.6875,0.8125,0.00017314130690201923,14865,0.15
3310,0.9889956116676331,0.6688311696052551,0.8125,0.6171875,0.00017296861911757482,8778,0.15
3311,0.7420569658279419,0.7766156196594238,0.75,0.48046875,0.00017279598789117937,10708,0.15
3312,0.6853406429290771,0.8037188649177551,0.5625,0.55078125,0.00017262341329678284,11993,0.15
3313,0.855925440788269,0.7218520045280457,0.75,0.8046875,0.00017245089540831053,14557,0.15
3314,0.7902023196220398,0.7508342862129211,0.875,0.52734375,0.0001722784342996637,8990,0.15
3315,1.6124736070632935,0.4856586158275604,0.5625,0.640625,0.00017210603004471923,12830,0.15
3316,1.2500427961349487,0.6002786755561829,0.75,0.58984375,0.00017193368271732973,10765,0.15
3317,1.4255844354629517,0.5478987097740173,0.6875,0.76171875,0.00017176139239132309,11493,0.15
3318,1.463982105255127,0.5247626304626465,0.375,0.64453125,0.00017158915914050325,12640,0.15
3319,1.0984623432159424,0.65263432264328,0.5625,0.69140625,0.00017141698303864923,11426,0.15
3320,0.8748806715011597,0.7268442511558533,0.625,0.65625,0.00017124486415951606,13366,0.15
3321,0.775970458984375,0.7938314080238342,0.8125,1.34375,0.0001710728025768337,6679,0.15
3322,1.1735495328903198,0.6371237635612488,0.5,0.6484375,0.00017090079836430802,10166,0.15
3323,1.2887024879455566,0.6006519794464111,0.8125,0.8515625,0.0001707288515956203,6135,0.15
3324,1.5149257183074951,0.5269944667816162,0.4375,0.73046875,0.00017055696234442676,15355,0.15
3325,1.1604738235473633,0.632469117641449,0.625,0.4765625,0.00017038513068435955,21522,0.15
3326,1.1070808172225952,0.6552768349647522,0.625,0.69140625,0.0001702133566890259,10565,0.15
3327,0.8838295936584473,0.7164994478225708,0.8125,0.60546875,0.0001700416404320081,10067,0.15
3328,1.1290920972824097,0.6308912038803101,0.8125,0.7109375,0.00016986998198686426,11097,0.15
3329,0.9253025650978088,0.7113110423088074,0.5625,0.609375,0.00016969838142712716,13783,0.15
3330,0.6682174205780029,0.8086320161819458,0.8125,0.82421875,0.00016952683882630502,8063,0.15
3331,1.2889630794525146,0.6021310687065125,0.375,0.77734375,0.00016935535425788132,9385,0.15
3332,1.4040905237197876,0.5333753824234009,0.75,0.51953125,0.0001691839277953146,14277,0.15
3333,0.8823938369750977,0.7264647483825684,0.625,0.5,0.0001690125595120386,11589,0.15
3334,1.0867575407028198,0.646325409412384,0.875,0.54296875,0.00016884124948146186,11389,0.15
3335,1.4425344467163086,0.522914469242096,0.75,0.5,0.00016866999777696826,14205,0.15
3336,0.7513777017593384,0.7546572685241699,0.6875,0.5234375,0.0001684988044719167,11058,0.15
3337,0.9277113676071167,0.6935948729515076,0.6875,0.66015625,0.00016832766963964082,19781,0.15
3338,0.48438382148742676,0.863176703453064,0.9375,0.85546875,0.00016815659335344925,10086,0.15
3339,0.5247045159339905,0.8411625623703003,0.8125,0.45703125,0.00016798557568662578,23672,0.15
3340,0.9766275882720947,0.6970273852348328,0.9375,0.8046875,0.000167814616712429,6829,0.15
3341,1.4452801942825317,0.5442164540290833,0.8125,0.78515625,0.00016764371650409212,5507,0.15
3342,1.3306578397750854,0.5774962902069092,0.4375,0.80078125,0.0001674728751348234,9394,0.15
3343,0.6574086546897888,0.8112227320671082,0.625,0.65625,0.0001673020926778061,8661,0.15
3344,1.5609787702560425,0.5206834673881531,0.4375,0.7734375,0.00016713136920619765,10008,0.15
3345,1.0359965562820435,0.6493449807167053,0.9375,1.171875,0.00016696070479313088,2290,0.15
3346,0.791020929813385,0.7575891017913818,0.8125,0.494140625,0.0001667900995117128,11365,0.15
3347,1.6231093406677246,0.4760567843914032,0.8125,0.92578125,0.00016661955343502525,6411,0.15
3348,1.410401463508606,0.5379865765571594,0.6875,0.640625,0.00016644906663612486,9069,0.15
3349,1.2433850765228271,0.6087272763252258,0.6875,0.83203125,0.00016627863918804267,5500,0.15
3350,1.3941075801849365,0.5600563287734985,0.3125,0.5703125,0.0001661082711637846,12788,0.15
3351,1.2078876495361328,0.6287616491317749,0.5625,0.703125,0.00016593796263633065,7510,0.15
3352,0.9620920419692993,0.6926172971725464,0.6875,0.8203125,0.00016576771367863568,10931,0.15
3353,1.277107834815979,0.5917891263961792,0.875,0.60546875,0.00016559752436362906,9865,0.15
3354,0.7895498275756836,0.7437827587127686,0.8125,0.6171875,0.00016542739476421435,17934,0.15
3355,0.9785484671592712,0.6883889436721802,0.8125,0.51953125,0.00016525732495326957,11601,0.15
3356,0.9526605606079102,0.6853064894676208,0.75,0.57421875,0.00016508731500364734,11910,0.15
3357,1.2664772272109985,0.5928477048873901,0.5625,0.55078125,0.0001649173649881746,11325,0.15
3358,1.4797301292419434,0.5451045632362366,0.75,0.58203125,0.00016474747497965242,15586,0.15
3359,1.1943700313568115,0.6099955439567566,0.375,0.57421875,0.00016457764505085621,31274,0.15
3360,0.8061273097991943,0.7412518858909607,0.6875,0.640625,0.00016440787527453602,13260,0.15
3361,1.1675845384597778,0.614330530166626,0.5625,0.69921875,0.00016423816572341547,8611,0.15
3362,0.800769567489624,0.7464520335197449,0.5625,0.431640625,0.00016406851647019304,19941,0.15
3363,1.2125778198242188,0.6217578649520874,0.4375,0.59765625,0.00016389892758754093,16463,0.15
3364,1.3198729753494263,0.5766819715499878,0.5,0.71875,0.0001637293991481055,9572,0.15
3365,1.3401767015457153,0.5694800615310669,0.75,0.62890625,0.00016355993122450755,8578,0.15
3366,0.8033005595207214,0.7422955632209778,0.5625,0.50390625,0.00016339052388934168,12363,0.15
3367,1.1496225595474243,0.6342794895172119,0.5,0.53515625,0.0001632211772151767,10992,0.15
3368,1.2423489093780518,0.6107990145683289,0.5625,0.60546875,0.00016305189127455518,15131,0.15
3369,1.1059520244598389,0.6532046794891357,0.75,0.6484375,0.00016288266613999393,6116,0.15
3370,1.4091498851776123,0.5681225657463074,0.5625,0.73046875,0.0001627135018839837,12661,0.15
3371,1.4474360942840576,0.5492494702339172,0.6875,0.62109375,0.00016254439857898905,11259,0.15
3372,1.1801378726959229,0.618418276309967,0.625,0.419921875,0.0001623753562974483,28146,0.15
3373,1.5027912855148315,0.5234308242797852,0.8125,0.6875,0.0001622063751117739,7042,0.15
3374,1.1292868852615356,0.6289200782775879,0.375,0.62890625,0.00016203745509435214,8195,0.15
3375,1.4361498355865479,0.5464645028114319,0.8125,0.83984375,0.00016186859631754278,7651,0.15
3376,1.411393642425537,0.5318479537963867,0.75,0.796875,0.00016169979885367964,7944,0.15
3377,1.093614935874939,0.6579885482788086,0.625,0.59375,0.00016153106277507032,6453,0.15
3378,1.389431357383728,0.5682240724563599,0.625,0.66015625,0.00016136238815399575,9139,0.15
3379,1.5987269878387451,0.5137356519699097,0.5,0.6953125,0.00016119377506271107,9246,0.15
3380,1.6095765829086304,0.4970692992210388,0.5,0.640625,0.0001610252235734445,16549,0.15
3381,1.405325174331665,0.5757973194122314,0.75,0.9765625,0.00016085673375839833,6867,0.15
3382,0.5752575993537903,0.8380124568939209,0.625,0.68359375,0.00016068830568974812,8513,0.15
3383,1.3832465410232544,0.5367488861083984,0.6875,0.51171875,0.0001605199394396431,19089,0.15
3384,1.307878017425537,0.583488404750824,0.8125,0.796875,0.0001603516350802062,5911,0.15
3385,1.2800092697143555,0.5980169773101807,0.75,0.76171875,0.00016018339268353344,11901,0.15
3386,1.6185579299926758,0.5046055912971497,0.75,0.921875,0.0001600152123216946,5971,0.15
3387,1.4503978490829468,0.5219971537590027,0.75,0.74609375,0.00015984709406673296,13479,0.15
3388,1.1628607511520386,0.6286599636077881,0.5,0.8125,0.00015967903799066476,12261,0.15
3389,0.5969765782356262,0.818927526473999,0.875,0.71484375,0.00015951104416548015,9753,0.15
3390,1.1571100950241089,0.6319145560264587,0.875,0.8203125,0.00015934311266314213,6743,0.15
3391,1.0763895511627197,0.6607698798179626,0.8125,0.6953125,0.00015917524355558738,6105,0.15
3392,0.8194935917854309,0.7599875926971436,0.4375,0.8515625,0.00015900743691472553,6458,0.15
3393,1.1496086120605469,0.6262971758842468,0.5625,0.76171875,0.00015883969281243974,8769,0.15
3394,1.4249565601348877,0.5233699083328247,0.375,0.7421875,0.00015867201132058632,13864,0.15
3395,1.119916558265686,0.6447494626045227,0.625,0.625,0.00015850439251099445,10418,0.15
3396,1.378717303276062,0.5731872916221619,0.625,0.8359375,0.00015833683645546687,11047,0.15
3397,1.3023616075515747,0.5697144269943237,0.3125,0.61328125,0.00015816934322577942,19085,0.15
3398,1.6303024291992188,0.47655367851257324,0.625,0.72265625,0.00015800191289368063,7080,0.15
3399,1.171571135520935,0.6336737275123596,0.75,0.66015625,0.00015783454553089233,7638,0.15
3400,1.307352900505066,0.5604602694511414,0.5625,0.53125,0.00015766724120910947,14340,0.15
3401,1.1912922859191895,0.6202244758605957,0.4375,0.44140625,0.00015750000000000003,19867,0.15
3402,1.2504242658615112,0.5926984548568726,0.6875,0.83984375,0.00015733282197520455,12244,0.15
3403,1.1963677406311035,0.6072649359703064,0.25,0.71875,0.000157165707206337,16380,0.15
3404,1.111581802368164,0.6571632623672485,0.75,0.59765625,0.00015699865576498405,15398,0.15
3405,1.35438072681427,0.5456880927085876,0.5625,0.6875,0.0001568316677227051,8952,0.15
3406,1.4303816556930542,0.53515625,0.5,0.5703125,0.00015666474315103262,11520,0.15
3407,0.9535192251205444,0.7024163007736206,0.875,0.78125,0.00015649788212147164,7077,0.15
3408,1.149153709411621,0.6180300116539001,0.4375,0.5625,0.0001563310847055004,17127,0.15
3409,1.5680662393569946,0.540584146976471,0.875,0.89453125,0.00015616435097456934,6197,0.15
3410,1.4940252304077148,0.5127821564674377,0.75,0.76171875,0.00015599768100010194,8019,0.15
3411,1.3363544940948486,0.5754688382148743,0.1875,0.6328125,0.00015583107485349454,9865,0.15
3412,0.9972401857376099,0.6802205443382263,0.75,0.69921875,0.00015566453260611567,10157,0.15
3413,1.1501530408859253,0.6265264749526978,0.8125,0.62890625,0.00015549805432930682,8844,0.15
3414,1.1795668601989746,0.6442976593971252,0.5,0.71484375,0.00015533164009438218,8628,0.15
3415,1.3837964534759521,0.5547376871109009,0.875,0.66796875,0.00015516528997262807,8559,0.15
3416,1.3757554292678833,0.577146053314209,0.5,0.7890625,0.0001549990040353036,10694,0.15
3417,0.8578246235847473,0.7498999834060669,0.875,0.88671875,0.00015483278235364043,10000,0.15
3418,1.2386077642440796,0.6086002588272095,0.6875,0.578125,0.00015466662499884283,14581,0.15
3419,1.0891822576522827,0.6407794952392578,0.4375,0.5546875,0.00015450053204208708,17396,0.15
3420,1.2437995672225952,0.5856416821479797,0.75,0.81640625,0.0001543345035545222,6101,0.15
3421,0.953292727470398,0.6748005747795105,0.75,0.78125,0.00015416853960726964,4262,0.15
3422,1.7050049304962158,0.4667353928089142,0.75,0.90234375,0.0001540026402714229,10672,0.15
3423,1.2748523950576782,0.5821325778961182,0.5,0.625,0.0001538368056180482,9369,0.15
3424,0.5260040163993835,0.8645084500312805,0.5,0.5859375,0.0001536710357181836,16001,0.15
3425,1.5026884078979492,0.5165417194366455,0.8125,0.69921875,0.00015350533064283986,7738,0.15
3426,0.9732596278190613,0.7046089172363281,0.875,0.8515625,0.00015333969046299958,7160,0.15
3427,1.2691277265548706,0.5849114656448364,0.625,0.71875,0.00015317411524961788,9716,0.15
3428,1.1727650165557861,0.6379408836364746,0.5625,0.546875,0.00015300860507362198,17464,0.15
3429,0.9002439975738525,0.7292165756225586,0.625,0.58984375,0.00015284316000591097,16696,0.15
3430,0.6339049935340881,0.8090071678161621,1.0,0.7578125,0.00015267778011735642,4885,0.15
3431,0.7165136933326721,0.7868738174438477,0.6875,0.515625,0.00015251246547880187,10041,0.15
3432,1.57314932346344,0.539139449596405,0.8125,0.828125,0.0001523472161610628,5787,0.15
3433,0.684002161026001,0.7976190447807312,0.8125,0.6875,0.00015218203223492662,8904,0.15
3434,0.7289124131202698,0.7848244905471802,0.5625,0.66015625,0.00015201691377115297,7064,0.15
3435,1.071048617362976,0.6651099324226379,0.625,0.640625,0.00015185186084047355,8779,0.15
3436,1.1065101623535156,0.6252405047416687,0.6875,0.86328125,0.0001516868735135915,8835,0.15
3437,1.118546724319458,0.6407663822174072,0.5,0.703125,0.00015152195186118224,15032,0.15
3438,1.2666995525360107,0.5977776050567627,0.8125,0.734375,0.00015135709595389315,12329,0.15
3439,1.4484212398529053,0.5526052713394165,0.6875,0.58984375,0.000151192305862343,12993,0.15
3440,1.2755796909332275,0.5889276266098022,0.5625,0.59375,0.00015102758165712283,9176,0.15
3441,0.6098849177360535,0.8201257586479187,0.6875,0.494140625,0.00015086292340879507,13515,0.15
3442,1.3238192796707153,0.5922080278396606,0.625,0.6171875,0.0001506983311878943,12423,0.15
3443,1.0962235927581787,0.6505222320556641,0.75,0.5234375,0.0001505338050649264,13978,0.15
3444,1.2982677221298218,0.5935040712356567,0.75,0.8671875,0.00015036934511036918,8005,0.15
3445,1.0919725894927979,0.6524313688278198,0.6875,0.72265625,0.00015020495139467225,11146,0.15
3446,0.6733950972557068,0.8032068610191345,0.8125,0.49609375,0.00015004062398825635,11413,0.15
3447,0.912260115146637,0.7095814347267151,0.875,0.75,0.0001498763629615143,10416,0.15
3448,0.9104533195495605,0.7052168846130371,0.6875,0.6328125,0.00014971216838481036,13878,0.15
3449,1.4634051322937012,0.5221061110496521,0.5625,0.62109375,0.00014954804032848008,7464,0.15
3450,1.6120948791503906,0.494059294462204,0.4375,0.62890625,0.00014938397886283094,16328,0.15
3451,1.5222222805023193,0.5110098123550415,0.625,0.55078125,0.00014921998405814142,15577,0.15
3452,1.0821826457977295,0.6448245048522949,0.4375,0.7734375,0.00014905605598466192,9004,0.15
3453,0.49145299196243286,0.8501337170600891,0.875,0.37890625,0.00014889219471261379,23928,0.15
3454,0.5364856123924255,0.8443097472190857,0.625,0.75,0.00014872840031219007,3629,0.15
3455,1.541679859161377,0.5094972252845764,0.6875,0.734375,0.00014856467285355524,6265,0.15
3456,1.437025547027588,0.5606116056442261,0.5625,0.65625,0.00014840101240684472,10922,0.15
3457,1.3467885255813599,0.5808001160621643,0.3125,0.6640625,0.0001482374190421655,11448,0.15
3458,1.2859400510787964,0.5940276384353638,0.5625,0.61328125,0.0001480738928295959,10917,0.15
3459,0.49946558475494385,0.8567512035369873,0.9375,0.68359375,0.00014791043383918532,4377,0.15
3460,0.9110596776008606,0.7333016991615295,0.875,0.8046875,0.00014774704214095424,8429,0.15
3461,1.4213427305221558,0.557881772518158,0.5625,0.8828125,0.00014758371780489458,5684,0.15
3462,0.8834081888198853,0.7336276769638062,0.75,0.65234375,0.00014742046090096943,10872,0.15
3463,1.2207318544387817,0.619452714920044,0.5,0.62109375,0.00014725727149911256,12461,0.15
3464,1.2493666410446167,0.5894457101821899,0.6875,0.55078125,0.0001470941496692293,9039,0.15
3465,0.7536380887031555,0.7680664658546448,0.8125,0.69140625,0.00014693109548119591,6739,0.15
3466,1.1505292654037476,0.6274920105934143,0.625,0.609375,0.00014676810900485966,10032,0.15
3467,1.2299689054489136,0.6065573692321777,0.6875,0.6328125,0.00014660519031003865,10004,0.15
3468,1.0155210494995117,0.6654428243637085,0.375,0.5859375,0.00014644233946652205,24241,0.15
3469,0.8082258701324463,0.7454370260238647,0.6875,0.447265625,0.00014627955654407016,19724,0.15
3470,1.273486614227295,0.6093255877494812,0.75,0.7578125,0.00014611684161241375,6005,0.15
3471,0.9707822203636169,0.6914420127868652,0.625,0.6171875,0.0001459541947412549,7642,0.15
3472,1.075946569442749,0.668211817741394,0.6875,0.640625,0.00014579161600026635,11218,0.15
3473,1.1734920740127563,0.6444810628890991,0.6875,0.734375,0.00014562910545909175,6070,0.15
3474,0.638908326625824,0.8046635985374451,0.6875,0.427734375,0.00014546666318734526,20585,0.15
3475,1.3797775506973267,0.5694667100906372,0.25,0.62109375,0.00014530428925461222,16238,0.15
3476,0.8072717785835266,0.7569584250450134,0.875,0.6640625,0.00014514198373044834,4958,0.15
3477,1.0111035108566284,0.6658834218978882,0.375,0.39453125,0.00014497974668437998,24258,0.15
3478,0.6452794075012207,0.8089632391929626,0.8125,0.62890625,0.00014481757818590456,4842,0.15
3479,1.2791752815246582,0.5761694312095642,0.3125,0.671875,0.00014465547830448992,18984,0.15
3480,0.7724525928497314,0.7681398987770081,0.8125,0.6015625,0.00014449344710957437,7263,0.15
3481,0.6425009369850159,0.807596743106842,0.625,0.5859375,0.000144331484670567,8451,0.15
3482,0.6239245533943176,0.8021650910377502,0.875,0.55859375,0.00014416959105684733,14780,0.15
3483,0.941891074180603,0.7137604355812073,1.0,0.8828125,0.00014400776633776558,7071,0.15
3484,0.9377511143684387,0.7056221961975098,0.6875,0.87890625,0.0001438460105826422,16506,0.15
3485,1.1796622276306152,0.6180629730224609,0.5625,0.640625,0.0001436843238607682,14073,0.15
3486,1.1658188104629517,0.605377197265625,0.5625,0.59375,0.0001435227062414051,17072,0.15
3487,0.9857446551322937,0.6774489879608154,0.5625,0.44921875,0.00014336115779378463,23928,0.15
3488,1.407196044921875,0.5603475570678711,0.75,0.84765625,0.00014319967858710908,6330,0.15
3489,0.6037710905075073,0.8080886006355286,0.8125,0.482421875,0.00014303826869055105,15528,0.15
3490,0.5203793048858643,0.8522915244102478,0.875,0.7890625,0.00014287692817325354,3622,0.15
3491,1.3985916376113892,0.532139778137207,0.8125,0.69921875,0.00014271565710432944,8043,0.15
3492,0.8066089153289795,0.7604848742485046,0.9375,0.8046875,0.00014255445555286234,4125,0.15
3493,1.1459797620773315,0.625683605670929,0.5625,0.59765625,0.0001423933235879058,9508,0.15
3494,1.2074830532073975,0.6191361546516418,0.6875,0.4609375,0.00014223226127848358,20976,0.15
3495,0.7838325500488281,0.7484668493270874,0.8125,0.41796875,0.00014207126869358964,19894,0.15
3496,0.6265197992324829,0.8013187646865845,0.625,0.51171875,0.0001419103459021883,16227,0.15
3497,0.6530795097351074,0.7983695864677429,0.8125,0.54296875,0.0001417494929732135,7360,0.15
3498,1.2207417488098145,0.5980905890464783,0.6875,0.953125,0.00014158870997556968,8589,0.15
3499,0.8338099718093872,0.7583438754081726,0.5,0.71875,0.0001414279969781311,11086,0.15
3500,0.9320065379142761,0.7177745699882507,0.9375,0.75,0.00014126735404974228,6920,0.15
3501,0.9676072597503662,0.6835854053497314,0.5,0.53125,0.0001411067812592174,20628,0.15
3502,1.5796446800231934,0.49226006865501404,0.5625,0.72265625,0.00014094627867534062,7752,0.15
3503,1.2760729789733887,0.6006447672843933,0.5625,0.62890625,0.00014078584636686642,9926,0.15
3504,1.117583990097046,0.644323468208313,0.6875,0.65625,0.00014062548440251866,8817,0.15
3505,0.9054253101348877,0.7119781970977783,0.5625,0.61328125,0.0001404651928509914,14301,0.15
3506,1.2597784996032715,0.599014163017273,0.625,0.50390625,0.00014030497178094847,19881,0.15
3507,1.261709213256836,0.5813913941383362,0.5625,0.58984375,0.00014014482126102355,11801,0.15
3508,1.1637964248657227,0.6186803579330444,0.625,0.466796875,0.0001399847413598199,23597,0.15
3509,1.2473307847976685,0.5884131193161011,0.6875,0.6171875,0.00013982473214591075,9925,0.15
3510,0.9737688302993774,0.7040196061134338,0.875,0.65625,0.00013966479368783896,8558,0.15
3511,0.858169436454773,0.730858325958252,0.9375,0.5703125,0.00013950492605411716,14249,0.15
3512,0.8680099844932556,0.7274430990219116,0.8125,0.53515625,0.0001393451293132273,14408,0.15
3513,1.066124677658081,0.6495651006698608,0.375,0.6953125,0.00013918540353362153,9083,0.15
3514,0.7538796663284302,0.7588643431663513,0.9375,0.60546875,0.0001390257487837211,15427,0.15
3515,1.4225519895553589,0.5230099558830261,0.75,0.55859375,0.00013886616513191703,19296,0.15
3516,1.4475754499435425,0.552340030670166,0.375,0.88671875,0.00013870665264657,10470,0.15
3517,0.3829686641693115,0.8978464603424072,0.6875,0.9921875,0.00013854721139601017,10680,0.15
3518,0.5689091682434082,0.8199784159660339,0.8125,0.490234375,0.00013838784144853684,15737,0.15
3519,1.2465901374816895,0.6330615282058716,0.75,0.8203125,0.00013822854287241933,5396,0.15
3520,1.0910980701446533,0.6610326170921326,0.6875,0.703125,0.00013806931573589592,8638,0.15
3521,1.0872175693511963,0.6211935877799988,0.9375,0.74609375,0.00013791016010717438,25319,0.15
3522,0.927026629447937,0.6946220397949219,0.625,0.53125,0.00013775107605443196,20175,0.15
3523,1.0858488082885742,0.6605631709098816,0.8125,0.64453125,0.00013759206364581536,6499,0.15
3524,1.0152027606964111,0.6973708868026733,0.625,0.90234375,0.00013743312294944043,5363,0.15
3525,0.5134878158569336,0.8401564359664917,0.4375,0.375,0.00013727425403339211,23523,0.15
3526,1.09372878074646,0.6344470381736755,0.6875,0.76171875,0.00013711545696572493,13708,0.15
3527,0.8646402359008789,0.7385436296463013,0.5625,0.60546875,0.00013695673181446266,12373,0.15
3528,1.1717067956924438,0.6288520097732544,0.375,0.65625,0.00013679807864759794,12526,0.15
3529,0.7242942452430725,0.7722359895706177,0.8125,0.86328125,0.00013663949753309264,7679,0.15
3530,1.1482375860214233,0.6365427374839783,0.8125,0.7890625,0.00013648098853887816,11674,0.15
3531,1.110994815826416,0.6320046782493591,0.625,0.5859375,0.00013632255173285442,8530,0.15
3532,1.157531499862671,0.6342641711235046,0.625,0.5546875,0.00013616418718289086,13250,0.15
3533,1.3978930711746216,0.558323323726654,0.625,0.69921875,0.00013600589495682577,5821,0.15
3534,1.2095707654953003,0.616916835308075,0.75,0.72265625,0.0001358476751224667,10794,0.15
3535,1.2968628406524658,0.593926727771759,0.5,0.7734375,0.00013568952774758975,8134,0.15
3536,0.6517399549484253,0.8099886775016785,0.8125,0.62109375,0.00013553145289994044,8810,0.15
3537,0.8417062163352966,0.7882982492446899,0.8125,1.1640625,0.00013537345064723287,8597,0.15
3538,0.8112216591835022,0.7365580797195435,0.6875,0.56640625,0.0001352155210571502,10006,0.15
3539,1.3691054582595825,0.5629003047943115,0.75,0.75390625,0.00013505766419734443,8275,0.15
3540,1.0709526538848877,0.6590816974639893,0.625,0.55859375,0.00013489988013543644,14766,0.15
3541,1.1792142391204834,0.6336128115653992,0.75,0.90234375,0.0001347421689390161,5486,0.15
3542,0.5985705852508545,0.8290143609046936,0.75,0.494140625,0.00013458453067564154,13352,0.15
3543,1.428572654724121,0.5614410638809204,0.625,0.90625,0.0001344269654128402,5135,0.15
3544,1.2635691165924072,0.5796178579330444,0.375,0.58984375,0.0001342694732181081,18683,0.15
3545,1.2894175052642822,0.6074501276016235,0.4375,0.71875,0.00013411205415890978,9530,0.15
3546,1.6621748208999634,0.5055798292160034,0.4375,0.765625,0.00013395470830267848,10305,0.15
3547,1.5087281465530396,0.5224719047546387,0.9375,0.77734375,0.0001337974357168162,8188,0.15
3548,1.089086651802063,0.6432057023048401,0.4375,0.5859375,0.00013364023646869372,17419,0.15
3549,1.4916846752166748,0.5280078649520874,0.625,0.66015625,0.00013348311062564997,7123,0.15
3550,0.7262114882469177,0.790544867515564,0.625,0.59375,0.00013332605825499273,12480,0.15
3551,1.1314301490783691,0.6449077129364014,0.8125,0.75390625,0.00013316907942399837,5852,0.15
3552,1.4446055889129639,0.5378466844558716,0.625,0.65234375,0.00013301217419991147,12511,0.15
3553,0.9469037652015686,0.7095355987548828,0.875,0.62109375,0.00013285534264994537,14556,0.15
3554,0.9024136662483215,0.7005046606063843,0.6875,0.53125,0.00013269858484128155,20805,0.15
3555,1.2214443683624268,0.5959974527359009,0.3125,0.5703125,0.00013254190084107035,15740,0.15
3556,1.1327354907989502,0.6472426056861877,0.6875,0.890625,0.00013238529071642988,8323,0.15
3557,1.0862574577331543,0.6655948758125305,0.6875,0.73046875,0.00013222875453444718,5909,0.15
3558,0.7992984652519226,0.7709456086158752,0.875,0.84765625,0.00013207229236217741,4082,0.15
3559,1.18263840675354,0.6203377842903137,0.5625,0.60546875,0.00013191590426664377,11073,0.15
3560,0.8848352432250977,0.7184088230133057,0.75,0.58984375,0.0001317595903148381,13097,0.15
3561,1.187888503074646,0.6213467717170715,0.4375,0.52734375,0.0001316033505737204,14850,0.15
3562,1.2785710096359253,0.6003265380859375,0.25,0.5703125,0.00013144718511021866,16536,0.15
3563,0.5316656827926636,0.8325676918029785,0.875,0.474609375,0.00013129109399122936,14149,0.15
3564,1.306528091430664,0.6103589534759521,0.9375,0.80078125,0.00013113507728361679,8051,0.15
3565,1.2003027200698853,0.6211487650871277,0.4375,0.5859375,0.0001309791350542137,15547,0.15
3566,1.5458699464797974,0.502366304397583,0.5625,0.59765625,0.00013082326736982066,12678,0.15
3567,1.104043960571289,0.6416102051734924,0.6875,0.609375,0.00013066747429720655,10483,0.15
3568,1.1556262969970703,0.6207975745201111,0.6875,0.4609375,0.00013051175590310816,23647,0.15
3569,0.7409341931343079,0.7784886360168457,0.625,0.50390625,0.0001303561122542302,10785,0.15
3570,1.396246314048767,0.5345271825790405,0.875,0.87890625,0.00013020054341724558,7762,0.15
3571,1.2952808141708374,0.6051496863365173,0.5625,0.75390625,0.00013004504945879504,8583,0.15
3572,1.1492750644683838,0.626899778842926,0.6875,0.6328125,0.00012988963044548724,10067,0.15
3573,1.1253740787506104,0.6477591395378113,0.4375,0.625,0.0001297342864438986,13187,0.15
3574,0.7894138097763062,0.7703215479850769,0.6875,0.6328125,0.00012957901752057372,11072,0.15
3575,1.3596001863479614,0.6200426816940308,0.6875,0.921875,0.00012942382374202496,8901,0.15
3576,0.7911382913589478,0.7457051277160645,0.75,0.490234375,0.00012926870517473215,10012,0.15
3577,1.1765412092208862,0.5983098745346069,0.4375,1.2109375,0.00012911366188514327,7100,0.15
3578,0.8086709380149841,0.7464700937271118,0.875,0.625,0.0001289586939396741,14448,0.15
3579,0.8319227695465088,0.7441766858100891,0.5625,0.462890625,0.00012880380140470768,17344,0.15
3580,1.1865333318710327,0.5989635586738586,0.5,1.0,0.00012864898434659534,5982,0.15
3581,0.7453270554542542,0.7617360949516296,0.625,0.427734375,0.00012849424283165557,18916,0.15
3582,0.9966392517089844,0.6880226135253906,0.625,0.578125,0.0001283395769261749,7773,0.15
3583,1.1364668607711792,0.6494736671447754,0.9375,0.74609375,0.0001281849866964071,9500,0.15
3584,1.5759674310684204,0.5433282256126404,0.875,1.0625,0.00012803047220857382,5216,0.15
3585,0.938454806804657,0.7142369151115417,0.875,0.64453125,0.00012787603352886422,14638,0.15
3586,1.0626616477966309,0.665450394153595,0.75,0.61328125,0.00012772167072343477,8770,0.15
3587,0.9030354619026184,0.7054910063743591,0.6875,0.5078125,0.0001275673838584097,18940,0.15
3588,1.4878134727478027,0.5227727293968201,0.6875,0.77734375,0.00012741317299988066,8497,0.15
3589,1.1444803476333618,0.6417230367660522,0.5,0.53125,0.0001272590382139066,19965,0.15
3590,0.45689645409584045,0.8587085008621216,0.625,0.34765625,0.00012710497956651388,23724,0.15
3591,0.8410833477973938,0.754561185836792,0.3125,0.8203125,0.0001269509971236964,7509,0.15
3592,1.407906413078308,0.5674310922622681,0.8125,0.83984375,0.00012679709095141545,4753,0.15
3593,0.8727768659591675,0.7148299217224121,0.5625,0.6484375,0.0001266432611155994,15226,0.15
3594,0.5770165324211121,0.8368704915046692,0.875,0.59375,0.00012648950768214413,8717,0.15
3595,1.430675745010376,0.5582975745201111,0.25,0.9375,0.00012633583071691276,13980,0.15
3596,0.8444550633430481,0.7441390752792358,0.9375,0.7734375,0.00012618223028573551,4948,0.15
3597,1.2585633993148804,0.6002901196479797,0.5625,0.625,0.00012602870645441011,9652,0.15
3598,0.5870030522346497,0.8168795108795166,0.5625,0.5703125,0.0001258752592887011,14799,0.15
3599,1.3819828033447266,0.5385359525680542,0.375,0.60546875,0.0001257218888543405,13442,0.15
3600,1.4703452587127686,0.5269027948379517,0.5625,0.73046875,0.00012556859521702717,8159,0.15
3601,1.032963514328003,0.6633459329605103,0.75,0.51953125,0.00012541537844242738,14555,0.15
3602,1.4282435178756714,0.5667715072631836,0.5625,0.72265625,0.00012526223859617437,10491,0.15
3603,1.0369962453842163,0.673119306564331,0.5625,0.55859375,0.00012510917574386823,12243,0.15
3604,0.9719394445419312,0.6791250109672546,0.4375,0.439453125,0.00012495618995107629,24321,0.15
3605,1.260148525238037,0.603397011756897,0.5,0.6015625,0.0001248032812833329,9420,0.15
3606,1.0980656147003174,0.6439540386199951,0.5625,0.6328125,0.0001246504498061392,8791,0.15
3607,0.9752827882766724,0.6784363985061646,0.3125,0.41796875,0.00012449769558496324,24328,0.15
3608,0.8796333074569702,0.7307310700416565,0.5625,0.5859375,0.00012434501868524014,9069,0.15
3609,1.1886067390441895,0.6148490309715271,0.3125,0.5546875,0.000124192419172372,14075,0.15
3610,0.7202273607254028,0.7898883819580078,0.8125,0.6796875,0.00012403989711172732,4569,0.15
3611,0.7806888818740845,0.7550644278526306,0.625,0.65625,0.00012388745256864184,9774,0.15
3612,1.0930763483047485,0.6644361019134521,0.75,0.66015625,0.0001237350856084181,6127,0.15
3613,1.083104133605957,0.6612845063209534,0.875,0.54296875,0.00012358279629632503,11086,0.15
3614,0.9550530314445496,0.7133909463882446,0.8125,0.60546875,0.00012343058469759872,7983,0.15
3615,0.9439235329627991,0.6839421987533569,0.5625,0.60546875,0.0001232784508774416,14124,0.15
3616,1.3971953392028809,0.5418262481689453,0.625,0.7109375,0.00012312639490102314,8093,0.15
3617,1.1350502967834473,0.6402028799057007,0.5625,0.52734375,0.00012297441683347917,19914,0.15
3618,1.0468255281448364,0.6751314997673035,0.5625,0.546875,0.0001228225167399123,11026,0.15
3619,1.2465031147003174,0.6049782037734985,0.6875,0.57421875,0.00012267069468539175,19485,0.15
3620,1.52048921585083,0.5116151571273804,0.5625,0.57421875,0.0001225189507349532,16401,0.15
3621,0.6016661524772644,0.8233082890510559,0.8125,0.875,0.00012236728495359893,3192,0.15
3622,1.5215983390808105,0.5166844129562378,0.875,0.69921875,0.00012221569740629787,10339,0.15
3623,0.8539093136787415,0.718517541885376,0.6875,0.6171875,0.00012206418815798515,15056,0.15
3624,1.1125308275222778,0.6470131874084473,0.6875,0.59765625,0.00012191275727356269,10312,0.15
3625,1.245978832244873,0.6055331230163574,0.5,0.494140625,0.00012176140481789844,19302,0.15
3626,0.8619128465652466,0.7367767095565796,0.5625,0.546875,0.00012161013085582723,13688,0.15
3627,1.113497257232666,0.626255214214325,0.75,0.6015625,0.0001214589354521498,8166,0.15
3628,1.0938715934753418,0.6558424830436707,0.6875,0.60546875,0.00012130781867163352,7822,0.15
3629,1.145693063735962,0.6275302171707153,0.5625,0.412109375,0.0001211567805790122,23516,0.15
3630,1.3372858762741089,0.5572497248649597,0.5625,0.5625,0.00012100582123898546,14166,0.15
3631,1.6415554285049438,0.5041109919548035,0.5625,0.90234375,0.00012085494071621972,5838,0.15
3632,0.7721585631370544,0.7715362906455994,0.75,0.77734375,0.00012070413907534738,10343,0.15
3633,1.0401610136032104,0.6599766612052917,0.5625,0.65625,0.00012055341638096705,8570,0.15
3634,0.4035205841064453,0.8955174684524536,0.625,1.09375,0.00012040277269764337,9102,0.15
3635,1.2035813331604004,0.6155471801757812,0.5,0.63671875,0.00012025220808990749,10883,0.15
3636,1.0720776319503784,0.6349656581878662,0.875,0.65234375,0.00012010172262225653,13396,0.15
3637,1.2331387996673584,0.6199049949645996,0.5,0.59765625,0.00011995131635915352,9053,0.15
3638,1.4466830492019653,0.5559461712837219,0.75,0.5546875,0.00011980098936502785,16498,0.15
3639,1.3775050640106201,0.574843168258667,0.6875,0.5546875,0.00011965074170427476,15940,0.15
3640,1.4496617317199707,0.5681818127632141,0.8125,0.77734375,0.00011950057344125576,6688,0.15
3641,1.6054660081863403,0.47601011395454407,0.5,1.046875,0.000119350484640298,3960,0.15
3642,0.8797348737716675,0.7400930523872375,0.625,0.62109375,0.00011920047536569465,17841,0.15
3643,0.4924681782722473,0.8580336570739746,0.9375,0.6015625,0.00011905054568170515,4811,0.15
3644,1.5598053932189941,0.5076751708984375,0.375,0.70703125,0.00011890069565255444,17068,0.15
3645,0.8993422985076904,0.7090340852737427,0.5,0.486328125,0.00011875092534243355,20157,0.15
3646,1.1925511360168457,0.6180964708328247,0.5625,0.478515625,0.00011860123481549947,20026,0.15
3647,0.836685836315155,0.7490154504776001,0.75,0.66796875,0.00011845162413587462,6602,0.15
3648,1.1007581949234009,0.6291841268539429,0.3125,0.53125,0.00011830209336764758,17208,0.15
3649,1.042781114578247,0.674262285232544,0.5625,0.7109375,0.00011815264257487272,12200,0.15
3650,1.4022374153137207,0.5756962895393372,0.75,0.9296875,0.00011800327182156985,4452,0.15
3651,0.8666422367095947,0.7347726821899414,0.375,0.50390625,0.00011785398117172458,15285,0.15
3652,0.5261701941490173,0.8377935290336609,0.75,0.482421875,0.00011770477068928843,16479,0.15
3653,0.8684110045433044,0.7355769276618958,0.4375,0.474609375,0.00011755564043817845,13936,0.15
3654,0.961290717124939,0.6859862208366394,0.8125,0.52734375,0.00011740659048227716,11767,0.15
3655,0.7591559290885925,0.7540243268013,0.875,0.44921875,0.00011725762088543292,10188,0.15
3656,0.4959696829319,0.875953197479248,0.5625,0.5625,0.00011710873171145952,15212,0.15
3657,1.325600504875183,0.5949978232383728,0.5625,0.78125,0.00011695992302413651,4558,0.15
3658,0.9607740640640259,0.6959672570228577,0.875,0.77734375,0.0001168111948872087,11729,0.15
3659,1.5873522758483887,0.5067598819732666,0.375,0.7265625,0.00011666254736438636,10873,0.15
3660,0.9557193517684937,0.7185354828834534,0.625,0.7265625,0.00011651398051934558,6118,0.15
3661,1.0725797414779663,0.6510160565376282,0.6875,0.447265625,0.00011636549441572749,24408,0.15
3662,0.5283347964286804,0.8475284576416016,0.9375,0.734375,0.00011621708911713896,4309,0.15
3663,1.2897260189056396,0.6005117297172546,0.625,0.71484375,0.00011606876468715211,8989,0.15
3664,1.4039579629898071,0.5359604358673096,0.4375,0.5390625,0.00011592052118930432,17992,0.15
3665,0.867777943611145,0.7225363850593567,0.5625,0.7578125,0.0001157723586870984,16622,0.15
3666,0.9984230399131775,0.6737614870071411,0.8125,0.69921875,0.00011562427724400259,8175,0.15
3667,1.0861175060272217,0.6354315876960754,0.75,0.63671875,0.00011547627692345021,8388,0.15
3668,0.44186660647392273,0.8877865076065063,0.875,0.703125,0.00011532835778883975,8769,0.15
3669,1.4126931428909302,0.5687872767448425,0.6875,0.81640625,0.00011518051990353521,6869,0.15
3670,1.1741796731948853,0.6254482865333557,0.6875,0.49609375,0.00011503276333086571,19797,0.15
3671,1.1749590635299683,0.6310057044029236,0.625,0.9375,0.00011488508813412529,9824,0.15
3672,1.0571459531784058,0.6642249822616577,0.5,0.5390625,0.00011473749437657341,11058,0.15
3673,1.6218228340148926,0.4722149074077606,0.4375,1.0234375,0.00011458998212143454,3797,0.15
3674,1.4278830289840698,0.5454332828521729,0.8125,0.83984375,0.0001144425514318983,8540,0.15
3675,1.5802738666534424,0.5147114396095276,0.4375,0.76953125,0.00011429520237111932,10536,0.15
3676,1.0943880081176758,0.6598657965660095,0.75,0.6171875,0.00011414793500221707,10881,0.15
3677,1.0381174087524414,0.6739675402641296,0.75,0.69921875,0.00011400074938827646,9177,0.15
3678,1.1890888214111328,0.6201958060264587,0.625,0.6171875,0.00011385364559234691,13686,0.15
3679,1.4684858322143555,0.5459567904472351,0.625,0.76171875,0.00011370662367744309,5973,0.15
3680,1.3842263221740723,0.5533061027526855,0.625,0.5625,0.00011355968370654468,10768,0.15
3681,0.6451184153556824,0.8037316203117371,0.5625,0.671875,0.00011341282574259583,8361,0.15
3682,1.4192801713943481,0.5246005058288574,0.8125,0.65625,0.00011326604984850597,14268,0.15
3683,1.4807066917419434,0.5541183352470398,0.6875,0.6875,0.00011311935608714928,6726,0.15
3684,1.1484553813934326,0.6281614899635315,0.625,0.64453125,0.00011297274452136458,13799,0.15
3685,1.0173709392547607,0.664262056350708,0.5625,0.7109375,0.00011282621521395571,8456,0.15
3686,1.1676924228668213,0.6367912888526917,0.75,0.77734375,0.00011267976822769109,8290,0.15
3687,1.2911336421966553,0.6010220050811768,0.75,0.75390625,0.00011253340362530405,5088,0.15
3688,1.040346622467041,0.6845220327377319,0.875,0.640625,0.00011238712146949242,9969,0.15
3689,1.3492144346237183,0.5483905076980591,0.625,0.5078125,0.00011224092182291886,19012,0.15
3690,0.9162567853927612,0.7211994528770447,0.875,0.6015625,0.0001120948047482107,9071,0.15
3691,0.902428150177002,0.7204152345657349,0.9375,0.6796875,0.00011194877030795992,7225,0.15
3692,1.3080376386642456,0.5636948347091675,0.75,0.5234375,0.00011180281856472285,11508,0.15
3693,0.9869083762168884,0.6820746064186096,0.8125,0.56640625,0.0001116569495810208,10990,0.15
3694,1.2305423021316528,0.6193771362304688,0.5,0.67578125,0.00011151116341933927,9248,0.15
3695,1.1173359155654907,0.6364306807518005,0.3125,0.59375,0.00011136546014212835,14916,0.15
3696,0.9444284439086914,0.7008394598960876,0.9375,0.63671875,0.00011121983981180279,13461,0.15
3697,1.3604965209960938,0.5887365341186523,0.75,0.61328125,0.0001110743024907417,7511,0.15
3698,1.0198312997817993,0.6724117398262024,0.5,0.62890625,0.00011092884824128877,8471,0.15
3699,1.2528659105300903,0.610851526260376,0.875,0.78515625,0.00011078347712575171,6635,0.15
3700,1.1271247863769531,0.6237823963165283,0.6875,0.63671875,0.00011063818920640309,7905,0.15
3701,1.4883838891983032,0.5177589654922485,0.6875,0.68359375,0.00011049298454547967,6729,0.15
3702,1.4003819227218628,0.5625560283660889,0.5625,0.58984375,0.00011034786320518244,12269,0.15
3703,0.9947648644447327,0.6941107511520386,1.0,0.6171875,0.00011020282524767664,6826,0.15
3704,1.010414958000183,0.6858912706375122,0.75,0.5859375,0.0001100578707350922,9363,0.15
3705,1.3614498376846313,0.5671495795249939,0.5625,0.5390625,0.00010991299972952272,12286,0.15
3706,1.4681111574172974,0.5494765043258667,0.6875,0.6484375,0.0001097682122930265,11844,0.15
3707,0.6608894467353821,0.8166475296020508,0.75,0.6484375,0.0001096235084876259,8710,0.15
3708,1.0910446643829346,0.6410435438156128,0.5,0.59765625,0.00010947888837530749,8586,0.15
3709,1.105818510055542,0.650161623954773,0.9375,0.69921875,0.00010933435201802173,6806,0.15
3710,0.7554336190223694,0.7728709578514099,0.6875,0.6953125,0.00010918989947768365,9805,0.15
3711,1.5705715417861938,0.49917206168174744,0.8125,0.6328125,0.00010904553081617195,12078,0.15
3712,0.9973855018615723,0.6710183024406433,0.4375,0.40234375,0.00010890124609532957,24129,0.15
3713,1.4854446649551392,0.5345096588134766,0.6875,0.75390625,0.00010875704537696357,10258,0.15
3714,1.4763476848602295,0.5285025238990784,0.5,0.74609375,0.0001086129287228449,10157,0.15
3715,0.6076513528823853,0.8228946328163147,0.875,0.609375,0.00010846889619470873,4726,0.15
3716,1.0014724731445312,0.6674513816833496,0.375,0.392578125,0.00010832494785425376,24213,0.15
3717,1.1586363315582275,0.6235199570655823,0.625,0.4609375,0.00010818108376314303,21199,0.15
3718,1.3242417573928833,0.5720403790473938,0.5625,0.486328125,0.00010803730398300344,12375,0.15
3719,1.1251881122589111,0.630630612373352,0.6875,0.72265625,0.00010789360857542557,13209,0.15
3720,0.5247172117233276,0.8690862655639648,0.875,0.69921875,0.00010774999760196385,7081,0.15
3721,1.408297061920166,0.5495606064796448,0.5625,0.62109375,0.00010760647112413691,10583,0.15
3722,0.8380285501480103,0.7408580183982849,0.8125,0.671875,0.00010746302920342668,6946,0.15
3723,1.411903977394104,0.5494654774665833,0.5625,0.52734375,0.00010731967190127924,12534,0.15
3724,0.6868762969970703,0.8176159858703613,0.6875,0.66796875,0.00010717639927910429,8515,0.15
3725,1.2899566888809204,0.5826976299285889,0.9375,0.73046875,0.00010703321139827543,6161,0.15
3726,0.8599247932434082,0.7393314838409424,0.5625,0.55859375,0.00010689010832012955,14271,0.15
3727,1.0515046119689941,0.6607831716537476,0.8125,0.54296875,0.00010674709010596766,12181,0.15
3728,1.4715394973754883,0.5194896459579468,0.6875,0.6171875,0.0001066041568170541,11365,0.15
3729,0.630692720413208,0.8078503012657166,0.875,0.546875,0.00010646130851461691,8764,0.15
3730,1.554141879081726,0.5345723628997803,0.4375,0.63671875,0.00010631854525984779,10008,0.15
3731,0.6511670351028442,0.7953185439109802,0.875,0.52734375,0.0001061758671139021,7519,0.15
3732,0.9217305183410645,0.7066181898117065,0.75,0.5390625,0.0001060332741378986,11272,0.15
3733,1.4891399145126343,0.5225016474723816,0.5,0.49609375,0.00010589076639291944,16421,0.15
3734,0.95578932762146,0.6867282390594482,0.6875,0.458984375,0.00010574834394001056,22514,0.15
3735,1.209811806678772,0.6165908575057983,0.625,0.765625,0.00010560600684018124,6377,0.15
3736,1.1437348127365112,0.6261897683143616,0.4375,0.4296875,0.00010546375515440406,29943,0.15
3737,0.9440346360206604,0.6869689226150513,0.4375,0.384765625,0.0001053215889436151,23889,0.15
3738,1.3752269744873047,0.5458551645278931,0.6875,0.6171875,0.00010517950826871401,9530,0.15
3739,0.9970492720603943,0.6700169444084167,0.375,0.62109375,0.0001050375131905634,8258,0.15
3740,1.0885430574417114,0.6297047138214111,0.6875,0.60546875,0.00010489560376998967,7891,0.15
3741,1.4024382829666138,0.5610343217849731,0.6875,0.6640625,0.00010475378006778217,11215,0.15
3742,1.3236620426177979,0.5629172325134277,0.625,0.5546875,0.0001046120421446938,9886,0.15
3743,1.1637771129608154,0.650509774684906,0.6875,0.69921875,0.00010447039006144042,5983,0.15
3744,1.1861356496810913,0.6284862756729126,0.5625,0.6171875,0.00010432882387870148,9394,0.15
3745,0.9648864269256592,0.6880801320075989,0.625,0.5625,0.00010418734365711921,8188,0.15
3746,0.7542659044265747,0.7688325047492981,0.875,0.58203125,0.00010404594945729951,11589,0.15
3747,0.6109083294868469,0.8234412670135498,0.75,0.4765625,0.00010390464133981086,12013,0.15
3748,0.8634107112884521,0.7201462984085083,0.9375,0.5703125,0.00010376341936518535,13943,0.15
3749,0.9080299735069275,0.7168449759483337,0.625,0.5,0.00010362228359391803,11778,0.15
3750,1.4617323875427246,0.5318804383277893,0.6875,0.66015625,0.0001034812340864668,6791,0.15
3751,1.4815678596496582,0.5137724280357361,0.625,0.5703125,0.00010334027090325292,15030,0.15
3752,1.1803741455078125,0.6210663914680481,0.6875,0.57421875,0.00010319939410466062,12266,0.15
3753,1.2077516317367554,0.6235770583152771,0.5,0.53125,0.00010305860375103681,13089,0.15
3754,1.0365610122680664,0.6771790385246277,0.625,0.58984375,0.00010291789990269182,8054,0.15
3755,0.4244612753391266,0.8771557211875916,0.9375,0.61328125,0.0001027772826198987,3769,0.15
3756,1.5307611227035522,0.5144856572151184,0.625,0.6796875,0.00010263675196289317,7145,0.15
3757,1.2889471054077148,0.6053710579872131,0.75,0.77734375,0.0001024963079918743,4878,0.15
3758,0.9528293013572693,0.7055944800376892,0.5625,0.6796875,0.00010235595076700384,7561,0.15
3759,0.9271554946899414,0.7177541851997375,0.5,0.5078125,0.00010221568034840637,10544,0.15
3760,1.0519218444824219,0.674721896648407,0.75,0.5546875,0.00010207549679616917,7821,0.15
3761,0.8304454684257507,0.75127112865448,0.9375,0.75,0.00010193540017034252,4917,0.15
3762,0.9643658995628357,0.6857143044471741,0.4375,0.60546875,0.00010179539053093938,9485,0.15
3763,1.1252589225769043,0.6687763929367065,0.875,0.74609375,0.00010165546793793546,5214,0.15
3764,0.40277791023254395,0.885237991809845,0.875,0.5546875,0.0001015156324512689,4139,0.15
3765,0.7707368731498718,0.7502759099006653,0.6875,0.466796875,0.00010137588413084102,9967,0.15
3766,1.4061527252197266,0.5582010746002197,0.375,0.68359375,0.0001012362230365156,13608,0.15
3767,1.0998107194900513,0.6601131558418274,0.8125,0.7109375,0.00010109664922811876,10427,0.15
3768,1.2103688716888428,0.6135334968566895,0.5,0.59375,0.0001009571627654397,9724,0.15
3769,0.5354626178741455,0.836802065372467,0.9375,0.494140625,0.00010081776370823002,13934,0.15
3770,0.9996621608734131,0.6689884066581726,0.875,0.51171875,0.00010067845211620366,15649,0.15
3771,1.3472234010696411,0.5914078950881958,0.6875,0.671875,0.00010053922804903743,7472,0.15
3772,1.0642433166503906,0.6690289378166199,0.625,0.66796875,0.00010040009156637041,10442,0.15
3773,0.5081638097763062,0.8478785157203674,1.0,0.68359375,0.00010026104272780438,4148,0.15
3774,1.3946528434753418,0.5531094670295715,0.625,0.546875,0.0001001220815929032,14263,0.15
3775,0.6475655436515808,0.7973925471305847,1.0,0.5625,9.998320822119365e-05,7517,0.15
3776,1.1172428131103516,0.6383838653564453,0.625,0.64453125,9.984442267216458e-05,8415,0.15
3777,1.1049445867538452,0.6518704891204834,0.625,0.5703125,9.970572500526726e-05,10746,0.15
3778,1.5522960424423218,0.5174655318260193,0.4375,0.796875,9.956711527991538e-05,11537,0.15
3779,0.9632854461669922,0.6905906796455383,0.6875,0.64453125,9.942859355548511e-05,8736,0.15
3780,1.3922821283340454,0.5671290159225464,0.5,0.76953125,9.92901598913146e-05,11463,0.15
3781,0.6041123867034912,0.8264099955558777,0.5625,0.490234375,9.915181434670441e-05,12518,0.15
3782,0.32910504937171936,0.9189162850379944,0.75,0.4609375,9.901355698091736e-05,10372,0.15
3783,0.8722324967384338,0.734496533870697,0.625,0.5078125,9.88753878531787e-05,18512,0.15
3784,1.2453922033309937,0.6067445874214172,0.3125,0.4765625,9.87373070226754e-05,18474,0.15
3785,1.3953603506088257,0.5323691368103027,0.625,0.91015625,9.859931454855715e-05,4356,0.15
3786,0.8304600715637207,0.750629723072052,0.8125,0.75390625,9.846141048993552e-05,7146,0.15
3787,1.5686213970184326,0.520729124546051,0.5,0.74609375,9.832359490588409e-05,8997,0.15
3788,1.5592467784881592,0.4924887418746948,0.75,0.95703125,9.818586785543888e-05,3994,0.15
3789,1.033189296722412,0.6658447980880737,0.6875,0.53515625,9.804822939759755e-05,14601,0.15
3790,0.8486743569374084,0.7248665690422058,0.8125,0.53515625,9.791067959132025e-05,13488,0.15
3791,1.3493926525115967,0.5700111985206604,0.625,0.4765625,9.777321849552877e-05,14312,0.15
3792,1.6179277896881104,0.4823761284351349,0.75,0.734375,9.763584616910708e-05,9646,0.15
3793,0.9299170970916748,0.7000348567962646,0.5,0.5625,9.749856267090137e-05,8601,0.15
3794,1.3274766206741333,0.5863927006721497,0.75,0.59765625,9.736136805971926e-05,12993,0.15
3795,1.0864418745040894,0.6660455465316772,0.875,0.6171875,9.722426239433063e-05,7513,0.15
3796,0.8989440202713013,0.7203129529953003,0.9375,0.53515625,9.708724573346735e-05,10097,0.15
3797,1.1314165592193604,0.6451327204704285,0.4375,0.46484375,9.695031813582286e-05,19179,0.15
3798,0.3660229742527008,0.9061882495880127,0.875,0.474609375,9.681347966005249e-05,9615,0.15
3799,0.9325321912765503,0.7030719518661499,0.6875,0.490234375,9.667673036477363e-05,11491,0.15
3800,0.49437329173088074,0.869204044342041,0.5,0.44921875,9.654007030856541e-05,16973,0.15
3801,1.5183097124099731,0.5301404595375061,0.5625,0.6171875,9.640349954996848e-05,10252,0.15
3802,0.87855464220047,0.72826087474823,0.875,0.6015625,9.626701814748551e-05,8924,0.15
3803,1.0988157987594604,0.6403432488441467,0.375,0.578125,9.613062615958085e-05,16082,0.15
3804,1.0383437871932983,0.655380129814148,0.25,0.50390625,9.59943236446804e-05,17100,0.15
3805,1.2156533002853394,0.6082333922386169,0.4375,0.578125,9.585811066117181e-05,12510,0.15
3806,1.5286846160888672,0.5386044383049011,0.625,0.90234375,9.572198726740451e-05,4844,0.15
3807,0.7239349484443665,0.7811872363090515,0.8125,0.5078125,9.55859535216894e-05,17924,0.15
3808,0.6341351866722107,0.8138715028762817,0.9375,0.58984375,9.545000948229891e-05,8795,0.15
3809,0.7566992044448853,0.7738896608352661,0.75,0.62890625,9.531415520746719e-05,7430,0.15
3810,1.0318591594696045,0.6763185262680054,0.75,0.7578125,9.517839075539003e-05,7736,0.15
3811,0.9519398212432861,0.6875625252723694,0.875,0.46875,9.504271618422445e-05,14995,0.15
3812,1.2111538648605347,0.6123163104057312,0.625,0.55078125,9.490713155208917e-05,10003,0.15
3813,1.2318086624145508,0.6156107187271118,0.5,0.5546875,9.477163691706441e-05,9865,0.15
3814,1.265507459640503,0.5956112742424011,0.9375,0.71875,9.463623233719165e-05,6380,0.15
3815,0.45614200830459595,0.8710350394248962,0.9375,0.6015625,9.450091787047406e-05,4792,0.15
3816,1.6165691614151,0.4876968562602997,0.8125,0.82421875,9.436569357487586e-05,6096,0.15
3817,0.7015652060508728,0.7939113974571228,0.6875,0.56640625,9.423055950832304e-05,12121,0.15
3818,0.7372260689735413,0.7600620985031128,0.875,0.43359375,9.40955157287026e-05,19976,0.15
3819,0.9293911457061768,0.7066666483879089,0.9375,0.53125,9.396056229386304e-05,11475,0.15
3820,0.7006599307060242,0.8121247291564941,0.6875,0.83203125,9.382569926161419e-05,8660,0.15
3821,1.4471057653427124,0.5374423861503601,0.8125,0.6640625,9.369092668972698e-05,6944,0.15
3822,1.1477949619293213,0.6208418607711792,0.6875,0.59765625,9.355624463593377e-05,9289,0.15
3823,1.3491370677947998,0.5519188046455383,0.5625,0.5390625,9.342165315792815e-05,12221,0.15
3824,1.0160844326019287,0.669907808303833,0.625,0.859375,9.328715231336471e-05,15941,0.15
3825,0.9218947887420654,0.7020702362060547,0.75,0.52734375,9.31527421598593e-05,11110,0.15
3826,1.08156156539917,0.6386024951934814,0.25,0.63671875,9.301842275498904e-05,8730,0.15
3827,0.7283833622932434,0.7841194868087769,0.8125,0.6015625,9.288419415629219e-05,6763,0.15
3828,1.449802041053772,0.556026041507721,0.5625,0.81640625,9.275005642126782e-05,9210,0.15
3829,1.0857305526733398,0.6553410291671753,0.625,0.6640625,9.261600960737639e-05,23516,0.15
3830,1.4710359573364258,0.5437233448028564,0.4375,0.5390625,9.248205377203934e-05,15701,0.15
3831,1.1620395183563232,0.6079455018043518,0.6875,0.68359375,9.234818897263893e-05,6897,0.15
3832,0.664441704750061,0.8085407018661499,0.6875,0.50390625,9.22144152665188e-05,10608,0.15
3833,1.2058537006378174,0.6144304275512695,0.4375,0.458984375,9.208073271098317e-05,19348,0.15
3834,1.2637414932250977,0.6019399762153625,0.6875,0.76171875,9.194714136329754e-05,5567,0.15
3835,0.7367575764656067,0.7642582058906555,0.75,0.43359375,9.181364128068804e-05,10117,0.15
3836,0.9163104891777039,0.7039831876754761,0.625,0.609375,9.168023252034197e-05,8084,0.15
3837,1.2372008562088013,0.6265537738800049,0.5,0.765625,9.154691513940746e-05,9332,0.15
3838,1.2655843496322632,0.5849254727363586,0.4375,0.6171875,9.141368919499331e-05,20936,0.15
3839,1.0374925136566162,0.6463980078697205,0.625,0.55859375,9.128055474416934e-05,13798,0.15
3840,0.9000051021575928,0.7122461795806885,0.6875,0.478515625,9.114751184396623e-05,11277,0.15
3841,1.1521176099777222,0.63509202003479,0.75,0.6875,9.101456055137521e-05,9723,0.15
3842,1.3257116079330444,0.5875213742256165,0.375,0.65234375,9.088170092334835e-05,11123,0.15
3843,1.0722551345825195,0.6572939157485962,0.5625,0.5078125,9.07489330167985e-05,12483,0.15
3844,1.2172861099243164,0.6090576648712158,0.3125,0.57421875,9.061625688859934e-05,12851,0.15
3845,0.5327168703079224,0.8457809686660767,0.75,0.6640625,9.0483672595585e-05,10109,0.15
3846,1.2597439289093018,0.6208434700965881,0.75,0.625,9.035118019455039e-05,7398,0.15
3847,0.577327311038971,0.8272760510444641,0.9375,0.625,9.021877974225107e-05,5448,0.15
3848,0.8629811406135559,0.7408450841903687,0.8125,0.6484375,9.008647129540328e-05,6745,0.15
3849,1.1586858034133911,0.6389315128326416,0.375,0.466796875,8.995425491068363e-05,18905,0.15
3850,1.1995409727096558,0.5991830229759216,0.5,0.478515625,8.98221306447294e-05,17871,0.15
3851,1.1278343200683594,0.6307903528213501,0.4375,0.443359375,8.969009855413855e-05,24027,0.15
3852,1.2678200006484985,0.5791512131690979,0.3125,0.51953125,8.955815869546927e-05,11876,0.15
3853,0.4923190474510193,0.8784158825874329,0.875,0.71875,8.942631112524047e-05,6843,0.15
3854,0.7670053839683533,0.7556235194206238,0.8125,0.458984375,8.92945558999316e-05,10136,0.15
3855,0.8032904267311096,0.7555790543556213,0.5625,0.4765625,8.916289307598221e-05,17028,0.15
3856,1.4682594537734985,0.519394040107727,0.1875,0.515625,8.903132270979255e-05,19078,0.15
3857,1.4217084646224976,0.5604066252708435,0.5,0.75390625,8.889984485772327e-05,6001,0.15
3858,0.690742552280426,0.7753650546073914,0.9375,0.42578125,8.876845957609517e-05,10684,0.15
3859,1.123822569847107,0.6462717056274414,0.5,0.427734375,8.863716692118964e-05,19580,0.15
3860,0.9602172374725342,0.6843664050102234,0.625,0.42578125,8.850596694924818e-05,23635,0.15
3861,1.499226689338684,0.5246520042419434,0.8125,0.8203125,8.837485971647282e-05,7687,0.15
3862,0.6460175514221191,0.7969222664833069,0.8125,0.482421875,8.824384527902555e-05,7603,0.15
3863,1.2292969226837158,0.5958262085914612,0.6875,0.59375,8.81129236930289e-05,9392,0.15
3864,1.2517017126083374,0.5977805256843567,0.625,0.63671875,8.798209501456552e-05,8831,0.15
3865,1.62558114528656,0.48182225227355957,0.5625,0.6796875,8.785135929967836e-05,8912,0.15
3866,1.1892880201339722,0.62359219789505,0.75,0.62109375,8.772071660437024e-05,10122,0.15
3867,1.5127756595611572,0.5272612571716309,0.8125,0.80859375,8.759016698460451e-05,6346,0.15
3868,0.8199184536933899,0.7374981045722961,0.6875,0.55859375,8.745971049630447e-05,12998,0.15
3869,1.3863420486450195,0.5691127777099609,0.625,0.58984375,8.732934719535336e-05,11474,0.15
3870,1.0210844278335571,0.6950819492340088,0.5,0.51953125,8.719907713759479e-05,11590,0.15
3871,1.1768419742584229,0.6407123804092407,0.6875,0.6171875,8.70689003788324e-05,9658,0.15
3872,1.179658055305481,0.6213098168373108,0.5625,0.63671875,8.693881697482961e-05,13956,0.15
3873,0.698809027671814,0.7865734696388245,0.6875,0.50390625,8.68088269813101e-05,17458,0.15
3874,0.6139420866966248,0.8078166842460632,0.9375,0.44140625,8.667893045395748e-05,7420,0.15
3875,1.1050710678100586,0.6479116082191467,0.4375,0.5078125,8.654912744841533e-05,12761,0.15
3876,1.385641098022461,0.5646361708641052,0.25,0.69140625,8.641941802028711e-05,15185,0.15
3877,1.3785922527313232,0.5652896165847778,0.1875,0.578125,8.628980222513607e-05,13846,0.15
3878,1.145750641822815,0.630430281162262,0.5,0.451171875,8.61602801184857e-05,19244,0.15
3879,0.9309938549995422,0.6930446028709412,0.75,0.400390625,8.603085175581902e-05,22860,0.15
3880,1.205991268157959,0.6232810020446777,0.5625,0.765625,8.590151719257902e-05,9235,0.15
3881,1.266795039176941,0.587634801864624,0.4375,0.58984375,8.577227648416864e-05,8718,0.15
3882,1.0496437549591064,0.6725345849990845,0.875,0.6875,8.564312968595049e-05,5851,0.15
3883,1.8445446491241455,0.47525158524513245,0.6875,1.0703125,8.55140768532468e-05,9738,0.15
3884,1.2937208414077759,0.5943717956542969,0.4375,0.59765625,8.538511804133992e-05,17590,0.15
3885,1.2078107595443726,0.6185591816902161,0.5625,0.5546875,8.525625330547157e-05,12382,0.15
3886,1.2098628282546997,0.6139010787010193,0.5625,0.42578125,8.512748270084322e-05,20948,0.15
3887,1.5907106399536133,0.5215262174606323,0.25,0.63671875,8.499880628261622e-05,10824,0.15
3888,0.6718930006027222,0.7916889786720276,0.875,0.53515625,8.487022410591157e-05,9337,0.15
3889,0.8687152862548828,0.7335711121559143,0.5,0.48046875,8.474173622580957e-05,18504,0.15
3890,1.2435705661773682,0.599139392375946,0.75,0.70703125,8.461334269735042e-05,11852,0.15
3891,1.3447881937026978,0.5459069013595581,0.6875,0.8046875,8.448504357553389e-05,8441,0.15
3892,0.896786093711853,0.7313963770866394,0.6875,0.498046875,8.435683891531931e-05,11530,0.15
3893,1.5040717124938965,0.5230064988136292,0.4375,0.625,8.422872877162534e-05,11801,0.15
3894,1.5062941312789917,0.5313446521759033,0.5625,0.640625,8.410071319933032e-05,10895,0.15
3895,0.5763251185417175,0.8307666778564453,0.8125,0.4296875,8.39727922532721e-05,12013,0.15
3896,1.1987035274505615,0.6085904836654663,0.8125,0.6015625,8.384496598824787e-05,8684,0.15
3897,1.0450565814971924,0.6345081925392151,0.75,0.4765625,8.371723445901442e-05,26017,0.15
3898,0.5264280438423157,0.8480688333511353,0.6875,0.56640625,8.358959772028787e-05,9761,0.15
3899,0.7389163970947266,0.7766934037208557,0.5,0.64453125,8.346205582674376e-05,8607,0.15
3900,0.7413181066513062,0.766886830329895,0.9375,0.5078125,8.33346088330169e-05,13324,0.15
3901,1.104343295097351,0.6507800817489624,0.5625,0.5625,8.32072567937017e-05,12883,0.15
3902,1.0227946043014526,0.6831033825874329,0.75,0.6171875,8.30799997633516e-05,8842,0.15
3903,1.3210837841033936,0.6160977482795715,0.5625,0.72265625,8.295283779647938e-05,9492,0.15
3904,0.8014627695083618,0.7417250275611877,0.5625,0.4921875,8.282577094755732e-05,14713,0.15
3905,1.0721187591552734,0.6276419162750244,0.75,0.439453125,8.269879927101687e-05,24130,0.15
3906,1.1181011199951172,0.6272863745689392,0.6875,0.68359375,8.257192282124851e-05,7982,0.15
3907,1.5084165334701538,0.5312262773513794,0.375,0.59765625,8.244514165260215e-05,10536,0.15
3908,1.534206509590149,0.5185115933418274,0.5,0.55078125,8.231845581938684e-05,16044,0.15
3909,0.9927748441696167,0.6991445422172546,0.5625,0.4609375,8.219186537587084e-05,11690,0.15
3910,1.1679414510726929,0.6095598936080933,0.6875,0.62890625,8.206537037628136e-05,6339,0.15
3911,1.3451201915740967,0.5527459383010864,0.5,0.51171875,8.193897087480476e-05,12655,0.15
3912,0.7078626155853271,0.7699416279792786,0.875,0.48046875,8.181266692558681e-05,14392,0.15
3913,0.9594740271568298,0.6977220177650452,0.75,0.57421875,8.168645858273188e-05,7814,0.15
3914,0.9085983037948608,0.7098349332809448,0.625,0.578125,8.15603459003037e-05,8602,0.15
3915,0.489077091217041,0.8513011336326599,0.875,0.625,8.143432893232496e-05,4573,0.15
3916,0.34633833169937134,0.9113622903823853,0.875,0.46875,8.130840773277735e-05,10086,0.15
3917,0.6312914490699768,0.8137971758842468,0.9375,0.58984375,8.11825823556014e-05,8480,0.15
3918,1.2411139011383057,0.5997292995452881,0.8125,0.703125,8.10568528546969e-05,5911,0.15
3919,1.035599946975708,0.6623740792274475,0.5625,0.5234375,8.093121928392213e-05,15686,0.15
3920,0.9007867574691772,0.7225270867347717,0.875,0.58984375,8.080568169709477e-05,7107,0.15
3921,1.170060396194458,0.6429100036621094,0.5625,0.59765625,8.068024014799086e-05,9457,0.15
3922,1.4106390476226807,0.5438097715377808,0.75,0.625,8.055489469034578e-05,7738,0.15
3923,1.5066986083984375,0.5172584056854248,0.5625,0.6328125,8.042964537785355e-05,10140,0.15
3924,1.5211803913116455,0.5220295190811157,0.375,0.60546875,8.03044922641668e-05,17068,0.15
3925,1.365321159362793,0.5472714900970459,0.5,0.4765625,8.017943540289732e-05,19113,0.15
3926,1.2441743612289429,0.590405285358429,0.75,0.5,8.005447484761552e-05,11819,0.15
3927,1.6314538717269897,0.47782760858535767,0.75,0.73046875,7.992961065185036e-05,8028,0.15
3928,0.7406021952629089,0.7770617008209229,0.6875,0.5703125,7.980484286908991e-05,7603,0.15
3929,0.8734827637672424,0.7198166847229004,0.8125,0.56640625,7.968017155278063e-05,10693,0.15
3930,0.44681990146636963,0.8824729323387146,0.625,0.44921875,7.955559675632764e-05,20591,0.15
3931,1.1738404035568237,0.61545729637146,0.625,0.609375,7.943111853309488e-05,11645,0.15
3932,1.0529682636260986,0.6756003499031067,0.8125,0.5859375,7.930673693640495e-05,9328,0.15
3933,1.1139260530471802,0.6354828476905823,0.625,0.56640625,7.918245201953902e-05,9289,0.15
3934,1.4817529916763306,0.5237058997154236,0.875,0.60546875,7.905826383573662e-05,10567,0.15
3935,0.7263753414154053,0.7713783383369446,0.75,0.5078125,7.893417243819611e-05,9671,0.15
3936,1.2320828437805176,0.5920385122299194,0.3125,0.482421875,7.881017788007434e-05,11832,0.15
3937,1.2595016956329346,0.5815038084983826,0.375,0.498046875,7.868628021448664e-05,19085,0.15
3938,0.9611868858337402,0.682124137878418,0.5,0.3671875,7.856247949450677e-05,24217,0.15
3939,1.017809510231018,0.6667923331260681,0.875,0.5234375,7.843877577316698e-05,10609,0.15
3940,0.8684152960777283,0.7445054650306702,0.6875,0.8125,7.83151691034582e-05,5096,0.15
3941,1.4179710149765015,0.5557997822761536,0.625,0.7109375,7.819165953832944e-05,5914,0.15
3942,0.7430934309959412,0.7775061130523682,0.875,0.6171875,7.80682471306883e-05,4908,0.15
3943,0.42634356021881104,0.8736674785614014,0.875,0.54296875,7.794493193340081e-05,4409,0.15
3944,1.0690579414367676,0.6504912972450256,0.5,0.53125,7.782171399929121e-05,13230,0.15
3945,1.0843514204025269,0.6515627503395081,0.8125,0.59375,7.769859338114221e-05,11454,0.15
3946,1.2358444929122925,0.605230987071991,0.8125,0.63671875,7.757557013169473e-05,12273,0.15
3947,1.384278655052185,0.5575520992279053,0.4375,0.59765625,7.745264430364794e-05,9739,0.15
3948,0.8475121259689331,0.7468369007110596,0.8125,0.57421875,7.732981594965947e-05,8694,0.15
3949,1.1020355224609375,0.6459788680076599,0.6875,0.7265625,7.720708512234504e-05,12310,0.15
3950,0.9090802669525146,0.7083702683448792,0.625,0.47265625,7.708445187427871e-05,11278,0.15
3951,1.2416329383850098,0.6050226092338562,0.6875,0.62109375,7.696191625799256e-05,11269,0.15
3952,1.4792124032974243,0.5281321406364441,0.5,0.6015625,7.683947832597704e-05,12228,0.15
3953,0.5954709053039551,0.8155088424682617,0.75,0.37890625,7.671713813068067e-05,20066,0.15
3954,0.9714367985725403,0.6806694865226746,0.875,0.57421875,7.659489572451007e-05,9022,0.15
3955,0.9119182825088501,0.719496488571167,0.625,0.50390625,7.647275115982998e-05,10884,0.15
3956,1.3349027633666992,0.6033243536949158,0.8125,0.8828125,7.635070448896325e-05,4452,0.15
3957,0.6314011812210083,0.816071093082428,1.0,0.59765625,7.622875576419084e-05,4953,0.15
3958,1.42176353931427,0.5566620826721191,0.4375,0.67578125,7.610690503775168e-05,10845,0.15
3959,1.0207027196884155,0.6645231246948242,0.4375,0.53125,7.598515236184273e-05,11974,0.15
3960,0.40677833557128906,0.8777482509613037,0.875,0.6015625,7.586349778861911e-05,4139,0.15
3961,1.5064910650253296,0.5553827285766602,0.8125,0.84765625,7.574194137019358e-05,5787,0.15
3962,0.8650888204574585,0.7248706817626953,0.8125,0.48828125,7.562048315863719e-05,10635,0.15
3963,0.745835542678833,0.7812547087669373,0.875,0.58203125,7.549912320597872e-05,6615,0.15
3964,1.3222613334655762,0.5889930725097656,0.625,0.77734375,7.537786156420487e-05,10557,0.15
3965,1.2254104614257812,0.5969852805137634,0.6875,0.57421875,7.525669828526032e-05,8558,0.15
3966,1.0810908079147339,0.6579115390777588,0.5,0.478515625,7.513563342104755e-05,12526,0.15
3967,1.2112481594085693,0.6164457201957703,0.4375,0.4453125,7.501466702342701e-05,20443,0.15
3968,0.9330922961235046,0.6922803521156311,0.6875,0.3828125,7.489379914421673e-05,22514,0.15
3969,1.2021516561508179,0.6445030570030212,0.375,0.6953125,7.477302983519269e-05,8723,0.15
3970,1.35003662109375,0.5745148658752441,0.625,0.50390625,7.465235914808871e-05,13192,0.15
3971,1.456402063369751,0.5198935270309448,0.6875,0.52734375,7.45317871345963e-05,15030,0.15
3972,1.272949457168579,0.5913988947868347,0.625,0.578125,7.441131384636443e-05,10580,0.15
3973,1.1670323610305786,0.638079047203064,0.5625,0.64453125,7.42909393350003e-05,10016,0.15
3974,1.102921485900879,0.635442852973938,0.625,0.5625,7.417066365206842e-05,13526,0.15
3975,1.094951868057251,0.6623619794845581,0.75,0.5859375,7.405048684909104e-05,10144,0.15
3976,1.336245059967041,0.5723334550857544,0.4375,0.482421875,7.393040897754814e-05,12788,0.15
3977,1.3750109672546387,0.5409926176071167,0.75,0.5,7.381043008887727e-05,14527,0.15
3978,1.054581642150879,0.6523004770278931,0.8125,0.56640625,7.369055023447352e-05,8933,0.15
3979,1.1903486251831055,0.6233435869216919,0.625,0.5078125,7.357076946568972e-05,13357,0.15
3980,0.7055215239524841,0.7912068367004395,0.75,0.6328125,7.345108783383597e-05,5709,0.15
3981,1.3027801513671875,0.598516047000885,0.5,0.65625,7.333150539018029e-05,10917,0.15
3982,1.0774829387664795,0.6656161546707153,0.5,0.7109375,7.321202218594778e-05,9202,0.15
3983,0.5069096088409424,0.8443251252174377,0.9375,0.40625,7.309263827232137e-05,15269,0.15
3984,1.3720930814743042,0.5802584886550903,0.625,0.74609375,7.297335370044143e-05,5339,0.15
3985,1.368933916091919,0.5458067059516907,0.6875,0.52734375,7.28541685214055e-05,13939,0.15
3986,1.5388941764831543,0.5221257209777832,0.6875,0.69921875,7.273508278626878e-05,9785,0.15
3987,0.8314778804779053,0.7310858964920044,0.5,0.66015625,7.261609654604389e-05,16641,0.15
3988,0.7994639277458191,0.7340759634971619,0.8125,0.474609375,7.249720985170067e-05,16249,0.15
3989,1.4525786638259888,0.5385253429412842,0.875,0.62890625,7.237842275416648e-05,8436,0.15
3990,0.4316824674606323,0.8936886191368103,0.9375,0.56640625,7.225973530432581e-05,7130,0.15
3991,1.3049968481063843,0.593332052230835,0.625,0.609375,7.214114755302075e-05,10618,0.15
3992,1.2512847185134888,0.580854058265686,0.625,0.53515625,7.202265955105041e-05,11428,0.15
3993,0.9304141402244568,0.7039878964424133,0.5,0.58203125,7.190427134917133e-05,8601,0.15
3994,1.1209441423416138,0.632016658782959,0.5625,0.388671875,7.17859829980973e-05,24050,0.15
3995,0.7370346784591675,0.763058602809906,0.75,0.4453125,7.166779454849917e-05,10070,0.15
3996,0.5259911417961121,0.8382816910743713,0.9375,0.494140625,7.15497060510052e-05,10778,0.15
3997,0.9128910899162292,0.7178759574890137,0.8125,0.498046875,7.143171755620082e-05,14444,0.15
3998,1.0071840286254883,0.697808563709259,0.8125,1.21875,7.131382911462847e-05,3468,0.15
3999,0.7377841472625732,0.778514564037323,0.6875,0.5703125,7.119604077678774e-05,7540,0.15
4000,1.0519517660140991,0.6682418584823608,0.6875,0.73046875,7.107835259313547e-05,7195,0.15
4001,1.2095069885253906,0.6129829287528992,0.5625,0.5625,7.096076461408565e-05,10121,0.15
4002,1.3723970651626587,0.5602779984474182,0.875,0.53515625,7.084327689000909e-05,11223,0.15
4003,1.3856070041656494,0.5386986136436462,0.8125,0.4921875,7.072588947123383e-05,14277,0.15
4004,0.7978248596191406,0.7461435198783875,0.75,0.59765625,7.060860240804501e-05,8946,0.15
4005,0.9264914989471436,0.7169632315635681,0.8125,0.5625,7.049141575068454e-05,8430,0.15
4006,1.2106393575668335,0.6205235719680786,0.75,0.73828125,7.037432954935157e-05,8098,0.15
4007,0.7655717730522156,0.7547277808189392,0.6875,0.404296875,7.0257343854202e-05,19248,0.15
4008,0.8154686689376831,0.7355202436447144,0.6875,0.5546875,7.014045871534894e-05,18992,0.15
4009,0.865087628364563,0.726670503616333,0.875,0.53125,7.00236741828621e-05,10416,0.15
4010,1.0625782012939453,0.6596285700798035,0.75,0.60546875,6.990699030676836e-05,11793,0.15
4011,0.7183651924133301,0.7831079363822937,0.5,0.65234375,6.97904071370514e-05,10277,0.15
4012,1.378336787223816,0.5449395775794983,0.8125,0.50390625,6.967392472365169e-05,13240,0.15
4013,0.8286274075508118,0.7288196682929993,0.75,0.5078125,6.955754311646661e-05,19511,0.15
4014,1.2692453861236572,0.5809718370437622,0.6875,0.546875,6.944126236535042e-05,11751,0.15
4015,1.0438404083251953,0.6397424936294556,0.8125,0.6328125,6.932508252011402e-05,11650,0.15
4016,0.929923415184021,0.6900609731674194,0.5,0.55859375,6.92090036305251e-05,14106,0.15
4017,1.2594408988952637,0.5906470417976379,0.4375,0.60546875,6.909302574630825e-05,18732,0.15
4018,1.3497883081436157,0.5851427316665649,0.6875,0.70703125,6.897714891714482e-05,9948,0.15
4019,1.6198354959487915,0.5100988745689392,0.375,0.7578125,6.886137319267257e-05,9506,0.15
4020,1.2005621194839478,0.6164537072181702,0.4375,0.443359375,6.874569862248622e-05,19643,0.15
4021,0.8585543632507324,0.7376019954681396,0.5,0.494140625,6.863012525613713e-05,14337,0.15
4022,1.4573917388916016,0.5702183246612549,0.8125,0.73046875,6.851465314313315e-05,6138,0.15
4023,1.4986869096755981,0.523683488368988,0.75,0.61328125,6.8399282332939e-05,10577,0.15
4024,1.0386250019073486,0.6809223294258118,0.6875,0.63671875,6.828401287497572e-05,10452,0.15
4025,0.3149513602256775,0.9227399230003357,0.875,0.44921875,6.816884481862126e-05,10044,0.15
4026,1.1395924091339111,0.6327478289604187,0.75,0.62890625,6.805377821320976e-05,11842,0.15
4027,1.5273717641830444,0.5362605452537537,0.5625,0.62890625,6.79388131080322e-05,9611,0.15
4028,1.2109078168869019,0.6211325526237488,0.75,0.5078125,6.782394955233607e-05,12379,0.15
4029,1.4272254705429077,0.5532200336456299,0.375,0.6328125,6.770918759532507e-05,13416,0.15
4030,1.2004337310791016,0.6141145825386047,0.6875,0.5625,6.759452728615971e-05,9933,0.15
4031,1.5251502990722656,0.5296726822853088,0.625,0.58203125,6.747996867395682e-05,14879,0.15
4032,0.839508593082428,0.7534937262535095,0.6875,0.8125,6.736551180778972e-05,6941,0.15
4033,1.3812977075576782,0.5556933283805847,0.4375,0.640625,6.725115673668789e-05,9678,0.15
4034,1.1176091432571411,0.6382796168327332,0.6875,0.546875,6.713690350963751e-05,12811,0.15
4035,0.7530364394187927,0.7617487907409668,0.75,0.484375,6.70227521755812e-05,13129,0.15
4036,1.3101369142532349,0.5963120460510254,0.75,0.63671875,6.69087027834175e-05,7050,0.15
4037,1.124133586883545,0.6381968259811401,0.5625,0.40234375,6.679475538200171e-05,19588,0.15
4038,0.7719661593437195,0.7599103450775146,1.0,0.443359375,6.668091002014528e-05,14278,0.15
4039,1.088250994682312,0.6340029835700989,0.6875,0.51171875,6.656716674661585e-05,13440,0.15
4040,0.8462521433830261,0.7434000372886658,0.625,0.53125,6.645352561013758e-05,17841,0.15
4041,0.8295277953147888,0.7558233141899109,0.5,0.68359375,6.633998665939053e-05,6225,0.15
4042,1.5462013483047485,0.526792049407959,0.5,0.65234375,6.622654994301134e-05,9835,0.15
4043,0.614561915397644,0.822975754737854,0.9375,0.59375,6.611321550959253e-05,8818,0.15
4044,1.2280327081680298,0.6164088845252991,0.75,0.671875,6.59999834076831e-05,7435,0.15
4045,0.9494630694389343,0.6888070106506348,0.8125,0.50390625,6.588685368578813e-05,11668,0.15
4046,1.2448924779891968,0.5907655954360962,0.625,0.62109375,6.577382639236866e-05,10136,0.15
4047,1.159682035446167,0.6286280155181885,0.5625,0.546875,6.566090157584201e-05,14643,0.15
4048,1.0561010837554932,0.6438664793968201,0.5625,0.484375,6.554807928458175e-05,12880,0.15
4049,0.9569849967956543,0.683335542678833,0.6875,0.435546875,6.543535956691712e-05,15158,0.15
4050,1.2236785888671875,0.6063005328178406,0.8125,0.62890625,6.532274247113391e-05,12126,0.15
4051,0.7929159998893738,0.7445546388626099,0.875,0.49609375,6.521022804547352e-05,9779,0.15
4052,1.2209268808364868,0.6068965792655945,0.6875,0.66796875,6.509781633813365e-05,6380,0.15
4053,0.8006714582443237,0.7535173892974854,0.75,0.3984375,6.498550739726784e-05,16987,0.15
4054,1.1415854692459106,0.633383572101593,0.6875,0.3984375,6.487330127098568e-05,20561,0.15
4055,0.8447505235671997,0.7400689125061035,0.5625,0.51171875,6.476119800735285e-05,14223,0.15
4056,1.2983248233795166,0.5830158591270447,0.625,0.68359375,6.464919765439061e-05,6300,0.15
4057,1.050065040588379,0.6731146574020386,0.75,0.546875,6.453730026007647e-05,11218,0.15
4058,0.9745669960975647,0.6874688267707825,0.625,0.6484375,6.442550587234378e-05,14037,0.15
4059,1.0122305154800415,0.683069109916687,0.875,0.62109375,6.431381453908164e-05,9084,0.15
4060,0.8467223644256592,0.7359346747398376,0.875,0.5859375,6.420222630813496e-05,14326,0.15
4061,1.232667326927185,0.6035320162773132,0.5,0.60546875,6.40907412273047e-05,11325,0.15
4062,1.1197048425674438,0.6345961689949036,0.6875,0.49609375,6.397935934434762e-05,13990,0.15
4063,0.8981584310531616,0.702279806137085,0.5625,0.546875,6.3868080706976e-05,14124,0.15
4064,1.1986020803451538,0.6279195547103882,0.5625,0.62109375,6.375690536285816e-05,9248,0.15
4065,1.1540812253952026,0.6272581219673157,0.6875,0.419921875,6.364583335961803e-05,21146,0.15
4066,0.9024584889411926,0.7213520407676697,0.875,0.5234375,6.353486474483549e-05,14556,0.15
4067,0.9502043128013611,0.711344301700592,0.9375,0.6328125,6.342399956604585e-05,10102,0.15
4068,1.2291239500045776,0.6092458367347717,0.75,0.73828125,6.331323787074018e-05,5927,0.15
4069,1.185788869857788,0.6148063540458679,0.8125,0.62109375,6.320257970636539e-05,8780,0.15
4070,0.7857511043548584,0.7624740600585938,0.375,0.453125,6.309202512032375e-05,16394,0.15
4071,1.3313381671905518,0.5740036368370056,0.5625,0.484375,6.29815741599735e-05,14202,0.15
4072,1.2896621227264404,0.5926597118377686,0.4375,0.51171875,6.287122687262819e-05,14904,0.15
4073,1.4818062782287598,0.5596418380737305,0.8125,0.75390625,6.276098330555729e-05,6254,0.15
4074,1.0075876712799072,0.6674575805664062,0.625,0.55859375,6.265084350598544e-05,11379,0.15
4075,0.8117533922195435,0.7427262663841248,0.5,0.6171875,6.25408075210932e-05,7424,0.15
4076,1.3228107690811157,0.5801287889480591,0.75,0.7265625,6.243087539801639e-05,5435,0.15
4077,0.7858710885047913,0.7718538641929626,0.5,0.58984375,6.232104718384639e-05,11085,0.15
4078,1.465988039970398,0.5312799215316772,0.875,0.5703125,6.221132292563014e-05,10454,0.15
4079,1.2774059772491455,0.6024800539016724,0.75,0.60546875,6.210170267037018e-05,12661,0.15
4080,1.3455222845077515,0.5715711712837219,0.6875,0.55859375,6.199218646502412e-05,12023,0.15
4081,0.60863196849823,0.8261407613754272,0.625,0.49609375,6.188277435650536e-05,12119,0.15
4082,1.2371983528137207,0.5995779633522034,0.8125,0.63671875,6.177346639168251e-05,6161,0.15
4083,1.0667500495910645,0.6449459195137024,0.75,0.578125,6.16642626173798e-05,8686,0.15
4084,1.4504257440567017,0.5717898011207581,0.8125,0.69140625,6.155516308037648e-05,7118,0.15
4085,0.613450288772583,0.822475254535675,0.875,0.66796875,6.144616782740727e-05,4743,0.15
4086,1.3972550630569458,0.5388293862342834,0.75,0.63671875,6.133727690516244e-05,10456,0.15
4087,1.1213208436965942,0.6309971213340759,0.5,0.51171875,6.12284903602873e-05,13298,0.15
4088,0.7831094861030579,0.771746814250946,0.6875,0.7109375,6.111980823938258e-05,5656,0.15
4089,0.5758320093154907,0.836728572845459,0.75,0.458984375,6.10112305890042e-05,13352,0.15
4090,1.2513856887817383,0.5893000364303589,0.5,0.58203125,6.0902757455663554e-05,18673,0.15
4091,1.2517080307006836,0.6131611466407776,0.6875,0.7734375,6.079438888582686e-05,4878,0.15
4092,0.83489590883255,0.7428144812583923,0.875,0.439453125,6.068612492591596e-05,14056,0.15
4093,1.3921141624450684,0.5583473443984985,0.875,0.76171875,6.057796562230758e-05,7721,0.15
4094,0.84278804063797,0.7239970564842224,0.8125,0.5234375,6.0469911021333696e-05,13460,0.15
4095,1.4437282085418701,0.5375064611434937,0.375,0.6015625,6.0361961169281516e-05,7732,0.15
4096,1.4588711261749268,0.5240578055381775,0.5,0.5078125,6.025411611239341e-05,15920,0.15
4097,0.848926305770874,0.7382621765136719,0.875,0.71875,6.014637589686661e-05,4707,0.15
4098,0.9405193328857422,0.6967394948005676,0.75,0.62109375,6.003874056885371e-05,8557,0.15
4099,1.0069957971572876,0.6742398738861084,0.8125,0.482421875,5.993121017446223e-05,14701,0.15
4100,0.6363641023635864,0.8008260130882263,0.9375,0.490234375,5.9823784759754866e-05,7506,0.15
4101,1.2279614210128784,0.6073725819587708,0.75,0.578125,5.9716464370749104e-05,10417,0.15
4102,0.28681790828704834,0.9295880198478699,0.6875,0.40234375,5.960924905341777e-05,10680,0.15
4103,1.6364458799362183,0.5080235600471497,0.625,0.6953125,5.950213885368836e-05,9846,0.15
4104,1.0652135610580444,0.6683359146118164,0.6875,0.66015625,5.9395133817443444e-05,7788,0.15
4105,0.944331705570221,0.688361644744873,0.875,0.61328125,5.928823399052067e-05,6238,0.15
4106,1.403739333152771,0.5518619418144226,0.75,0.67578125,5.9181439418712464e-05,10258,0.15
4107,0.8063406348228455,0.7501884698867798,0.8125,0.474609375,5.907475014776635e-05,10612,0.15
4108,0.8438355326652527,0.726715087890625,0.5,0.53125,5.8968166223384505e-05,14183,0.15
4109,1.4617516994476318,0.5587652921676636,0.6875,0.6171875,5.8861687691224113e-05,8585,0.15
4110,1.0912302732467651,0.6546532511711121,0.8125,0.546875,5.8755314596897316e-05,10627,0.15
4111,0.8085330724716187,0.7372034788131714,0.75,0.45703125,5.8649046985970806e-05,19224,0.15
4112,0.9649801850318909,0.6766250729560852,0.8125,0.65234375,5.8542884903966295e-05,6092,0.15
4113,1.0526857376098633,0.6606079936027527,0.75,0.65625,5.843682839636033e-05,6217,0.15
4114,1.1172465085983276,0.6413325071334839,0.625,0.51953125,5.8330877508584e-05,11197,0.15
4115,1.499792456626892,0.5237658023834229,0.5,0.54296875,5.822503228602337e-05,16347,0.15
4116,0.4612296521663666,0.8583910465240479,0.9375,0.353515625,5.8119292774019245e-05,23692,0.15
4117,1.1640821695327759,0.6202073693275452,0.625,0.52734375,5.801365901786703e-05,12441,0.15
4118,1.4538393020629883,0.5398905277252197,0.75,0.65234375,5.790813106281676e-05,6944,0.15
4119,0.8218089938163757,0.75958651304245,0.6875,0.703125,5.780270895407349e-05,5998,0.15
4120,1.106702208518982,0.6530653834342957,0.75,0.5703125,5.76973927367965e-05,9852,0.15
4121,1.4339109659194946,0.535856306552887,0.6875,0.66015625,5.7592182456099925e-05,6791,0.15
4122,1.391626000404358,0.5938639640808105,0.375,1.0546875,5.748707815705257e-05,7953,0.15
4123,1.2863434553146362,0.5695984363555908,0.75,0.5625,5.738207988467776e-05,9289,0.15
4124,1.4800937175750732,0.5238867402076721,0.5625,0.6015625,5.727718768395351e-05,10487,0.15
4125,1.2570117712020874,0.6151903867721558,0.75,0.80859375,5.7172401599812115e-05,4753,0.15
4126,1.0896388292312622,0.6502335667610168,0.5625,0.5625,5.706772167714073e-05,10061,0.15
4127,1.1820926666259766,0.6236883401870728,0.5625,0.470703125,5.6963147960780967e-05,14581,0.15
4128,1.078916072845459,0.6679588556289673,0.8125,0.73828125,5.685868049552877e-05,5933,0.15
4129,0.9974386096000671,0.6859064102172852,0.4375,0.67578125,5.67543193261347e-05,7138,0.15
4130,0.8755085468292236,0.744828462600708,0.6875,0.7421875,5.665006449730385e-05,7783,0.15
4131,1.3981986045837402,0.5422025918960571,0.625,0.58984375,5.654591605369549e-05,7464,0.15
4132,1.4203882217407227,0.5632010698318481,0.625,0.7265625,5.644187403992365e-05,5973,0.15
4133,1.1096079349517822,0.6594399213790894,0.6875,0.6640625,5.63379385005566e-05,6642,0.15
4134,0.9195733070373535,0.7152866721153259,0.8125,0.51171875,5.6234109480117094e-05,11703,0.15
4135,0.9934937953948975,0.6889472007751465,0.6875,0.57421875,5.613038702308206e-05,8767,0.15
4136,1.1402397155761719,0.63552325963974,0.625,0.54296875,5.6026771173883014e-05,14171,0.15
4137,1.004610538482666,0.6950739622116089,0.8125,0.6015625,5.592326197690562e-05,9399,0.15
4138,1.145356297492981,0.6441345810890198,0.375,0.59765625,5.581985947648988e-05,9394,0.15
4139,0.9730589389801025,0.693610668182373,0.5625,0.64453125,5.571656371693023e-05,12693,0.15
4140,1.2133187055587769,0.6169374585151672,0.6875,0.515625,5.5613374742475235e-05,12434,0.15
4141,1.3566771745681763,0.5485246777534485,0.4375,0.51171875,5.551029259732791e-05,14065,0.15
4142,1.141796350479126,0.6389392018318176,0.625,0.54296875,5.54073173256452e-05,9389,0.15
4143,1.0688766241073608,0.6629969477653503,0.6875,0.55859375,5.530444897153847e-05,11445,0.15
4144,1.0289512872695923,0.6682779788970947,0.6875,0.484375,5.5201687579073425e-05,14274,0.15
4145,1.0277506113052368,0.6683074831962585,0.8125,0.482421875,5.509903319226958e-05,12189,0.15
4146,0.4687548875808716,0.8610531091690063,0.8125,0.66796875,5.499648585510083e-05,4311,0.15
4147,1.3220067024230957,0.6020485162734985,0.625,0.71875,5.489404561149529e-05,6639,0.15
4148,1.2358030080795288,0.6017438769340515,0.6875,0.62109375,5.479171250533509e-05,8831,0.15
4149,1.2507586479187012,0.5935039520263672,0.5625,0.60546875,5.468948658045642e-05,11176,0.15
4150,1.274096965789795,0.6148209571838379,0.75,0.6953125,5.458736788064963e-05,7233,0.15
4151,0.7503830194473267,0.7533466815948486,0.6875,0.46484375,5.448535644965924e-05,10010,0.15
4152,0.4498744606971741,0.8601648807525635,0.6875,0.353515625,5.438345233118353e-05,23778,0.15
4153,1.0570392608642578,0.6483983397483826,0.4375,0.51953125,5.428165556887517e-05,17170,0.15
4154,0.8478245139122009,0.735748291015625,0.6875,0.5625,5.4179966206340485e-05,13858,0.15
4155,1.468849539756775,0.5155233144760132,0.6875,0.9140625,5.40783842871401e-05,3994,0.15
4156,1.3818678855895996,0.5399906039237976,0.5,0.51171875,5.397690985478837e-05,19167,0.15
4157,1.0699443817138672,0.6451650261878967,0.375,0.5234375,5.387554295275378e-05,17208,0.15
4158,0.7350512742996216,0.7716566920280457,0.9375,0.48828125,5.377428362445875e-05,12398,0.15
4159,1.3106378316879272,0.5600840449333191,0.625,0.55859375,5.367313191327943e-05,14280,0.15
4160,1.4635885953903198,0.5164162516593933,0.6875,0.53515625,5.357208786254608e-05,14376,0.15
4161,0.9417626857757568,0.6901178359985352,0.5,0.35546875,5.3471151515542785e-05,23254,0.15
4162,1.215555191040039,0.6229088306427002,0.6875,0.7265625,5.3370322915507416e-05,6635,0.15
4163,0.9733903408050537,0.7097018361091614,0.6875,0.75390625,5.326960210563177e-05,6607,0.15
4164,1.1514521837234497,0.6312858462333679,0.625,0.58203125,5.316898912906138e-05,12031,0.15
4165,1.2439661026000977,0.6042115092277527,0.5,0.59375,5.3068484028895795e-05,8833,0.15
4166,1.0926510095596313,0.6375743746757507,0.6875,0.384765625,5.2968086848188016e-05,24027,0.15
4167,1.3611602783203125,0.5451083183288574,0.625,0.59765625,5.2867797629945105e-05,15230,0.15
4168,0.5614113807678223,0.8407853841781616,0.75,0.462890625,5.2767616417127836e-05,13598,0.15
4169,0.9232586622238159,0.7089038491249084,0.75,0.49609375,5.2667543252650536e-05,12051,0.15
4170,1.0579110383987427,0.6469970941543579,0.375,0.5,5.256757817938142e-05,16201,0.15
4171,1.0736192464828491,0.6662452816963196,0.4375,0.66015625,5.2467721240142436e-05,8701,0.15
4172,0.7824804782867432,0.7604890465736389,0.5,0.47265625,5.236797247770903e-05,11941,0.15
4173,1.2744725942611694,0.6085231304168701,0.9375,0.73828125,5.226833193481036e-05,5796,0.15
4174,1.420484185218811,0.5704962015151978,0.5625,0.6015625,5.2168799654129344e-05,12717,0.15
4175,1.000399112701416,0.6845718026161194,0.75,0.6640625,5.2069375678302485e-05,5827,0.15
4176,0.5829128623008728,0.8242432475090027,0.875,0.50390625,5.197006004991974e-05,7334,0.15
4177,1.3408173322677612,0.571922779083252,0.6875,0.734375,5.1870852811524845e-05,8961,0.15
4178,0.6846055388450623,0.7972187995910645,0.75,0.58203125,5.1771754005615075e-05,6544,0.15
4179,0.855736255645752,0.7213566303253174,0.75,0.494140625,5.167276367464107e-05,19961,0.15
4180,0.673378050327301,0.7978046536445618,0.6875,0.62109375,5.1573881861007316e-05,6286,0.15
4181,0.7260189056396484,0.7853413820266724,0.875,0.6015625,5.147510860707146e-05,4980,0.15
4182,1.230267882347107,0.6066409349441528,0.8125,0.6171875,5.137644395514498e-05,12167,0.15
4183,1.4031178951263428,0.5378552079200745,0.75,0.66015625,5.127788794749259e-05,10910,0.15
4184,1.2183725833892822,0.6102381944656372,0.8125,0.55859375,5.117944062633253e-05,9865,0.15
4185,0.5270341634750366,0.8346170783042908,0.9375,0.43359375,5.108110203383665e-05,15969,0.15
4186,0.9741273522377014,0.6872073411941528,0.8125,0.51171875,5.098287221212991e-05,11960,0.15
4187,1.1465469598770142,0.6305444240570068,0.4375,0.66015625,5.0884751203290886e-05,7733,0.15
4188,1.6768786907196045,0.47447583079338074,0.75,0.85546875,5.0786739049351656e-05,6582,0.15
4189,0.7578584551811218,0.7591736316680908,0.875,0.37890625,5.068883579229733e-05,19894,0.15
4190,0.6880372166633606,0.7952646017074585,0.8125,0.55078125,5.059104147406661e-05,6462,0.15
4191,0.9572173357009888,0.6890228986740112,0.625,0.6015625,5.04933561365514e-05,16416,0.15
4192,1.1801130771636963,0.6260653734207153,0.875,0.59765625,5.039577982159717e-05,9269,0.15
4193,1.46731698513031,0.5434184074401855,0.6875,0.58984375,5.029831257100235e-05,13796,0.15
4194,1.4521894454956055,0.5461187958717346,0.5,0.515625,5.020095442651891e-05,14918,0.15
4195,1.135538101196289,0.6453927159309387,0.5625,0.72265625,5.0103705429851995e-05,8085,0.15
4196,1.2225818634033203,0.6198770999908447,0.375,0.66015625,5.000656562265986e-05,15787,0.15
4197,0.7805178165435791,0.7619956135749817,0.8125,0.56640625,4.990953504655428e-05,10483,0.15
4198,1.255295991897583,0.6080065965652466,0.4375,0.57421875,4.981261374309989e-05,9717,0.15
4199,0.8207603096961975,0.7534449696540833,0.9375,0.60546875,4.9715801753814924e-05,6749,0.15
4200,0.9410036206245422,0.6876981854438782,0.875,0.42578125,4.961909912017036e-05,15136,0.15
4201,1.4408410787582397,0.5428216457366943,0.8125,0.6328125,4.952250588359057e-05,8045,0.15
4202,0.699487566947937,0.7875974178314209,0.625,0.609375,4.9426022085453154e-05,9369,0.15
4203,1.5447756052017212,0.5078689455986023,0.625,0.6875,4.9329647767088587e-05,7752,0.15
4204,0.5520058274269104,0.8382387161254883,1.0,0.5625,4.923338296978054e-05,8630,0.15
4205,1.1210849285125732,0.6293615102767944,0.6875,0.5625,4.913722773476597e-05,8426,0.15
4206,1.3961477279663086,0.5747422575950623,0.5625,0.7265625,4.904118210323456e-05,7760,0.15
4207,1.4510356187820435,0.541420578956604,0.9375,0.70703125,4.894524611632922e-05,6265,0.15
4208,1.0691155195236206,0.6456458568572998,0.8125,0.50390625,4.884941981514588e-05,13447,0.15
4209,1.0001168251037598,0.6716359853744507,0.5,0.5625,4.875370324073362e-05,10263,0.15
4210,1.3796143531799316,0.5422677397727966,0.6875,0.57421875,4.8658096434094163e-05,13864,0.15
4211,0.7499232888221741,0.7746913433074951,0.875,0.66796875,4.856259943618258e-05,7128,0.15
4212,1.411076545715332,0.5552238821983337,0.3125,0.62890625,4.8467212287906785e-05,13735,0.15
4213,0.7268967628479004,0.784070611000061,0.5625,0.90625,4.8371935030127464e-05,10647,0.15
4214,1.0412547588348389,0.6354480385780334,0.75,0.419921875,4.827676770365846e-05,24921,0.15
4215,1.371955156326294,0.5519172549247742,0.75,0.62109375,4.8181710349266366e-05,9284,0.15
4216,1.0892528295516968,0.6628227233886719,0.5625,0.578125,4.808676300767081e-05,9799,0.15
4217,1.0698882341384888,0.6680026054382324,0.75,0.59375,4.799192571954413e-05,7735,0.15
4218,0.9128426909446716,0.7073857188224792,0.625,0.61328125,4.789719852551166e-05,9234,0.15
4219,0.9563320279121399,0.6939453482627869,0.625,0.61328125,4.780258146615157e-05,14749,0.15
4220,0.9978194832801819,0.6713335514068604,0.375,0.396484375,4.770807458199467e-05,24213,0.15
4221,1.3641866445541382,0.5621064305305481,0.3125,0.52734375,4.7613677913524815e-05,12704,0.15
4222,0.9294348359107971,0.686491072177887,0.5,0.5703125,4.751939150117856e-05,14124,0.15
4223,0.8075228929519653,0.7530326843261719,0.5625,0.546875,4.7425215385345126e-05,12860,0.15
4224,1.1146901845932007,0.6591752767562866,0.75,0.63671875,4.733114960636661e-05,15351,0.15
4225,0.7946490049362183,0.7467302680015564,0.8125,0.50390625,4.7237194204537754e-05,12998,0.15
4226,1.2048195600509644,0.605696976184845,0.625,0.58203125,4.714334922010619e-05,9584,0.15
4227,1.2884271144866943,0.5928101539611816,0.75,0.65625,4.7049614693271953e-05,8512,0.15
4228,1.082198977470398,0.6466673612594604,0.8125,0.5703125,4.695599066418804e-05,9317,0.15
4229,1.3963896036148071,0.5573496222496033,0.625,0.57421875,4.686247717296005e-05,10157,0.15
4230,1.5487780570983887,0.5065250992774963,0.8125,0.56640625,4.6769074259646066e-05,12337,0.15
4231,1.1089705228805542,0.6369211077690125,0.3125,0.443359375,4.667578196425706e-05,31310,0.15
4232,1.2297077178955078,0.6020663380622864,0.5,0.61328125,4.658260032675645e-05,12002,0.15
4233,1.5158106088638306,0.509247899055481,0.625,0.54296875,4.6489529387060286e-05,15517,0.15
4234,0.9063690304756165,0.7144226431846619,0.9375,0.48828125,4.639656918503712e-05,11475,0.15
4235,1.3273259401321411,0.5858231782913208,0.5,0.671875,4.630371976050821e-05,9706,0.15
4236,0.9681137204170227,0.7031408548355103,0.9375,0.61328125,4.6210981153247386e-05,6909,0.15
4237,1.2114439010620117,0.6026837825775146,0.625,0.57421875,4.611835340298078e-05,10284,0.15
4238,1.1411303281784058,0.6292213201522827,0.5625,0.5,4.602583654938722e-05,12881,0.15
4239,0.6568109393119812,0.7987614274024963,0.8125,0.451171875,4.5933430632098e-05,17924,0.15
4240,0.9222970604896545,0.6892882585525513,0.5,0.53515625,4.5841135690696964e-05,14190,0.15
4241,1.4848299026489258,0.5441024899482727,0.75,0.8828125,4.574895176472024e-05,8741,0.15
4242,0.7515588402748108,0.7835107445716858,0.5625,0.59765625,4.565687889365646e-05,11086,0.15
4243,1.0767699480056763,0.6459232568740845,0.6875,0.470703125,4.5564917116946784e-05,13209,0.15
4244,0.4487299621105194,0.8634913563728333,0.9375,0.59765625,4.5473066473984686e-05,4388,0.15
4245,1.1239173412322998,0.6507946848869324,0.5,0.63671875,4.538132700411605e-05,15352,0.15
4246,1.0303306579589844,0.702392041683197,0.8125,1.1484375,4.5289698746639244e-05,3219,0.15
4247,1.0527112483978271,0.6669239401817322,0.75,0.546875,4.519818174080481e-05,10364,0.15
4248,0.2927800416946411,0.9299201965332031,0.875,0.41796875,4.5106776025815675e-05,9903,0.15
4249,1.125248908996582,0.6319741010665894,0.4375,0.443359375,4.501548164082729e-05,29968,0.15
4250,0.9284387826919556,0.7093600630760193,0.875,0.5078125,4.492429862494721e-05,11282,0.15
4251,0.44064417481422424,0.8696852326393127,0.875,0.7109375,4.483322701723529e-05,3622,0.15
4252,1.0637800693511963,0.6444798111915588,0.375,0.6171875,4.474226685670371e-05,8804,0.15
4253,1.397233009338379,0.5269283652305603,0.6875,0.8515625,4.465141818231706e-05,4382,0.15
4254,1.1773184537887573,0.6199513673782349,0.625,0.5625,4.456068103299182e-05,10696,0.15
4255,0.8275322318077087,0.7398200631141663,0.8125,0.50390625,4.447005544759701e-05,12672,0.15
4256,0.5651434659957886,0.8368089199066162,0.625,0.67578125,4.437954146495377e-05,8248,0.15
4257,0.6491509675979614,0.8193556070327759,0.75,0.68359375,4.428913912383543e-05,8597,0.15
4258,0.805219292640686,0.7444115281105042,0.9375,0.5703125,4.419884846296746e-05,7426,0.15
4259,1.3144402503967285,0.5629664659500122,0.8125,0.625,4.410866952102741e-05,8441,0.15
4260,1.1831647157669067,0.6073649525642395,0.5625,0.55859375,4.4018602336645226e-05,10292,0.15
4261,1.0225812196731567,0.6796649098396301,0.6875,0.60546875,4.3928646948402656e-05,6565,0.15
4262,1.2000343799591064,0.6108936667442322,0.5,0.42578125,4.3838803394833843e-05,20948,0.15
4263,0.8276031017303467,0.7408344149589539,0.8125,0.5546875,4.374907171442503e-05,13447,0.15
4264,1.177431583404541,0.6260359287261963,0.8125,0.6640625,4.365945194561414e-05,8688,0.15
4265,1.1372891664505005,0.636993944644928,0.5625,0.478515625,4.3569944126791635e-05,13413,0.15
4266,1.301310658454895,0.5938701033592224,0.75,0.6875,4.348054829629983e-05,11191,0.15
4267,0.9164646863937378,0.7063117623329163,0.8125,0.62109375,4.339126449243297e-05,13562,0.15
4268,0.9895358681678772,0.6816408038139343,0.5,0.5703125,4.330209275343737e-05,11531,0.15
4269,1.2299433946609497,0.593217670917511,0.25,0.51171875,4.3213033117511454e-05,18961,0.15
4270,0.7126537561416626,0.7894554138183594,0.625,0.671875,4.312408562280555e-05,5766,0.15
4271,1.1257154941558838,0.6451289653778076,0.3125,0.4140625,4.3035250307421875e-05,19965,0.15
4272,1.1482877731323242,0.626723051071167,0.5625,0.54296875,4.2946527209414625e-05,10882,0.15
4273,0.7560930252075195,0.7598123550415039,0.6875,0.41015625,4.285791636679003e-05,19822,0.15
4274,1.383232593536377,0.5558982491493225,0.8125,0.640625,4.276941781750627e-05,7782,0.15
4275,0.9256929755210876,0.693511962890625,0.5625,0.54296875,4.268103159947314e-05,14180,0.15
4276,1.0964584350585938,0.6503655910491943,0.4375,0.3984375,4.2592757750552485e-05,20653,0.15
4277,0.4418596029281616,0.8637579679489136,0.8125,0.337890625,4.2504596308558106e-05,23928,0.15
4278,1.0874723196029663,0.6486335396766663,0.4375,0.59765625,4.2416547311255475e-05,8928,0.15
4279,1.126086950302124,0.6144927740097046,0.625,0.48828125,4.2328610796362075e-05,19320,0.15
4280,1.3655996322631836,0.551493227481842,0.75,0.51171875,4.224078680154712e-05,12992,0.15
4281,1.371221661567688,0.559721827507019,0.75,0.60546875,4.21530753644315e-05,9921,0.15
4282,0.7998227477073669,0.7531509399414062,1.0,0.458984375,4.206547652258808e-05,13964,0.15
4283,1.3632659912109375,0.5730955600738525,0.4375,0.66015625,4.1977990313541486e-05,15083,0.15
4284,1.109421730041504,0.6301800012588501,0.75,0.57421875,4.18906167747679e-05,8277,0.15
4285,1.0795223712921143,0.6584856510162354,0.5625,0.64453125,4.180335594369556e-05,9575,0.15
4286,1.0879110097885132,0.65971440076828,0.8125,0.76171875,4.171620785770399e-05,6233,0.15
4287,1.3740127086639404,0.566014289855957,0.625,0.578125,4.1629172554124856e-05,9657,0.15
4288,1.3501451015472412,0.561020016670227,0.875,0.59375,4.154225007024121e-05,9333,0.15
4289,1.0530409812927246,0.6485944986343384,0.625,0.4609375,4.14554404432879e-05,13483,0.15
4290,0.9488658905029297,0.703159511089325,0.625,0.5703125,4.1368743710451446e-05,7691,0.15
4291,0.8001449108123779,0.7558793425559998,0.8125,0.53515625,4.128215990887e-05,7824,0.15
4292,1.3400804996490479,0.5478480458259583,0.625,0.466796875,4.119568907563328e-05,19029,0.15
4293,0.4615522027015686,0.8570830821990967,0.9375,0.333984375,4.110933124778263e-05,23909,0.15
4294,0.9101909399032593,0.7188844680786133,0.625,0.484375,4.102308646231101e-05,11618,0.15
4295,1.0546774864196777,0.6725289225578308,0.75,0.578125,4.0936954756162885e-05,8984,0.15
4296,1.1518375873565674,0.6491507291793823,0.375,0.5859375,4.0850936166234394e-05,9420,0.15
4297,0.9187003970146179,0.7076665759086609,0.6875,0.53515625,4.076503072937318e-05,15561,0.15
4298,1.0630313158035278,0.6472390294075012,0.75,0.490234375,4.067923848237845e-05,13383,0.15
4299,1.403766393661499,0.5562779903411865,0.5625,0.578125,4.059355946200077e-05,9382,0.15
4300,0.45566582679748535,0.8691219091415405,0.875,0.58984375,4.050799370494238e-05,4806,0.15
4301,0.820811927318573,0.748942494392395,0.875,0.703125,4.042254124785695e-05,4728,0.15
4302,0.7059093713760376,0.771102786064148,0.875,0.48828125,4.033720212734959e-05,14998,0.15
4303,0.937372624874115,0.7191703915596008,0.5625,0.765625,4.025197637997674e-05,5352,0.15
4304,0.7671878337860107,0.7681480050086975,0.9375,0.65625,4.016686404224659e-05,4973,0.15
4305,0.8841570019721985,0.7164807319641113,0.8125,0.5234375,4.00818651506184e-05,13537,0.15
4306,1.2082936763763428,0.5984376072883606,0.3125,0.466796875,3.999697974150309e-05,19073,0.15
4307,0.9891102910041809,0.6963706016540527,0.8125,0.578125,3.9912207851262846e-05,10167,0.15
4308,1.0456990003585815,0.6563436388969421,0.5,0.458984375,3.982754951621132e-05,24702,0.15
4309,0.8915528655052185,0.7076915502548218,0.3125,0.484375,3.9743004772613344e-05,20191,0.15
4310,0.9635282158851624,0.6812814474105835,0.875,0.50390625,3.9658573656685263e-05,10332,0.15
4311,0.9480330348014832,0.7131849527359009,0.75,0.61328125,3.95742562045947e-05,8176,0.15
4312,0.6953219175338745,0.7823390364646912,0.875,0.49609375,3.9490052452460516e-05,8867,0.15
4313,0.9560626745223999,0.6975024342536926,0.625,0.6484375,3.9405962436352903e-05,8248,0.15
4314,1.099743366241455,0.6502987742424011,0.375,0.396484375,3.932198619229343e-05,20752,0.15
4315,0.29102128744125366,0.9326069951057434,0.875,0.408203125,3.923812375625487e-05,10372,0.15
4316,1.3722890615463257,0.557392418384552,0.8125,0.62890625,3.915437516416111e-05,8529,0.15
4317,1.3554235696792603,0.5777083039283752,0.75,0.69921875,3.907074045188749e-05,10874,0.15
4318,0.6259053349494934,0.8042226433753967,1.0,0.44921875,3.8987219655260457e-05,7815,0.15
4319,1.0520727634429932,0.6659857630729675,0.625,0.55078125,3.890381281005765e-05,22520,0.15
4320,0.9270680546760559,0.7063543796539307,0.625,0.515625,3.882051995200783e-05,12338,0.15
4321,1.0920428037643433,0.6497156023979187,0.5,0.384765625,3.8737341116791184e-05,20392,0.15
4322,1.105426549911499,0.6564656496047974,0.625,0.64453125,3.865427634003868e-05,12319,0.15
4323,0.8684043288230896,0.7132801413536072,0.8125,0.6171875,3.857132565733272e-05,13780,0.15
4324,1.1539421081542969,0.6356656551361084,0.4375,0.470703125,3.8488489104206776e-05,13806,0.15
4325,1.16498601436615,0.6484885811805725,0.75,0.6484375,3.8405766716145436e-05,9792,0.15
4326,1.136731743812561,0.6468520164489746,0.5,0.578125,3.832315852858422e-05,9387,0.15
4327,1.0673092603683472,0.6451348066329956,0.625,0.57421875,3.824066457690992e-05,8530,0.15
4328,1.3329704999923706,0.5846392512321472,0.625,0.578125,3.815828489646037e-05,12890,0.15
4329,1.2930936813354492,0.6118533611297607,0.375,0.82421875,3.807601952252427e-05,8757,0.15
4330,0.578372597694397,0.8308270573616028,0.875,0.55859375,3.7993868490341574e-05,8778,0.15
4331,0.973186731338501,0.6819925904273987,0.875,0.45703125,3.7911831835103156e-05,14333,0.15
4332,0.6617013216018677,0.7965551018714905,0.625,0.75390625,3.7829909591951015e-05,9231,0.15
4333,1.2125053405761719,0.6121764779090881,0.3125,0.60546875,3.7748101795977936e-05,10742,0.15
4334,0.9330688118934631,0.6924655437469482,0.5,0.349609375,3.7666408482227726e-05,24368,0.15
4335,1.4001446962356567,0.5674623847007751,0.625,0.69140625,3.758482968569536e-05,7708,0.15
4336,1.1454229354858398,0.6258754730224609,0.625,0.55078125,3.750336544132655e-05,10566,0.15
4337,1.4016602039337158,0.5468617081642151,0.75,0.66796875,3.7422015784017846e-05,7042,0.15
4338,1.4315080642700195,0.5595406293869019,0.875,0.478515625,3.734078074861707e-05,15586,0.15
4339,1.596443772315979,0.4839857518672943,0.25,0.625,3.725966036992256e-05,16017,0.15
4340,1.0926108360290527,0.6602230668067932,0.8125,0.54296875,3.7178654682683786e-05,10760,0.15
4341,0.6916576623916626,0.7815108299255371,0.8125,0.5078125,3.709776372160098e-05,9584,0.15
4342,1.0860713720321655,0.6321585774421692,0.6875,0.56640625,3.70169875213254e-05,8626,0.15
4343,1.4806938171386719,0.5551860332489014,0.6875,0.640625,3.693632611645877e-05,8118,0.15
4344,1.499239206314087,0.5442523956298828,0.5625,0.66015625,3.6855779541554075e-05,9604,0.15
4345,1.106858491897583,0.6551328897476196,0.625,0.59765625,3.677534783111479e-05,15693,0.15
4346,1.5495089292526245,0.5286396145820618,0.9375,1.265625,3.669503101959538e-05,3352,0.15
4347,1.2698308229446411,0.6004475355148315,0.3125,0.57421875,3.6614829141400895e-05,16536,0.15
4348,1.4663097858428955,0.5428175926208496,0.5,0.55078125,3.6534742230887415e-05,14445,0.15
4349,1.2674695253372192,0.6077894568443298,0.8125,0.8515625,3.6454770322361536e-05,4750,0.15
4350,1.4018663167953491,0.5671221613883972,0.3125,0.75390625,3.637491345008072e-05,9587,0.15
4351,0.9392582178115845,0.6967592835426331,0.75,0.6484375,3.629517164825311e-05,8208,0.15
4352,1.312961220741272,0.5737477540969849,0.5625,0.67578125,3.62155449510376e-05,9363,0.15
4353,1.5231876373291016,0.5181836485862732,0.375,0.5625,3.613603339254362e-05,14821,0.15
4354,1.2328310012817383,0.6113153100013733,0.5625,0.59765625,3.6056637006831576e-05,8979,0.15
4355,0.8469789624214172,0.74276202917099,0.375,0.51171875,3.597735582791221e-05,9913,0.15
4356,0.864166259765625,0.720542848110199,0.6875,0.578125,3.5898189889747055e-05,13927,0.15
4357,1.0994263887405396,0.6528010368347168,0.75,0.52734375,3.581913922624834e-05,10746,0.15
4358,1.392790675163269,0.5518072247505188,0.5625,0.609375,3.574020387127885e-05,7470,0.15
4359,1.5944904088974,0.4942452311515808,0.5625,0.56640625,3.5661383858652034e-05,13554,0.15
4360,1.4311567544937134,0.5620511770248413,0.5,0.765625,3.558267922213176e-05,8912,0.15
4361,1.3978406190872192,0.5433675050735474,0.6875,0.51953125,3.5504089995432714e-05,13939,0.15
4362,0.48976215720176697,0.8572410345077515,1.0,0.66796875,3.542561621221998e-05,4364,0.15
4363,1.3233848810195923,0.5589722990989685,0.8125,0.58984375,3.534725790610925e-05,9886,0.15
4364,0.8171480298042297,0.7470483779907227,0.875,0.474609375,3.5269015110666655e-05,13552,0.15
4365,1.0303031206130981,0.6712536811828613,0.625,0.57421875,3.519088785940898e-05,9883,0.15
4366,1.0269896984100342,0.6570628881454468,0.3125,0.48046875,3.5112876185803516e-05,17146,0.15
4367,1.2754414081573486,0.6014400124549866,0.6875,0.83984375,3.503498012326784e-05,6250,0.15
4368,1.1422258615493774,0.6409812569618225,0.625,0.921875,3.495719970517029e-05,9824,0.15
4369,1.029903531074524,0.6749160885810852,0.6875,0.466796875,3.4879534964829484e-05,14304,0.15
4370,0.6860509514808655,0.8012019395828247,0.8125,0.52734375,3.48019859355145e-05,12480,0.15
4371,0.9270594716072083,0.6962555646896362,0.5625,0.33984375,3.4724552650444906e-05,23635,0.15
4372,0.9868373870849609,0.6869238615036011,0.6875,0.62890625,3.464723514279063e-05,5858,0.15
4373,0.9271509647369385,0.6942002773284912,0.4375,0.341796875,3.457003344567212e-05,24346,0.15
4374,1.2055341005325317,0.6099912524223328,0.5625,0.6015625,3.449294759215998e-05,9128,0.15
4375,0.9560026526451111,0.6948807835578918,0.6875,0.6171875,3.441597761527547e-05,14260,0.15
4376,0.57403165102005,0.8237224221229553,0.9375,0.3671875,3.433912354799008e-05,20723,0.15
4377,1.0808459520339966,0.6680065989494324,0.6875,0.75390625,3.426238542322557e-05,5473,0.15
4378,1.5093271732330322,0.508883535861969,0.625,0.5390625,3.418576327385415e-05,14465,0.15
4379,1.5592782497406006,0.5032146573066711,0.6875,0.65625,3.410925713269836e-05,8088,0.15
4380,0.9002901911735535,0.6928846836090088,0.6875,0.73828125,3.4032867032530965e-05,4666,0.15
4381,0.8645860552787781,0.7318210601806641,0.8125,0.4765625,3.3956593006075036e-05,11153,0.15
4382,0.45846495032310486,0.868681013584137,0.75,0.671875,3.388043508600392e-05,3442,0.15
4383,0.8999887704849243,0.7105041146278381,0.625,0.53125,3.380439330494138e-05,16584,0.15
4384,0.9652556777000427,0.7006632089614868,0.875,0.609375,3.372846769546113e-05,9952,0.15
4385,1.052501916885376,0.6509965658187866,0.6875,0.482421875,3.3652658290087374e-05,12593,0.15
4386,1.3246452808380127,0.5913590788841248,0.625,0.66796875,3.357696512129452e-05,11920,0.15
4387,1.4426734447479248,0.5496245622634888,0.8125,0.69921875,3.350138822150699e-05,7325,0.15
4388,0.6356714963912964,0.8015569448471069,0.6875,0.80078125,3.3425927623099644e-05,7579,0.15
4389,1.4981160163879395,0.5096260905265808,0.375,0.69921875,3.335058335839728e-05,10804,0.15
4390,1.0684782266616821,0.6521303057670593,0.625,0.5703125,3.327535545967509e-05,9975,0.15
4391,0.31619173288345337,0.9234804511070251,0.8125,0.453125,3.320024395915825e-05,8769,0.15
4392,1.1065986156463623,0.6464395523071289,0.8125,0.6953125,3.3125248889022136e-05,6839,0.15
4393,0.7808346152305603,0.764176607131958,0.9375,0.65625,3.305037028139237e-05,4779,0.15
4394,1.3259284496307373,0.572837233543396,0.5,0.54296875,3.2975608168344415e-05,10750,0.15
4395,0.6719117760658264,0.7977150678634644,0.6875,0.546875,3.290096258190409e-05,8928,0.15
4396,1.3496211767196655,0.5459136962890625,0.625,0.83203125,3.282643355404715e-05,4356,0.15
4397,0.9854462742805481,0.6850634813308716,0.4375,0.55859375,3.275202111669949e-05,11107,0.15
4398,0.7981498837471008,0.7447336912155151,0.8125,0.4296875,3.267772530173698e-05,18514,0.15
4399,1.3095941543579102,0.5988163352012634,0.5,0.6015625,3.2603546140985625e-05,11152,0.15
4400,0.7835488319396973,0.7580058574676514,0.625,0.390625,3.2529483666221446e-05,17050,0.15
4401,1.211667776107788,0.6051198244094849,0.5625,0.69140625,3.245553790917039e-05,5508,0.15
4402,1.425666093826294,0.528566300868988,0.5625,0.49609375,3.238170890150853e-05,19481,0.15
4403,1.23825204372406,0.611004114151001,0.5625,0.51953125,3.230799667486186e-05,18175,0.15
4404,1.609062671661377,0.4991784691810608,0.375,0.74609375,3.223440126080628e-05,9738,0.15
4405,1.0599244832992554,0.6713963747024536,0.875,0.58984375,3.2160922690867827e-05,8880,0.15
4406,0.97092205286026,0.6850887537002563,0.75,0.58203125,3.2087560996522375e-05,15941,0.15
4407,1.1561849117279053,0.6565812230110168,0.9375,0.7109375,3.2014316209195725e-05,5850,0.15
4408,1.0251952409744263,0.6799191832542419,0.875,0.53125,3.194118836026357e-05,9407,0.15
4409,0.8594295382499695,0.7398271560668945,0.875,0.5390625,3.186817748105156e-05,10297,0.15
4410,1.0107977390289307,0.6762533187866211,0.875,0.47265625,3.179528360283531e-05,12726,0.15
4411,1.4878566265106201,0.549557089805603,0.3125,0.59375,3.172250675684014e-05,10725,0.15
4412,1.1396344900131226,0.6504056453704834,0.6875,0.56640625,3.1649846974241476e-05,9368,0.15
4413,0.7244994044303894,0.7785858511924744,0.9375,0.64453125,3.157730428616436e-05,4950,0.15
4414,1.0942503213882446,0.6652876138687134,0.6875,0.59765625,3.1504878723683805e-05,7493,0.15
4415,1.3677579164505005,0.559467613697052,0.5625,0.5546875,3.143257031782461e-05,10594,0.15
4416,1.3651772737503052,0.5518282055854797,0.75,0.470703125,3.136037909956142e-05,14249,0.15
4417,1.2786390781402588,0.5922591090202332,0.6875,0.67578125,3.128830509981864e-05,6330,0.15
4418,0.9375103712081909,0.7047848105430603,0.625,0.51171875,3.121634834947043e-05,12059,0.15
4419,1.3932322263717651,0.5502232313156128,0.6875,0.61328125,3.114450887934089e-05,7168,0.15
4420,0.7872262001037598,0.7511670589447021,0.6875,0.423828125,3.10727867202037e-05,18422,0.15
4421,1.3080273866653442,0.6008239388465881,0.8125,0.8515625,3.100118190278236e-05,4612,0.15
4422,0.7492561340332031,0.7622812986373901,0.875,0.4453125,3.092969445775009e-05,10117,0.15
4423,0.8137766718864441,0.7468147873878479,0.375,0.64453125,3.0858324415729864e-05,6750,0.15
4424,0.8650910258293152,0.725101888179779,0.75,0.515625,3.078707180729436e-05,10553,0.15
4425,1.2223209142684937,0.6065464019775391,0.6875,0.5546875,3.071593666296584e-05,8982,0.15
4426,0.9561449885368347,0.6810176372528076,0.9375,0.52734375,3.064491901321644e-05,9709,0.15
4427,1.0317471027374268,0.6795077919960022,0.875,0.640625,3.057401888846781e-05,10565,0.15
4428,1.0955262184143066,0.6597911715507507,0.625,0.59375,3.050323631909135e-05,11587,0.15
4429,0.8443789482116699,0.7271137237548828,0.875,0.5234375,3.0432571335407972e-05,13720,0.15
4430,0.7027032971382141,0.784777820110321,0.75,0.703125,3.0362023967688465e-05,8619,0.15
4431,1.4141607284545898,0.5606280565261841,0.8125,0.70703125,3.029159424615295e-05,7579,0.15
4432,0.9196386933326721,0.6914682388305664,0.5,0.5546875,3.0221282200971363e-05,14112,0.15
4433,1.1494461297988892,0.6225882172584534,0.75,0.65625,3.015108786226308e-05,6375,0.15
4434,1.3993949890136719,0.5643826723098755,0.5625,0.546875,3.0081011260097176e-05,12449,0.15
4435,0.5720205903053284,0.8375910520553589,0.6875,0.5234375,3.001105242449221e-05,10843,0.15
4436,0.8271927237510681,0.7607903480529785,0.875,0.6484375,2.994121138541631e-05,9059,0.15
4437,1.4486558437347412,0.5615136027336121,0.4375,0.82421875,2.987148817278727e-05,10201,0.15
4438,0.5320625305175781,0.8456023931503296,0.75,0.59765625,2.9801882816472145e-05,9346,0.15
4439,1.2360875606536865,0.6304406523704529,0.875,0.6484375,2.973239534628774e-05,7398,0.15
4440,1.3371877670288086,0.5648355484008789,0.8125,0.57421875,2.9663025792000284e-05,10704,0.15
4441,0.8115485310554504,0.7515931129455566,0.4375,0.41796875,2.9593774183325502e-05,17262,0.15
4442,0.9288923740386963,0.700421929359436,0.4375,0.6015625,2.9524640549928536e-05,8769,0.15
4443,1.5284152030944824,0.5232939720153809,0.75,0.77734375,2.9455624921424024e-05,6096,0.15
4444,0.8289841413497925,0.7539634704589844,0.75,0.69140625,2.9386727327376193e-05,8263,0.15
4445,1.3887614011764526,0.5508914589881897,0.5625,0.6328125,2.9317947797298393e-05,7123,0.15
4446,1.3575875759124756,0.5465947389602661,0.625,0.48046875,2.9249286360653723e-05,14830,0.15
4447,0.827224612236023,0.7554300427436829,0.875,0.6171875,2.9180743046854526e-05,6906,0.15
4448,1.257571816444397,0.6080206036567688,0.25,0.5234375,2.9112317885262647e-05,16682,0.15
4449,1.4764560461044312,0.5162262916564941,0.8125,0.6328125,2.904401090518914e-05,9953,0.15
4450,1.227737545967102,0.6065051555633545,0.625,0.57421875,2.89758221358946e-05,8793,0.15
4451,1.358253836631775,0.5884091258049011,0.5,0.65234375,2.8907751606588958e-05,10491,0.15
4452,1.1389389038085938,0.6438646912574768,0.6875,0.6875,2.8839799346431392e-05,6593,0.15
4453,0.8405249714851379,0.7263890504837036,0.4375,0.484375,2.877196538453048e-05,15226,0.15
4454,1.2521122694015503,0.5937526226043701,0.6875,0.62890625,2.8704249749944285e-05,11845,0.15
4455,0.5887431502342224,0.819042980670929,0.875,0.380859375,2.8636652471679867e-05,20585,0.15
4456,1.212656855583191,0.614669919013977,0.9375,0.671875,2.8569173578693828e-05,6135,0.15
4457,0.14783263206481934,1.0,1.0,181.0,2.8501813099892013e-05,32,0.15
4458,1.2925324440002441,0.5715727806091309,0.6875,0.546875,2.843457106412944e-05,9906,0.15
4459,1.537718415260315,0.5100182294845581,1.0,0.5703125,2.8367447500210537e-05,12078,0.15
4460,1.1299378871917725,0.6361660361289978,0.8125,0.6171875,2.8300442436888806e-05,9202,0.15
4461,0.9800616502761841,0.6830431222915649,0.6875,0.578125,2.823355590286721e-05,15103,0.15
4462,0.8127498626708984,0.754971981048584,0.5625,0.466796875,2.816678792679771e-05,15688,0.15
4463,1.3351876735687256,0.5526219010353088,0.5,0.4765625,2.810013853728158e-05,19089,0.15
4464,1.1969987154006958,0.6168068051338196,0.5,0.498046875,2.8033607762869393e-05,20932,0.15
4465,1.4413368701934814,0.526721715927124,0.8125,0.640625,2.7967195632060812e-05,9206,0.15
4466,1.0920270681381226,0.6429100036621094,0.625,0.57421875,2.7900902173304586e-05,10804,0.15
4467,1.1743000745773315,0.6262527108192444,0.625,0.55859375,2.783472741499886e-05,11176,0.15
4468,1.214823603630066,0.6163158416748047,0.6875,0.5703125,2.7768671385490693e-05,9169,0.15
4469,0.7121103405952454,0.7798394560813904,0.9375,0.4375,2.7702734113076386e-05,13204,0.15
4470,1.0531902313232422,0.6671110391616821,0.8125,0.515625,2.7636915626001377e-05,10502,0.15
4471,1.3424428701400757,0.5711461305618286,0.6875,0.46875,2.7571215952460345e-05,14161,0.15
4472,1.1851658821105957,0.6187399625778198,0.5625,0.41796875,2.7505635120596782e-05,19968,0.15
4473,0.8547722101211548,0.7381618022918701,0.6875,0.484375,2.7440173158503474e-05,10728,0.15
4474,1.0654939413070679,0.6505521535873413,0.4375,0.5,2.7374830094222268e-05,17024,0.15
4475,1.378095030784607,0.570934534072876,0.5625,0.546875,2.7309605955744097e-05,11856,0.15
4476,1.3274296522140503,0.5859162211418152,0.5625,0.66796875,2.724450077100888e-05,11389,0.15
4477,0.9156159162521362,0.71263587474823,0.75,0.486328125,2.7179514567905546e-05,11776,0.15
4478,1.4686610698699951,0.5358352065086365,0.8125,0.60546875,2.711464737427226e-05,10339,0.15
4479,1.1126631498336792,0.6611011624336243,0.375,0.6953125,2.7049899217895855e-05,10062,0.15
4480,1.0365945100784302,0.6643444895744324,0.5625,0.67578125,2.6985270126512548e-05,10335,0.15
4481,1.2542673349380493,0.6106846332550049,0.5,0.58203125,2.692076012780736e-05,9640,0.15
4482,1.053196907043457,0.6601194739341736,0.6875,0.58984375,2.685636924941432e-05,13390,0.15
4483,1.151942491531372,0.6269088387489319,0.625,0.58984375,2.6792097518916435e-05,14865,0.15
4484,0.9359896183013916,0.7253554463386536,0.6875,0.61328125,2.672794496384567e-05,8440,0.15
4485,0.9683164358139038,0.6831746697425842,0.8125,0.435546875,2.666391161168292e-05,15649,0.15
4486,1.2724088430404663,0.6034597754478455,0.375,0.8046875,2.6599997489858037e-05,6012,0.15
4487,1.1999341249465942,0.6293593049049377,0.8125,0.64453125,2.6536202625749826e-05,7398,0.15
4488,1.109965205192566,0.6451887488365173,0.625,0.52734375,2.647252704668602e-05,14092,0.15
4489,1.2113209962844849,0.6194708347320557,0.375,0.55859375,2.6408970779943105e-05,9676,0.15
4490,1.0181787014007568,0.6869940161705017,0.875,0.5546875,2.6345533852746636e-05,9511,0.15
4491,1.0644835233688354,0.644038736820221,0.6875,0.47265625,2.6282216292270976e-05,13420,0.15
4492,1.0379917621612549,0.6705268621444702,0.625,0.50390625,2.6219018125639357e-05,14766,0.15
4493,1.2908381223678589,0.5981308221817017,0.75,0.6875,2.6155939379923897e-05,6206,0.15
4494,1.0700430870056152,0.6702637672424316,0.6875,0.60546875,2.6092980082145443e-05,7506,0.15
4495,0.5618663430213928,0.8385879397392273,0.5,0.66796875,2.6030140259273823e-05,8215,0.15
4496,1.084373950958252,0.6276435256004333,0.75,0.43359375,2.5967419938227574e-05,23217,0.15
4497,1.089931845664978,0.6443917751312256,0.625,0.48046875,2.5904819145874135e-05,13079,0.15
4498,0.8018230199813843,0.7484865784645081,0.875,0.5,2.5842337909029653e-05,10572,0.15
4499,0.6099551916122437,0.8102064728736877,0.9375,0.46484375,2.577997625445919e-05,7603,0.15
4500,1.245200276374817,0.6240891218185425,0.9375,0.64453125,2.5717734208876406e-05,7273,0.15
4501,1.5191518068313599,0.505794107913971,0.5625,0.63671875,2.5655611798943843e-05,11995,0.15
4502,0.6204677224159241,0.8011800050735474,0.6875,0.72265625,2.559360905127281e-05,12373,0.15
4503,1.2585607767105103,0.6142094135284424,0.8125,0.73046875,2.55317259924232e-05,8051,0.15
4504,1.174466848373413,0.6266894340515137,0.5625,0.474609375,2.546996264890384e-05,14650,0.15
4505,1.0963563919067383,0.6590151190757751,0.5,0.59765625,2.5408319047172265e-05,7798,0.15
4506,0.5263305306434631,0.8335270881652832,0.875,0.451171875,2.534679521363445e-05,16345,0.15
4507,1.474002480506897,0.5362116098403931,0.5625,0.5390625,2.528539117464532e-05,15727,0.15
4508,0.8604089617729187,0.7183849811553955,0.625,0.50390625,2.5224106956508494e-05,20805,0.15
4509,1.2203164100646973,0.6221095323562622,0.5625,0.74609375,2.5162942585476143e-05,16174,0.15
4510,1.1244062185287476,0.6335134506225586,0.4375,0.390625,2.5101898087749105e-05,24241,0.15
4511,1.2598861455917358,0.5787733793258667,0.625,0.5,2.50409734894769e-05,11495,0.15
4512,0.9869445562362671,0.7026192545890808,0.875,0.57421875,2.498016881675775e-05,10690,0.15
4513,0.6907359957695007,0.8013055920600891,0.6875,0.53515625,2.4919484095638385e-05,9804,0.15
4514,1.0721750259399414,0.6683453321456909,0.4375,0.52734375,2.4858919352114214e-05,9730,0.15
4515,1.3309690952301025,0.5645704865455627,0.8125,0.5703125,2.4798474612129283e-05,10686,0.15
4516,1.214177131652832,0.6112616062164307,0.6875,0.55859375,2.473814990157621e-05,12183,0.15
4517,1.0225447416305542,0.6740357875823975,0.875,0.439453125,2.4677945246296127e-05,14701,0.15
4518,0.931913435459137,0.6911281943321228,0.9375,0.546875,2.4617860672078872e-05,14935,0.15
4519,0.5524101853370667,0.831620454788208,0.875,0.35546875,2.4557896204662686e-05,21796,0.15
4520,0.8488293290138245,0.7231153249740601,0.625,0.5,2.4498051869734526e-05,14432,0.15
4521,0.705437958240509,0.7747310996055603,0.8125,0.470703125,2.4438327692929716e-05,15062,0.15
4522,0.9553537964820862,0.6910017132759094,0.625,0.5546875,2.437872369983219e-05,16492,0.15
4523,0.8586344122886658,0.7280041575431824,0.8125,0.55078125,2.4319239915974564e-05,13548,0.15
4524,1.4125161170959473,0.5590079426765442,0.5625,0.62109375,2.4259876366837615e-05,10846,0.15
4525,0.7437163591384888,0.7670606374740601,0.625,0.5234375,2.4200633077850907e-05,7869,0.15
4526,1.0695419311523438,0.6523545980453491,0.5625,0.62109375,2.4141510074392335e-05,13718,0.15
4527,1.1811654567718506,0.6232003569602966,0.5625,0.52734375,2.4082507381788342e-05,9724,0.15
4528,1.0273633003234863,0.6403080224990845,0.8125,0.40625,2.402362502531384e-05,25191,0.15
4529,1.608795166015625,0.486549973487854,0.5625,0.671875,2.396486303019206e-05,8513,0.15
4530,1.4640226364135742,0.5476522445678711,0.9375,0.83984375,2.3906221421594863e-05,8604,0.15
4531,1.2158851623535156,0.6239758729934692,0.375,0.58984375,2.3847700224642386e-05,9276,0.15
4532,1.038720726966858,0.6663462519645691,0.75,0.474609375,2.378929946440328e-05,12483,0.15
4533,0.803399920463562,0.748393714427948,0.6875,0.5234375,2.3731019165894627e-05,7782,0.15
4534,0.6709752082824707,0.7905552983283997,0.875,0.48046875,2.3672859354081798e-05,9148,0.15
4535,0.8936418890953064,0.7114474773406982,0.75,0.61328125,2.361482005387859e-05,8456,0.15
4536,0.9513347744941711,0.689231276512146,0.625,0.56640625,2.355690129014729e-05,11552,0.15
4537,1.2360562086105347,0.6067677736282349,0.4375,0.70703125,2.3499103087698344e-05,10284,0.15
4538,0.8443792462348938,0.7425373196601868,0.875,0.59765625,2.344142547129072e-05,6700,0.15
4539,0.9781877398490906,0.6983018517494202,0.6875,0.5078125,2.3383868465631616e-05,11601,0.15
4540,1.282396674156189,0.5934794545173645,0.375,0.53515625,2.332643209537678e-05,16747,0.15
4541,1.0758070945739746,0.658352792263031,0.625,0.578125,2.3269116385129927e-05,11547,0.15
4542,1.0925720930099487,0.6527636051177979,0.6875,0.5546875,2.321192135944342e-05,9806,0.15
4543,1.5366129875183105,0.5316894054412842,0.4375,0.6875,2.3154847042817792e-05,9246,0.15
4544,0.7907528877258301,0.7388883233070374,0.8125,0.462890625,2.309789345970182e-05,19214,0.15
4545,1.1886407136917114,0.6332972049713135,0.5,0.6640625,2.3041060634492624e-05,9220,0.15
4546,1.4743995666503906,0.5311259627342224,0.8125,0.625,2.2984348591535597e-05,8819,0.15
4547,1.2762821912765503,0.5974985957145691,0.25,0.609375,2.29277573551243e-05,17590,0.15
4548,0.48050937056541443,0.8748423457145691,0.5,0.44140625,2.287128694950068e-05,16651,0.15
4549,1.3292417526245117,0.5802263021469116,0.625,0.6640625,2.2814937398854915e-05,8395,0.15
4550,0.5372493863105774,0.849177360534668,0.75,0.6015625,2.275870872732527e-05,8752,0.15
4551,1.103789210319519,0.6436376571655273,0.4375,0.52734375,2.2702600958998406e-05,11073,0.15
4552,1.1014900207519531,0.6541273593902588,0.375,0.376953125,2.2646614117909e-05,20788,0.15
4553,1.1563632488250732,0.6180335879325867,0.4375,0.498046875,2.2590748228040167e-05,15826,0.15
4554,1.3818449974060059,0.5722578167915344,0.625,0.546875,2.2535003313322998e-05,11715,0.15
4555,0.811312198638916,0.7490357756614685,0.5,0.470703125,2.2479379397636855e-05,15038,0.15
4556,0.49132058024406433,0.8550466895103455,1.0,0.62890625,2.2423876504809212e-05,4498,0.15
4557,0.7450457811355591,0.7763948440551758,1.0,0.65625,2.2368494658615853e-05,4660,0.15
4558,0.9133747816085815,0.7078179121017456,0.5,0.578125,2.23132338827805e-05,8084,0.15
4559,1.0434356927871704,0.6719645857810974,0.6875,0.62109375,2.225809420097515e-05,6103,0.15
4560,1.332612156867981,0.5612476468086243,0.625,0.55078125,2.220307563681998e-05,10580,0.15
4561,1.0177130699157715,0.6610809564590454,0.75,0.5546875,2.2148178213883062e-05,14561,0.15
4562,0.9307849407196045,0.6900864243507385,0.625,0.390625,2.2093401955680756e-05,22787,0.15
4563,1.1031163930892944,0.6611111164093018,0.8125,0.671875,2.2038746885677493e-05,6840,0.15
4564,0.5884398818016052,0.8188633322715759,0.875,0.3671875,2.1984213027285714e-05,20675,0.15
4565,0.5434481501579285,0.8309715986251831,0.875,0.482421875,2.1929800403866026e-05,15737,0.15
4566,1.1180059909820557,0.6327990889549255,0.4375,0.3828125,2.1875509038727057e-05,25019,0.15
4567,1.231594204902649,0.5919485688209534,0.3125,0.50390625,2.1821338955125533e-05,18978,0.15
4568,1.0098320245742798,0.6876842975616455,0.625,0.57421875,2.1767290176266194e-05,8818,0.15
4569,1.0367580652236938,0.6713215112686157,0.75,0.546875,2.1713362725301787e-05,22414,0.15
4570,1.3423280715942383,0.5807453393936157,0.25,0.5546875,2.1659556625333164e-05,13846,0.15
4571,1.3319933414459229,0.5899603962898254,0.8125,0.71484375,2.160587189940912e-05,5558,0.15
4572,1.4116979837417603,0.5653492212295532,0.75,0.76953125,2.1552308570526433e-05,8906,0.15
4573,0.48960840702056885,0.8497640490531921,0.9375,0.326171875,2.149886666163001e-05,23523,0.15
4574,1.0400704145431519,0.6811867356300354,0.625,0.70703125,2.1445546195612673e-05,5831,0.15
4575,0.8883501887321472,0.7256368398666382,0.6875,0.5390625,2.1392347195315153e-05,8558,0.15
4576,0.666749119758606,0.7824646234512329,0.9375,0.474609375,2.1339269683526216e-05,14485,0.15
4577,1.01075279712677,0.6743653416633606,0.75,0.478515625,2.1286313682982647e-05,15717,0.15
4578,0.7851255536079407,0.7489932775497437,0.5,0.609375,2.1233479216369066e-05,7450,0.15
4579,1.342324137687683,0.5763048529624939,0.75,0.734375,2.118076630631813e-05,5537,0.15
4580,1.3437694311141968,0.5795638561248779,0.875,0.72265625,2.1128174975410285e-05,5549,0.15
4581,1.1159062385559082,0.6372058391571045,0.6875,0.5546875,2.107570524617407e-05,10794,0.15
4582,1.4328597784042358,0.5299023389816284,0.75,0.81640625,2.1023357141085774e-05,4197,0.15
4583,1.1178056001663208,0.655514121055603,0.625,0.5625,2.0971130682569725e-05,9385,0.15
4584,0.7309592962265015,0.7981118559837341,1.0,0.7890625,2.0919025892998097e-05,4131,0.15
4585,1.507448434829712,0.5422957539558411,0.3125,0.6171875,2.086704279469087e-05,10332,0.15
4586,0.4370148479938507,0.8669765591621399,0.875,0.60546875,2.0815181409915928e-05,4518,0.15
4587,1.2195618152618408,0.6127848625183105,0.4375,0.55078125,2.0763441760889097e-05,8995,0.15
4588,0.8233379125595093,0.7471234798431396,0.625,0.4609375,2.0711823869774024e-05,11559,0.15
4589,1.0637824535369873,0.68024080991745,0.9375,0.71484375,2.066032775868215e-05,5648,0.15
4590,0.5061845183372498,0.8674297332763672,0.5625,0.4921875,2.060895344967266e-05,14415,0.15
4591,1.1008340120315552,0.6487696766853333,0.3125,0.37109375,2.0557700964752856e-05,20320,0.15
4592,1.2259124517440796,0.5960804224014282,0.4375,0.5625,2.050657032587757e-05,9950,0.15
4593,0.812022864818573,0.7336231470108032,0.75,0.5,2.045556155494955e-05,13571,0.15
4594,0.7650731205940247,0.7558186054229736,0.625,0.396484375,2.040467467381939e-05,19936,0.15
4595,1.4177883863449097,0.5529521107673645,0.5625,0.58984375,2.035390970428531e-05,10755,0.15
4596,1.3672176599502563,0.5460764765739441,0.8125,0.6015625,2.030326666809352e-05,9940,0.15
4597,1.2753669023513794,0.5750359892845154,0.5625,0.49609375,2.0252745586937837e-05,11801,0.15
4598,0.7104251384735107,0.7838735580444336,0.6875,0.578125,2.0202346482459908e-05,7528,0.15
4599,1.1217625141143799,0.6578150391578674,0.75,0.578125,2.0152069376249035e-05,11561,0.15
4600,0.7930104732513428,0.7550961375236511,0.4375,0.404296875,2.0101914289842392e-05,17366,0.15
4601,0.5620920658111572,0.8340029716491699,0.875,0.5859375,2.0051881244724886e-05,4729,0.15
4602,0.7353276014328003,0.7822117209434509,0.625,0.65625,2.0001970262328947e-05,5914,0.15
4603,0.7977188229560852,0.7627377510070801,0.5625,0.46875,1.995218136403497e-05,17036,0.15
4604,1.3756698369979858,0.5714911818504333,0.5625,0.7421875,1.9902514571170857e-05,9127,0.15
4605,0.7209474444389343,0.7818983793258667,0.9375,0.45703125,1.9852969905012362e-05,12242,0.15
4606,1.0950441360473633,0.6292919516563416,0.625,0.47265625,1.980354738678277e-05,16892,0.15
4607,0.47899681329727173,0.8510133028030396,1.0,0.384765625,1.975424703765315e-05,13471,0.15
4608,0.9119837284088135,0.7128686904907227,0.6875,0.57421875,1.9705068878742237e-05,7561,0.15
4609,0.7989663481712341,0.7485777735710144,0.8125,0.58203125,1.965601293111635e-05,7207,0.15
4610,1.2546955347061157,0.590071439743042,0.625,0.5234375,1.960707921578948e-05,18613,0.15
4611,1.0441927909851074,0.6781474947929382,0.75,0.5546875,1.9558267753723356e-05,11120,0.15
4612,1.0258910655975342,0.6582349538803101,0.8125,0.54296875,1.9509578565827187e-05,8895,0.15
4613,1.0103113651275635,0.69133460521698,0.6875,0.80859375,1.9461011672957894e-05,6324,0.15
4614,0.8837841153144836,0.7134212851524353,0.625,0.5859375,1.9412567095920028e-05,10081,0.15
4615,1.0364943742752075,0.6752068996429443,0.4375,0.5546875,1.9364244855465628e-05,21389,0.15
4616,1.5499359369277954,0.5081173181533813,0.6875,0.56640625,1.9316044972294497e-05,11765,0.15
4617,1.2402554750442505,0.5874595642089844,0.5625,0.50390625,1.9267967467053824e-05,11754,0.15
4618,1.481743574142456,0.5128833055496216,0.625,0.6328125,1.92200123603386e-05,10207,0.15
4619,0.8033239841461182,0.7530341744422913,0.75,0.431640625,1.917217967269119e-05,16314,0.15
4620,0.589301347732544,0.828697919845581,0.75,0.55859375,1.9124469424601606e-05,8809,0.15
4621,0.92592853307724,0.6943743228912354,0.4375,0.353515625,1.9076881636507467e-05,24157,0.15
4622,1.571175217628479,0.4878048896789551,0.75,0.69140625,1.90294163287938e-05,10086,0.15
4623,1.179980754852295,0.6215476393699646,0.5625,0.419921875,1.8982073521793273e-05,19733,0.15
4624,1.3656030893325806,0.5510770082473755,0.4375,0.5546875,1.8934853235785995e-05,13695,0.15
4625,1.3800290822982788,0.5355322957038879,0.875,0.76171875,1.888775549099969e-05,7064,0.15
4626,1.0713744163513184,0.6723816990852356,0.8125,0.60546875,1.8840780307609515e-05,7524,0.15
4627,1.115841269493103,0.6364117860794067,0.4375,0.375,1.879392770573814e-05,24558,0.15
4628,1.1872200965881348,0.6431633234024048,0.375,0.65234375,1.8747197705455785e-05,9332,0.15
4629,1.0230395793914795,0.6606783270835876,0.25,0.47265625,1.8700590326779962e-05,17367,0.15
4630,0.9274616837501526,0.6946283578872681,0.625,0.349609375,1.8654105589675937e-05,24164,0.15
4631,1.2206811904907227,0.6179366707801819,0.625,0.625,1.8607743514056217e-05,15131,0.15
4632,0.2781522572040558,0.9340469837188721,0.6875,0.4140625,1.856150411978088e-05,11023,0.15
4633,1.5891051292419434,0.48672914505004883,0.625,0.640625,1.851538742665738e-05,10135,0.15
4634,0.7368032932281494,0.7819164395332336,0.75,0.60546875,1.846939345444065e-05,10175,0.15
4635,0.7543854713439941,0.7694597840309143,0.9375,0.44140625,1.8423522222833065e-05,13772,0.15
4636,1.1115593910217285,0.6461705565452576,0.5625,0.91796875,1.8377773751484404e-05,10132,0.15
4637,0.6325105428695679,0.8037495613098145,0.875,0.4609375,1.833214805999179e-05,8321,0.15
4638,0.6618578433990479,0.7851598858833313,1.0,0.416015625,1.8286645167899926e-05,10822,0.15
4639,0.8078430891036987,0.7558345794677734,0.5,0.478515625,1.8241265094700786e-05,15211,0.15
4640,1.2769510746002197,0.6017826795578003,0.5,0.53515625,1.8196007859833684e-05,20082,0.15
4641,0.9559242129325867,0.7087447047233582,1.0,0.59375,1.8150873482685413e-05,9926,0.15
4642,1.1026808023452759,0.6498602032661438,0.5625,0.5390625,1.810586198259014e-05,10730,0.15
4643,0.5729608535766602,0.8266720771789551,0.875,0.453125,1.806097337882928e-05,7356,0.15
4644,1.3298795223236084,0.5645850896835327,0.8125,0.57421875,1.801620769063181e-05,9352,0.15
4645,0.68610018491745,0.7966582775115967,0.75,0.59375,1.7971564937173798e-05,6344,0.15
4646,1.224226951599121,0.635276734828949,0.6875,0.6484375,1.792704513757891e-05,6775,0.15
4647,1.4431875944137573,0.5463501811027527,0.625,0.796875,1.7882648310917892e-05,6699,0.15
4648,0.9955675005912781,0.6950875520706177,0.875,0.55859375,1.7838374476208995e-05,9934,0.15
4649,0.9078918695449829,0.7297478318214417,0.375,0.609375,1.7794223652417715e-05,7456,0.15
4650,0.5600742697715759,0.828940212726593,1.0,0.443359375,1.7750195858456895e-05,7360,0.15
4651,0.8871757388114929,0.7079922556877136,0.6875,0.478515625,1.7706291113186576e-05,20157,0.15
4652,0.5035992860794067,0.856908917427063,0.9375,0.609375,1.7662509435414217e-05,4885,0.15
4653,1.4821633100509644,0.5301796793937683,0.5,0.703125,1.761885084389445e-05,6511,0.15
4654,1.4653313159942627,0.5416514277458191,0.5,0.58984375,1.7575315357329247e-05,10924,0.15
4655,1.0565224885940552,0.6763994097709656,0.875,0.78515625,1.7531902994367853e-05,6199,0.15
4656,1.4967106580734253,0.537116527557373,0.625,0.74609375,1.748861377360673e-05,6291,0.15
4657,1.2257981300354004,0.6187090277671814,0.5,0.69140625,1.7445447713589577e-05,16313,0.15
4658,1.0347574949264526,0.6770620942115784,0.8125,0.59375,1.7402404832807404e-05,7856,0.15
4659,1.1551469564437866,0.630744457244873,0.4375,0.396484375,1.7359485149698394e-05,19867,0.15
4660,1.2826309204101562,0.5982958078384399,0.5625,0.5703125,1.7316688682647973e-05,9858,0.15
4661,1.0979952812194824,0.6217825412750244,0.6875,0.431640625,1.7274015449988776e-05,22844,0.15
4662,1.0029652118682861,0.6873717308044434,0.75,0.6015625,1.7231465470000683e-05,9257,0.15
4663,0.8092944025993347,0.7405268549919128,0.8125,0.51171875,1.718903876091071e-05,14198,0.15
4664,1.6292710304260254,0.4941374659538269,0.5,0.59765625,1.7146735340893192e-05,15437,0.15
4665,0.7225422859191895,0.7614262104034424,0.75,0.45703125,1.7104555228069495e-05,15622,0.15
4666,1.210533857345581,0.5966283679008484,0.375,0.494140625,1.7062498440508333e-05,18804,0.15
4667,0.5527355074882507,0.8401373028755188,0.75,0.435546875,1.7020564996225393e-05,13693,0.15
4668,0.7918877005577087,0.7569764852523804,0.6875,0.38671875,1.6978754913183644e-05,17344,0.15
4669,1.1889328956604004,0.6182612180709839,0.375,0.404296875,1.693706820929326e-05,19922,0.15
4670,1.207229733467102,0.6053681373596191,0.6875,0.53125,1.689550490241145e-05,9277,0.15
4671,0.5082489848136902,0.8420162200927734,1.0,0.38671875,1.6854065010342644e-05,14780,0.15
4672,0.7076283097267151,0.7925130724906921,0.625,0.6796875,1.6812748550838306e-05,6892,0.15
4673,0.7142248153686523,0.7762165069580078,0.75,0.51171875,1.6771555541597214e-05,7686,0.15
4674,0.8278204798698425,0.7447971701622009,0.3125,0.498046875,1.6730486000265088e-05,14271,0.15
4675,0.7932730317115784,0.7700889110565186,0.6875,0.69921875,1.6689539944434784e-05,6185,0.15
4676,0.8261400461196899,0.7318376302719116,0.75,0.51171875,1.6648717391646305e-05,14040,0.15
4677,0.7162687182426453,0.7654814124107361,0.75,0.4375,1.6608018359386766e-05,10012,0.15
4678,1.1234654188156128,0.6516709327697754,0.8125,0.5859375,1.6567442865090285e-05,9336,0.15
4679,1.3752129077911377,0.5535582304000854,0.75,0.6171875,1.6526990926138197e-05,9457,0.15
4680,1.5448179244995117,0.5253973603248596,0.4375,0.69921875,1.648666255985873e-05,8997,0.15
4681,1.0422953367233276,0.6684977412223816,0.5625,0.5859375,1.644645778352731e-05,20935,0.15
4682,1.523006558418274,0.5224868655204773,0.5625,0.6640625,1.6406376614366458e-05,10873,0.15
4683,1.0280861854553223,0.6724373698234558,0.75,0.54296875,1.63664190695456e-05,8780,0.15
4684,1.4512724876403809,0.5426209568977356,0.75,0.7265625,1.6326585166181284e-05,7379,0.15
4685,0.8790334463119507,0.729394793510437,0.625,0.482421875,1.628687492133709e-05,10410,0.15
4686,1.0226070880889893,0.6924578547477722,0.6875,0.6875,1.624728835202368e-05,5635,0.15
4687,1.4070247411727905,0.5344703197479248,0.75,0.49609375,1.6207825475198588e-05,13838,0.15
4688,0.7723573446273804,0.7696769833564758,0.625,0.60546875,1.6168486307766492e-05,9999,0.15
4689,0.805884838104248,0.7431439161300659,0.625,0.498046875,1.612927086657908e-05,15242,0.15
4690,0.7348871827125549,0.7628229856491089,0.5625,0.376953125,1.6090179168435012e-05,20588,0.15
4691,1.1710424423217773,0.6274969577789307,0.4375,0.5625,1.605121123007983e-05,12365,0.15
4692,1.2246003150939941,0.5959568619728088,0.5625,0.578125,1.6012367068206277e-05,11031,0.15
4693,1.003452181816101,0.6683670282363892,0.3125,0.46484375,1.5973646699453914e-05,17055,0.15
4694,0.9065358638763428,0.7109907269477844,0.75,0.470703125,1.5935050140409232e-05,10709,0.15
4695,0.9645802974700928,0.7026212811470032,0.6875,0.57421875,1.5896577407605915e-05,9957,0.15
4696,1.3853800296783447,0.534808874130249,0.4375,0.5390625,1.5858228517524374e-05,18027,0.15
4697,1.3554294109344482,0.584185779094696,0.6875,0.67578125,1.582000348659207e-05,10851,0.15
4698,1.2754261493682861,0.5864984393119812,0.4375,0.66796875,1.578190233118337e-05,22353,0.15
4699,1.221489429473877,0.6086885333061218,0.6875,0.65234375,1.5743925067619655e-05,12177,0.15
4700,1.338798999786377,0.5802167057991028,0.4375,0.57421875,1.5706071712169143e-05,14305,0.15
4701,0.8769464492797852,0.7275934219360352,0.875,0.51953125,1.566834228104703e-05,9071,0.15
4702,1.0670526027679443,0.6417726278305054,0.6875,0.5625,1.5630736790415355e-05,8101,0.15
4703,0.8618683815002441,0.7475178837776184,0.8125,0.6796875,1.5593255256383197e-05,7957,0.15
4704,0.8190898895263672,0.7421342134475708,0.8125,0.56640625,1.555589769500635e-05,13635,0.15
4705,0.8130673170089722,0.7493382692337036,0.625,0.45703125,1.551866412228767e-05,11334,0.15
4706,0.415412038564682,0.8751388788223267,0.8125,0.625,1.5481554554176844e-05,4501,0.15
4707,1.324464201927185,0.5936830639839172,0.875,0.62890625,1.544456900657045e-05,7472,0.15
4708,1.0362038612365723,0.640440046787262,0.875,0.515625,1.540770749531185e-05,23996,0.15
4709,0.9738895893096924,0.6880574822425842,0.6875,0.6015625,1.5370970036191377e-05,15583,0.15
4710,0.9010391235351562,0.7142007350921631,0.75,0.46484375,1.533435664494621e-05,11767,0.15
4711,1.1511645317077637,0.6264118552207947,0.625,0.51171875,1.5297867337260372e-05,12926,0.15
4712,1.2157773971557617,0.6197264790534973,0.6875,0.77734375,1.5261502128764656e-05,6874,0.15
4713,1.0342977046966553,0.6804993748664856,0.8125,0.62890625,1.522526103503684e-05,8651,0.15
4714,0.8189164400100708,0.7530137896537781,0.5625,0.423828125,1.5189144071601433e-05,13936,0.15
4715,1.124876618385315,0.6188273429870605,0.5625,0.48046875,1.5153151253929763e-05,19886,0.15
4716,1.069055199623108,0.6623541116714478,0.75,0.5625,1.5117282597440028e-05,11053,0.15
4717,1.1158936023712158,0.6354294419288635,0.5,0.392578125,1.5081538117497238e-05,23647,0.15
4718,1.2216897010803223,0.6177303791046143,0.5,0.671875,1.5045917829413179e-05,13412,0.15
4719,0.9927399754524231,0.6722830533981323,0.5,0.3984375,1.5010421748446478e-05,23206,0.15
4720,0.7678455114364624,0.774836540222168,0.6875,0.68359375,1.4975049889802504e-05,6271,0.15
4721,1.4973379373550415,0.5116005539894104,0.625,0.56640625,1.4939802268633405e-05,14439,0.15
4722,1.0940183401107788,0.6601787805557251,0.625,0.60546875,1.490467890003817e-05,11971,0.15
4723,1.062554955482483,0.652158260345459,0.8125,0.55078125,1.4869679799062529e-05,11097,0.15
4724,1.345275640487671,0.5681829452514648,0.4375,0.7109375,1.4834804980699056e-05,20379,0.15
4725,0.9464736580848694,0.7022040486335754,0.6875,0.52734375,1.4800054459886901e-05,11978,0.15
4726,0.9063431620597839,0.7012717723846436,0.8125,0.4921875,1.4765428251512123e-05,13996,0.15
4727,0.3861524164676666,0.904875636100769,0.875,0.59765625,1.4730926370407558e-05,7117,0.15
4728,1.1899371147155762,0.6150704026222229,0.875,0.5234375,1.469654883135265e-05,11506,0.15
4729,0.7120324373245239,0.7874301075935364,0.6875,0.58984375,1.4662295649073653e-05,6619,0.15
4730,1.3783023357391357,0.5501582026481628,0.75,0.5078125,1.4628166838243527e-05,12640,0.15
4731,1.217231035232544,0.6072039604187012,0.5625,0.63671875,1.459416241348198e-05,11688,0.15
4732,1.2196651697158813,0.6363505721092224,0.875,0.640625,1.4560282389355426e-05,6949,0.15
4733,0.5330232381820679,0.8481338620185852,0.8125,0.58203125,1.4526526780377023e-05,8547,0.15
4734,1.321304440498352,0.5618066787719727,0.5625,0.5,1.4492895601006538e-05,13882,0.15
4735,1.1314544677734375,0.6376044154167175,0.75,0.90234375,1.4459388865650579e-05,9818,0.15
4736,1.4304906129837036,0.5404148101806641,0.5,0.6328125,1.4426006588662364e-05,7522,0.15
4737,1.329840898513794,0.5567400455474854,0.6875,0.5859375,1.439274878434169e-05,10037,0.15
4738,1.413882851600647,0.5438309907913208,0.8125,0.61328125,1.4359615466935259e-05,8567,0.15
4739,1.2396609783172607,0.592144250869751,0.625,0.68359375,1.4326606650636286e-05,8096,0.15
4740,0.9128014445304871,0.7185519337654114,0.875,0.55078125,1.4293722349584658e-05,10414,0.15
4741,1.257254958152771,0.6082987785339355,0.5625,0.5078125,1.4260962577867075e-05,20485,0.15
4742,0.6601471304893494,0.7958719730377197,0.9375,0.50390625,1.422832734951671e-05,17151,0.15
4743,0.9503663778305054,0.6886962056159973,0.8125,0.43359375,1.4195816678513416e-05,14995,0.15
4744,1.4646642208099365,0.5211372971534729,0.625,0.6875,1.416343057878382e-05,8019,0.15
4745,1.3966970443725586,0.5537470579147339,0.6875,0.8203125,1.4131169064201053e-05,8540,0.15
4746,1.340122938156128,0.5954287648200989,0.6875,0.71484375,1.4099032148584931e-05,6869,0.15
4747,0.9772651791572571,0.6891269087791443,0.75,0.57421875,1.4067019845701877e-05,15405,0.15
4748,1.3090248107910156,0.5982323884963989,0.8125,0.91796875,1.4035132169264952e-05,5431,0.15
4749,0.5397233366966248,0.8405585885047913,0.875,0.52734375,1.4003369132933827e-05,8235,0.15
4750,1.4013128280639648,0.5657734274864197,0.25,0.6015625,1.397173075031479e-05,13136,0.15
4751,1.1136866807937622,0.6431154012680054,0.4375,0.388671875,1.39402170349607e-05,19914,0.15
4752,1.109973430633545,0.659669816493988,0.75,0.65625,1.3908828000371019e-05,8480,0.15
4753,1.0411957502365112,0.6542680263519287,0.6875,0.57421875,1.3877563659991863e-05,8388,0.15
4754,1.1913995742797852,0.6206629276275635,0.5,0.42578125,1.3846424027215818e-05,19368,0.15
4755,1.2236047983169556,0.6017647385597229,0.5625,0.6328125,1.3815409115382148e-05,12013,0.15
4756,0.46928921341896057,0.8573458194732666,0.6875,0.8125,1.3784518937776657e-05,3519,0.15
4757,0.8514071106910706,0.7246169447898865,0.8125,0.56640625,1.3753753507631726e-05,9790,0.15
4758,1.342680811882019,0.5780801177024841,0.6875,0.68359375,1.3723112838126249e-05,8011,0.15
4759,1.0877090692520142,0.6339017152786255,0.5,0.9453125,1.369259694238576e-05,5982,0.15
4760,1.0387312173843384,0.6779175996780396,0.8125,0.53125,1.3662205833482265e-05,11525,0.15
4761,0.4659357964992523,0.8583027720451355,0.9375,0.33203125,1.3631939524434387e-05,24016,0.15
4762,1.0332618951797485,0.6797609925270081,0.875,0.54296875,1.3601798028207188e-05,9037,0.15
4763,0.8695884943008423,0.732681930065155,0.625,0.54296875,1.3571781357712407e-05,7983,0.15
4764,1.2667771577835083,0.5999816656112671,0.75,0.55859375,1.3541889525808158e-05,10917,0.15
4765,0.8828383088111877,0.7304359674453735,0.8125,0.5859375,1.3512122545299197e-05,7271,0.15
4766,1.113615870475769,0.6301715970039368,0.5625,0.53125,1.3482480428936726e-05,11481,0.15
4767,0.5304362177848816,0.8337955474853516,0.75,0.435546875,1.3452963189418553e-05,16227,0.15
4768,0.9199267029762268,0.6977187991142273,0.6875,0.359375,1.3423570839388832e-05,23058,0.15
4769,0.9229609370231628,0.6981303691864014,0.625,0.341796875,1.3394303391438355e-05,24176,0.15
4770,1.0299632549285889,0.6815443634986877,0.6875,0.68359375,1.3365160858104362e-05,10956,0.15
4771,1.5173808336257935,0.5115160346031189,0.6875,0.5703125,1.3336143251870602e-05,12678,0.15
4772,1.3468804359436035,0.5801915526390076,0.4375,0.6796875,1.3307250585167328e-05,11379,0.15
4773,0.8841305375099182,0.7153699994087219,0.6875,0.53125,1.3278482870371177e-05,14756,0.15
4774,0.7848972082138062,0.7667226195335388,0.875,0.69140625,1.3249840119805288e-05,7146,0.15
4775,0.8592286109924316,0.7305422425270081,0.6875,0.515625,1.3221322345739417e-05,8981,0.15
4776,1.3116425275802612,0.575525164604187,0.5625,0.625,1.3192929560389586e-05,11473,0.15
4777,1.1275018453598022,0.6479737162590027,0.6875,0.72265625,1.3164661775918439e-05,11573,0.15
4778,1.4235345125198364,0.5394201278686523,0.75,0.68359375,1.313651900443492e-05,8105,0.15
4779,1.2639062404632568,0.604361355304718,0.5625,0.65234375,1.3108501257994553e-05,7704,0.15
4780,1.4533430337905884,0.5544334053993225,0.625,0.58203125,1.3080608548599237e-05,13466,0.15
4781,1.5025988817214966,0.5079287886619568,0.3125,0.6484375,1.305284088819728e-05,10279,0.15
4782,1.127088189125061,0.6376244425773621,0.625,0.423828125,1.3025198288683536e-05,21199,0.15
4783,1.386350154876709,0.551905632019043,0.625,0.5625,1.2997680761899132e-05,11020,0.15
4784,1.155280351638794,0.6493563055992126,0.875,0.7109375,1.2970288319631771e-05,6913,0.15
4785,0.7717000842094421,0.7534767389297485,0.8125,0.388671875,1.2943020973615537e-05,19990,0.15
4786,1.3660303354263306,0.5813152194023132,0.5625,0.6875,1.2915878735530749e-05,9580,0.15
4787,1.2775980234146118,0.5997700095176697,0.625,0.59375,1.2888861617004443e-05,11306,0.15
4788,1.0901814699172974,0.6598680019378662,0.5,0.52734375,1.2861969629609825e-05,13336,0.15
4789,1.1871445178985596,0.6173521280288696,0.3125,0.47265625,1.2835202784866549e-05,21738,0.15
4790,1.1081597805023193,0.6363520622253418,0.5625,0.3671875,1.2808561094240677e-05,23597,0.15
4791,0.8849916458129883,0.712334930896759,0.625,0.58984375,1.2782044569144711e-05,8861,0.15
4792,1.436076283454895,0.5414430499076843,0.8125,0.62109375,1.2755653220937467e-05,8385,0.15
4793,1.0084388256072998,0.6713993549346924,0.75,0.5859375,1.2729387060924134e-05,8804,0.15
4794,0.6996586322784424,0.774912416934967,0.8125,0.431640625,1.2703246100356313e-05,11129,0.15
4795,0.9917798042297363,0.7128944396972656,0.8125,0.80859375,1.2677230350432011e-05,5134,0.15
4796,0.918109655380249,0.7021092176437378,0.4375,0.337890625,1.265133982229548e-05,24227,0.15
4797,0.6404392123222351,0.8065134286880493,0.8125,0.5703125,1.2625574527037453e-05,8874,0.15
4798,1.4552500247955322,0.5698856711387634,0.6875,0.765625,1.2599934475694895e-05,6296,0.15
4799,1.2048636674880981,0.596671462059021,0.5625,0.51953125,1.2574419679251258e-05,11777,0.15
4800,0.5902201533317566,0.8234032988548279,0.8125,0.55078125,1.2549030148636262e-05,8862,0.15
4801,1.2135019302368164,0.6132708191871643,0.5,0.5234375,1.2523765894725945e-05,19833,0.15
4802,0.618313729763031,0.8221116662025452,0.625,0.466796875,1.2498626928342715e-05,11659,0.15
4803,0.6634551286697388,0.7989394068717957,0.875,0.5703125,1.2473613260255323e-05,8863,0.15
4804,1.2081011533737183,0.6157711148262024,0.625,0.61328125,1.2448724901178797e-05,9752,0.15
4805,1.2597993612289429,0.6058408617973328,0.4375,0.5703125,1.2423961861774578e-05,9930,0.15
4806,0.964196503162384,0.6828434467315674,0.8125,0.56640625,1.2399324152650313e-05,8778,0.15
4807,0.8263834118843079,0.7315945625305176,0.6875,0.515625,1.2374811784360062e-05,13841,0.15
4808,1.3598320484161377,0.5551868677139282,0.625,0.494140625,1.2350424767404054e-05,12657,0.15
4809,0.9571087956428528,0.7113074064254761,0.8125,0.56640625,1.232616311222907e-05,9737,0.15
4810,0.8460995554924011,0.7319719791412354,0.5,0.671875,1.2302026829227862e-05,15573,0.15
4811,1.3379980325698853,0.5542203187942505,0.4375,0.50390625,1.2278015928739727e-05,14063,0.15
4812,1.3208054304122925,0.596256673336029,0.6875,0.8125,1.2254130421050168e-05,5236,0.15
4813,0.7902902364730835,0.7513723969459534,0.5625,0.494140625,1.2230370316391002e-05,12569,0.15
4814,1.1326775550842285,0.6455709338188171,0.625,0.5859375,1.2206735624940257e-05,9607,0.15
4815,1.0589158535003662,0.6803439259529114,0.6875,0.5546875,1.218322635682233e-05,11747,0.15
4816,0.5799429416656494,0.8323214650154114,0.5625,0.47265625,1.2159842522107798e-05,12518,0.15
4817,1.1954405307769775,0.6142897009849548,0.5,0.470703125,1.2136584130813554e-05,21638,0.15
4818,0.8836048245429993,0.7226289510726929,0.5,0.453125,1.211345119290279e-05,12020,0.15
4819,0.7620540857315063,0.7556818127632141,0.8125,0.4609375,1.2090443718284915e-05,9856,0.15
4820,1.3956482410430908,0.5654103755950928,0.5,0.5390625,1.206756171681561e-05,13293,0.15
4821,0.990175724029541,0.6966893672943115,0.875,0.62890625,1.2044805198296736e-05,10270,0.15
4822,0.6056757569313049,0.8155339956283569,0.9375,0.46484375,1.2022174172476529e-05,7519,0.15
4823,0.5707820653915405,0.8254441618919373,0.9375,0.47265625,1.1999668649049366e-05,7373,0.15
4824,1.1597079038619995,0.6288371086120605,0.4375,0.3984375,1.1977288637655901e-05,20002,0.15
4825,0.6343842148780823,0.805873453617096,0.875,0.49609375,1.1955034147883036e-05,16515,0.15
4826,1.0094794034957886,0.6624032258987427,0.75,0.5546875,1.1932905189263909e-05,8913,0.15
4827,0.5372667908668518,0.8488011956214905,1.0,0.5546875,1.1910901771277803e-05,8717,0.15
4828,1.075699806213379,0.6634564399719238,0.75,0.515625,1.1889023903350315e-05,13187,0.15
4829,1.1699618101119995,0.6443262100219727,0.5625,0.62890625,1.1867271594853244e-05,9773,0.15
4830,0.495993047952652,0.8478337526321411,1.0,0.376953125,1.1845644855104542e-05,14149,0.15
4831,1.2243883609771729,0.61656254529953,0.5625,0.55859375,1.182414369336846e-05,9926,0.15
4832,0.989338755607605,0.6792380809783936,0.625,0.5546875,1.18027681188554e-05,10447,0.15
4833,0.7023558020591736,0.7698595523834229,0.625,0.46875,1.1781518140722001e-05,15169,0.15
4834,1.3455398082733154,0.573272705078125,0.6875,0.6796875,1.1760393768071019e-05,8134,0.15
4835,1.3278077840805054,0.5863140225410461,0.5,0.66796875,1.1739395009951513e-05,10624,0.15
4836,1.07444167137146,0.6608000993728638,0.75,0.5859375,1.1718521875358688e-05,15398,0.15
4837,1.0283044576644897,0.6603410243988037,0.625,0.52734375,1.1697774373233925e-05,10908,0.15
4838,1.3932150602340698,0.5568497180938721,0.5,0.64453125,1.1677152512464716e-05,10818,0.15
4839,1.252159595489502,0.5861493349075317,0.5625,0.58203125,1.165665630188496e-05,10180,0.15
4840,1.1395535469055176,0.6402254700660706,0.75,0.9453125,1.1636285750274466e-05,9581,0.15
4841,0.9041810035705566,0.6987566351890564,0.625,0.546875,1.1616040866359388e-05,14075,0.15
4842,0.6753661036491394,0.7939586639404297,0.8125,0.494140625,1.1595921658811958e-05,9435,0.15
4843,0.8424434065818787,0.7483595609664917,0.75,0.625,1.1575928136250612e-05,9144,0.15
4844,1.0253576040267944,0.6822977662086487,0.6875,0.65234375,1.15560603072399e-05,5971,0.15
4845,1.2206131219863892,0.5942028760910034,0.5625,0.515625,1.1536318180290683e-05,19458,0.15
4846,0.9237591624259949,0.7080423831939697,0.75,0.48046875,1.1516701763859793e-05,11601,0.15
4847,1.109006404876709,0.6214308738708496,0.625,0.5,1.1497211066350243e-05,18702,0.15
4848,0.7335155010223389,0.7863699793815613,0.8125,0.52734375,1.1477846096111287e-05,10785,0.15
4849,1.3816691637039185,0.5704973340034485,0.375,0.69140625,1.1458606861438257e-05,13653,0.15
4850,0.7254141569137573,0.7655991911888123,0.8125,0.4375,1.1439493370572595e-05,15738,0.15
4851,0.8895828723907471,0.7264226078987122,0.875,0.51953125,1.1420505631701948e-05,8769,0.15
4852,0.6404682993888855,0.820941150188446,0.9375,0.69140625,1.140164365295998e-05,4250,0.15
4853,1.169278621673584,0.6298559308052063,0.5625,0.609375,1.1382907442426725e-05,13257,0.15
4854,1.2376796007156372,0.6265377998352051,0.5,0.78125,1.1364297008127998e-05,9104,0.15
4855,0.5771192908287048,0.8228453993797302,0.9375,0.4765625,1.1345812358036055e-05,7310,0.15
4856,1.3120845556259155,0.5921674966812134,0.875,0.640625,1.1327453500069029e-05,11414,0.15
4857,0.9278285503387451,0.696527898311615,0.875,0.474609375,1.1309220442091393e-05,14746,0.15
4858,1.3201943635940552,0.5656948089599609,0.5625,0.5390625,1.1291113191913503e-05,10564,0.15
4859,0.7323827743530273,0.7791798114776611,0.875,0.61328125,1.1273131757291987e-05,6657,0.15
4860,0.43439871072769165,0.8720784783363342,0.875,0.546875,1.1255276145929482e-05,4792,0.15
4861,0.8262414932250977,0.7389528751373291,0.875,0.51171875,1.1237546365474803e-05,13714,0.15
4862,1.4491914510726929,0.55820631980896,0.625,0.88671875,1.1219942423522776e-05,4527,0.15
4863,0.7999032139778137,0.7358675003051758,0.6875,0.458984375,1.1202464327614402e-05,19441,0.15
4864,1.1172051429748535,0.66446453332901,0.4375,0.6953125,1.1185112085236758e-05,8628,0.15
4865,1.3305753469467163,0.571872353553772,0.6875,0.48046875,1.1167885703822999e-05,14164,0.15
4866,1.0087229013442993,0.6728280782699585,0.6875,0.45703125,1.1150785190752288e-05,15689,0.15
4867,0.7361781001091003,0.7673715949058533,0.875,0.484375,1.1133810553349998e-05,13240,0.15
4868,1.021432876586914,0.6719664931297302,0.875,0.447265625,1.1116961798887514e-05,15032,0.15
4869,0.7468222975730896,0.7783598303794861,0.5,0.54296875,1.1100238934582328e-05,11072,0.15
4870,1.545458436012268,0.4913768768310547,0.75,1.0078125,1.1083641967597945e-05,3537,0.15
4871,0.9873254299163818,0.6966772079467773,0.75,0.66015625,1.1067170905044009e-05,10774,0.15
4872,0.6719734072685242,0.7982800602912903,0.625,0.6015625,1.1050825753976177e-05,9419,0.15
4873,0.7592698931694031,0.7526488304138184,0.6875,0.462890625,1.1034606521396217e-05,15856,0.15
4874,1.2347214221954346,0.6018813848495483,0.6875,0.609375,1.10185132142519e-05,11906,0.15
4875,0.7271707653999329,0.7786201238632202,0.8125,0.486328125,1.1002545839437149e-05,13059,0.15
4876,0.47229740023612976,0.8617334365844727,0.9375,0.65234375,1.098670440379179e-05,4419,0.15
4877,0.5734055638313293,0.8342797756195068,0.75,0.5546875,1.0970988914101864e-05,8629,0.15
4878,1.2738564014434814,0.6072019934654236,0.875,0.80859375,1.0955399377099382e-05,4832,0.15
4879,1.13494873046875,0.6306194067001343,0.625,0.3828125,1.0939935799462341e-05,28851,0.15
4880,1.628614902496338,0.4767616093158722,0.8125,0.67578125,1.0924598187814936e-05,10672,0.15
4881,1.0455904006958008,0.6663590669631958,0.6875,0.53125,1.090938654872725e-05,22758,0.15
4882,1.3658370971679688,0.5702832937240601,0.4375,0.6484375,1.0894300888715501e-05,14719,0.15
4883,1.2486023902893066,0.603422999382019,0.9375,0.67578125,1.0879341214241854e-05,6135,0.15
4884,0.9622606635093689,0.6914301514625549,0.5625,0.5625,1.0864507531714617e-05,10957,0.15
4885,1.4856290817260742,0.5264045596122742,0.4375,0.515625,1.0849799847488039e-05,17194,0.15
4886,0.7122840285301208,0.7712181806564331,0.875,0.4609375,1.0835218167862447e-05,15211,0.15
4887,1.3107377290725708,0.5791884064674377,0.875,0.490234375,1.0820762499084146e-05,12445,0.15
4888,0.9336159825325012,0.6906284093856812,0.6875,0.3671875,1.0806432847345482e-05,22995,0.15
4889,1.1167376041412354,0.6356218457221985,0.375,0.380859375,1.0792229218784842e-05,24878,0.15
4890,1.1044069528579712,0.6192891001701355,0.6875,0.427734375,1.077815161948663e-05,22282,0.15
4891,0.6177819967269897,0.8016901016235352,0.6875,0.66796875,1.0764200055481188e-05,10887,0.15
4892,0.7132404446601868,0.7687771320343018,0.75,0.427734375,1.0750374532744932e-05,11530,0.15
4893,0.5983206033706665,0.8168430328369141,0.9375,0.37109375,1.0736675057200328e-05,20982,0.15
4894,1.3624026775360107,0.5584039688110352,0.75,0.63671875,1.0723101634715747e-05,9323,0.15
4895,1.0807451009750366,0.6679291129112244,0.6875,0.65234375,1.0709654271105639e-05,6601,0.15
4896,1.491896152496338,0.5368505120277405,0.4375,0.61328125,1.0696332972130361e-05,10027,0.15
4897,0.7615452408790588,0.7611350417137146,0.75,0.53125,1.068313774349645e-05,14167,0.15
4898,1.4682286977767944,0.5149247646331787,0.625,0.6015625,1.0670068590856218e-05,12027,0.15
4899,1.3794487714767456,0.5534633994102478,0.625,0.6171875,1.0657125519808152e-05,8763,0.15
4900,0.5284909009933472,0.835426926612854,0.875,0.4375,1.0644308535896584e-05,16479,0.15
4901,0.7209240794181824,0.7642788290977478,0.6875,0.3828125,1.0631617644611956e-05,20660,0.15
4902,0.9370830059051514,0.6936624050140381,0.875,0.40625,1.0619052851390652e-05,15274,0.15
4903,0.863349437713623,0.7298387289047241,0.8125,0.486328125,1.0606614161614934e-05,10912,0.15
4904,0.5678043961524963,0.8228488564491272,0.875,0.361328125,1.0594301580613273e-05,20745,0.15
4905,1.3440265655517578,0.5671223402023315,0.9375,0.625,1.0582115113659884e-05,8559,0.15
4906,1.145711898803711,0.6428722739219666,0.5625,0.6640625,1.0570054765975123e-05,9428,0.15
4907,1.386735200881958,0.5338484048843384,0.5,0.53125,1.0558120542725224e-05,17992,0.15
4908,0.8726657629013062,0.7231313586235046,0.75,0.466796875,1.0546312449022432e-05,11305,0.15
4909,1.4450985193252563,0.5304930210113525,0.5625,0.4765625,1.0534630489925e-05,16430,0.15
4910,0.6767148375511169,0.7988136410713196,0.6875,0.5859375,1.0523074670437093e-05,6069,0.15
4911,1.3181548118591309,0.5862027406692505,0.5625,0.6015625,1.0511644995508817e-05,16583,0.15
4912,0.9151995778083801,0.722771167755127,0.875,0.55859375,1.0500341470036322e-05,8805,0.15
4913,1.557673692703247,0.5041418075561523,0.6875,0.56640625,1.0489164098861636e-05,12072,0.15
4914,0.9062151312828064,0.6981981992721558,0.5625,1.28125,1.0478112886772828e-05,3552,0.15
4915,0.5853192806243896,0.822933554649353,1.0,0.474609375,1.0467187838503876e-05,7404,0.15
4916,0.710753321647644,0.7729130983352661,0.75,0.455078125,1.045638895873474e-05,15166,0.15
4917,1.193987250328064,0.61386638879776,0.625,0.412109375,1.0445716252091318e-05,19861,0.15
4918,1.001371145248413,0.6802638173103333,0.8125,0.4765625,1.043516972314542e-05,12282,0.15
4919,1.0109531879425049,0.6645389199256897,0.8125,0.5703125,1.0424749376414865e-05,8773,0.15
4920,0.8769914507865906,0.7196514010429382,0.75,0.462890625,1.0414455216363382e-05,11475,0.15
4921,0.7453933954238892,0.7600399851799011,0.75,0.462890625,1.0404287247400711e-05,10010,0.15
4922,0.8304924368858337,0.7409539818763733,0.9375,0.462890625,1.0394245473882434e-05,14067,0.15
4923,0.5010868310928345,0.8461815714836121,1.0,0.37890625,1.0384329900110177e-05,13867,0.15
4924,1.0631506443023682,0.6515573859214783,0.75,0.57421875,1.0374540530331377e-05,8604,0.15
4925,0.5250124931335449,0.8493524193763733,0.8125,0.70703125,1.0364877368739576e-05,4401,0.15
4926,1.2653295993804932,0.5867988467216492,0.5,0.60546875,1.0355340419474134e-05,19165,0.15
4927,1.1420601606369019,0.628686785697937,0.8125,0.5625,1.034592968662038e-05,14613,0.15
4928,0.8866443037986755,0.7221935391426086,0.8125,0.57421875,1.0336645174209558e-05,7750,0.15
4929,1.3694779872894287,0.550660252571106,0.75,0.58984375,1.0327486886218883e-05,8330,0.15
4930,0.9483153820037842,0.6771677136421204,0.875,0.609375,1.031845482657142e-05,6666,0.15
4931,1.134671926498413,0.6353379487991333,0.375,0.396484375,1.0309548999136275e-05,19588,0.15
4932,1.3425809144973755,0.5585507750511169,0.75,0.5546875,1.0300769407728393e-05,9274,0.15
4933,1.1700806617736816,0.6245580911636353,0.5625,0.53515625,1.0292116056108668e-05,12729,0.15
4934,1.1189019680023193,0.6319181323051453,0.5,0.62890625,1.0283588947983967e-05,7914,0.15
4935,1.055984377861023,0.6444593667984009,0.75,0.49609375,1.0275188087006969e-05,13419,0.15
4936,1.5678503513336182,0.49352583289146423,0.375,0.59375,1.0266913476776395e-05,15446,0.15
4937,0.6959410905838013,0.7909859418869019,0.75,0.48046875,1.0258765120836777e-05,10406,0.15
4938,0.7093492150306702,0.7760514616966248,0.9375,0.42578125,1.0250743022678654e-05,10105,0.15
4939,1.041517734527588,0.674201488494873,0.75,0.6484375,1.0242847185738379e-05,6105,0.15
4940,0.9158316850662231,0.7255692481994629,0.8125,0.55078125,1.0235077613398313e-05,8432,0.15
4941,1.0713804960250854,0.6632072925567627,0.5625,0.58203125,1.0227434308986726e-05,11081,0.15
4942,1.2779603004455566,0.5708485841751099,0.5625,0.56640625,1.0219917275777734e-05,10099,0.15
4943,0.8670405745506287,0.7334700226783752,0.5625,0.443359375,1.0212526516991359e-05,11706,0.15
4944,1.2782940864562988,0.603269100189209,0.5,0.6484375,1.0205262035793638e-05,9238,0.15
4945,1.0720314979553223,0.6456722617149353,0.75,0.58984375,1.0198123835296412e-05,7891,0.15
4946,1.2021297216415405,0.6035988330841064,0.625,0.55078125,1.0191111918557437e-05,9392,0.15
4947,1.4182772636413574,0.5550532341003418,0.625,0.57421875,1.0184226288580443e-05,10617,0.15
4948,1.2178846597671509,0.602580726146698,0.25,0.59765625,1.0177466948314971e-05,24644,0.15
4949,1.1445280313491821,0.6373809576034546,0.4375,0.5703125,1.0170833900656505e-05,10813,0.15
4950,1.4509409666061401,0.5208092927932739,0.4375,0.5078125,1.0164327148446472e-05,19078,0.15
4951,1.2236597537994385,0.6168417930603027,0.5,0.765625,1.0157946694472107e-05,6282,0.15
4952,1.5675835609436035,0.4941435754299164,0.1875,0.55859375,1.0151692541466694e-05,15880,0.15
4953,1.3797115087509155,0.5463199019432068,0.6875,0.5859375,1.0145564692109188e-05,7459,0.15
4954,1.515491008758545,0.5318261981010437,0.625,0.7890625,1.0139563149024621e-05,6237,0.15
4955,1.500990867614746,0.49876028299331665,0.25,0.6484375,1.0133687914783906e-05,12503,0.15
4956,1.495195984840393,0.5316088199615479,0.875,0.69921875,1.0127938991903727e-05,7229,0.15
4957,1.5845082998275757,0.5065680742263794,0.5625,0.7109375,1.0122316382846785e-05,10277,0.15
4958,1.5704716444015503,0.5022805333137512,0.5625,0.57421875,1.0116820090021616e-05,12497,0.15
4959,0.9938588738441467,0.690007209777832,0.875,0.66796875,1.0111450115782671e-05,6955,0.15
4960,1.4942363500595093,0.5119858980178833,0.625,0.58203125,1.0106206462430278e-05,12473,0.15
4961,1.3453667163848877,0.5768240094184875,0.25,0.55078125,1.0101089132210605e-05,13980,0.15
4962,1.455554485321045,0.5585771203041077,0.6875,0.66796875,1.0096098127315799e-05,7281,0.15
4963,1.0759841203689575,0.6572957634925842,0.5,0.578125,1.0091233449883852e-05,11774,0.15
4964,1.3383204936981201,0.5592300295829773,0.75,0.56640625,1.0086495101998593e-05,10130,0.15
4965,1.4012115001678467,0.5466864705085754,0.8125,0.51171875,1.0081883085689835e-05,12102,0.15
4966,1.056535005569458,0.670110821723938,0.625,0.59765625,1.0077397402933196e-05,6678,0.15
4967,0.9929460883140564,0.6680511236190796,0.625,0.4765625,1.0073038055650174e-05,12279,0.15
4968,0.9580674767494202,0.6926025748252869,0.8125,0.498046875,1.0068805045708206e-05,12261,0.15
4969,1.2410035133361816,0.6208726167678833,0.6875,0.78515625,1.0064698374920577e-05,5088,0.15
4970,0.69940185546875,0.799635112285614,0.625,0.5703125,1.0060718045046445e-05,9318,0.15
4971,1.2233364582061768,0.5944030284881592,0.75,0.60546875,1.0056864057790881e-05,8183,0.15
4972,1.2501040697097778,0.591606616973877,0.4375,0.5,1.0053136414804764e-05,18181,0.15
4973,0.8560536503791809,0.7378382682800293,0.8125,0.50390625,1.0049535117684915e-05,13156,0.15
4974,1.0067932605743408,0.6739018559455872,0.375,0.46875,1.0046060167974036e-05,21423,0.15
4975,0.7937169075012207,0.7489970326423645,0.6875,0.55859375,1.00427115671607e-05,7478,0.15
4976,1.4424861669540405,0.5171400308609009,0.5625,0.8828125,1.0039489316679262e-05,4084,0.15
4977,0.7541494369506836,0.7586206793785095,0.6875,0.388671875,1.0036393417910115e-05,19952,0.15
4978,1.1994315385818481,0.6135826706886292,0.6875,0.53515625,1.0033423872179403e-05,10160,0.15
4979,0.6219308972358704,0.799851655960083,0.6875,0.75390625,1.0030580680759237e-05,8089,0.15
4980,1.486098051071167,0.5212627053260803,0.5625,0.50390625,1.0027863844867445e-05,16061,0.15
4981,0.880042552947998,0.7410832047462463,0.75,0.83984375,1.002527336566793e-05,4542,0.15
4982,1.0311541557312012,0.6884744167327881,0.75,0.62109375,1.0022809244270302e-05,10455,0.15
4983,0.6488803625106812,0.8040454983711243,0.75,0.58984375,1.0020471481730186e-05,7910,0.15
4984,0.8186600208282471,0.758251428604126,0.8125,0.59765625,1.0018260079048946e-05,6817,0.15
4985,0.9287248253822327,0.7149227857589722,0.75,0.55859375,1.0016175037173924e-05,8745,0.15
4986,1.3945947885513306,0.5380404591560364,0.375,0.470703125,1.001421635699824e-05,19729,0.15
4987,0.9739851951599121,0.7040455937385559,0.8125,0.5390625,1.0012384039360954e-05,11049,0.15
4988,1.0697144269943237,0.6644607186317444,0.875,0.57421875,1.0010678085046941e-05,11182,0.15
4989,1.3858728408813477,0.5737302899360657,0.625,0.5078125,1.0009098494787049e-05,15082,0.15
4990,0.7712222337722778,0.7500945925712585,0.625,0.455078125,1.0007645269257835e-05,18499,0.15
4991,0.895743727684021,0.7139879465103149,0.5,0.5859375,1.000631840908187e-05,8636,0.15
4992,0.5724210739135742,0.8325495719909668,0.8125,0.423828125,1.0005117914827531e-05,13610,0.15
4993,0.6637948751449585,0.7838874459266663,0.875,0.421875,1.0004043787009108e-05,10948,0.15
4994,1.3375537395477295,0.5545891523361206,0.75,0.58203125,1.0003096026086633e-05,9773,0.15
4995,1.4500770568847656,0.5307439565658569,0.625,0.73046875,1.000227463246618e-05,8213,0.15
4996,0.8203169107437134,0.7347441911697388,0.6875,0.50390625,1.0001579606499533e-05,14601,0.15
4997,0.9045746922492981,0.7105435729026794,0.6875,0.5859375,1.000101094848449e-05,13705,0.15
4998,0.7337466478347778,0.7678147554397583,0.875,0.439453125,1.0000568658664654e-05,10104,0.15
4999,0.5106276273727417,0.8423281311988831,1.0,0.3828125,1.0000252737229408e-05,13934,0.15
5000,1.1700752973556519,0.6252483129501343,0.625,0.451171875,1.0000063184314112e-05,14599,0.15
